1779563970773,74 34 35 31 38 30 30 30 30 30 30 30 30 30 30 30 30 30 30 30 30 0D
1779563970784,74 34 35 31 38 30 30 30 30 30 30 30 30 30 30 30 30 30 30 30 30 0D
1779563970795,74 34 35 35 38 45 41 46 46 30 37 30 30 39 46 46 46 30 30 30 30 0D
1779563970801,74 34 35 37 38 30 30 30 30 30 30 30 30 36 34 31 34 30 30 30 30 0D
1779563970807,74 34 35 31 38 30 30 30 30 30 30 30 30 30 30 30 30 30 30 30 30 0D
1779563970826,74 34 35 31 38 30 30 30 30 30 30 30 30 30 30 30 30 30 30 30 30 0D
1779563970829,74 34 35 35 38 45 41 46 46 30 37 30 30 39 46 46 46 30 30 30 30 0D
1779563970846,74 34 35 30 38 30 30 30 30 30 37 30 30 30 30 30 30 45 34 30 35 0D
1779563970851,74 34 35 31 38 30 30 30 30 30 30 30 30 30 30 30 30 30 30 30 30 0D
1779563970866,74 34 35 31 38 30 30 30 30 30 30 30 30 30 30 30 30 30 30 30 30 0D
1779563970873,74 34 35 35 38 45 41 46 46 30 37 30 30 39 46 46 46 30 30 30 30 0D
1779563970883,74 34 35 31 38 30 30 30 30 30 30 30 30 30 30 30 30 30 30 30 30 0D
1779563970890,74 34 35 35 38 45 41 46 46 30 37 30 30 39 46 46 46 30 30 30 30 0D
1779563970894,74 34 35 37 38 30 30 30 30 30 30 30 30 36 34 31 34 30 30 30 30 0D
1779563970898,74 34 35 39 38 46 30 41 34 42 45 31 36 34 46 31 41 30 33 42 37 0D
1779563970904,74 34 35 31 38 30 30 30 30 30 30 30 30 30 30 30 30 30 30 30 30 0D
1779563970908,74 34 35 36 38 45 44 46 46 30 38 30 30 30 34 30 30 30 30 30 30 0D
1779563970927,74 34 35 31 38 30 30 30 30 30 30 30 30 30 30 30 30 30 30 30 30 0D
1779563970934,74 34 35 35 38 45 41 46 46 30 37 30 30 39 46 46 46 30 30 30 30 0D
1779563970943,74 34 35 30 38 30 30 30 30 30 37 30 30 30 30 30 30 45 34 30 35 0D
1779563970951,74 34 35 31 38 30 30 30 30 30 30 30 30 30 30 30 30 30 30 30 30 0D
1779563970966,74 34 35 31 38 30 30 30 30 30 30 30 30 30 30 30 30 30 30 30 30 0D
1779563970973,74 34 35 35 38 45 41 46 46 30 37 30 30 39 46 46 46 30 30 30 30 0D
1779563970985,74 34 35 31 38 30 30 30 30 30 30 30 30 30 30 30 30 30 30 30 30 0D
1779563970991,74 34 35 37 38 30 30 30 30 30 30 30 30 36 34 31 34 30 30 30 30 0D
1779563971000,74 34 35 39 38 46 30 41 34 42 45 31 36 35 30 31 41 30 33 42 37 0D
1779563971006,74 34 35 31 38 30 30 30 30 30 30 30 30 30 30 30 30 30 30 30 30 0D
1779563971008,74 34 35 36 38 45 44 46 46 30 38 30 30 30 34 30 30 30 30 30 30 0D
1779563971022,74 34 35 31 38 30 30 30 30 30 30 30 30 30 30 30 30 30 30 30 30 0D
1779563971024,74 34 35 35 38 45 41 46 46 30 37 30 30 39 46 46 46 30 30 30 30 0D
1779563971040,74 34 35 30 38 30 30 30 30 30 37 30 30 30 30 30 30 45 34 30 35 0D
1779563971050,74 34 35 31 38 30 30 30 30 30 30 30 30 30 30 30 30 30 30 30 30 0D
1779563971065,74 34 35 31 38 30 30 30 30 30 30 30 30 30 30 30 30 30 30 30 30 0D
1779563971072,74 34 35 35 38 45 41 46 46 30 37 30 30 39 46 46 46 30 30 30 30 0D
1779563971084,74 34 35 31 38 30 30 30 30 30 30 30 30 30 30 30 30 30 30 30 30 0D
1779563971093,74 34 35 37 38 30 30 30 30 30 30 30 30 36 34 31 34 30 30 30 30 0D
1779563971100,74 34 35 39 38 46 30 41 34 42 45 31 36 35 31 31 41 30 33 42 37 0D
1779563971106,74 34 35 31 38 30 30 30 30 30 30 30 30 30 30 30 30 30 30 30 30 0D
1779563971122,74 34 35 31 38 30 30 30 30 30 30 30 30 30 30 30 30 30 30 30 30 0D
1779563971128,74 34 35 35 38 45 41 46 46 30 37 30 30 39 46 46 46 30 30 30 30 0D
1779563971132,74 34 35 36 38 45 45 46 46 30 37 30 30 30 34 30 30 30 30 30 30 0D
1779563971147,74 34 35 30 38 30 30 30 30 30 37 30 30 30 30 30 30 45 34 30 35 0D
1779563971155,74 34 35 31 38 30 30 30 30 30 30 30 30 30 30 30 30 30 30 30 30 0D
1779563971165,74 34 35 31 38 30 30 30 30 30 30 30 30 30 30 30 30 30 30 30 30 0D
1779563971191,74 34 35 31 38 30 30 30 30 30 30 30 30 30 30 30 30 30 30 30 30 0D
1779563971204,74 34 35 37 38 30 30 30 30 30 30 30 30 36 34 31 34 30 30 30 30 0D
1779563971210,74 34 35 35 38 45 41 46 46 30 37 30 30 39 46 46 46 30 30 30 30 0D
1779563971222,74 34 35 31 38 30 30 30 30 30 30 30 30 30 30 30 30 30 30 30 30 0D
1779563971233,74 34 35 35 38 45 41 46 46 30 37 30 30 39 46 46 46 30 30 30 30 0D
1779563971246,74 34 35 30 38 30 30 30 30 30 37 30 30 30 30 30 30 45 34 30 35 0D
1779563971281,74 34 35 31 38 30 30 30 30 30 30 30 30 30 30 30 30 30 30 30 30 0D 74 34 35 35 38 45 41 46 46 30 37 30 30 39 46 46 46 30 30 30 30 0D
1779563971289,74 34 35 31 38 30 30 30 30 30 30 30 30 30 30 30 30 30 30 30 30 0D
1779563971296,74 34 35 37 38 30 30 30 30 30 30 30 30 36 34 31 34 30 30 30 30 0D
1779563971301,74 34 35 39 38 46 31 41 34 42 45 31 36 35 33 31 41 30 33 42 37 0D
1779563971310,74 34 35 31 38 30 30 30 30 30 30 30 30 30 30 30 30 30 30 30 30 0D
1779563971324,74 34 35 31 38 30 30 30 30 30 30 30 30 30 30 30 30 30 30 30 30 0D
1779563971334,74 34 35 35 38 45 41 46 46 30 37 30 30 39 46 46 46 30 30 30 30 0D
1779563971342,74 34 35 30 38 30 30 30 30 30 37 30 30 30 30 30 30 45 34 30 35 0D
1779563971349,74 34 35 31 38 30 30 30 30 30 30 30 30 30 30 30 30 30 30 30 30 0D
1779563971363,74 34 35 31 38 30 30 30 30 30 30 30 30 30 30 30 30 30 30 30 30 0D
1779563971370,74 34 35 35 38 45 41 46 46 30 37 30 30 39 46 46 46 30 30 30 30 0D
1779563971380,74 34 35 31 38 30 30 30 30 30 30 30 30 30 30 30 30 30 30 30 30 0D
1779563971386,74 34 35 35 38 45 41 46 46 30 37 30 30 39 46 46 46 30 30 30 30 0D
1779563971392,74 34 35 37 38 30 30 30 30 30 30 30 30 36 34 31 34 30 30 30 30 0D
1779563971395,74 34 35 39 38 46 31 41 34 42 45 31 36 35 33 31 41 30 33 42 37 0D
1779563971401,74 34 35 31 38 30 30 30 30 30 30 30 30 30 30 30 30 30 30 30 30 0D
1779563971407,74 34 35 36 38 45 45 46 46 30 37 30 30 30 34 30 30 30 30 30 30 0D
1779563971431,74 34 35 31 38 30 30 30 30 30 30 30 30 30 30 30 30 30 30 30 30 0D
1779563971437,74 34 35 35 38 45 41 46 46 30 37 30 30 39 46 46 46 30 30 30 30 0D
1779563971446,74 34 35 30 38 30 30 30 30 30 37 30 30 30 30 30 30 45 34 30 35 0D
1779563971451,74 34 35 31 38 30 30 30 30 30 30 30 30 30 30 30 30 30 30 30 30 0D
1779563971464,74 34 35 31 38 30 30 30 30 30 30 30 30 30 30 30 30 30 30 30 30 0D
1779563971469,74 34 35 35 38 45 41 46 46 30 37 30 30 39 46 46 46 30 30 30 30 0D
1779563971489,74 34 35 31 38 30 30 30 30 30 30 30 30 30 30 30 30 30 30 30 30 0D
1779563971493,74 34 35 37 38 30 30 30 30 30 30 30 30 36 34 31 34 30 30 30 30 0D
1779563971501,74 34 35 39 38 46 31 41 34 42 45 31 36 35 35 31 41 30 33 42 37 0D
1779563971512,74 34 35 31 38 30 30 30 30 30 30 30 30 30 30 30 30 30 30 30 30 0D
1779563971521,74 34 35 31 38 30 30 30 30 30 30 30 30 30 30 30 30 30 30 30 30 0D
1779563971527,74 34 35 35 38 45 41 46 46 30 37 30 30 39 46 46 46 30 30 30 30 0D
1779563971541,74 34 35 30 38 30 30 30 30 30 37 30 30 30 30 30 30 45 34 30 35 0D
1779563971551,74 34 35 31 38 30 30 30 30 30 30 30 30 30 30 30 30 30 30 30 30 0D
1779563971564,74 34 35 31 38 30 30 30 30 30 30 30 30 30 30 30 30 30 30 30 30 0D
1779563971570,74 34 35 35 38 45 39 46 46 30 37 30 30 39 46 46 46 30 30 30 30 0D
1779563971583,74 34 35 31 38 30 30 30 30 30 30 30 30 30 30 30 30 30 30 30 30 0D
1779563971593,74 34 35 37 38 30 30 30 30 30 30 30 30 36 34 31 34 30 30 30 30 0D
1779563971606,74 34 35 31 38 30 30 30 30 30 30 30 30 30 30 30 30 30 30 30 30 0D
1779563971623,74 34 35 31 38 30 30 30 30 30 30 30 30 30 30 30 30 30 30 30 30 0D
1779563971635,74 34 35 35 38 45 39 46 46 30 37 30 30 39 46 46 46 30 30 30 30 0D
1779563971647,74 34 35 30 38 30 30 30 30 30 37 30 30 30 30 30 30 45 34 30 35 0D
1779563971652,74 34 35 34 38 30 31 30 30 30 30 30 30 30 30 30 30 30 30 30 30 0D
1779563971663,74 34 35 31 38 30 30 30 30 30 30 30 30 30 30 30 30 30 30 30 30 0D
1779563971683,74 34 35 31 38 30 30 30 30 30 30 30 30 30 30 30 30 30 30 30 30 0D
1779563971690,74 34 35 35 38 45 39 46 46 30 37 30 30 39 46 46 46 30 30 30 30 0D
1779563971695,74 34 35 37 38 30 30 30 30 30 31 30 30 36 34 31 34 30 30 30 30 0D
1779563971705,74 34 35 39 38 46 31 41 34 42 45 31 36 35 34 31 41 30 33 42 37 0D
1779563971725,74 34 35 31 38 30 30 30 30 30 30 30 30 30 30 30 30 30 30 30 30 0D
1779563971733,74 34 35 35 38 45 39 46 46 30 37 30 30 39 46 46 46 30 30 30 30 0D
1779563971746,74 34 35 30 38 30 30 30 30 30 37 30 30 30 30 30 30 45 34 30 35 0D
1779563971749,74 34 35 31 38 30 30 30 30 30 30 30 30 30 30 30 30 30 30 30 30 0D
1779563971766,74 34 35 31 38 30 30 30 30 30 30 30 30 30 30 30 30 30 30 30 30 0D
1779563971789,74 34 35 31 38 30 30 30 30 30 30 30 30 30 30 30 30 30 30 30 30 0D
1779563971796,74 34 35 37 38 30 30 30 30 30 30 30 30 36 34 31 34 30 30 30 30 0D
1779563971809,74 34 35 39 38 46 32 41 34 42 45 31 36 35 35 31 41 30 33 42 37 0D
1779563971822,74 34 35 31 38 30 30 30 30 30 30 30 30 30 30 30 30 30 30 30 30 0D
1779563971828,74 34 35 35 38 45 39 46 46 30 37 30 30 39 46 46 46 30 30 30 30 0D
1779563971847,74 34 35 30 38 30 30 30 30 30 37 30 30 30 30 30 30 45 34 30 35 0D
1779563971854,74 34 35 32 38 38 43 30 30 30 30 30 30 30 30 30 30 30 30 30 30 0D
1779563971866,74 34 35 31 38 30 30 30 30 30 30 30 30 30 30 30 30 30 30 30 30 0D
1779563971871,74 34 35 35 38 45 39 46 46 30 37 30 30 39 46 46 46 30 30 30 30 0D
1779563971882,74 34 35 31 38 30 30 30 30 30 30 30 30 30 30 30 30 30 30 30 30 0D
1779563971887,74 34 35 35 38 45 39 46 46 30 37 30 30 39 46 46 46 30 30 30 30 0D
1779563971900,74 34 35 37 38 30 30 30 30 30 31 30 30 36 34 31 34 30 30 30 30 0D
1779563971903,74 34 35 31 38 30 30 30 30 30 30 30 30 30 30 30 30 30 30 30 30 0D
1779563971910,74 34 35 35 38 45 39 46 46 30 37 30 30 39 46 46 46 30 30 30 30 0D
1779563971927,74 34 35 31 38 30 30 30 30 30 30 30 30 30 30 30 30 30 30 30 30 0D
1779563971932,74 34 35 35 38 45 39 46 46 30 37 30 30 39 46 46 46 30 30 30 30 0D
1779563971945,74 34 35 30 38 30 30 30 30 30 37 30 30 30 30 30 30 45 34 30 35 0D
1779563971952,74 34 35 31 38 30 30 30 30 30 30 30 30 30 30 30 30 30 30 30 30 0D
1779563971972,74 34 35 31 38 30 30 30 30 30 30 30 30 30 30 30 30 30 30 30 30 0D
1779563971984,74 34 35 31 38 30 30 30 30 30 30 30 30 30 30 30 30 30 30 30 30 0D
1779563972000,74 34 35 37 38 30 30 30 30 30 30 30 30 36 34 31 34 30 30 30 30 0D
1779563972003,74 34 35 31 38 30 30 30 30 30 30 30 30 30 30 30 30 30 30 30 30 0D
1779563972011,74 34 35 35 38 45 41 46 46 30 36 30 30 39 46 46 46 30 30 30 30 0D
1779563972022,74 34 35 31 38 30 30 30 30 30 30 30 30 30 30 30 30 30 30 30 30 0D
1779563972031,74 34 35 35 38 45 41 46 46 30 36 30 30 39 46 46 46 30 30 30 30 0D
1779563972046,74 34 35 30 38 30 30 30 30 30 37 30 30 30 30 30 30 45 34 30 35 0D
1779563972050,74 34 35 31 38 30 30 30 30 30 30 30 30 30 30 30 30 30 30 30 30 0D
1779563972064,74 34 35 31 38 30 30 30 30 30 30 30 30 30 30 30 30 30 30 30 30 0D
1779563972072,74 34 35 35 38 45 41 46 46 30 36 30 30 39 46 46 46 30 30 30 30 0D
1779563972087,74 34 35 31 38 30 30 30 30 30 30 30 30 30 30 30 30 30 30 30 30 0D
1779563972096,74 34 35 36 38 45 44 46 46 30 37 30 30 30 34 30 30 30 30 30 30 0D
1779563972102,74 34 35 31 38 30 30 30 30 30 30 30 30 30 30 30 30 30 30 30 30 0D
1779563972107,74 34 35 35 38 45 41 46 46 30 36 30 30 39 46 46 46 30 30 30 30 0D
1779563972122,74 34 35 31 38 30 30 30 30 30 30 30 30 30 30 30 30 30 30 30 30 0D
1779563972131,74 34 35 35 38 45 41 46 46 30 36 30 30 39 46 46 46 30 30 30 30 0D
1779563972144,74 34 35 30 38 30 30 30 30 30 37 30 30 30 30 30 30 45 34 30 35 0D
1779563972149,74 34 35 31 38 30 30 30 30 30 30 30 30 30 30 30 30 30 30 30 30 0D
1779563972168,74 34 35 31 38 30 30 30 30 30 30 30 30 30 30 30 30 30 30 30 30 0D
1779563972180,74 34 35 31 38 30 30 30 30 30 30 30 30 30 30 30 30 30 30 30 30 0D
1779563972186,74 34 35 35 38 45 41 46 46 30 36 30 30 39 45 46 46 30 30 30 30 0D
1779563972195,74 34 35 37 38 30 30 30 30 30 30 30 30 36 34 31 34 30 30 30 30 0D
1779563972226,74 34 35 31 38 30 30 30 30 30 30 30 30 30 30 30 30 30 30 30 30 0D
1779563972235,74 34 35 31 38 30 30 30 30 30 30 30 30 30 30 30 30 30 30 30 30 0D
1779563972244,74 34 35 30 38 30 30 30 30 30 37 30 30 30 30 30 30 45 34 30 35 0D
1779563972251,74 34 35 31 38 30 30 30 30 30 30 30 30 30 30 30 30 30 30 30 30 0D
1779563972271,74 34 35 31 38 30 30 30 30 30 30 30 30 30 30 30 30 30 30 30 30 0D
1779563972282,74 34 35 31 38 30 30 30 30 30 30 30 30 30 30 30 30 30 30 30 30 0D
1779563972286,74 34 35 35 38 45 41 46 46 30 36 30 30 39 45 46 46 30 30 30 30 0D
1779563972296,74 34 35 37 38 30 30 30 30 30 30 30 30 36 34 31 34 30 30 30 30 0D
1779563972303,74 34 35 31 38 30 30 30 30 30 30 30 30 30 30 30 30 30 30 30 30 0D
1779563972306,74 34 35 35 38 45 41 46 46 30 36 30 30 39 45 46 46 30 30 30 30 0D
1779563972325,74 34 35 31 38 30 30 30 30 30 30 30 30 30 30 30 30 30 30 30 30 0D
1779563972332,74 34 35 35 38 45 41 46 46 30 36 30 30 39 45 46 46 30 30 30 30 0D
1779563972347,74 34 35 30 38 30 30 30 30 30 37 30 30 30 30 30 30 45 34 30 35 0D
1779563972354,74 34 35 32 38 38 43 30 30 30 30 30 30 30 30 30 30 30 30 30 30 0D
1779563972365,74 34 35 31 38 30 30 30 30 30 30 30 30 30 30 30 30 30 30 30 30 0D
1779563972372,74 34 35 35 38 45 39 46 46 30 37 30 30 39 45 46 46 30 30 30 30 0D
1779563972386,74 34 35 31 38 30 30 30 30 30 30 30 30 30 30 30 30 30 30 30 30 0D
1779563972395,74 34 35 35 38 45 39 46 46 30 37 30 30 39 45 46 46 30 30 30 30 0D
1779563972400,74 34 35 31 38 30 30 30 30 30 30 30 30 30 30 30 30 30 30 30 30 0D
1779563972405,74 34 35 35 38 45 39 46 46 30 37 30 30 39 45 46 46 30 30 30 30 0D
1779563972425,74 34 35 31 38 30 30 30 30 30 30 30 30 30 30 30 30 30 30 30 30 0D
1779563972433,74 34 35 35 38 45 39 46 46 30 37 30 30 39 45 46 46 30 30 30 30 0D
1779563972443,74 34 35 30 38 30 30 30 30 30 37 30 30 30 30 30 30 45 34 30 35 0D
1779563972448,74 34 35 32 38 38 43 30 30 30 30 30 30 30 30 30 30 30 30 30 30 0D
1779563972464,74 34 35 31 38 30 30 30 30 30 30 30 30 30 30 30 30 30 30 30 30 0D
1779563972468,74 34 35 35 38 45 39 46 46 30 37 30 30 39 45 46 46 30 30 30 30 0D
1779563972484,74 34 35 31 38 30 30 30 30 30 30 30 30 30 30 30 30 30 30 30 30 0D
1779563972492,74 34 35 35 38 45 39 46 46 30 37 30 30 39 45 46 46 30 30 30 30 0D
1779563972500,74 34 35 37 38 30 30 30 30 30 30 30 30 36 34 31 34 30 30 30 30 0D
1779563972509,74 34 35 31 38 30 30 30 30 30 30 30 30 30 30 30 30 30 30 30 30 0D
1779563972513,74 34 35 35 38 45 39 46 46 30 37 30 30 39 45 46 46 30 30 30 30 0D
1779563972529,74 34 35 31 38 30 30 30 30 30 30 30 30 30 30 30 30 30 30 30 30 0D
1779563972540,74 34 35 35 38 45 39 46 46 30 37 30 30 39 45 46 46 30 30 30 30 0D
1779563972548,74 34 35 30 38 30 30 30 30 30 37 30 30 30 30 30 30 45 34 30 35 0D
1779563972554,74 34 35 34 38 30 31 30 30 30 30 30 30 30 30 30 30 30 30 30 30 0D
1779563972562,74 34 35 31 38 30 30 30 30 30 30 30 30 30 30 30 30 30 30 30 30 0D
1779563972566,74 34 35 35 38 45 41 46 46 30 37 30 30 39 46 46 46 30 30 30 30 0D
1779563972581,74 34 35 31 38 30 30 30 30 30 30 30 30 30 30 30 30 30 30 30 30 0D
1779563972584,74 34 35 35 38 45 41 46 46 30 37 30 30 39 46 46 46 30 30 30 30 0D
1779563972594,74 34 35 37 38 30 30 30 30 30 30 30 30 36 34 31 34 30 30 30 30 0D
1779563972600,74 34 35 31 38 30 30 30 30 30 30 30 30 30 30 30 30 30 30 30 30 0D
1779563972609,74 34 35 35 38 45 41 46 46 30 37 30 30 39 46 46 46 30 30 30 30 0D
1779563972625,74 34 35 31 38 30 30 30 30 30 30 30 30 30 30 30 30 30 30 30 30 0D
1779563972629,74 34 35 35 38 45 41 46 46 30 37 30 30 39 46 46 46 30 30 30 30 0D
1779563972652,74 34 35 30 38 30 30 30 30 30 37 30 30 30 30 30 30 45 34 30 35 0D
1779563972659,74 34 35 31 38 30 30 30 30 30 30 30 30 30 30 30 30 30 30 30 30 0D
1779563972671,74 34 35 31 38 30 30 30 30 30 30 30 30 30 30 30 30 30 30 30 30 0D
1779563972680,74 34 35 31 38 30 30 30 30 30 30 30 30 30 30 30 30 30 30 30 30 0D
1779563972686,74 34 35 35 38 45 41 46 46 30 37 30 30 39 46 46 46 30 30 30 30 0D
1779563972690,74 34 35 37 38 30 30 30 30 30 30 30 30 36 34 31 34 30 31 30 30 0D
1779563972706,74 34 35 31 38 30 30 30 30 30 30 30 30 30 30 30 30 30 30 30 30 0D
1779563972712,74 34 35 35 38 45 41 46 46 30 37 30 30 39 46 46 46 30 30 30 30 0D
1779563972720,74 34 35 31 38 30 30 30 30 30 30 30 30 30 30 30 30 30 30 30 30 0D
1779563972729,74 34 35 35 38 45 41 46 46 30 37 30 30 39 46 46 46 30 30 30 30 0D
1779563972745,74 34 35 30 38 30 30 30 30 30 37 30 30 30 30 30 30 45 34 30 35 0D
1779563972751,74 34 35 31 38 30 30 30 30 30 30 30 30 30 30 30 30 30 30 30 30 0D
1779563972765,74 34 35 31 38 30 30 30 30 30 30 30 30 30 30 30 30 30 30 30 30 0D
1779563972783,74 34 35 31 38 30 30 30 30 30 30 30 30 30 30 30 30 30 30 30 30 0D
1779563972788,74 34 35 35 38 45 41 46 46 30 37 30 30 39 46 46 46 30 30 30 30 0D
1779563972796,74 34 35 37 38 30 30 30 30 30 31 30 30 36 34 31 34 30 30 30 30 0D
1779563972802,74 34 35 31 38 30 30 30 30 30 30 30 30 30 30 30 30 30 30 30 30 0D
1779563972809,74 34 35 35 38 45 41 46 46 30 37 30 30 39 46 46 46 30 30 30 30 0D
1779563972827,74 34 35 31 38 30 30 30 30 30 30 30 30 30 30 30 30 30 30 30 30 0D
1779563972833,74 34 35 35 38 45 41 46 46 30 37 30 30 39 46 46 46 30 30 30 30 0D
1779563972853,74 34 35 30 38 30 30 30 30 30 37 30 30 30 30 30 30 45 34 30 35 0D
1779563972862,74 34 35 34 38 30 31 30 30 30 30 30 30 30 30 30 30 30 30 30 30 0D
1779563972866,74 34 35 35 38 45 41 46 46 30 37 30 30 39 46 46 46 30 30 30 30 0D
1779563972886,74 34 35 31 38 30 30 30 30 30 30 30 30 30 30 30 30 30 30 30 30 0D
1779563972889,74 34 35 35 38 45 41 46 46 30 37 30 30 39 46 46 46 30 30 30 30 0D
1779563972897,74 34 35 37 38 30 30 30 30 30 30 30 30 36 34 31 34 30 30 30 30 0D
1779563972901,74 34 35 31 38 30 30 30 30 30 30 30 30 30 30 30 30 30 30 30 30 0D
1779563972907,74 34 35 35 38 45 41 46 46 30 37 30 30 39 46 46 46 30 30 30 30 0D
1779563972927,74 34 35 31 38 30 30 30 30 30 30 30 30 30 30 30 30 30 30 30 30 0D
1779563972934,74 34 35 35 38 45 41 46 46 30 37 30 30 39 46 46 46 30 30 30 30 0D
1779563972952,74 34 35 30 38 30 30 30 30 30 37 30 30 30 30 30 30 45 34 30 35 0D
1779563972964,74 34 35 31 38 30 30 30 30 30 30 30 30 30 30 30 30 30 30 30 30 0D
1779563972970,74 34 35 35 38 45 41 46 46 30 37 30 30 39 46 46 46 30 30 30 30 0D
1779563972982,74 34 35 31 38 30 30 30 30 30 30 30 30 30 30 30 30 30 30 30 30 0D
1779563972989,74 34 35 35 38 45 41 46 46 30 37 30 30 39 46 46 46 30 30 30 30 0D
1779563972996,74 34 35 37 38 30 30 30 30 30 30 30 30 36 34 31 34 30 30 30 30 0D
1779563973000,74 34 35 31 38 30 30 30 30 30 30 30 30 30 30 30 30 30 30 30 30 0D
1779563973009,74 34 35 35 38 45 41 46 46 30 37 30 30 39 46 46 46 30 30 30 30 0D
1779563973026,74 34 35 31 38 30 30 30 30 30 30 30 30 30 30 30 30 30 30 30 30 0D
1779563973029,74 34 35 35 38 45 41 46 46 30 37 30 30 39 46 46 46 30 30 30 30 0D
1779563973049,74 34 35 30 38 30 30 30 30 30 37 30 30 30 30 30 30 45 34 30 35 0D
1779563973064,74 34 35 31 38 30 30 30 30 30 30 30 30 30 30 30 30 30 30 30 30 0D
1779563973066,74 34 35 35 38 45 41 46 46 30 37 30 30 39 46 46 46 30 30 30 30 0D
1779563973091,74 34 35 31 38 30 30 30 30 30 30 30 30 30 30 30 30 30 30 30 30 0D
1779563973098,74 34 35 36 38 45 44 46 46 30 37 30 30 30 34 30 30 30 30 30 30 0D
1779563973101,74 34 35 31 38 30 30 30 30 30 30 30 30 30 30 30 30 30 30 30 30 0D
1779563973113,74 34 35 35 38 45 41 46 46 30 37 30 30 39 46 46 46 30 30 30 30 0D
1779563973122,74 34 35 31 38 30 30 30 30 30 30 30 30 30 30 30 30 30 30 30 30 0D
1779563973127,74 34 35 35 38 45 41 46 46 30 37 30 30 39 46 46 46 30 30 30 30 0D
1779563973144,74 34 35 30 38 30 30 30 30 30 37 30 30 30 30 30 30 45 34 30 35 0D
1779563973152,74 34 35 31 38 30 30 30 30 30 30 30 30 30 30 30 30 30 30 30 30 0D
1779563973159,74 34 35 32 38 38 43 30 30 30 30 30 30 30 30 30 30 32 37 30 30 0D
1779563973162,74 34 35 31 38 30 30 30 30 30 30 30 30 30 30 30 30 30 30 30 30 0D
1779563973165,74 34 35 35 38 45 39 46 46 30 37 30 30 39 46 46 46 30 30 30 30 0D
1779563973183,74 34 35 31 38 30 30 30 30 30 30 30 30 30 30 30 30 30 30 30 30 0D
1779563973195,74 34 35 35 38 45 39 46 46 30 37 30 30 39 46 46 46 30 30 30 30 0D
1779563973199,74 34 35 39 38 45 45 41 34 42 45 31 36 35 35 31 41 30 33 42 37 0D
1779563973206,74 34 35 31 38 30 30 30 30 30 30 30 30 30 30 30 30 30 30 30 30 0D
1779563973221,74 34 35 31 38 30 30 30 30 30 30 30 30 30 30 30 30 30 30 30 30 0D
1779563973228,74 34 35 35 38 45 39 46 46 30 37 30 30 39 46 46 46 30 30 30 30 0D
1779563973247,74 34 35 30 38 30 30 30 30 30 37 30 30 30 30 30 30 45 34 30 35 0D
1779563973269,74 34 35 31 38 30 30 30 30 30 30 30 30 30 30 30 30 30 30 30 30 0D
1779563973275,74 34 35 35 38 45 39 46 46 30 37 30 30 39 46 46 46 30 30 30 30 0D
1779563973289,74 34 35 31 38 30 30 30 30 30 30 30 30 30 30 30 30 30 30 30 30 0D
1779563973293,74 34 35 35 38 45 39 46 46 30 37 30 30 39 46 46 46 30 30 30 30 0D
1779563973299,74 34 35 37 38 30 30 30 30 30 30 30 30 36 34 31 34 30 30 30 30 0D
1779563973301,74 34 35 31 38 30 30 30 30 30 30 30 30 30 30 30 30 30 30 30 30 0D
1779563973308,74 34 35 35 38 45 39 46 46 30 37 30 30 39 46 46 46 30 30 30 30 0D
1779563973326,74 34 35 31 38 30 30 30 30 30 30 30 30 30 30 30 30 30 30 30 30 0D
1779563973333,74 34 35 35 38 45 39 46 46 30 37 30 30 39 46 46 46 30 30 30 30 0D
1779563973344,74 34 35 30 38 30 30 30 30 30 37 30 30 30 30 30 30 45 34 30 35 0D
1779563973348,74 34 35 32 38 38 43 30 30 30 30 30 30 30 30 30 30 32 37 30 30 0D
1779563973357,74 34 35 37 38 30 30 30 30 30 30 30 30 36 34 31 34 30 30 30 30 0D
1779563973363,74 34 35 31 38 30 30 30 30 30 30 30 30 30 30 30 30 30 30 30 30 0D
1779563973370,74 34 35 36 38 45 44 46 46 30 37 30 30 30 34 30 30 30 30 30 30 0D
1779563973384,74 34 35 31 38 30 30 30 30 30 30 30 30 30 30 30 30 30 30 30 30 0D
1779563973393,74 34 35 35 38 45 41 46 46 30 37 30 30 39 46 46 46 30 30 30 30 0D
1779563973400,74 34 35 31 38 30 30 30 30 30 30 30 30 30 30 30 30 30 30 30 30 0D
1779563973407,74 34 35 35 38 45 41 46 46 30 37 30 30 39 46 46 46 30 30 30 30 0D
1779563973422,74 34 35 31 38 30 30 30 30 30 30 30 30 30 30 30 30 30 30 30 30 0D
1779563973425,74 34 35 35 38 45 41 46 46 30 37 30 30 39 46 46 46 30 30 30 30 0D
1779563973445,74 34 35 30 38 30 30 30 30 30 37 30 30 30 30 30 30 45 34 30 35 0D
1779563973451,74 34 35 31 38 30 30 30 30 30 30 30 30 30 30 30 30 30 30 30 30 0D
1779563973462,74 34 35 31 38 30 30 30 30 30 30 30 30 30 30 30 30 30 30 30 30 0D
1779563973468,74 34 35 36 38 45 45 46 46 30 37 30 30 30 35 30 30 30 30 30 30 0D
1779563973484,74 34 35 31 38 30 30 30 30 30 30 30 30 30 30 30 30 30 30 30 30 0D
1779563973492,74 34 35 35 38 45 41 46 46 30 37 30 30 39 46 46 46 30 30 30 30 0D
1779563973502,74 34 35 31 38 30 30 30 30 30 30 30 30 30 30 30 30 30 30 30 30 0D
1779563973520,74 34 35 31 38 30 30 30 30 30 30 30 30 30 30 30 30 30 30 30 30 0D
1779563973530,74 34 35 35 38 45 41 46 46 30 37 30 30 39 46 46 46 30 30 30 30 0D
1779563973545,74 34 35 30 38 30 30 30 30 30 37 30 30 30 30 30 30 45 34 30 35 0D
1779563973549,74 34 35 31 38 30 30 30 30 30 30 30 30 30 30 30 30 30 30 30 30 0D
1779563973563,74 34 35 31 38 30 30 30 30 30 30 30 30 30 30 30 30 30 30 30 30 0D
1779563973571,74 34 35 35 38 45 41 46 46 30 37 30 30 39 46 46 46 30 30 30 30 0D
1779563973584,74 34 35 31 38 30 30 30 30 30 30 30 30 30 30 30 30 30 30 30 30 0D
1779563973589,74 34 35 35 38 45 41 46 46 30 37 30 30 39 46 46 46 30 30 30 30 0D
1779563973593,74 34 35 37 38 30 30 30 30 30 31 30 30 36 34 31 34 30 30 30 30 0D
1779563973602,74 34 35 31 38 30 30 30 30 30 30 30 30 30 30 30 30 30 30 30 30 0D
1779563973609,74 34 35 35 38 45 41 46 46 30 37 30 30 39 46 46 46 30 30 30 30 0D
1779563973626,74 34 35 31 38 30 30 30 30 30 30 30 30 30 30 30 30 30 30 30 30 0D
1779563973632,74 34 35 35 38 45 41 46 46 30 37 30 30 39 46 46 46 30 30 30 30 0D
1779563973646,74 34 35 30 38 30 30 30 30 30 37 30 30 30 30 30 30 45 34 30 35 0D
1779563973652,74 34 35 31 38 30 30 30 30 30 30 30 30 30 30 30 30 30 30 30 30 0D
1779563973666,74 34 35 31 38 30 30 30 30 30 30 30 30 30 30 30 30 30 30 30 30 0D
1779563973671,74 34 35 35 38 45 41 46 46 30 37 30 30 39 46 46 46 30 30 30 30 0D
1779563973683,74 34 35 31 38 30 30 30 30 30 30 30 30 30 30 30 30 30 30 30 30 0D
1779563973691,74 34 35 35 38 45 41 46 46 30 37 30 30 39 46 46 46 30 30 30 30 0D
1779563973695,74 34 35 37 38 30 30 30 30 30 31 30 30 36 34 31 34 30 30 30 30 0D
1779563973706,74 34 35 31 38 30 30 30 30 30 30 30 30 30 30 30 30 30 30 30 30 0D
1779563973729,74 34 35 31 38 30 30 30 30 30 30 30 30 30 30 30 30 30 30 30 30 0D
1779563973736,74 34 35 35 38 45 41 46 46 30 37 30 30 39 46 46 46 30 30 30 30 0D
1779563973745,74 34 35 30 38 30 30 30 30 30 37 30 30 30 30 30 30 45 34 30 35 0D
1779563973755,74 34 35 31 38 30 30 30 30 30 30 30 30 30 30 30 30 30 30 30 30 0D
1779563973762,74 34 35 31 38 30 30 30 30 30 30 30 30 30 30 30 30 30 30 30 30 0D
1779563973773,74 34 35 35 38 45 41 46 46 30 37 30 30 39 46 46 46 30 30 30 30 0D
1779563973785,74 34 35 31 38 30 30 30 30 30 30 30 30 30 30 30 30 30 30 30 30 0D
1779563973791,74 34 35 37 38 30 30 30 30 30 32 30 30 36 34 31 34 30 30 30 30 0D
1779563973798,74 34 35 39 38 45 38 41 34 42 45 31 36 35 36 31 41 30 33 42 37 0D
1779563973804,74 34 35 31 38 30 30 30 30 30 30 30 30 30 30 30 30 30 30 30 30 0D
1779563973828,74 34 35 31 38 30 30 30 30 30 30 30 30 30 30 30 30 30 30 30 30 0D
1779563973842,74 34 35 30 38 30 30 30 30 30 37 30 30 30 30 30 30 45 34 30 35 0D
1779563973853,74 34 35 31 38 30 30 30 30 30 30 30 30 30 30 30 30 30 30 30 30 0D
1779563973860,74 34 35 31 38 30 30 30 30 30 30 30 30 30 30 30 30 30 30 30 30 0D
1779563973865,74 34 35 35 38 45 41 46 46 30 37 30 30 39 46 46 46 30 30 30 30 0D
1779563973886,74 34 35 31 38 30 30 30 30 30 30 30 30 30 30 30 30 30 30 30 30 0D
1779563973890,74 34 35 35 38 45 41 46 46 30 37 30 30 39 46 46 46 30 30 30 30 0D
1779563973896,74 34 35 37 38 30 30 30 30 30 31 30 30 36 34 31 34 30 30 30 30 0D
1779563973908,74 34 35 31 38 30 30 30 30 30 30 30 30 30 30 30 30 30 30 30 30 0D
1779563973922,74 34 35 31 38 30 30 30 30 30 30 30 30 30 30 30 30 30 30 30 30 0D
1779563973926,74 34 35 36 38 45 44 46 46 30 37 30 30 30 34 30 30 30 30 30 30 0D
1779563973950,74 34 35 30 38 30 30 30 30 30 37 30 30 30 30 30 30 45 34 30 35 0D
1779563973956,74 34 35 31 38 30 30 30 30 30 30 30 30 30 30 30 30 30 30 30 30 0D
1779563973965,74 34 35 31 38 30 30 30 30 30 30 30 30 30 30 30 30 30 30 30 30 0D
1779563973973,74 34 35 35 38 45 42 46 46 30 37 30 30 39 45 46 46 30 30 30 30 0D
1779563973981,74 34 35 31 38 30 30 30 30 30 30 30 30 30 30 30 30 30 30 30 30 0D
1779563973988,74 34 35 35 38 45 42 46 46 30 37 30 30 39 45 46 46 30 30 30 30 0D
1779563973995,74 34 35 37 38 30 30 30 30 30 32 30 30 36 34 31 34 30 30 30 30 0D
1779563974005,74 34 35 31 38 30 30 30 30 30 30 30 30 30 30 30 30 30 30 30 30 0D
1779563974022,74 34 35 31 38 30 30 30 30 30 30 30 30 30 30 30 30 30 30 30 30 0D
1779563974045,74 34 35 30 38 30 30 30 30 30 37 30 30 30 30 30 30 45 34 30 35 0D
1779563974051,74 34 35 31 38 30 30 30 30 30 30 30 30 30 30 30 30 30 30 30 30 0D
1779563974064,74 34 35 31 38 30 30 30 30 30 30 30 30 30 30 30 30 30 30 30 30 0D
1779563974084,74 34 35 31 38 30 30 30 30 30 30 30 30 30 30 30 30 30 30 30 30 0D
1779563974099,74 34 35 35 38 45 42 46 46 30 37 30 30 39 45 46 46 30 30 30 30 0D
1779563974108,74 34 35 31 38 30 30 30 30 30 30 30 30 30 30 30 30 30 30 30 30 0D
1779563974118,74 34 35 35 38 45 42 46 46 30 37 30 30 39 45 46 46 30 30 30 30 0D
1779563974125,74 34 35 31 38 30 30 30 30 30 30 30 30 30 30 30 30 30 30 30 30 0D
1779563974139,74 34 35 35 38 45 42 46 46 30 37 30 30 39 45 46 46 30 30 30 30 0D
1779563974142,74 34 35 30 38 30 30 30 30 30 37 30 30 30 30 30 30 45 34 30 35 0D
1779563974150,74 34 35 31 38 30 30 30 30 30 30 30 30 30 30 30 30 30 30 30 30 0D
1779563974172,74 34 35 31 38 30 30 30 30 30 30 30 30 30 30 30 30 30 30 30 30 0D
1779563974175,74 34 35 35 38 45 41 46 46 30 37 30 30 39 46 46 46 30 30 30 30 0D
1779563974182,74 34 35 31 38 30 30 30 30 30 30 30 30 30 30 30 30 30 30 30 30 0D
1779563974202,74 34 35 35 38 45 41 46 46 30 37 30 30 39 46 46 46 30 30 30 30 0D
1779563974208,74 34 35 31 38 30 30 30 30 30 30 30 30 30 30 30 30 30 30 30 30 0D
1779563974222,74 34 35 31 38 30 30 30 30 30 30 30 30 30 30 30 30 30 30 30 30 0D
1779563974231,74 34 35 35 38 45 41 46 46 30 37 30 30 39 46 46 46 30 30 30 30 0D
1779563974244,74 34 35 30 38 30 30 30 30 30 37 30 30 30 30 30 30 45 34 30 35 0D
1779563974255,74 34 35 31 38 30 30 30 30 30 30 30 30 30 30 30 30 30 30 30 30 0D
1779563974271,74 34 35 31 38 30 30 30 30 30 30 30 30 30 30 30 30 30 30 30 30 0D
1779563974282,74 34 35 31 38 30 30 30 30 30 30 30 30 30 30 30 30 30 30 30 30 0D
1779563974304,74 34 35 35 38 45 41 46 46 30 37 30 30 39 46 46 46 30 30 30 30 0D
1779563974316,74 34 35 31 38 30 30 30 30 30 30 30 30 30 30 30 30 30 30 30 30 0D
1779563974332,74 34 35 31 38 30 30 30 30 30 30 30 30 30 30 30 30 30 30 30 30 0D
1779563974335,74 34 35 35 38 45 41 46 46 30 37 30 30 39 46 46 46 30 30 30 30 0D
1779563974344,74 34 35 30 38 30 30 30 30 30 37 30 30 30 30 30 30 45 34 30 35 0D
1779563974354,74 34 35 31 38 30 30 30 30 30 30 30 30 30 30 30 30 30 30 30 30 0D
1779563974359,74 34 35 31 38 30 30 30 30 30 30 30 30 30 30 30 30 30 30 30 30 0D
1779563974371,74 34 35 35 38 45 39 46 46 30 37 30 30 39 46 46 46 30 30 30 30 0D
1779563974384,74 34 35 31 38 30 30 30 30 30 30 30 30 30 30 30 30 30 30 30 30 0D
1779563974403,74 34 35 35 38 45 39 46 46 30 37 30 30 39 46 46 46 30 30 30 30 0D
1779563974413,74 34 35 35 38 45 39 46 46 30 37 30 30 39 46 46 46 30 30 30 30 0D
1779563974421,74 34 35 31 38 30 30 30 30 30 30 30 30 30 30 30 30 30 30 30 30 0D
1779563974436,74 34 35 35 38 45 39 46 46 30 37 30 30 39 46 46 46 30 30 30 30 0D
1779563974452,74 34 35 30 38 30 30 30 30 30 37 30 30 30 30 30 30 45 34 30 35 0D
1779563974461,74 34 35 31 38 30 30 30 30 30 30 30 30 30 30 30 30 30 30 30 30 0D
1779563974469,74 34 35 31 38 30 30 30 30 30 30 30 30 30 30 30 30 30 30 30 30 0D
1779563974488,74 34 35 31 38 30 30 30 30 30 30 30 30 30 30 30 30 30 30 30 30 0D
1779563974502,74 34 35 35 38 45 39 46 46 30 37 30 30 39 46 46 46 30 30 30 30 0D
1779563974510,74 34 35 31 38 30 30 30 30 30 30 30 30 30 30 30 30 30 30 30 30 0D
1779563974520,74 34 35 31 38 30 30 30 30 30 30 30 30 30 30 30 30 30 30 30 30 0D
1779563974537,74 34 35 35 38 45 39 46 46 30 37 30 30 39 46 46 46 30 30 30 30 0D
1779563974545,74 34 35 30 38 30 30 30 30 30 37 30 30 30 30 30 30 45 34 30 35 0D
1779563974563,74 34 35 31 38 30 30 30 30 30 30 30 30 30 30 30 30 30 30 30 30 0D
1779563974568,74 34 35 31 38 30 30 30 30 30 30 30 30 30 30 30 30 30 30 30 30 0D
1779563974584,74 34 35 31 38 30 30 30 30 30 30 30 30 30 30 30 30 30 30 30 30 0D
1779563974593,74 34 35 37 38 30 30 30 30 30 31 30 30 36 34 31 34 30 30 30 30 0D
1779563974609,74 34 35 39 38 45 30 41 34 42 45 31 36 35 46 31 41 30 33 42 37 0D
1779563974624,74 34 35 31 38 30 30 30 30 30 30 30 30 30 30 30 30 30 30 30 30 0D
1779563974633,74 34 35 35 38 45 41 46 46 30 37 30 30 39 46 46 46 30 30 30 30 0D
1779563974642,74 34 35 30 38 30 30 30 30 30 37 30 30 30 30 30 30 45 34 30 35 0D
1779563974656,74 34 35 31 38 30 30 30 30 30 30 30 30 30 30 30 30 30 30 30 30 0D
1779563974662,74 34 35 31 38 30 30 30 30 30 30 30 30 30 30 30 30 30 30 30 30 0D
1779563974677,74 34 35 35 38 45 41 46 46 30 37 30 30 39 46 46 46 30 30 30 30 0D
1779563974688,74 34 35 31 38 30 30 30 30 30 30 30 30 30 30 30 30 30 30 30 30 0D
1779563974695,74 34 35 35 38 45 41 46 46 30 37 30 30 39 46 46 46 30 30 30 30 0D
1779563974704,74 34 35 37 38 30 30 30 30 30 30 30 30 36 34 31 34 30 30 30 30 0D
1779563974711,74 34 35 31 38 30 30 30 30 30 30 30 30 30 30 30 30 30 30 30 30 0D
1779563974725,74 34 35 31 38 30 30 30 30 30 30 30 30 30 30 30 30 30 30 30 30 0D
1779563974730,74 34 35 35 38 45 41 46 46 30 37 30 30 39 46 46 46 30 30 30 30 0D
1779563974741,74 34 35 30 38 30 30 30 30 30 37 30 30 30 30 30 30 45 34 30 35 0D
1779563974752,74 34 35 31 38 30 30 30 30 30 30 30 30 30 30 30 30 30 30 30 30 0D
1779563974763,74 34 35 31 38 30 30 30 30 30 30 30 30 30 30 30 30 30 30 30 30 0D
1779563974777,74 34 35 35 38 45 41 46 46 30 37 30 30 39 46 46 46 30 30 30 30 0D
1779563974784,74 34 35 31 38 30 30 30 30 30 30 30 30 30 30 30 30 30 30 30 30 0D
1779563974790,74 34 35 35 38 45 41 46 46 30 37 30 30 39 46 46 46 30 30 30 30 0D
1779563974794,74 34 35 37 38 30 30 30 30 30 31 30 30 36 34 31 34 30 30 30 30 0D
1779563974801,74 34 35 39 38 44 46 41 34 42 45 31 36 36 31 31 41 30 33 42 37 0D
1779563974819,74 34 35 31 38 30 30 30 30 30 30 30 30 30 30 30 30 30 30 30 30 0D
1779563974834,74 34 35 35 38 45 41 46 46 30 37 30 30 39 46 46 46 30 30 30 30 0D
1779563974841,74 34 35 30 38 30 30 30 30 30 37 30 30 30 30 30 30 45 34 30 35 0D
1779563974856,74 34 35 31 38 30 30 30 30 30 30 30 30 30 30 30 30 30 30 30 30 0D
1779563974862,74 34 35 31 38 30 30 30 30 30 30 30 30 30 30 30 30 30 30 30 30 0D
1779563974872,74 34 35 35 38 45 41 46 46 30 37 30 30 39 46 46 46 30 30 30 30 0D
1779563974885,74 34 35 31 38 30 30 30 30 30 30 30 30 30 30 30 30 30 30 30 30 0D
1779563974911,74 34 35 35 38 45 41 46 46 30 37 30 30 39 46 46 46 30 30 30 30 0D
1779563974928,74 34 35 31 38 30 30 30 30 30 30 30 30 30 30 30 30 30 30 30 30 0D
1779563974933,74 34 35 35 38 45 41 46 46 30 37 30 30 39 46 46 46 30 30 30 30 0D
1779563974940,74 34 35 30 38 30 30 30 30 30 37 30 30 30 30 30 30 45 34 30 35 0D
1779563974954,74 34 35 31 38 30 30 30 30 30 30 30 30 30 30 30 30 30 30 30 30 0D
1779563974962,74 34 35 31 38 30 30 30 30 30 30 30 30 30 30 30 30 30 30 30 30 0D
1779563974973,74 34 35 35 38 45 41 46 46 30 37 30 30 39 46 46 46 30 30 30 30 0D
1779563974984,74 34 35 31 38 30 30 30 30 30 30 30 30 30 30 30 30 30 30 30 30 0D
1779563974990,74 34 35 35 38 45 41 46 46 30 37 30 30 39 46 46 46 30 30 30 30 0D
1779563974998,74 34 35 37 38 30 30 30 30 30 31 30 30 36 34 31 34 30 30 30 30 0D
1779563975015,74 34 35 39 38 44 44 41 34 42 45 31 36 36 33 31 41 30 33 42 37 0D
1779563975019,74 34 35 31 38 30 30 30 30 30 30 30 30 30 30 30 30 30 30 30 30 0D
1779563975029,74 34 35 35 38 45 41 46 46 30 37 30 30 39 46 46 46 30 30 30 30 0D
1779563975043,74 34 35 30 38 30 30 30 30 30 37 30 30 30 30 30 30 45 34 30 35 0D
1779563975054,74 34 35 31 38 30 30 30 30 30 30 30 30 30 30 30 30 30 30 30 30 0D
1779563975059,74 34 35 31 38 30 30 30 30 30 30 30 30 30 30 30 30 30 30 30 30 0D
1779563975073,74 34 35 35 38 45 41 46 46 30 37 30 30 39 46 46 46 30 30 30 30 0D
1779563975084,74 34 35 31 38 30 30 30 30 30 30 30 30 30 30 30 30 30 30 30 30 0D
1779563975092,74 34 35 35 38 45 41 46 46 30 37 30 30 39 46 46 46 30 30 30 30 0D
1779563975121,74 34 35 37 38 30 30 30 30 30 30 30 30 36 34 31 34 30 30 30 30 0D
1779563975126,74 34 35 31 38 30 30 30 30 30 30 30 30 30 30 30 30 30 30 30 30 0D
1779563975135,74 34 35 35 38 45 41 46 46 30 37 30 30 39 46 46 46 30 30 30 30 0D
1779563975141,74 34 35 30 38 30 30 30 30 30 37 30 30 30 30 30 30 45 34 30 35 0D
1779563975155,74 34 35 31 38 30 30 30 30 30 30 30 30 30 30 30 30 30 30 30 30 0D
1779563975165,74 34 35 31 38 30 30 30 30 30 30 30 30 30 30 30 30 30 30 30 30 0D
1779563975176,74 34 35 35 38 45 39 46 46 30 37 30 30 39 45 46 46 30 30 30 30 0D
1779563975184,74 34 35 31 38 30 30 30 30 30 30 30 30 30 30 30 30 30 30 30 30 0D
1779563975198,74 34 35 37 38 30 30 30 30 30 30 30 30 36 34 31 34 30 30 30 30 0D
1779563975212,74 34 35 39 38 44 42 41 34 42 45 31 36 36 34 31 41 30 33 42 37 0D
1779563975224,74 34 35 31 38 30 30 30 30 30 30 30 30 30 30 30 30 30 30 30 30 0D
1779563975233,74 34 35 35 38 45 39 46 46 30 37 30 30 39 45 46 46 30 30 30 30 0D
1779563975241,74 34 35 30 38 30 30 30 30 30 37 30 30 30 30 30 30 45 34 30 35 0D
1779563975253,74 34 35 31 38 30 30 30 30 30 30 30 30 30 30 30 30 30 30 30 30 0D
1779563975269,74 34 35 31 38 30 30 30 30 30 30 30 30 30 30 30 30 30 30 30 30 0D
1779563975275,74 34 35 35 38 45 39 46 46 30 37 30 30 39 45 46 46 30 30 30 30 0D
1779563975288,74 34 35 31 38 30 30 30 30 30 30 30 30 30 30 30 30 30 30 30 30 0D
1779563975300,74 34 35 36 38 45 44 46 46 30 37 30 30 30 34 30 30 30 30 30 30 0D
1779563975305,74 34 35 31 38 30 30 30 30 30 30 30 30 30 30 30 30 30 30 30 30 0D
1779563975309,74 34 35 36 38 45 44 46 46 30 37 30 30 30 34 30 30 30 30 30 30 0D
1779563975323,74 34 35 31 38 30 30 30 30 30 30 30 30 30 30 30 30 30 30 30 30 0D
1779563975334,74 34 35 35 38 45 39 46 46 30 37 30 30 39 45 46 46 30 30 30 30 0D
1779563975349,74 34 35 30 38 30 30 30 30 30 37 30 30 30 30 30 30 45 34 30 35 0D
1779563975356,74 34 35 31 38 30 30 30 30 30 30 30 30 30 30 30 30 30 30 30 30 0D
1779563975365,74 34 35 31 38 30 30 30 30 30 30 30 30 30 30 30 30 30 30 30 30 0D
1779563975374,74 34 35 35 38 45 41 46 46 30 37 30 30 39 46 46 46 30 30 30 30 0D
1779563975386,74 34 35 31 38 30 30 30 30 30 30 30 30 30 30 30 30 30 30 30 30 0D
1779563975391,74 34 35 37 38 30 30 30 30 30 31 30 30 36 34 31 34 30 30 30 30 0D
1779563975408,74 34 35 39 38 44 39 41 34 42 45 31 36 36 34 31 41 30 33 42 37 0D
1779563975420,74 34 35 31 38 30 30 30 30 30 30 30 30 30 30 30 30 30 30 30 30 0D
1779563975435,74 34 35 35 38 45 41 46 46 30 37 30 30 39 46 46 46 30 30 30 30 0D
1779563975443,74 34 35 30 38 30 30 30 30 30 37 30 30 30 30 30 30 45 34 30 35 0D
1779563975453,74 34 35 31 38 30 30 30 30 30 30 30 30 30 30 30 30 30 30 30 30 0D
1779563975467,74 34 35 31 38 30 30 30 30 30 30 30 30 30 30 30 30 30 30 30 30 0D
1779563975472,74 34 35 35 38 45 41 46 46 30 37 30 30 39 46 46 46 30 30 30 30 0D
1779563975485,74 34 35 31 38 30 30 30 30 30 30 30 30 30 30 30 30 30 30 30 30 0D
1779563975498,74 34 35 35 38 45 41 46 46 30 37 30 30 39 46 46 46 30 30 30 30 0D
1779563975501,74 34 35 31 38 30 30 30 30 30 30 30 30 30 30 30 30 30 30 30 30 0D
1779563975514,74 34 35 36 38 45 44 46 46 30 38 30 30 30 34 30 30 30 30 30 30 0D
1779563975522,74 34 35 31 38 30 30 30 30 30 30 30 30 30 30 30 30 30 30 30 30 0D
1779563975534,74 34 35 35 38 45 41 46 46 30 37 30 30 39 46 46 46 30 30 30 30 0D
1779563975539,74 34 35 30 38 30 30 30 30 30 37 30 30 30 30 30 30 45 34 30 35 0D
1779563975554,74 34 35 31 38 30 30 30 30 30 30 30 30 30 30 30 30 30 30 30 30 0D
1779563975567,74 34 35 31 38 30 30 30 30 30 30 30 30 30 30 30 30 30 30 30 30 0D
1779563975570,74 34 35 35 38 45 41 46 46 30 36 30 30 39 46 46 46 30 30 30 30 0D
1779563975580,74 34 35 31 38 30 30 30 30 30 30 30 30 30 30 30 30 30 30 30 30 0D
1779563975590,74 34 35 36 38 45 44 46 46 30 38 30 30 30 34 30 30 30 30 30 30 0D
1779563975592,74 34 35 37 38 30 30 30 30 30 33 30 30 36 34 31 34 30 30 30 30 0D
1779563975602,74 34 35 39 38 44 38 41 34 42 45 31 36 36 34 31 41 30 33 42 37 0D
1779563975609,74 34 35 31 38 30 30 30 30 30 30 30 30 30 30 30 30 30 30 30 30 0D
1779563975622,74 34 35 31 38 30 30 30 30 30 30 30 30 30 30 30 30 30 30 30 30 0D
1779563975632,74 34 35 35 38 45 41 46 46 30 36 30 30 39 46 46 46 30 30 30 30 0D
1779563975642,74 34 35 30 38 30 30 30 30 30 37 30 30 30 30 30 30 45 34 30 35 0D
1779563975653,74 34 35 31 38 30 30 30 30 30 30 30 30 30 30 30 30 30 30 30 30 0D
1779563975664,74 34 35 31 38 30 30 30 30 30 30 30 30 30 30 30 30 30 30 30 30 0D
1779563975673,74 34 35 35 38 45 41 46 46 30 36 30 30 39 46 46 46 30 30 30 30 0D
1779563975686,74 34 35 31 38 30 30 30 30 30 30 30 30 30 30 30 30 30 30 30 30 0D
1779563975698,74 34 35 37 38 30 30 30 30 30 32 30 30 36 34 31 34 30 30 30 30 0D
1779563975716,74 34 35 39 38 44 37 41 34 42 45 31 36 36 35 31 41 30 33 42 37 0D
1779563975721,74 34 35 31 38 30 30 30 30 30 30 30 30 30 30 30 30 30 30 30 30 0D
1779563975740,74 34 35 35 38 45 41 46 46 30 36 30 30 39 46 46 46 30 30 30 30 0D
1779563975753,74 34 35 30 38 30 30 30 30 30 37 30 30 30 30 30 30 45 34 30 35 0D
1779563975758,74 34 35 31 38 30 30 30 30 30 30 30 30 30 30 30 30 30 30 30 30 0D
1779563975773,74 34 35 31 38 30 30 30 30 30 30 30 30 30 30 30 30 30 30 30 30 0D
1779563975781,74 34 35 31 38 30 30 30 30 30 30 30 30 30 30 30 30 30 30 30 30 0D
1779563975786,74 34 35 35 38 45 41 46 46 30 37 30 30 39 45 46 46 30 30 30 30 0D
1779563975797,74 34 35 37 38 30 30 30 30 30 31 30 30 36 34 31 34 30 30 30 30 0D
1779563975802,74 34 35 31 38 30 30 30 30 30 30 30 30 30 30 30 30 30 30 30 30 0D
1779563975808,74 34 35 35 38 45 41 46 46 30 37 30 30 39 45 46 46 30 30 30 30 0D
1779563975829,74 34 35 31 38 30 30 30 30 30 30 30 30 30 30 30 30 30 30 30 30 0D
1779563975834,74 34 35 35 38 45 41 46 46 30 37 30 30 39 45 46 46 30 30 30 30 0D
1779563975840,74 34 35 30 38 30 30 30 30 30 37 30 30 30 30 30 30 45 34 30 35 0D
1779563975852,74 34 35 31 38 30 30 30 30 30 30 30 30 30 30 30 30 30 30 30 30 0D
1779563975864,74 34 35 31 38 30 30 30 30 30 30 30 30 30 30 30 30 30 30 30 30 0D
1779563975882,74 34 35 31 38 30 30 30 30 30 30 30 30 30 30 30 30 30 30 30 30 0D
1779563975894,74 34 35 37 38 30 30 30 30 30 30 30 30 36 34 31 34 30 30 30 30 0D
1779563975902,74 34 35 39 38 44 37 41 34 42 45 31 36 36 37 31 41 30 33 42 37 0D
1779563975906,74 34 35 35 38 45 41 46 46 30 37 30 30 39 45 46 46 30 30 30 30 0D
1779563975922,74 34 35 31 38 30 30 30 30 30 30 30 30 30 30 30 30 30 30 30 30 0D
1779563975931,74 34 35 35 38 45 41 46 46 30 37 30 30 39 45 46 46 30 30 30 30 0D
1779563975947,74 34 35 30 38 30 30 30 30 30 37 30 30 30 30 30 30 45 34 30 35 0D
1779563975952,74 34 35 31 38 30 30 30 30 30 30 30 30 30 30 30 30 30 30 30 30 0D
1779563975961,74 34 35 31 38 30 30 30 30 30 30 30 30 30 30 30 30 30 30 30 30 0D
1779563975966,74 34 35 35 38 45 41 46 46 30 37 30 30 39 46 46 46 30 30 30 30 0D
1779563975988,74 34 35 31 38 30 30 30 30 30 30 30 30 30 30 30 30 30 30 30 30 0D
1779563975994,74 34 35 37 38 30 30 30 30 30 30 30 30 36 34 31 34 30 30 30 30 0D
1779563975997,74 34 35 39 38 44 37 41 34 42 45 31 36 36 39 31 41 30 33 42 37 0D
1779563976003,74 34 35 31 38 30 30 30 30 30 30 30 30 30 30 30 30 30 30 30 30 0D
1779563976025,74 34 35 31 38 30 30 30 30 30 30 30 30 30 30 30 30 30 30 30 30 0D
1779563976032,74 34 35 35 38 45 41 46 46 30 37 30 30 39 46 46 46 30 30 30 30 0D
1779563976045,74 34 35 30 38 30 30 30 30 30 37 30 30 30 30 30 30 45 34 30 35 0D
1779563976051,74 34 35 31 38 30 30 30 30 30 30 30 30 30 30 30 30 30 30 30 30 0D
1779563976062,74 34 35 31 38 30 30 30 30 30 30 30 30 30 30 30 30 30 30 30 30 0D
1779563976067,74 34 35 35 38 45 41 46 46 30 37 30 30 39 46 46 46 30 30 30 30 0D
1779563976083,74 34 35 31 38 30 30 30 30 30 30 30 30 30 30 30 30 30 30 30 30 0D
1779563976096,74 34 35 37 38 30 30 30 30 30 30 30 30 36 34 31 34 30 30 30 30 0D
1779563976104,74 34 35 39 38 44 37 41 34 42 45 31 36 36 41 31 41 30 33 42 37 0D
1779563976127,74 34 35 31 38 30 30 30 30 30 30 30 30 30 30 30 30 30 30 30 30 0D
1779563976135,74 34 35 35 38 45 41 46 46 30 37 30 30 39 46 46 46 30 30 30 30 0D
1779563976145,74 34 35 30 38 30 30 30 30 30 37 30 30 30 30 30 30 45 34 30 35 0D
1779563976163,74 34 35 31 38 30 30 30 30 30 30 30 30 30 30 30 30 30 30 30 30 0D
1779563976167,74 34 35 31 38 30 30 30 30 30 30 30 30 30 30 30 30 30 30 30 30 0D
1779563976184,74 34 35 31 38 30 30 30 30 30 30 30 30 30 30 30 30 30 30 30 30 0D
1779563976191,74 34 35 35 38 45 41 46 46 30 36 30 30 39 45 46 46 30 30 30 30 0D
1779563976203,74 34 35 37 38 30 30 30 30 30 31 30 30 36 34 31 34 30 30 30 30 0D
1779563976227,74 34 35 31 38 30 30 30 30 30 30 30 30 30 30 30 30 30 30 30 30 0D
1779563976232,74 34 35 35 38 45 41 46 46 30 36 30 30 39 45 46 46 30 30 30 30 0D
1779563976244,74 34 35 30 38 30 30 30 30 30 37 30 30 30 30 30 30 45 34 30 35 0D
1779563976248,74 34 35 31 38 30 30 30 30 30 30 30 30 30 30 30 30 30 30 30 30 0D
1779563976268,74 34 35 31 38 30 30 30 30 30 30 30 30 30 30 30 30 30 30 30 30 0D
1779563976274,74 34 35 35 38 45 41 46 46 30 36 30 30 39 45 46 46 30 30 30 30 0D
1779563976283,74 34 35 31 38 30 30 30 30 30 30 30 30 30 30 30 30 30 30 30 30 0D
1779563976290,74 34 35 35 38 45 41 46 46 30 36 30 30 39 45 46 46 30 30 30 30 0D
1779563976294,74 34 35 37 38 30 30 30 30 30 32 30 30 36 34 31 34 30 30 30 30 0D
1779563976298,74 34 35 31 38 30 30 30 30 30 30 30 30 30 30 30 30 30 30 30 30 0D
1779563976312,74 34 35 35 38 45 41 46 46 30 36 30 30 39 45 46 46 30 30 30 30 0D
1779563976327,74 34 35 31 38 30 30 30 30 30 30 30 30 30 30 30 30 30 30 30 30 0D
1779563976347,74 34 35 30 38 30 30 30 30 30 37 30 30 30 30 30 30 45 34 30 35 0D
1779563976357,74 34 35 31 38 30 30 30 30 30 30 30 30 30 30 30 30 30 30 30 30 0D
1779563976361,74 34 35 31 38 30 30 30 30 30 30 30 30 30 30 30 30 30 30 30 30 0D
1779563976366,74 34 35 35 38 45 41 46 46 30 38 30 30 41 30 46 46 30 30 30 30 0D
1779563976382,74 34 35 31 38 30 30 30 30 30 30 30 30 30 30 30 30 30 30 30 30 0D
1779563976390,74 34 35 35 38 45 41 46 46 30 38 30 30 41 30 46 46 30 30 30 30 0D
1779563976395,74 34 35 37 38 30 30 30 30 30 31 30 30 36 34 31 34 30 30 30 30 0D
1779563976405,74 34 35 31 38 30 30 30 30 30 30 30 30 30 30 30 30 30 30 30 30 0D
1779563976413,74 34 35 35 38 45 41 46 46 30 38 30 30 41 30 46 46 30 30 30 30 0D
1779563976429,74 34 35 31 38 30 30 30 30 30 30 30 30 30 30 30 30 30 30 30 30 0D
1779563976435,74 34 35 35 38 45 41 46 46 30 38 30 30 41 30 46 46 30 30 30 30 0D
1779563976445,74 34 35 30 38 30 30 30 30 30 37 30 30 30 30 30 30 45 34 30 35 0D
1779563976451,74 34 35 31 38 30 30 30 30 30 30 30 30 30 30 30 30 30 30 30 30 0D
1779563976466,74 34 35 31 38 30 30 30 30 30 30 30 30 30 30 30 30 30 30 30 30 0D
1779563976486,74 34 35 31 38 30 30 30 30 30 30 30 30 30 30 30 30 30 30 30 30 0D
1779563976493,74 34 35 35 38 45 41 46 46 30 38 30 30 41 30 46 46 30 30 30 30 0D
1779563976498,74 34 35 37 38 30 30 30 30 30 31 30 30 36 34 31 34 30 30 30 30 0D
1779563976502,74 34 35 31 38 30 30 30 30 30 30 30 30 30 30 30 30 30 30 30 30 0D
1779563976505,74 34 35 35 38 45 41 46 46 30 38 30 30 41 30 46 46 30 30 30 30 0D
1779563976521,74 34 35 31 38 30 30 30 30 30 30 30 30 30 30 30 30 30 30 30 30 0D
1779563976530,74 34 35 35 38 45 41 46 46 30 38 30 30 41 30 46 46 30 30 30 30 0D
1779563976546,74 34 35 30 38 30 30 30 30 30 37 30 30 30 30 30 30 45 34 30 35 0D
1779563976550,74 34 35 31 38 30 30 30 30 30 30 30 30 30 30 30 30 30 30 30 30 0D
1779563976566,74 34 35 31 38 30 30 30 30 30 30 30 30 30 30 30 30 30 30 30 30 0D
1779563976583,74 34 35 31 38 30 30 30 30 30 30 30 30 30 30 30 30 30 30 30 30 0D
1779563976588,74 34 35 35 38 45 41 46 46 30 37 30 30 39 46 46 46 30 30 30 30 0D
1779563976598,74 34 35 37 38 30 30 30 30 30 30 30 30 36 34 31 34 30 30 30 30 0D
1779563976603,74 34 35 31 38 30 30 30 30 30 30 30 30 30 30 30 30 30 30 30 30 0D
1779563976609,74 34 35 35 38 45 41 46 46 30 37 30 30 39 46 46 46 30 30 30 30 0D
1779563976618,74 34 35 31 38 30 30 30 30 30 30 30 30 30 30 30 30 30 30 30 30 0D
1779563976626,74 34 35 35 38 45 41 46 46 30 37 30 30 39 46 46 46 30 30 30 30 0D
1779563976646,74 34 35 30 38 30 30 30 30 30 37 30 30 30 30 30 30 45 34 30 35 0D
1779563976653,74 34 35 31 38 30 30 30 30 30 30 30 30 30 30 30 30 30 30 30 30 0D
1779563976666,74 34 35 31 38 30 30 30 30 30 30 30 30 30 30 30 30 30 30 30 30 0D
1779563976682,74 34 35 31 38 30 30 30 30 30 30 30 30 30 30 30 30 30 30 30 30 0D
1779563976691,74 34 35 35 38 45 41 46 46 30 37 30 30 39 46 46 46 30 30 30 30 0D
1779563976696,74 34 35 37 38 30 30 30 30 30 30 30 30 36 34 31 34 30 30 30 30 0D
1779563976710,74 34 35 31 38 30 30 30 30 30 30 30 30 30 30 30 30 30 30 30 30 0D
1779563976726,74 34 35 31 38 30 30 30 30 30 30 30 30 30 30 30 30 30 30 30 30 0D
1779563976745,74 34 35 30 38 30 30 30 30 30 37 30 30 30 30 30 30 45 34 30 35 0D
1779563976753,74 34 35 31 38 30 30 30 30 30 30 30 30 30 30 30 30 30 30 30 30 0D
1779563976763,74 34 35 31 38 30 30 30 30 30 30 30 30 30 30 30 30 30 30 30 30 0D
1779563976785,74 34 35 31 38 30 30 30 30 30 30 30 30 30 30 30 30 30 30 30 30 0D
1779563976790,74 34 35 35 38 45 41 46 46 30 37 30 30 39 46 46 46 30 30 30 30 0D
1779563976800,74 34 35 37 38 30 30 30 30 30 31 30 30 36 34 31 34 30 30 30 30 0D
1779563976803,74 34 35 31 38 30 30 30 30 30 30 30 30 30 30 30 30 30 30 30 30 0D
1779563976805,74 34 35 35 38 45 41 46 46 30 37 30 30 39 46 46 46 30 30 30 30 0D
1779563976821,74 34 35 31 38 30 30 30 30 30 30 30 30 30 30 30 30 30 30 30 30 0D
1779563976827,74 34 35 35 38 45 41 46 46 30 37 30 30 39 46 46 46 30 30 30 30 0D
1779563976850,74 34 35 30 38 30 30 30 30 30 37 30 30 30 30 30 30 45 34 30 35 0D 74 34 35 31 38 30 30 30 30 30 30 30 30 30 30 30 30 30 30 30 30 0D
1779563976864,74 34 35 31 38 30 30 30 30 30 30 30 30 30 30 30 30 30 30 30 30 0D
1779563976872,74 34 35 35 38 45 41 46 46 30 37 30 30 39 46 46 46 30 30 30 30 0D
1779563976885,74 34 35 31 38 30 30 30 30 30 30 30 30 30 30 30 30 30 30 30 30 0D
1779563976895,74 34 35 35 38 45 41 46 46 30 37 30 30 39 46 46 46 30 30 30 30 0D
1779563976900,74 34 35 37 38 30 30 30 30 30 31 30 30 36 34 31 34 30 30 30 30 0D
1779563976910,74 34 35 31 38 30 30 30 30 30 30 30 30 30 30 30 30 30 30 30 30 0D
1779563976930,74 34 35 31 38 30 30 30 30 30 30 30 30 30 30 30 30 30 30 30 30 0D
1779563976945,74 34 35 30 38 30 30 30 30 30 37 30 30 30 30 30 30 45 34 30 35 0D
1779563976951,74 34 35 34 38 30 31 30 30 30 30 30 30 30 30 30 30 30 30 30 30 0D
1779563976963,74 34 35 31 38 30 30 30 30 30 30 30 30 30 30 30 30 30 30 30 30 0D
1779563976966,74 34 35 36 38 45 44 46 46 30 38 30 30 30 34 30 30 30 30 30 30 0D
1779563976986,74 34 35 31 38 30 30 30 30 30 30 30 30 30 30 30 30 30 30 30 30 0D
1779563976988,74 34 35 35 38 45 41 46 46 30 37 30 30 39 46 46 46 30 30 30 30 0D
1779563976992,74 34 35 37 38 30 30 30 30 30 31 30 30 36 34 31 34 30 30 30 30 0D
1779563977006,74 34 35 31 38 30 30 30 30 30 30 30 30 30 30 30 30 30 30 30 30 0D
1779563977011,74 34 35 35 38 45 41 46 46 30 37 30 30 39 46 46 46 30 30 30 30 0D
1779563977029,74 34 35 31 38 30 30 30 30 30 30 30 30 30 30 30 30 30 30 30 30 0D
1779563977032,74 34 35 35 38 45 41 46 46 30 37 30 30 39 46 46 46 30 30 30 30 0D
1779563977044,74 34 35 30 38 30 30 30 30 30 37 30 30 30 30 30 30 45 34 30 35 0D
1779563977051,74 34 35 31 38 30 30 30 30 30 30 30 30 30 30 30 30 30 30 30 30 0D
1779563977063,74 34 35 31 38 30 30 30 30 30 30 30 30 30 30 30 30 30 30 30 30 0D
1779563977082,74 34 35 31 38 30 30 30 30 30 30 30 30 30 30 30 30 30 30 30 30 0D
1779563977091,74 34 35 35 38 45 41 46 46 30 37 30 30 39 46 46 46 30 30 30 30 0D
1779563977098,74 34 35 37 38 30 30 30 30 30 30 30 30 36 34 31 34 30 30 30 30 0D
1779563977104,74 34 35 31 38 30 30 30 30 30 30 30 30 30 30 30 30 30 30 30 30 0D
1779563977107,74 34 35 35 38 45 41 46 46 30 37 30 30 39 46 46 46 30 30 30 30 0D
1779563977120,74 34 35 31 38 30 30 30 30 30 30 30 30 30 30 30 30 30 30 30 30 0D
1779563977135,74 34 35 35 38 45 41 46 46 30 37 30 30 39 46 46 46 30 30 30 30 0D
1779563977142,74 34 35 30 38 30 30 30 30 30 37 30 30 30 30 30 30 45 34 30 35 0D
1779563977147,74 34 35 32 38 38 43 30 30 30 30 30 30 30 30 30 30 30 30 30 30 0D
1779563977164,74 34 35 31 38 30 30 30 30 30 30 30 30 30 30 30 30 30 30 30 30 0D
1779563977171,74 34 35 35 38 45 39 46 46 30 38 30 30 39 46 46 46 30 30 30 30 0D
1779563977182,74 34 35 31 38 30 30 30 30 30 30 30 30 30 30 30 30 30 30 30 30 0D
1779563977204,74 34 35 35 38 45 39 46 46 30 38 30 30 39 46 46 46 30 30 30 30 0D
1779563977205,74 34 35 31 38 30 30 30 30 30 30 30 30 30 30 30 30 30 30 30 30 0D
1779563977211,74 34 35 35 38 45 39 46 46 30 38 30 30 39 46 46 46 30 30 30 30 0D
1779563977225,74 34 35 31 38 30 30 30 30 30 30 30 30 30 30 30 30 30 30 30 30 0D
1779563977230,74 34 35 35 38 45 39 46 46 30 38 30 30 39 46 46 46 30 30 30 30 0D
1779563977248,74 34 35 30 38 30 30 30 30 30 37 30 30 30 30 30 30 45 34 30 35 0D
1779563977252,74 34 35 34 38 30 31 30 30 30 30 30 30 30 30 30 30 30 30 30 30 0D
1779563977272,74 34 35 31 38 30 30 30 30 30 30 30 30 30 30 30 30 30 30 30 30 0D
1779563977279,74 34 35 35 38 45 39 46 46 30 38 30 30 39 46 46 46 30 30 30 30 0D
1779563977283,74 34 35 31 38 30 30 30 30 30 30 30 30 30 30 30 30 30 30 30 30 0D
1779563977291,74 34 35 35 38 45 39 46 46 30 38 30 30 39 46 46 46 30 30 30 30 0D
1779563977297,74 34 35 37 38 30 30 30 30 30 30 30 30 36 34 31 34 30 30 30 30 0D
1779563977306,74 34 35 39 38 44 33 41 34 42 45 31 36 38 31 31 41 30 33 42 37 0D
1779563977331,74 34 35 31 38 30 30 30 30 30 30 30 30 30 30 30 30 30 30 30 30 0D
1779563977336,74 34 35 35 38 45 39 46 46 30 38 30 30 39 46 46 46 30 30 30 30 0D
1779563977341,74 34 35 30 38 30 30 30 30 30 37 30 30 30 30 30 30 45 34 30 35 0D
1779563977348,74 34 35 39 38 44 33 41 34 42 45 31 36 38 31 31 41 30 33 42 37 0D
1779563977362,74 34 35 31 38 30 30 30 30 30 30 30 30 30 30 30 30 30 30 30 30 0D
1779563977367,74 34 35 35 38 45 41 46 46 30 37 30 30 41 30 46 46 30 30 30 30 0D
1779563977386,74 34 35 31 38 30 30 30 30 30 30 30 30 30 30 30 30 30 30 30 30 0D
1779563977392,74 34 35 35 38 45 41 46 46 30 37 30 30 41 30 46 46 30 30 30 30 0D
1779563977398,74 34 35 37 38 30 30 30 30 30 31 30 30 36 34 31 34 30 30 30 30 0D
1779563977400,74 34 35 31 38 30 30 30 30 30 30 30 30 30 30 30 30 30 30 30 30 0D
1779563977407,74 34 35 35 38 45 41 46 46 30 37 30 30 41 30 46 46 30 30 30 30 0D
1779563977426,74 34 35 31 38 30 30 30 30 30 30 30 30 30 30 30 30 30 30 30 30 0D
1779563977432,74 34 35 36 38 45 44 46 46 30 37 30 30 30 34 30 30 30 30 30 30 0D
1779563977450,74 34 35 30 38 30 30 30 30 30 37 30 30 30 30 30 30 45 34 30 35 0D
1779563977457,74 34 35 32 38 38 43 30 30 30 30 30 30 30 30 30 30 30 30 30 30 0D
1779563977464,74 34 35 31 38 30 30 30 30 30 30 30 30 30 30 30 30 30 30 30 30 0D
1779563977472,74 34 35 35 38 45 41 46 46 30 37 30 30 41 30 46 46 30 30 30 30 0D
1779563977484,74 34 35 31 38 30 30 30 30 30 30 30 30 30 30 30 30 30 30 30 30 0D
1779563977491,74 34 35 35 38 45 41 46 46 30 37 30 30 41 30 46 46 30 30 30 30 0D
1779563977495,74 34 35 37 38 30 30 30 30 30 31 30 30 36 34 31 34 30 30 30 30 0D
1779563977502,74 34 35 31 38 30 30 30 30 30 30 30 30 30 30 30 30 30 30 30 30 0D
1779563977505,74 34 35 35 38 45 41 46 46 30 37 30 30 41 30 46 46 30 30 30 30 0D
1779563977524,74 34 35 31 38 30 30 30 30 30 30 30 30 30 30 30 30 30 30 30 30 0D
1779563977527,74 34 35 35 38 45 41 46 46 30 37 30 30 41 30 46 46 30 30 30 30 0D
1779563977546,74 34 35 30 38 30 30 30 30 30 37 30 30 30 30 30 30 45 34 30 35 0D
1779563977557,74 34 35 32 38 38 43 30 30 30 30 30 30 30 30 30 30 30 30 30 30 0D
1779563977561,74 34 35 31 38 30 30 30 30 30 30 30 30 30 30 30 30 30 30 30 30 0D
1779563977563,74 34 35 35 38 45 39 46 46 30 37 30 30 39 46 46 46 30 30 30 30 0D
1779563977591,74 34 35 31 38 30 30 30 30 30 30 30 30 30 30 30 30 30 30 30 30 0D
1779563977597,74 34 35 36 38 45 45 46 46 30 37 30 30 30 34 30 30 30 30 30 30 0D
1779563977606,74 34 35 31 38 30 30 30 30 30 30 30 30 30 30 30 30 30 30 30 30 0D
1779563977612,74 34 35 35 38 45 39 46 46 30 37 30 30 39 46 46 46 30 30 30 30 0D
1779563977628,74 34 35 31 38 30 30 30 30 30 30 30 30 30 30 30 30 30 30 30 30 0D
1779563977635,74 34 35 36 38 45 45 46 46 30 37 30 30 30 34 30 30 30 30 30 30 0D
1779563977647,74 34 35 30 38 30 30 30 30 30 37 30 30 30 30 30 30 45 34 30 35 0D
1779563977652,74 34 35 31 38 30 30 30 30 30 30 30 30 30 30 30 30 30 30 30 30 0D
1779563977663,74 34 35 31 38 30 30 30 30 30 30 30 30 30 30 30 30 30 30 30 30 0D
1779563977669,74 34 35 35 38 45 39 46 46 30 37 30 30 39 46 46 46 30 30 30 30 0D
1779563977688,74 34 35 31 38 30 30 30 30 30 30 30 30 30 30 30 30 30 30 30 30 0D
1779563977693,74 34 35 35 38 45 39 46 46 30 37 30 30 39 46 46 46 30 30 30 30 0D
1779563977695,74 34 35 37 38 30 30 30 30 30 30 30 30 36 34 31 34 30 30 30 30 0D
1779563977707,74 34 35 31 38 30 30 30 30 30 30 30 30 30 30 30 30 30 30 30 30 0D
1779563977724,74 34 35 31 38 30 30 30 30 30 30 30 30 30 30 30 30 30 30 30 30 0D
1779563977726,74 34 35 35 38 45 39 46 46 30 37 30 30 39 46 46 46 30 30 30 30 0D
1779563977745,74 34 35 30 38 30 30 30 30 30 37 30 30 30 30 30 30 45 34 30 35 0D
1779563977753,74 34 35 31 38 30 30 30 30 30 30 30 30 30 30 30 30 30 30 30 30 0D
1779563977761,74 34 35 31 38 30 30 30 30 30 30 30 30 30 30 30 30 30 30 30 30 0D
1779563977765,74 34 35 35 38 45 41 46 46 30 37 30 30 39 46 46 46 30 30 30 30 0D
1779563977785,74 34 35 31 38 30 30 30 30 30 30 30 30 30 30 30 30 30 30 30 30 0D
1779563977795,74 34 35 35 38 45 41 46 46 30 37 30 30 39 46 46 46 30 30 30 30 0D
1779563977809,74 34 35 31 38 30 30 30 30 30 30 30 30 30 30 30 30 30 30 30 30 0D
1779563977813,74 34 35 35 38 45 41 46 46 30 37 30 30 39 46 46 46 30 30 30 30 0D
1779563977823,74 34 35 31 38 30 30 30 30 30 30 30 30 30 30 30 30 30 30 30 30 0D
1779563977844,74 34 35 30 38 30 30 30 30 30 37 30 30 30 30 30 30 45 34 30 35 0D
1779563977856,74 34 35 31 38 30 30 30 30 30 30 30 30 30 30 30 30 30 30 30 30 0D
1779563977863,74 34 35 31 38 30 30 30 30 30 30 30 30 30 30 30 30 30 30 30 30 0D
1779563977872,74 34 35 35 38 45 41 46 46 30 37 30 30 39 46 46 46 30 30 30 30 0D
1779563977889,74 34 35 31 38 30 30 30 30 30 30 30 30 30 30 30 30 30 30 30 30 0D
1779563977896,74 34 35 35 38 45 41 46 46 30 37 30 30 39 46 46 46 30 30 30 30 0D
1779563977906,74 34 35 31 38 30 30 30 30 30 30 30 30 30 30 30 30 30 30 30 30 0D
1779563977928,74 34 35 31 38 30 30 30 30 30 30 30 30 30 30 30 30 30 30 30 30 0D
1779563977948,74 34 35 30 38 30 30 30 30 30 37 30 30 30 30 30 30 45 34 30 35 0D
1779563977952,74 34 35 31 38 30 30 30 30 30 30 30 30 30 30 30 30 30 30 30 30 0D
1779563977962,74 34 35 31 38 30 30 30 30 30 30 30 30 30 30 30 30 30 30 30 30 0D
1779563977970,74 34 35 35 38 45 41 46 46 30 36 30 30 39 46 46 46 30 30 30 30 0D
1779563977990,74 34 35 31 38 30 30 30 30 30 30 30 30 30 30 30 30 30 30 30 30 0D
1779563977994,74 34 35 35 38 45 41 46 46 30 36 30 30 39 46 46 46 30 30 30 30 0D
1779563978001,74 34 35 37 38 30 30 30 30 30 30 30 30 36 34 31 34 46 46 46 46 0D
1779563978009,74 34 35 35 38 45 41 46 46 30 36 30 30 39 46 46 46 30 30 30 30 0D
1779563978023,74 34 35 31 38 30 30 30 30 30 30 30 30 30 30 30 30 30 30 30 30 0D
1779563978026,74 34 35 35 38 45 41 46 46 30 36 30 30 39 46 46 46 30 30 30 30 0D
1779563978044,74 34 35 30 38 30 30 30 30 30 37 30 30 30 30 30 30 45 34 30 35 0D
1779563978054,74 34 35 31 38 30 30 30 30 30 30 30 30 30 30 30 30 30 30 30 30 0D
1779563978060,74 34 35 31 38 30 30 30 30 30 30 30 30 30 30 30 30 30 30 30 30 0D
1779563978068,74 34 35 35 38 45 41 46 46 30 36 30 30 39 46 46 46 30 30 30 30 0D
1779563978087,74 34 35 31 38 30 30 30 30 30 30 30 30 30 30 30 30 30 30 30 30 0D
1779563978091,74 34 35 35 38 45 41 46 46 30 36 30 30 39 46 46 46 30 30 30 30 0D
1779563978098,74 34 35 37 38 30 30 30 30 30 30 30 30 36 34 31 34 30 30 30 30 0D
1779563978107,74 34 35 31 38 30 30 30 30 30 30 30 30 30 30 30 30 30 30 30 30 0D
1779563978122,74 34 35 31 38 30 30 30 30 30 30 30 30 30 30 30 30 30 30 30 30 0D
1779563978129,74 34 35 35 38 45 41 46 46 30 36 30 30 39 46 46 46 30 30 30 30 0D
1779563978146,74 34 35 30 38 30 30 30 30 30 37 30 30 30 30 30 30 45 34 30 35 0D
1779563978152,74 34 35 31 38 30 30 30 30 30 30 30 30 30 30 30 30 30 30 30 30 0D
1779563978166,74 34 35 31 38 30 30 30 30 30 30 30 30 30 30 30 30 30 30 30 30 0D
1779563978172,74 34 35 35 38 45 41 46 46 30 37 30 30 39 46 46 46 30 30 30 30 0D
1779563978186,74 34 35 31 38 30 30 30 30 30 30 30 30 30 30 30 30 30 30 30 30 0D
1779563978191,74 34 35 35 38 45 41 46 46 30 37 30 30 39 46 46 46 30 30 30 30 0D
1779563978196,74 34 35 37 38 30 30 30 30 30 30 30 30 36 34 31 34 46 46 46 46 0D
1779563978205,74 34 35 31 38 30 30 30 30 30 30 30 30 30 30 30 30 30 30 30 30 0D
1779563978212,74 34 35 35 38 45 41 46 46 30 37 30 30 39 46 46 46 30 30 30 30 0D
1779563978220,74 34 35 31 38 30 30 30 30 30 30 30 30 30 30 30 30 30 30 30 30 0D
1779563978225,74 34 35 35 38 45 41 46 46 30 37 30 30 39 46 46 46 30 30 30 30 0D
1779563978243,74 34 35 30 38 30 30 30 30 30 37 30 30 30 30 30 30 45 34 30 35 0D
1779563978249,74 34 35 31 38 30 30 30 30 30 30 30 30 30 30 30 30 30 30 30 30 0D
1779563978268,74 34 35 31 38 30 30 30 30 30 30 30 30 30 30 30 30 30 30 30 30 0D 74 34 35 35 38 45 41 46 46 30 37 30 30 39 46 46 46 30 30 30 30 0D
1779563978282,74 34 35 31 38 30 30 30 30 30 30 30 30 30 30 30 30 30 30 30 30 0D
1779563978288,74 34 35 35 38 45 41 46 46 30 37 30 30 39 46 46 46 30 30 30 30 0D
1779563978296,74 34 35 37 38 30 30 30 30 30 30 30 30 36 34 31 34 30 30 30 30 0D
1779563978340,74 34 35 31 38 30 30 30 30 30 30 30 30 30 30 30 30 30 30 30 30 0D
1779563978359,74 34 35 30 38 30 30 30 30 30 37 30 30 30 30 30 30 45 34 30 35 0D
1779563978365,74 34 35 31 38 30 30 30 30 30 30 30 30 30 30 30 30 30 30 30 30 0D
1779563978387,74 34 35 31 38 30 30 30 30 30 30 30 30 30 30 30 30 30 30 30 30 0D
1779563978393,74 34 35 35 38 45 41 46 46 30 37 30 30 39 46 46 46 30 30 30 30 0D
1779563978405,74 34 35 37 38 30 30 30 30 30 31 30 30 36 34 31 34 30 30 30 30 0D
1779563978411,74 34 35 36 38 45 45 46 46 30 37 30 30 30 34 30 30 30 30 30 30 0D
1779563978423,74 34 35 31 38 30 30 30 30 30 30 30 30 30 30 30 30 30 30 30 30 0D
1779563978428,74 34 35 35 38 45 41 46 46 30 37 30 30 39 46 46 46 30 30 30 30 0D
1779563978443,74 34 35 30 38 30 30 30 30 30 37 30 30 30 30 30 30 45 34 30 35 0D
1779563978454,74 34 35 31 38 30 30 30 30 30 30 30 30 30 30 30 30 30 30 30 30 0D
1779563978461,74 34 35 31 38 30 30 30 30 30 30 30 30 30 30 30 30 30 30 30 30 0D
1779563978474,74 34 35 35 38 45 41 46 46 30 37 30 30 39 46 46 46 30 30 30 30 0D
1779563978487,74 34 35 31 38 30 30 30 30 30 30 30 30 30 30 30 30 30 30 30 30 0D
1779563978503,74 34 35 35 38 45 41 46 46 30 37 30 30 39 46 46 46 30 30 30 30 0D
1779563978513,74 34 35 36 38 45 45 46 46 30 37 30 30 30 34 30 30 30 30 30 30 0D
1779563978522,74 34 35 31 38 30 30 30 30 30 30 30 30 30 30 30 30 30 30 30 30 0D
1779563978534,74 34 35 35 38 45 41 46 46 30 37 30 30 39 46 46 46 30 30 30 30 0D
1779563978543,74 34 35 30 38 30 30 30 30 30 37 30 30 30 30 30 30 45 34 30 35 0D
1779563978557,74 34 35 31 38 30 30 30 30 30 30 30 30 30 30 30 30 30 30 30 30 0D
1779563978562,74 34 35 31 38 30 30 30 30 30 30 30 30 30 30 30 30 30 30 30 30 0D
1779563978574,74 34 35 35 38 45 41 46 46 30 37 30 30 39 46 46 46 30 30 30 30 0D
1779563978583,74 34 35 31 38 30 30 30 30 30 30 30 30 30 30 30 30 30 30 30 30 0D
1779563978606,74 34 35 35 38 45 41 46 46 30 37 30 30 39 46 46 46 30 30 30 30 0D
1779563978610,74 34 35 31 38 30 30 30 30 30 30 30 30 30 30 30 30 30 30 30 30 0D
1779563978619,74 34 35 31 38 30 30 30 30 30 30 30 30 30 30 30 30 30 30 30 30 0D
1779563978642,74 34 35 35 38 45 41 46 46 30 37 30 30 39 46 46 46 30 30 30 30 0D
1779563978656,74 34 35 31 38 30 30 30 30 30 30 30 30 30 30 30 30 30 30 30 30 0D
1779563978662,74 34 35 31 38 30 30 30 30 30 30 30 30 30 30 30 30 30 30 30 30 0D
1779563978685,74 34 35 35 38 45 41 46 46 30 37 30 30 39 46 46 46 30 30 30 30 0D
1779563978691,74 34 35 31 38 30 30 30 30 30 30 30 30 30 30 30 30 30 30 30 30 0D
1779563978703,74 34 35 37 38 30 30 30 30 30 30 30 30 36 34 31 34 30 30 30 30 0D
1779563978712,74 34 35 31 38 30 30 30 30 30 30 30 30 30 30 30 30 30 30 30 30 0D
1779563978717,74 34 35 35 38 45 41 46 46 30 37 30 30 39 46 46 46 30 30 30 30 0D
1779563978729,74 34 35 31 38 30 30 30 30 30 30 30 30 30 30 30 30 30 30 30 30 0D
1779563978746,74 34 35 30 38 30 30 30 30 30 37 30 30 30 30 30 30 45 34 30 35 0D
1779563978761,74 34 35 31 38 30 30 30 30 30 30 30 30 30 30 30 30 30 30 30 30 0D
1779563978765,74 34 35 31 38 30 30 30 30 30 30 30 30 30 30 30 30 30 30 30 30 0D
1779563978775,74 34 35 35 38 45 41 46 46 30 37 30 30 39 46 46 46 30 30 30 30 0D
1779563978783,74 34 35 31 38 30 30 30 30 30 30 30 30 30 30 30 30 30 30 30 30 0D
1779563978802,74 34 35 35 38 45 41 46 46 30 37 30 30 39 46 46 46 30 30 30 30 0D
1779563978808,74 34 35 31 38 30 30 30 30 30 30 30 30 30 30 30 30 30 30 30 30 0D
1779563978811,74 34 35 35 38 45 41 46 46 30 37 30 30 39 46 46 46 30 30 30 30 0D
1779563978822,74 34 35 31 38 30 30 30 30 30 30 30 30 30 30 30 30 30 30 30 30 0D
1779563978833,74 34 35 35 38 45 41 46 46 30 37 30 30 39 46 46 46 30 30 30 30 0D
1779563978842,74 34 35 30 38 30 30 30 30 30 37 30 30 30 30 30 30 45 34 30 35 0D
1779563978866,74 34 35 31 38 30 30 30 30 30 30 30 30 30 30 30 30 30 30 30 30 0D
1779563978874,74 34 35 31 38 30 30 30 30 30 30 30 30 30 30 30 30 30 30 30 30 0D
1779563978888,74 34 35 31 38 30 30 30 30 30 30 30 30 30 30 30 30 30 30 30 30 0D
1779563978901,74 34 35 35 38 45 41 46 46 30 37 30 30 39 46 46 46 30 30 30 30 0D
1779563978909,74 34 35 31 38 30 30 30 30 30 30 30 30 30 30 30 30 30 30 30 30 0D
1779563978911,74 34 35 35 38 45 41 46 46 30 37 30 30 39 46 46 46 30 30 30 30 0D
1779563978921,74 34 35 31 38 30 30 30 30 30 30 30 30 30 30 30 30 30 30 30 30 0D
1779563978929,74 34 35 35 38 45 41 46 46 30 37 30 30 39 46 46 46 30 30 30 30 0D
1779563978942,74 34 35 30 38 30 30 30 30 30 37 30 30 30 30 30 30 45 34 30 35 0D
1779563978951,74 34 35 31 38 30 30 30 30 30 30 30 30 30 30 30 30 30 30 30 30 0D
1779563978963,74 34 35 31 38 30 30 30 30 30 30 30 30 30 30 30 30 30 30 30 30 0D
1779563978979,74 34 35 35 38 45 41 46 46 30 37 30 30 39 46 46 46 30 30 30 30 0D
1779563978986,74 34 35 31 38 30 30 30 30 30 30 30 30 30 30 30 30 30 30 30 30 0D
1779563979001,74 34 35 35 38 45 41 46 46 30 37 30 30 39 46 46 46 30 30 30 30 0D
1779563979011,74 34 35 31 38 30 30 30 30 30 30 30 30 30 30 30 30 30 30 30 30 0D
1779563979025,74 34 35 31 38 30 30 30 30 30 30 30 30 30 30 30 30 30 30 30 30 0D
1779563979035,74 34 35 35 38 45 41 46 46 30 37 30 30 39 46 46 46 30 30 30 30 0D
1779563979040,74 34 35 30 38 30 30 30 30 30 37 30 30 30 30 30 30 45 34 30 35 0D
1779563979051,74 34 35 31 38 30 30 30 30 30 30 30 30 30 30 30 30 30 30 30 30 0D
1779563979061,74 34 35 31 38 30 30 30 30 30 30 30 30 30 30 30 30 30 30 30 30 0D
1779563979073,74 34 35 35 38 45 41 46 46 30 37 30 30 39 46 46 46 30 30 30 30 0D
1779563979085,74 34 35 31 38 30 30 30 30 30 30 30 30 30 30 30 30 30 30 30 30 0D
1779563979103,74 34 35 35 38 45 41 46 46 30 37 30 30 39 46 46 46 30 30 30 30 0D
1779563979108,74 34 35 31 38 30 30 30 30 30 30 30 30 30 30 30 30 30 30 30 30 0D
1779563979120,74 34 35 31 38 30 30 30 30 30 30 30 30 30 30 30 30 30 30 30 30 0D
1779563979134,74 34 35 35 38 45 41 46 46 30 37 30 30 39 46 46 46 30 30 30 30 0D
1779563979141,74 34 35 30 38 30 30 30 30 30 37 30 30 30 30 30 30 45 34 30 35 0D
1779563979165,74 34 35 31 38 30 30 30 30 30 30 30 30 30 30 30 30 30 30 30 30 0D
1779563979174,74 34 35 31 38 30 30 30 30 30 30 30 30 30 30 30 30 30 30 30 30 0D
1779563979185,74 34 35 31 38 30 30 30 30 30 30 30 30 30 30 30 30 30 30 30 30 0D
1779563979189,74 34 35 35 38 45 39 46 46 30 38 30 30 39 46 46 46 30 30 30 30 0D
1779563979210,74 34 35 37 38 30 30 30 30 30 30 30 30 36 34 31 34 30 30 30 30 0D
1779563979220,74 34 35 31 38 30 30 30 30 30 30 30 30 30 30 30 30 30 30 30 30 0D
1779563979239,74 34 35 35 38 45 39 46 46 30 38 30 30 39 46 46 46 30 30 30 30 0D
1779563979245,74 34 35 30 38 30 30 30 30 30 37 30 30 30 30 30 30 45 34 30 35 0D
1779563979252,74 34 35 31 38 30 30 30 30 30 30 30 30 30 30 30 30 30 30 30 30 0D
1779563979270,74 34 35 31 38 30 30 30 30 30 30 30 30 30 30 30 30 30 30 30 30 0D
1779563979275,74 34 35 35 38 45 39 46 46 30 38 30 30 39 46 46 46 30 30 30 30 0D
1779563979283,74 34 35 31 38 30 30 30 30 30 30 30 30 30 30 30 30 30 30 30 30 0D
1779563979298,74 34 35 35 38 45 39 46 46 30 38 30 30 39 46 46 46 30 30 30 30 0D
1779563979304,74 34 35 31 38 30 30 30 30 30 30 30 30 30 30 30 30 30 30 30 30 0D
1779563979310,74 34 35 35 38 45 39 46 46 30 38 30 30 39 46 46 46 30 30 30 30 0D
1779563979323,74 34 35 31 38 30 30 30 30 30 30 30 30 30 30 30 30 30 30 30 30 0D
1779563979334,74 34 35 35 38 45 39 46 46 30 38 30 30 39 46 46 46 30 30 30 30 0D
1779563979341,74 34 35 30 38 30 30 30 30 30 37 30 30 30 30 30 30 45 34 30 35 0D
1779563979355,74 34 35 31 38 30 30 30 30 30 30 30 30 30 30 30 30 30 30 30 30 0D
1779563979365,74 34 35 31 38 30 30 30 30 30 30 30 30 30 30 30 30 30 30 30 30 0D
1779563979374,74 34 35 35 38 45 41 46 46 30 37 30 30 39 46 46 46 30 30 30 30 0D
1779563979387,74 34 35 31 38 30 30 30 30 30 30 30 30 30 30 30 30 30 30 30 30 0D
1779563979392,74 34 35 35 38 45 41 46 46 30 37 30 30 39 46 46 46 30 30 30 30 0D
1779563979401,74 34 35 37 38 30 30 30 30 30 30 30 30 36 34 31 34 30 30 30 30 0D
1779563979406,74 34 35 31 38 30 30 30 30 30 30 30 30 30 30 30 30 30 30 30 30 0D
1779563979421,74 34 35 31 38 30 30 30 30 30 30 30 30 30 30 30 30 30 30 30 30 0D
1779563979437,74 34 35 35 38 45 41 46 46 30 37 30 30 39 46 46 46 30 30 30 30 0D
1779563979440,74 34 35 30 38 30 30 30 30 30 37 30 30 30 30 30 30 45 34 30 35 0D
1779563979456,74 34 35 31 38 30 30 30 30 30 30 30 30 30 30 30 30 30 30 30 30 0D
1779563979465,74 34 35 31 38 30 30 30 30 30 30 30 30 30 30 30 30 30 30 30 30 0D
1779563979472,74 34 35 35 38 45 41 46 46 30 37 30 30 39 46 46 46 30 30 30 30 0D
1779563979484,74 34 35 31 38 30 30 30 30 30 30 30 30 30 30 30 30 30 30 30 30 0D
1779563979502,74 34 35 35 38 45 41 46 46 30 37 30 30 39 46 46 46 30 30 30 30 0D
1779563979511,74 34 35 31 38 30 30 30 30 30 30 30 30 30 30 30 30 30 30 30 30 0D
1779563979525,74 34 35 31 38 30 30 30 30 30 30 30 30 30 30 30 30 30 30 30 30 0D
1779563979531,74 34 35 35 38 45 41 46 46 30 37 30 30 39 46 46 46 30 30 30 30 0D
1779563979540,74 34 35 30 38 30 30 30 30 30 37 30 30 30 30 30 30 45 34 30 35 0D
1779563979552,74 34 35 31 38 30 30 30 30 30 30 30 30 30 30 30 30 30 30 30 30 0D
1779563979560,74 34 35 31 38 30 30 30 30 30 30 30 30 30 30 30 30 30 30 30 30 0D
1779563979577,74 34 35 35 38 45 41 46 46 30 37 30 30 39 46 46 46 30 30 30 30 0D
1779563979583,74 34 35 31 38 30 30 30 30 30 30 30 30 30 30 30 30 30 30 30 30 0D
1779563979598,74 34 35 35 38 45 41 46 46 30 37 30 30 39 46 46 46 30 30 30 30 0D
1779563979619,74 34 35 37 38 30 30 30 30 30 30 30 30 36 34 31 34 30 30 30 30 0D
1779563979625,74 34 35 31 38 30 30 30 30 30 30 30 30 30 30 30 30 30 30 30 30 0D
1779563979633,74 34 35 35 38 45 41 46 46 30 37 30 30 39 46 46 46 30 30 30 30 0D
1779563979650,74 34 35 30 38 30 30 30 30 30 37 30 30 30 30 30 30 45 34 30 35 0D
1779563979654,74 34 35 31 38 30 30 30 30 30 30 30 30 30 30 30 30 30 30 30 30 0D
1779563979659,74 34 35 31 38 30 30 30 30 30 30 30 30 30 30 30 30 30 30 30 30 0D
1779563979678,74 34 35 35 38 45 41 46 46 30 37 30 30 39 46 46 46 30 30 30 30 0D
1779563979681,74 34 35 31 38 30 30 30 30 30 30 30 30 30 30 30 30 30 30 30 30 0D
1779563979706,74 34 35 36 38 45 44 46 46 30 37 30 30 30 34 30 30 30 30 30 30 0D
1779563979715,74 34 35 31 38 30 30 30 30 30 30 30 30 30 30 30 30 30 30 30 30 0D
1779563979726,74 34 35 31 38 30 30 30 30 30 30 30 30 30 30 30 30 30 30 30 30 0D
1779563979735,74 34 35 35 38 45 41 46 46 30 37 30 30 39 46 46 46 30 30 30 30 0D
1779563979747,74 34 35 30 38 30 30 30 30 30 37 30 30 30 30 30 30 45 34 30 35 0D
1779563979754,74 34 35 31 38 30 30 30 30 30 30 30 30 30 30 30 30 30 30 30 30 0D
1779563979764,74 34 35 31 38 30 30 30 30 30 30 30 30 30 30 30 30 30 30 30 30 0D
1779563979775,74 34 35 35 38 45 41 46 46 30 37 30 30 39 46 46 46 30 30 30 30 0D
1779563979781,74 34 35 31 38 30 30 30 30 30 30 30 30 30 30 30 30 30 30 30 30 0D
1779563979799,74 34 35 35 38 45 41 46 46 30 37 30 30 39 46 46 46 30 30 30 30 0D
1779563979815,74 34 35 39 38 43 32 41 34 42 45 31 36 43 36 31 41 30 33 42 37 0D
1779563979822,74 34 35 31 38 30 30 30 30 30 30 30 30 30 30 30 30 30 30 30 30 0D
1779563979830,74 34 35 35 38 45 41 46 46 30 37 30 30 39 46 46 46 30 30 30 30 0D
1779563979842,74 34 35 30 38 30 30 30 30 30 37 30 30 30 30 30 30 45 34 30 35 0D
1779563979859,74 34 35 31 38 30 30 30 30 30 30 30 30 30 30 30 30 30 30 30 30 0D
1779563979867,74 34 35 31 38 30 30 30 30 30 30 30 30 30 30 30 30 30 30 30 30 0D
1779563979877,74 34 35 35 38 45 41 46 46 30 37 30 30 39 46 46 46 30 30 30 30 0D
1779563979883,74 34 35 31 38 30 30 30 30 30 30 30 30 30 30 30 30 30 30 30 30 0D
1779563979899,74 34 35 37 38 30 30 30 30 30 30 30 30 36 34 31 34 30 30 30 30 0D
1779563979910,74 34 35 39 38 43 31 41 34 42 45 31 36 43 38 31 41 30 33 42 37 0D
1779563979924,74 34 35 31 38 30 30 30 30 30 30 30 30 30 30 30 30 30 30 30 30 0D
1779563979937,74 34 35 35 38 45 41 46 46 30 37 30 30 39 46 46 46 30 30 30 30 0D
1779563979942,74 34 35 30 38 30 30 30 30 30 37 30 30 30 30 30 30 45 34 30 35 0D
1779563979952,74 34 35 31 38 30 30 30 30 30 30 30 30 30 30 30 30 30 30 30 30 0D
1779563979964,74 34 35 31 38 30 30 30 30 30 30 30 30 30 30 30 30 30 30 30 30 0D
1779563979976,74 34 35 35 38 45 41 46 46 30 37 30 30 39 46 46 46 30 30 30 30 0D
1779563979986,74 34 35 31 38 30 30 30 30 30 30 30 30 30 30 30 30 30 30 30 30 0D
1779563980002,74 34 35 35 38 45 41 46 46 30 37 30 30 39 46 46 46 30 30 30 30 0D
1779563980014,74 34 35 31 38 30 30 30 30 30 30 30 30 30 30 30 30 30 30 30 30 0D
1779563980023,74 34 35 31 38 30 30 30 30 30 30 30 30 30 30 30 30 30 30 30 30 0D
1779563980031,74 34 35 35 38 45 41 46 46 30 37 30 30 39 46 46 46 30 30 30 30 0D
1779563980042,74 34 35 30 38 30 30 30 30 30 37 30 30 30 30 30 30 45 34 30 35 0D
1779563980062,74 34 35 31 38 30 30 30 30 30 30 30 30 30 30 30 30 30 30 30 30 0D
1779563980071,74 34 35 31 38 30 30 30 30 30 30 30 30 30 30 30 30 30 30 30 30 0D
1779563980086,74 34 35 31 38 30 30 30 30 30 30 30 30 30 30 30 30 30 30 30 30 0D
1779563980102,74 34 35 35 38 45 41 46 46 30 37 30 30 39 46 46 46 30 30 30 30 0D
1779563980110,74 34 35 31 38 30 30 30 30 30 30 30 30 30 30 30 30 30 30 30 30 0D
1779563980116,74 34 35 35 38 45 41 46 46 30 37 30 30 39 46 46 46 30 30 30 30 0D
1779563980123,74 34 35 31 38 30 30 30 30 30 30 30 30 30 30 30 30 30 30 30 30 0D
1779563980142,74 34 35 35 38 45 41 46 46 30 37 30 30 39 46 46 46 30 30 30 30 0D
1779563980156,74 34 35 31 38 30 30 30 30 30 30 30 30 30 30 30 30 30 30 30 30 0D
1779563980163,74 34 35 31 38 30 30 30 30 30 30 30 30 30 30 30 30 30 30 30 30 0D
1779563980172,74 34 35 35 38 45 41 46 46 30 37 30 30 39 46 46 46 30 30 30 30 0D
1779563980183,74 34 35 31 38 30 30 30 30 30 30 30 30 30 30 30 30 30 30 30 30 0D
1779563980209,74 34 35 35 38 45 41 46 46 30 37 30 30 39 46 46 46 30 30 30 30 0D
1779563980236,74 34 35 31 38 30 30 30 30 30 30 30 30 30 30 30 30 30 30 30 30 0D
1779563980260,74 34 35 35 38 45 41 46 46 30 37 30 30 39 46 46 46 30 30 30 30 0D
1779563980266,74 34 35 31 38 30 30 30 30 30 30 30 30 30 30 30 30 30 30 30 30 0D
1779563980273,74 34 35 35 38 45 41 46 46 30 37 30 30 39 46 46 46 30 30 30 30 0D
1779563980284,74 34 35 31 38 30 30 30 30 30 30 30 30 30 30 30 30 30 30 30 30 0D
1779563980296,74 34 35 35 38 45 41 46 46 30 37 30 30 39 46 46 46 30 30 30 30 0D
1779563980301,74 34 35 37 38 30 30 30 30 30 31 30 30 36 34 31 34 30 30 30 30 0D
1779563980308,74 34 35 31 38 30 30 30 30 30 30 30 30 30 30 30 30 30 30 30 30 0D
1779563980333,74 34 35 31 38 30 30 30 30 30 30 30 30 30 30 30 30 30 30 30 30 0D
1779563980361,74 34 35 35 38 45 41 46 46 30 37 30 30 39 46 46 46 30 30 30 30 0D
1779563980367,74 34 35 31 38 30 30 30 30 30 30 30 30 30 30 30 30 30 30 30 30 0D
1779563980373,74 34 35 35 38 45 41 46 46 30 37 30 30 39 46 46 46 30 30 30 30 0D
1779563980384,74 34 35 31 38 30 30 30 30 30 30 30 30 30 30 30 30 30 30 30 30 0D
1779563980402,74 34 35 35 38 45 41 46 46 30 37 30 30 39 46 46 46 30 30 30 30 0D
1779563980409,74 34 35 31 38 30 30 30 30 30 30 30 30 30 30 30 30 30 30 30 30 0D
1779563980414,74 34 35 35 38 45 41 46 46 30 37 30 30 39 46 46 46 30 30 30 30 0D
1779563980432,74 34 35 31 38 30 30 30 30 30 30 30 30 30 30 30 30 30 30 30 30 0D
1779563980446,74 34 35 35 38 45 41 46 46 30 37 30 30 39 46 46 46 30 30 30 30 0D
1779563980452,74 34 35 31 38 30 30 30 30 30 30 30 30 30 30 30 30 30 30 30 30 0D
1779563980466,74 34 35 31 38 30 30 30 30 30 30 30 30 30 30 30 30 30 30 30 30 0D
1779563980478,74 34 35 35 38 45 41 46 46 30 37 30 30 39 46 46 46 30 30 30 30 0D
1779563980484,74 34 35 31 38 30 30 30 30 30 30 30 30 30 30 30 30 30 30 30 30 0D
1779563980504,74 34 35 35 38 45 41 46 46 30 37 30 30 39 46 46 46 30 30 30 30 0D
1779563980509,74 34 35 31 38 30 30 30 30 30 30 30 30 30 30 30 30 30 30 30 30 0D
1779563980516,74 34 35 35 38 45 41 46 46 30 37 30 30 39 46 46 46 30 30 30 30 0D
1779563980523,74 34 35 31 38 30 30 30 30 30 30 30 30 30 30 30 30 30 30 30 30 0D
1779563980533,74 34 35 35 38 45 41 46 46 30 37 30 30 39 46 46 46 30 30 30 30 0D
1779563980546,74 34 35 30 38 30 30 30 30 30 37 30 30 30 30 30 30 45 34 30 35 0D
1779563980555,74 34 35 31 38 30 30 30 30 30 30 30 30 30 30 30 30 30 30 30 30 0D
1779563980563,74 34 35 31 38 30 30 30 30 30 30 30 30 30 30 30 30 30 30 30 30 0D
1779563980571,74 34 35 35 38 45 41 46 46 30 37 30 30 39 45 46 46 30 30 30 30 0D
1779563980586,74 34 35 31 38 30 30 30 30 30 30 30 30 30 30 30 30 30 30 30 30 0D
1779563980600,74 34 35 35 38 45 41 46 46 30 37 30 30 39 45 46 46 30 30 30 30 0D
1779563980612,74 34 35 31 38 30 30 30 30 30 30 30 30 30 30 30 30 30 30 30 30 0D
1779563980622,74 34 35 31 38 30 30 30 30 30 30 30 30 30 30 30 30 30 30 30 30 0D
1779563980636,74 34 35 35 38 45 41 46 46 30 37 30 30 39 45 46 46 30 30 30 30 0D
1779563980644,74 34 35 30 38 30 30 30 30 30 37 30 30 30 30 30 30 45 34 30 35 0D
1779563980659,74 34 35 31 38 30 30 30 30 30 30 30 30 30 30 30 30 30 30 30 30 0D
1779563980667,74 34 35 31 38 30 30 30 30 30 30 30 30 30 30 30 30 30 30 30 30 0D
1779563980677,74 34 35 35 38 45 41 46 46 30 37 30 30 39 45 46 46 30 30 30 30 0D
1779563980684,74 34 35 31 38 30 30 30 30 30 30 30 30 30 30 30 30 30 30 30 30 0D
1779563980702,74 34 35 35 38 45 41 46 46 30 37 30 30 39 45 46 46 30 30 30 30 0D
1779563980713,74 34 35 31 38 30 30 30 30 30 30 30 30 30 30 30 30 30 30 30 30 0D
1779563980721,74 34 35 31 38 30 30 30 30 30 30 30 30 30 30 30 30 30 30 30 30 0D
1779563980733,74 34 35 35 38 45 41 46 46 30 37 30 30 39 45 46 46 30 30 30 30 0D
1779563980745,74 34 35 30 38 30 30 30 30 30 37 30 30 30 30 30 30 45 34 30 35 0D
1779563980761,74 34 35 31 38 30 30 30 30 30 30 30 30 30 30 30 30 30 30 30 30 0D
1779563980768,74 34 35 31 38 30 30 30 30 30 30 30 30 30 30 30 30 30 30 30 30 0D
1779563980776,74 34 35 35 38 45 41 46 46 30 37 30 30 39 46 46 46 30 30 30 30 0D
1779563980784,74 34 35 31 38 30 30 30 30 30 30 30 30 30 30 30 30 30 30 30 30 0D
1779563980802,74 34 35 35 38 45 41 46 46 30 37 30 30 39 46 46 46 30 30 30 30 0D
1779563980810,74 34 35 31 38 30 30 30 30 30 30 30 30 30 30 30 30 30 30 30 30 0D
1779563980826,74 34 35 31 38 30 30 30 30 30 30 30 30 30 30 30 30 30 30 30 30 0D
1779563980840,74 34 35 35 38 45 41 46 46 30 37 30 30 39 46 46 46 30 30 30 30 0D
1779563980852,74 34 35 30 38 30 30 30 30 30 37 30 30 30 30 30 30 45 34 30 35 0D
1779563980859,74 34 35 31 38 30 30 30 30 30 30 30 30 30 30 30 30 30 30 30 30 0D
1779563980864,74 34 35 31 38 30 30 30 30 30 30 30 30 30 30 30 30 30 30 30 30 0D
1779563980876,74 34 35 35 38 45 41 46 46 30 37 30 30 39 46 46 46 30 30 30 30 0D
1779563980882,74 34 35 31 38 30 30 30 30 30 30 30 30 30 30 30 30 30 30 30 30 0D
1779563980908,74 34 35 35 38 45 41 46 46 30 37 30 30 39 46 46 46 30 30 30 30 0D
1779563980936,74 34 35 31 38 30 30 30 30 30 30 30 30 30 30 30 30 30 30 30 30 0D
1779563980939,74 34 35 35 38 45 41 46 46 30 37 30 30 39 46 46 46 30 30 30 30 0D
1779563980944,74 34 35 30 38 30 30 30 30 30 37 30 30 30 30 30 30 45 34 30 35 0D
1779563980954,74 34 35 31 38 30 30 30 30 30 30 30 30 30 30 30 30 30 30 30 30 0D
1779563980966,74 34 35 31 38 30 30 30 30 30 30 30 30 30 30 30 30 30 30 30 30 0D
1779563980982,74 34 35 31 38 30 30 30 30 30 30 30 30 30 30 30 30 30 30 30 30 0D
1779563981000,74 34 35 35 38 45 39 46 46 30 36 30 30 39 46 46 46 30 30 30 30 0D
1779563981005,74 34 35 31 38 30 30 30 30 30 30 30 30 30 30 30 30 30 30 30 30 0D
1779563981019,74 34 35 36 38 45 45 46 46 30 38 30 30 30 35 30 30 30 30 30 30 0D
1779563981024,74 34 35 31 38 30 30 30 30 30 30 30 30 30 30 30 30 30 30 30 30 0D
1779563981029,74 34 35 35 38 45 39 46 46 30 36 30 30 39 46 46 46 30 30 30 30 0D
1779563981045,74 34 35 30 38 30 30 30 30 30 37 30 30 30 30 30 30 45 34 30 35 0D
1779563981057,74 34 35 31 38 30 30 30 30 30 30 30 30 30 30 30 30 30 30 30 30 0D
1779563981069,74 34 35 31 38 30 30 30 30 30 30 30 30 30 30 30 30 30 30 30 30 0D
1779563981086,74 34 35 31 38 30 30 30 30 30 30 30 30 30 30 30 30 30 30 30 30 0D
1779563981103,74 34 35 35 38 45 39 46 46 30 36 30 30 39 46 46 46 30 30 30 30 0D
1779563981111,74 34 35 31 38 30 30 30 30 30 30 30 30 30 30 30 30 30 30 30 30 0D
1779563981114,74 34 35 35 38 45 39 46 46 30 36 30 30 39 46 46 46 30 30 30 30 0D
1779563981124,74 34 35 31 38 30 30 30 30 30 30 30 30 30 30 30 30 30 30 30 30 0D
1779563981133,74 34 35 35 38 45 39 46 46 30 36 30 30 39 46 46 46 30 30 30 30 0D
1779563981141,74 34 35 30 38 30 30 30 30 30 37 30 30 30 30 30 30 45 34 30 35 0D
1779563981163,74 34 35 31 38 30 30 30 30 30 30 30 30 30 30 30 30 30 30 30 30 0D
1779563981171,74 34 35 35 38 45 41 46 46 30 37 30 30 39 46 46 46 30 30 30 30 0D
1779563981180,74 34 35 31 38 30 30 30 30 30 30 30 30 30 30 30 30 30 30 30 30 0D
1779563981194,74 34 35 35 38 45 41 46 46 30 37 30 30 39 46 46 46 30 30 30 30 0D
1779563981198,74 34 35 37 38 30 30 30 30 30 30 30 30 36 34 31 34 30 30 30 30 0D
1779563981200,74 34 35 31 38 30 30 30 30 30 30 30 30 30 30 30 30 30 30 30 30 0D
1779563981209,74 34 35 35 38 45 41 46 46 30 37 30 30 39 46 46 46 30 30 30 30 0D
1779563981220,74 34 35 31 38 30 30 30 30 30 30 30 30 30 30 30 30 30 30 30 30 0D
1779563981230,74 34 35 35 38 45 41 46 46 30 37 30 30 39 46 46 46 30 30 30 30 0D
1779563981242,74 34 35 30 38 30 30 30 30 30 37 30 30 30 30 30 30 45 34 30 35 0D
1779563981255,74 34 35 31 38 30 30 30 30 30 30 30 30 30 30 30 30 30 30 30 30 0D
1779563981264,74 34 35 31 38 30 30 30 30 30 30 30 30 30 30 30 30 30 30 30 30 0D
1779563981275,74 34 35 35 38 45 41 46 46 30 37 30 30 39 46 46 46 30 30 30 30 0D
1779563981287,74 34 35 31 38 30 30 30 30 30 30 30 30 30 30 30 30 30 30 30 30 0D
1779563981298,74 34 35 35 38 45 41 46 46 30 37 30 30 39 46 46 46 30 30 30 30 0D
1779563981308,74 34 35 31 38 30 30 30 30 30 30 30 30 30 30 30 30 30 30 30 30 0D
1779563981328,74 34 35 31 38 30 30 30 30 30 30 30 30 30 30 30 30 30 30 30 30 0D
1779563981335,74 34 35 35 38 45 41 46 46 30 37 30 30 39 46 46 46 30 30 30 30 0D
1779563981343,74 34 35 30 38 30 30 30 30 30 37 30 30 30 30 30 30 45 34 30 35 0D
1779563981357,74 34 35 31 38 30 30 30 30 30 30 30 30 30 30 30 30 30 30 30 30 0D
1779563981363,74 34 35 31 38 30 30 30 30 30 30 30 30 30 30 30 30 30 30 30 30 0D
1779563981374,74 34 35 35 38 45 41 46 46 30 37 30 30 39 45 46 46 30 30 30 30 0D
1779563981381,74 34 35 31 38 30 30 30 30 30 30 30 30 30 30 30 30 30 30 30 30 0D
1779563981408,74 34 35 35 38 45 41 46 46 30 37 30 30 39 45 46 46 30 30 30 30 0D
1779563981428,74 34 35 31 38 30 30 30 30 30 30 30 30 30 30 30 30 30 30 30 30 0D 74 34 35 31 38 30 30 30 30 30 30 30 30 30 30 30 30 30 30 30 30 0D
1779563981444,74 34 35 35 38 45 41 46 46 30 37 30 30 39 45 46 46 30 30 30 30 0D
1779563981449,74 34 35 30 38 30 30 30 30 30 37 30 30 30 30 30 30 45 34 30 35 0D
1779563981457,74 34 35 38 38 30 43 30 35 30 30 30 30 30 30 30 30 30 30 30 30 0D
1779563981461,74 34 35 31 38 30 30 30 30 30 30 30 30 30 30 30 30 30 30 30 30 0D
1779563981474,74 34 35 35 38 45 41 46 46 30 37 30 30 39 45 46 46 30 30 30 30 0D
1779563981482,74 34 35 31 38 30 30 30 30 30 30 30 30 30 30 30 30 30 30 30 30 0D
1779563981492,74 34 35 35 38 45 41 46 46 30 37 30 30 39 45 46 46 30 30 30 30 0D
1779563981514,74 34 35 37 38 30 30 30 30 30 30 30 30 36 34 31 34 30 30 30 30 0D
1779563981533,74 34 35 31 38 30 30 30 30 30 30 30 30 30 30 30 30 30 30 30 30 0D
1779563981539,74 34 35 35 38 45 41 46 46 30 37 30 30 39 45 46 46 30 30 30 30 0D
1779563981546,74 34 35 30 38 30 30 30 30 30 37 30 30 30 30 30 30 45 34 30 35 0D
1779563981558,74 34 35 31 38 30 30 30 30 30 30 30 30 30 30 30 30 30 30 30 30 0D
1779563981562,74 34 35 31 38 30 30 30 30 30 30 30 30 30 30 30 30 30 30 30 30 0D
1779563981578,74 34 35 35 38 45 41 46 46 30 37 30 30 39 45 46 46 30 30 30 30 0D
1779563981583,74 34 35 31 38 30 30 30 30 30 30 30 30 30 30 30 30 30 30 30 30 0D
1779563981598,74 34 35 35 38 45 41 46 46 30 37 30 30 39 45 46 46 30 30 30 30 0D
1779563981604,74 34 35 31 38 30 30 30 30 30 30 30 30 30 30 30 30 30 30 30 30 0D
1779563981614,74 34 35 35 38 45 41 46 46 30 37 30 30 39 45 46 46 30 30 30 30 0D
1779563981620,74 34 35 31 38 30 30 30 30 30 30 30 30 30 30 30 30 30 30 30 30 0D
1779563981632,74 34 35 35 38 45 41 46 46 30 37 30 30 39 45 46 46 30 30 30 30 0D
1779563981650,74 34 35 30 38 30 30 30 30 30 37 30 30 30 30 30 30 45 34 30 35 0D
1779563981655,74 34 35 31 38 30 30 30 30 30 30 30 30 30 30 30 30 30 30 30 30 0D
1779563981662,74 34 35 31 38 30 30 30 30 30 30 30 30 30 30 30 30 30 30 30 30 0D
1779563981678,74 34 35 35 38 45 41 46 46 30 37 30 30 39 45 46 46 30 30 30 30 0D
1779563981684,74 34 35 31 38 30 30 30 30 30 30 30 30 30 30 30 30 30 30 30 30 0D
1779563981703,74 34 35 35 38 45 41 46 46 30 37 30 30 39 45 46 46 30 30 30 30 0D
1779563981711,74 34 35 31 38 30 30 30 30 30 30 30 30 30 30 30 30 30 30 30 30 0D
1779563981721,74 34 35 31 38 30 30 30 30 30 30 30 30 30 30 30 30 30 30 30 30 0D
1779563981740,74 34 35 35 38 45 41 46 46 30 37 30 30 39 45 46 46 30 30 30 30 0D
1779563981745,74 34 35 30 38 30 30 30 30 30 37 30 30 30 30 30 30 45 34 30 35 0D
1779563981756,74 34 35 31 38 30 30 30 30 30 30 30 30 30 30 30 30 30 30 30 30 0D
1779563981761,74 34 35 31 38 30 30 30 30 30 30 30 30 30 30 30 30 30 30 30 30 0D
1779563981773,74 34 35 35 38 45 41 46 46 30 37 30 30 39 46 46 46 30 30 30 30 0D
1779563981781,74 34 35 31 38 30 30 30 30 30 30 30 30 30 30 30 30 30 30 30 30 0D
1779563981804,74 34 35 35 38 45 41 46 46 30 37 30 30 39 46 46 46 30 30 30 30 0D
1779563981814,74 34 35 31 38 30 30 30 30 30 30 30 30 30 30 30 30 30 30 30 30 0D
1779563981824,74 34 35 31 38 30 30 30 30 30 30 30 30 30 30 30 30 30 30 30 30 0D
1779563981833,74 34 35 35 38 45 41 46 46 30 37 30 30 39 46 46 46 30 30 30 30 0D
1779563981845,74 34 35 30 38 30 30 30 30 30 37 30 30 30 30 30 30 45 34 30 35 0D
1779563981856,74 34 35 31 38 30 30 30 30 30 30 30 30 30 30 30 30 30 30 30 30 0D
1779563981862,74 34 35 31 38 30 30 30 30 30 30 30 30 30 30 30 30 30 30 30 30 0D
1779563981873,74 34 35 35 38 45 41 46 46 30 37 30 30 39 46 46 46 30 30 30 30 0D
1779563981883,74 34 35 31 38 30 30 30 30 30 30 30 30 30 30 30 30 30 30 30 30 0D
1779563981898,74 34 35 35 38 45 41 46 46 30 37 30 30 39 46 46 46 30 30 30 30 0D
1779563981907,74 34 35 31 38 30 30 30 30 30 30 30 30 30 30 30 30 30 30 30 30 0D
1779563981918,74 34 35 35 38 45 41 46 46 30 37 30 30 39 46 46 46 30 30 30 30 0D
1779563981926,74 34 35 31 38 30 30 30 30 30 30 30 30 30 30 30 30 30 30 30 30 0D
1779563981932,74 34 35 35 38 45 41 46 46 30 37 30 30 39 46 46 46 30 30 30 30 0D
1779563981944,74 34 35 30 38 30 30 30 30 30 37 30 30 30 30 30 30 45 34 30 35 0D
1779563981957,74 34 35 31 38 30 30 30 30 30 30 30 30 30 30 30 30 30 30 30 30 0D
1779563981961,74 34 35 31 38 30 30 30 30 30 30 30 30 30 30 30 30 30 30 30 30 0D
1779563981982,74 34 35 35 38 45 41 46 46 30 38 30 30 39 46 46 46 30 30 30 30 0D
1779563981986,74 34 35 31 38 30 30 30 30 30 30 30 30 30 30 30 30 30 30 30 30 0D
1779563981998,74 34 35 35 38 45 41 46 46 30 38 30 30 39 46 46 46 30 30 30 30 0D
1779563982003,74 34 35 31 38 30 30 30 30 30 30 30 30 30 30 30 30 30 30 30 30 0D
1779563982010,74 34 35 35 38 45 41 46 46 30 38 30 30 39 46 46 46 30 30 30 30 0D
1779563982024,74 34 35 31 38 30 30 30 30 30 30 30 30 30 30 30 30 30 30 30 30 0D
1779563982033,74 34 35 35 38 45 41 46 46 30 38 30 30 39 46 46 46 30 30 30 30 0D
1779563982044,74 34 35 30 38 30 30 30 30 30 37 30 30 30 30 30 30 45 34 30 35 0D
1779563982051,74 34 35 31 38 30 30 30 30 30 30 30 30 30 30 30 30 30 30 30 30 0D
1779563982064,74 34 35 31 38 30 30 30 30 30 30 30 30 30 30 30 30 30 30 30 30 0D
1779563982079,74 34 35 35 38 45 41 46 46 30 38 30 30 39 46 46 46 30 30 30 30 0D
1779563982085,74 34 35 31 38 30 30 30 30 30 30 30 30 30 30 30 30 30 30 30 30 0D
1779563982091,74 34 35 35 38 45 41 46 46 30 38 30 30 39 46 46 46 30 30 30 30 0D
1779563982094,74 34 35 37 38 30 30 30 30 30 31 30 30 36 34 31 34 30 30 30 30 0D
1779563982102,74 34 35 31 38 30 30 30 30 30 30 30 30 30 30 30 30 30 30 30 30 0D
1779563982117,74 34 35 35 38 45 41 46 46 30 38 30 30 39 46 46 46 30 30 30 30 0D
1779563982125,74 34 35 31 38 30 30 30 30 30 30 30 30 30 30 30 30 30 30 30 30 0D
1779563982139,74 34 35 35 38 45 41 46 46 30 38 30 30 39 46 46 46 30 30 30 30 0D
1779563982145,74 34 35 30 38 30 30 30 30 30 37 30 30 30 30 30 30 45 34 30 35 0D
1779563982160,74 34 35 31 38 30 30 30 30 30 30 30 30 30 30 30 30 30 30 30 30 0D
1779563982168,74 34 35 31 38 30 30 30 30 30 30 30 30 30 30 30 30 30 30 30 30 0D
1779563982172,74 34 35 35 38 45 41 46 46 30 37 30 30 39 46 46 46 30 30 30 30 0D
1779563982191,74 34 35 31 38 30 30 30 30 30 30 30 30 30 30 30 30 30 30 30 30 0D
1779563982225,74 34 35 35 38 45 41 46 46 30 37 30 30 39 46 46 46 30 30 30 30 0D
1779563982232,74 34 35 31 38 30 30 30 30 30 30 30 30 30 30 30 30 30 30 30 30 0D
1779563982236,74 34 35 35 38 45 41 46 46 30 37 30 30 39 46 46 46 30 30 30 30 0D
1779563982244,74 34 35 30 38 30 30 30 30 30 37 30 30 30 30 30 30 45 34 30 35 0D
1779563982257,74 34 35 31 38 30 30 30 30 30 30 30 30 30 30 30 30 30 30 30 30 0D
1779563982264,74 34 35 31 38 30 30 30 30 30 30 30 30 30 30 30 30 30 30 30 30 0D
1779563982272,74 34 35 35 38 45 41 46 46 30 37 30 30 39 46 46 46 30 30 30 30 0D
1779563982289,74 34 35 31 38 30 30 30 30 30 30 30 30 30 30 30 30 30 30 30 30 0D
1779563982308,74 34 35 37 38 30 30 30 30 30 30 30 30 36 34 31 34 30 30 30 30 0D
1779563982316,74 34 35 39 38 41 42 41 34 42 45 31 36 46 39 31 41 30 33 42 37 0D
1779563982325,74 34 35 31 38 30 30 30 30 30 30 30 30 30 30 30 30 30 30 30 30 0D
1779563982341,74 34 35 35 38 45 41 46 46 30 37 30 30 39 46 46 46 30 30 30 30 0D
1779563982346,74 34 35 30 38 30 30 30 30 30 37 30 30 30 30 30 30 45 34 30 35 0D
1779563982353,74 34 35 31 38 30 30 30 30 30 30 30 30 30 30 30 30 30 30 30 30 0D
1779563982362,74 34 35 31 38 30 30 30 30 30 30 30 30 30 30 30 30 30 30 30 30 0D
1779563982372,74 34 35 35 38 45 42 46 46 30 39 30 30 39 44 46 46 30 30 30 30 0D
1779563982384,74 34 35 31 38 30 30 30 30 30 30 30 30 30 30 30 30 30 30 30 30 0D
1779563982404,74 34 35 35 38 45 42 46 46 30 39 30 30 39 44 46 46 30 30 30 30 0D
1779563982410,74 34 35 31 38 30 30 30 30 30 30 30 30 30 30 30 30 30 30 30 30 0D
1779563982426,74 34 35 31 38 30 30 30 30 30 30 30 30 30 30 30 30 30 30 30 30 0D
1779563982438,74 34 35 35 38 45 42 46 46 30 39 30 30 39 44 46 46 30 30 30 30 0D
1779563982445,74 34 35 30 38 30 30 30 30 30 37 30 30 30 30 30 30 45 34 30 35 0D
1779563982456,74 34 35 31 38 30 30 30 30 30 30 30 30 30 30 30 30 30 30 30 30 0D
1779563982460,74 34 35 31 38 30 30 30 30 30 30 30 30 30 30 30 30 30 30 30 30 0D
1779563982474,74 34 35 35 38 45 42 46 46 30 39 30 30 39 44 46 46 30 30 30 30 0D
1779563982482,74 34 35 31 38 30 30 30 30 30 30 30 30 30 30 30 30 30 30 30 30 0D
1779563982500,74 34 35 35 38 45 42 46 46 30 39 30 30 39 44 46 46 30 30 30 30 0D
1779563982504,74 34 35 31 38 30 30 30 30 30 30 30 30 30 30 30 30 30 30 30 30 0D
1779563982513,74 34 35 36 38 45 44 46 46 30 38 30 30 30 34 30 30 30 30 30 30 0D
1779563982522,74 34 35 31 38 30 30 30 30 30 30 30 30 30 30 30 30 30 30 30 30 0D
1779563982536,74 34 35 35 38 45 42 46 46 30 39 30 30 39 44 46 46 30 30 30 30 0D
1779563982544,74 34 35 30 38 30 30 30 30 30 37 30 30 30 30 30 30 45 34 30 35 0D
1779563982549,74 34 35 31 38 30 30 30 30 30 30 30 30 30 30 30 30 30 30 30 30 0D
1779563982560,74 34 35 31 38 30 30 30 30 30 30 30 30 30 30 30 30 30 30 30 30 0D
1779563982582,74 34 35 35 38 45 41 46 46 30 37 30 30 39 46 46 46 30 30 30 30 0D
1779563982594,74 34 35 31 38 30 30 30 30 30 30 30 30 30 30 30 30 30 30 30 30 0D
1779563982597,74 34 35 37 38 30 30 30 30 30 30 30 30 36 34 31 34 30 30 30 30 0D
1779563982602,74 34 35 31 38 30 30 30 30 30 30 30 30 30 30 30 30 30 30 30 30 0D
1779563982623,74 34 35 31 38 30 30 30 30 30 30 30 30 30 30 30 30 30 30 30 30 0D
1779563982629,74 34 35 35 38 45 41 46 46 30 37 30 30 39 46 46 46 30 30 30 30 0D
1779563982639,74 34 35 30 38 30 30 30 30 30 37 30 30 30 30 30 30 45 34 30 35 0D
1779563982656,74 34 35 31 38 30 30 30 30 30 30 30 30 30 30 30 30 30 30 30 30 0D
1779563982662,74 34 35 31 38 30 30 30 30 30 30 30 30 30 30 30 30 30 30 30 30 0D
1779563982678,74 34 35 35 38 45 41 46 46 30 37 30 30 39 46 46 46 30 30 30 30 0D
1779563982687,74 34 35 31 38 30 30 30 30 30 30 30 30 30 30 30 30 30 30 30 30 0D
1779563982707,74 34 35 35 38 45 41 46 46 30 37 30 30 39 46 46 46 30 30 30 30 0D
1779563982716,74 34 35 31 38 30 30 30 30 30 30 30 30 30 30 30 30 30 30 30 30 0D
1779563982720,74 34 35 31 38 30 30 30 30 30 30 30 30 30 30 30 30 30 30 30 30 0D
1779563982730,74 34 35 35 38 45 41 46 46 30 37 30 30 39 46 46 46 30 30 30 30 0D
1779563982742,74 34 35 30 38 30 30 30 30 30 37 30 30 30 30 30 30 45 34 30 35 0D
1779563982754,74 34 35 31 38 30 30 30 30 30 30 30 30 30 30 30 30 30 30 30 30 0D
1779563982763,74 34 35 31 38 30 30 30 30 30 30 30 30 30 30 30 30 30 30 30 30 0D
1779563982778,74 34 35 35 38 45 41 46 46 30 37 30 30 39 45 46 46 30 30 30 30 0D
1779563982785,74 34 35 31 38 30 30 30 30 30 30 30 30 30 30 30 30 30 30 30 30 0D
1779563982808,74 34 35 35 38 45 41 46 46 30 37 30 30 39 45 46 46 30 30 30 30 0D
1779563982814,74 34 35 31 38 30 30 30 30 30 30 30 30 30 30 30 30 30 30 30 30 0D
1779563982824,74 34 35 31 38 30 30 30 30 30 30 30 30 30 30 30 30 30 30 30 30 0D
1779563982835,74 34 35 35 38 45 41 46 46 30 37 30 30 39 45 46 46 30 30 30 30 0D
1779563982842,74 34 35 30 38 30 30 30 30 30 37 30 30 30 30 30 30 45 34 30 35 0D
1779563982852,74 34 35 31 38 30 30 30 30 30 30 30 30 30 30 30 30 30 30 30 30 0D
1779563982871,74 34 35 31 38 30 30 30 30 30 30 30 30 30 30 30 30 30 30 30 30 0D
1779563982892,74 34 35 35 38 45 41 46 46 30 37 30 30 39 45 46 46 30 30 30 30 0D
1779563982898,74 34 35 37 38 30 30 30 30 30 31 30 30 36 34 31 34 30 30 30 30 0D
1779563982904,74 34 35 31 38 30 30 30 30 30 30 30 30 30 30 30 30 30 30 30 30 0D
1779563982927,74 34 35 31 38 30 30 30 30 30 30 30 30 30 30 30 30 30 30 30 30 0D
1779563982940,74 34 35 35 38 45 41 46 46 30 37 30 30 39 45 46 46 30 30 30 30 0D
1779563982946,74 34 35 30 38 30 30 30 30 30 37 30 30 30 30 30 30 45 34 30 35 0D
1779563982958,74 34 35 31 38 30 30 30 30 30 30 30 30 30 30 30 30 30 30 30 30 0D
1779563982965,74 34 35 31 38 30 30 30 30 30 30 30 30 30 30 30 30 30 30 30 30 0D
1779563982976,74 34 35 35 38 45 41 46 46 30 37 30 30 39 46 46 46 30 30 30 30 0D
1779563982986,74 34 35 31 38 30 30 30 30 30 30 30 30 30 30 30 30 30 30 30 30 0D
1779563982989,74 34 35 35 38 45 41 46 46 30 37 30 30 39 46 46 46 30 30 30 30 0D
1779563982995,74 34 35 37 38 30 30 30 30 30 31 30 30 36 34 31 34 30 30 30 30 0D
1779563983016,74 34 35 39 38 41 37 41 34 42 45 31 36 30 34 31 42 30 33 42 37 0D
1779563983022,74 34 35 31 38 30 30 30 30 30 30 30 30 30 30 30 30 30 30 30 30 0D
1779563983035,74 34 35 35 38 45 41 46 46 30 37 30 30 39 46 46 46 30 30 30 30 0D
1779563983042,74 34 35 30 38 30 30 30 30 30 37 30 30 30 30 30 30 45 34 30 35 0D
1779563983057,74 34 35 31 38 30 30 30 30 30 30 30 30 30 30 30 30 30 30 30 30 0D
1779563983069,74 34 35 31 38 30 30 30 30 30 30 30 30 30 30 30 30 30 30 30 30 0D
1779563983077,74 34 35 35 38 45 41 46 46 30 37 30 30 39 46 46 46 30 30 30 30 0D
1779563983079,74 34 35 31 38 30 30 30 30 30 30 30 30 30 30 30 30 30 30 30 30 0D
1779563983105,74 34 35 35 38 45 41 46 46 30 37 30 30 39 46 46 46 30 30 30 30 0D
1779563983111,74 34 35 31 38 30 30 30 30 30 30 30 30 30 30 30 30 30 30 30 30 0D
1779563983120,74 34 35 31 38 30 30 30 30 30 30 30 30 30 30 30 30 30 30 30 30 0D
1779563983133,74 34 35 35 38 45 41 46 46 30 37 30 30 39 46 46 46 30 30 30 30 0D
1779563983146,74 34 35 30 38 30 30 30 30 30 37 30 30 30 30 30 30 45 34 30 35 0D
1779563983162,74 34 35 31 38 30 30 30 30 30 30 30 30 30 30 30 30 30 30 30 30 0D
1779563983170,74 34 35 31 38 30 30 30 30 30 30 30 30 30 30 30 30 30 30 30 30 0D
1779563983174,74 34 35 35 38 45 39 46 46 30 37 30 30 39 46 46 46 30 30 30 30 0D
1779563983187,74 34 35 31 38 30 30 30 30 30 30 30 30 30 30 30 30 30 30 30 30 0D
1779563983212,74 34 35 35 38 45 39 46 46 30 37 30 30 39 46 46 46 30 30 30 30 0D
1779563983223,74 34 35 31 38 30 30 30 30 30 30 30 30 30 30 30 30 30 30 30 30 0D
1779563983236,74 34 35 35 38 45 39 46 46 30 37 30 30 39 46 46 46 30 30 30 30 0D
1779563983242,74 34 35 30 38 30 30 30 30 30 37 30 30 30 30 30 30 45 34 30 35 0D
1779563983252,74 34 35 31 38 30 30 30 30 30 30 30 30 30 30 30 30 30 30 30 30 0D
1779563983272,74 34 35 31 38 30 30 30 30 30 30 30 30 30 30 30 30 30 30 30 30 0D
1779563983275,74 34 35 35 38 45 39 46 46 30 37 30 30 39 46 46 46 30 30 30 30 0D
1779563983287,74 34 35 31 38 30 30 30 30 30 30 30 30 30 30 30 30 30 30 30 30 0D
1779563983302,74 34 35 35 38 45 39 46 46 30 37 30 30 39 46 46 46 30 30 30 30 0D
1779563983309,74 34 35 35 38 45 39 46 46 30 37 30 30 39 46 46 46 30 30 30 30 0D
1779563983321,74 34 35 31 38 30 30 30 30 30 30 30 30 30 30 30 30 30 30 30 30 0D
1779563983334,74 34 35 35 38 45 39 46 46 30 37 30 30 39 46 46 46 30 30 30 30 0D
1779563983340,74 34 35 30 38 30 30 30 30 30 37 30 30 30 30 30 30 45 34 30 35 0D
1779563983359,74 34 35 31 38 30 30 30 30 30 30 30 30 30 30 30 30 30 30 30 30 0D
1779563983366,74 34 35 31 38 30 30 30 30 30 30 30 30 30 30 30 30 30 30 30 30 0D
1779563983371,74 34 35 36 38 45 45 46 46 30 37 30 30 30 34 30 30 30 30 30 30 0D
1779563983384,74 34 35 31 38 30 30 30 30 30 30 30 30 30 30 30 30 30 30 30 30 0D
1779563983405,74 34 35 35 38 45 41 46 46 30 37 30 30 39 46 46 46 30 30 30 30 0D
1779563983422,74 34 35 31 38 30 30 30 30 30 30 30 30 30 30 30 30 30 30 30 30 0D
1779563983424,74 34 35 31 38 30 30 30 30 30 30 30 30 30 30 30 30 30 30 30 30 0D
1779563983434,74 34 35 35 38 45 41 46 46 30 37 30 30 39 46 46 46 30 30 30 30 0D
1779563983446,74 34 35 30 38 30 30 30 30 30 37 30 30 30 30 30 30 45 34 30 35 0D
1779563983456,74 34 35 31 38 30 30 30 30 30 30 30 30 30 30 30 30 30 30 30 30 0D
1779563983465,74 34 35 31 38 30 30 30 30 30 30 30 30 30 30 30 30 30 30 30 30 0D
1779563983474,74 34 35 35 38 45 41 46 46 30 37 30 30 39 46 46 46 30 30 30 30 0D
1779563983486,74 34 35 31 38 30 30 30 30 30 30 30 30 30 30 30 30 30 30 30 30 0D
1779563983502,74 34 35 35 38 45 41 46 46 30 37 30 30 39 46 46 46 30 30 30 30 0D
1779563983512,74 34 35 35 38 45 41 46 46 30 37 30 30 39 46 46 46 30 30 30 30 0D
1779563983524,74 34 35 31 38 30 30 30 30 30 30 30 30 30 30 30 30 30 30 30 30 0D
1779563983530,74 34 35 35 38 45 41 46 46 30 37 30 30 39 46 46 46 30 30 30 30 0D
1779563983537,74 34 35 36 38 45 45 46 46 30 37 30 30 30 34 30 30 30 30 30 30 0D
1779563983540,74 34 35 30 38 30 30 30 30 30 37 30 30 30 30 30 30 45 34 30 35 0D
1779563983551,74 34 35 31 38 30 30 30 30 30 30 30 30 30 30 30 30 30 30 30 30 0D
1779563983567,74 34 35 31 38 30 30 30 30 30 30 30 30 30 30 30 30 30 30 30 30 0D
1779563983573,74 34 35 35 38 45 41 46 46 30 38 30 30 39 46 46 46 30 30 30 30 0D
1779563983586,74 34 35 31 38 30 30 30 30 30 30 30 30 30 30 30 30 30 30 30 30 0D
1779563983614,74 34 35 35 38 45 41 46 46 30 38 30 30 39 46 46 46 30 30 30 30 0D
1779563983625,74 34 35 31 38 30 30 30 30 30 30 30 30 30 30 30 30 30 30 30 30 0D
1779563983634,74 34 35 35 38 45 41 46 46 30 38 30 30 39 46 46 46 30 30 30 30 0D
1779563983642,74 34 35 30 38 30 30 30 30 30 37 30 30 30 30 30 30 45 34 30 35 0D
1779563983658,74 34 35 31 38 30 30 30 30 30 30 30 30 30 30 30 30 30 30 30 30 0D
1779563983670,74 34 35 31 38 30 30 30 30 30 30 30 30 30 30 30 30 30 30 30 30 0D
1779563983672,74 34 35 35 38 45 41 46 46 30 38 30 30 39 46 46 46 30 30 30 30 0D
1779563983684,74 34 35 31 38 30 30 30 30 30 30 30 30 30 30 30 30 30 30 30 30 0D
1779563983712,74 34 35 35 38 45 41 46 46 30 38 30 30 39 46 46 46 30 30 30 30 0D
1779563983720,74 34 35 31 38 30 30 30 30 30 30 30 30 30 30 30 30 30 30 30 30 0D
1779563983734,74 34 35 35 38 45 41 46 46 30 38 30 30 39 46 46 46 30 30 30 30 0D
1779563983742,74 34 35 30 38 30 30 30 30 30 37 30 30 30 30 30 30 45 34 30 35 0D
1779563983752,74 34 35 31 38 30 30 30 30 30 30 30 30 30 30 30 30 30 30 30 30 0D
1779563983765,74 34 35 31 38 30 30 30 30 30 30 30 30 30 30 30 30 30 30 30 30 0D
1779563983777,74 34 35 35 38 45 41 46 46 30 37 30 30 39 46 46 46 30 30 30 30 0D
1779563983788,74 34 35 31 38 30 30 30 30 30 30 30 30 30 30 30 30 30 30 30 30 0D
1779563983792,74 34 35 37 38 30 30 30 30 30 30 30 30 36 34 31 34 30 30 30 30 0D
1779563983801,74 34 35 31 38 30 30 30 30 30 30 30 30 30 30 30 30 30 30 30 30 0D
1779563983818,74 34 35 35 38 45 41 46 46 30 37 30 30 39 46 46 46 30 30 30 30 0D
1779563983822,74 34 35 31 38 30 30 30 30 30 30 30 30 30 30 30 30 30 30 30 30 0D
1779563983833,74 34 35 35 38 45 41 46 46 30 37 30 30 39 46 46 46 30 30 30 30 0D
1779563983848,74 34 35 30 38 30 30 30 30 30 37 30 30 30 30 30 30 45 34 30 35 0D
1779563983856,74 34 35 31 38 30 30 30 30 30 30 30 30 30 30 30 30 30 30 30 30 0D
1779563983864,74 34 35 31 38 30 30 30 30 30 30 30 30 30 30 30 30 30 30 30 30 0D
1779563983873,74 34 35 35 38 45 41 46 46 30 37 30 30 39 46 46 46 30 30 30 30 0D
1779563983881,74 34 35 31 38 30 30 30 30 30 30 30 30 30 30 30 30 30 30 30 30 0D
1779563983898,74 34 35 35 38 45 41 46 46 30 37 30 30 39 46 46 46 30 30 30 30 0D
1779563983909,74 34 35 39 38 41 30 41 34 42 45 31 36 30 43 31 42 30 33 42 37 0D
1779563983925,74 34 35 31 38 30 30 30 30 30 30 30 30 30 30 30 30 30 30 30 30 0D
1779563983933,74 34 35 35 38 45 41 46 46 30 37 30 30 39 46 46 46 30 30 30 30 0D
1779563983942,74 34 35 30 38 30 30 30 30 30 37 30 30 30 30 30 30 45 34 30 35 0D
1779563983957,74 34 35 31 38 30 30 30 30 30 30 30 30 30 30 30 30 30 30 30 30 0D
1779563983964,74 34 35 31 38 30 30 30 30 30 30 30 30 30 30 30 30 30 30 30 30 0D
1779563983973,74 34 35 35 38 45 41 46 46 30 37 30 30 39 46 46 46 30 30 30 30 0D
1779563983985,74 34 35 31 38 30 30 30 30 30 30 30 30 30 30 30 30 30 30 30 30 0D
1779563983993,74 34 35 35 38 45 41 46 46 30 37 30 30 39 46 46 46 30 30 30 30 0D
1779563984003,74 34 35 37 38 30 30 30 30 30 30 30 30 36 34 31 34 30 30 30 30 0D
1779563984015,74 34 35 35 38 45 41 46 46 30 37 30 30 39 46 46 46 30 30 30 30 0D
1779563984020,74 34 35 31 38 30 30 30 30 30 30 30 30 30 30 30 30 30 30 30 30 0D
1779563984031,74 34 35 35 38 45 41 46 46 30 37 30 30 39 46 46 46 30 30 30 30 0D
1779563984043,74 34 35 30 38 30 30 30 30 30 37 30 30 30 30 30 30 45 34 30 35 0D
1779563984059,74 34 35 31 38 30 30 30 30 30 30 30 30 30 30 30 30 30 30 30 30 0D
1779563984066,74 34 35 31 38 30 30 30 30 30 30 30 30 30 30 30 30 30 30 30 30 0D
1779563984086,74 34 35 31 38 30 30 30 30 30 30 30 30 30 30 30 30 30 30 30 30 0D
1779563984101,74 34 35 35 38 45 41 46 46 30 37 30 30 39 46 46 46 30 30 30 30 0D
1779563984111,74 34 35 31 38 30 30 30 30 30 30 30 30 30 30 30 30 30 30 30 30 0D
1779563984121,74 34 35 31 38 30 30 30 30 30 30 30 30 30 30 30 30 30 30 30 30 0D
1779563984132,74 34 35 35 38 45 41 46 46 30 37 30 30 39 46 46 46 30 30 30 30 0D
1779563984144,74 34 35 30 38 30 30 30 30 30 37 30 30 30 30 30 30 45 34 30 35 0D
1779563984153,74 34 35 31 38 30 30 30 30 30 30 30 30 30 30 30 30 30 30 30 30 0D
1779563984165,74 34 35 31 38 30 30 30 30 30 30 30 30 30 30 30 30 30 30 30 30 0D
1779563984171,74 34 35 35 38 45 41 46 46 30 37 30 30 39 46 46 46 30 30 30 30 0D
1779563984183,74 34 35 31 38 30 30 30 30 30 30 30 30 30 30 30 30 30 30 30 30 0D
1779563984198,74 34 35 35 38 45 41 46 46 30 37 30 30 39 46 46 46 30 30 30 30 0D
1779563984206,74 34 35 31 38 30 30 30 30 30 30 30 30 30 30 30 30 30 30 30 30 0D
1779563984216,74 34 35 35 38 45 41 46 46 30 37 30 30 39 46 46 46 30 30 30 30 0D
1779563984221,74 34 35 31 38 30 30 30 30 30 30 30 30 30 30 30 30 30 30 30 30 0D
1779563984232,74 34 35 35 38 45 41 46 46 30 37 30 30 39 46 46 46 30 30 30 30 0D
1779563984246,74 34 35 30 38 30 30 30 30 30 37 30 30 30 30 30 30 45 34 30 35 0D
1779563984257,74 34 35 31 38 30 30 30 30 30 30 30 30 30 30 30 30 30 30 30 30 0D
1779563984272,74 34 35 31 38 30 30 30 30 30 30 30 30 30 30 30 30 30 30 30 30 0D
1779563984288,74 34 35 31 38 30 30 30 30 30 30 30 30 30 30 30 30 30 30 30 30 0D
1779563984301,74 34 35 35 38 45 41 46 46 30 37 30 30 39 46 46 46 30 30 30 30 0D
1779563984314,74 34 35 31 38 30 30 30 30 30 30 30 30 30 30 30 30 30 30 30 30 0D
1779563984319,74 34 35 36 38 45 45 46 46 30 38 30 30 30 35 30 30 30 30 30 30 0D
1779563984326,74 34 35 31 38 30 30 30 30 30 30 30 30 30 30 30 30 30 30 30 30 0D
1779563984331,74 34 35 35 38 45 41 46 46 30 37 30 30 39 46 46 46 30 30 30 30 0D
1779563984347,74 34 35 30 38 30 30 30 30 30 37 30 30 30 30 30 30 45 34 30 35 0D
1779563984351,74 34 35 31 38 30 30 30 30 30 30 30 30 30 30 30 30 30 30 30 30 0D
1779563984363,74 34 35 31 38 30 30 30 30 30 30 30 30 30 30 30 30 30 30 30 30 0D
1779563984381,74 34 35 35 38 45 41 46 46 30 37 30 30 39 46 46 46 30 30 30 30 0D
1779563984393,74 34 35 35 38 45 41 46 46 30 37 30 30 39 46 46 46 30 30 30 30 0D
1779563984398,74 34 35 37 38 30 30 30 30 30 30 30 30 36 34 31 34 30 30 30 30 0D
1779563984409,74 34 35 39 38 39 45 41 34 42 45 31 36 30 42 31 42 30 33 42 37 0D
1779563984425,74 34 35 31 38 30 30 30 30 30 30 30 30 30 30 30 30 30 30 30 30 0D
1779563984432,74 34 35 35 38 45 41 46 46 30 37 30 30 39 46 46 46 30 30 30 30 0D
1779563984448,74 34 35 30 38 30 30 30 30 30 37 30 30 30 30 30 30 45 34 30 35 0D
1779563984453,74 34 35 31 38 30 30 30 30 30 30 30 30 30 30 30 30 30 30 30 30 0D
1779563984463,74 34 35 31 38 30 30 30 30 30 30 30 30 30 30 30 30 30 30 30 30 0D
1779563984473,74 34 35 36 38 45 45 46 46 30 38 30 30 30 35 30 30 30 30 30 30 0D
1779563984483,74 34 35 31 38 30 30 30 30 30 30 30 30 30 30 30 30 30 30 30 30 0D
1779563984504,74 34 35 35 38 45 41 46 46 30 37 30 30 39 46 46 46 30 30 30 30 0D
1779563984514,74 34 35 31 38 30 30 30 30 30 30 30 30 30 30 30 30 30 30 30 30 0D
1779563984521,74 34 35 31 38 30 30 30 30 30 30 30 30 30 30 30 30 30 30 30 30 0D
1779563984529,74 34 35 35 38 45 41 46 46 30 37 30 30 39 46 46 46 30 30 30 30 0D
1779563984538,74 34 35 36 38 45 45 46 46 30 38 30 30 30 35 30 30 30 30 30 30 0D
1779563984545,74 34 35 30 38 30 30 30 30 30 37 30 30 30 30 30 30 45 34 30 35 0D
1779563984559,74 34 35 31 38 30 30 30 30 30 30 30 30 30 30 30 30 30 30 30 30 0D
1779563984570,74 34 35 31 38 30 30 30 30 30 30 30 30 30 30 30 30 30 30 30 30 0D
1779563984586,74 34 35 31 38 30 30 30 30 30 30 30 30 30 30 30 30 30 30 30 30 0D
1779563984599,74 34 35 35 38 45 39 46 46 30 37 30 30 39 46 46 46 30 30 30 30 0D
1779563984615,74 34 35 31 38 30 30 30 30 30 30 30 30 30 30 30 30 30 30 30 30 0D
1779563984626,74 34 35 31 38 30 30 30 30 30 30 30 30 30 30 30 30 30 30 30 30 0D
1779563984636,74 34 35 35 38 45 39 46 46 30 37 30 30 39 46 46 46 30 30 30 30 0D
1779563984642,74 34 35 30 38 30 30 30 30 30 37 30 30 30 30 30 30 45 34 30 35 0D
1779563984657,74 34 35 31 38 30 30 30 30 30 30 30 30 30 30 30 30 30 30 30 30 0D
1779563984663,74 34 35 31 38 30 30 30 30 30 30 30 30 30 30 30 30 30 30 30 30 0D
1779563984673,74 34 35 35 38 45 39 46 46 30 37 30 30 39 46 46 46 30 30 30 30 0D
1779563984681,74 34 35 31 38 30 30 30 30 30 30 30 30 30 30 30 30 30 30 30 30 0D
1779563984698,74 34 35 35 38 45 39 46 46 30 37 30 30 39 46 46 46 30 30 30 30 0D
1779563984707,74 34 35 31 38 30 30 30 30 30 30 30 30 30 30 30 30 30 30 30 30 0D
1779563984712,74 34 35 35 38 45 39 46 46 30 37 30 30 39 46 46 46 30 30 30 30 0D
1779563984730,74 34 35 31 38 30 30 30 30 30 30 30 30 30 30 30 30 30 30 30 30 0D
1779563984742,74 34 35 35 38 45 39 46 46 30 37 30 30 39 46 46 46 30 30 30 30 0D
1779563984748,74 34 35 30 38 30 30 30 30 30 37 30 30 30 30 30 30 45 34 30 35 0D
1779563984752,74 34 35 31 38 30 30 30 30 30 30 30 30 30 30 30 30 30 30 30 30 0D
1779563984764,74 34 35 31 38 30 30 30 30 30 30 30 30 30 30 30 30 30 30 30 30 0D
1779563984779,74 34 35 35 38 45 41 46 46 30 37 30 30 39 46 46 46 30 30 30 30 0D
1779563984788,74 34 35 31 38 30 30 30 30 30 30 30 30 30 30 30 30 30 30 30 30 0D
1779563984795,74 34 35 35 38 45 41 46 46 30 37 30 30 39 46 46 46 30 30 30 30 0D
1779563984812,74 34 35 37 38 30 30 30 30 30 30 30 30 36 34 31 34 30 30 30 30 0D
1779563984822,74 34 35 31 38 30 30 30 30 30 30 30 30 30 30 30 30 30 30 30 30 0D
1779563984834,74 34 35 35 38 45 41 46 46 30 37 30 30 39 46 46 46 30 30 30 30 0D
1779563984845,74 34 35 30 38 30 30 30 30 30 37 30 30 30 30 30 30 45 34 30 35 0D
1779563984856,74 34 35 31 38 30 30 30 30 30 30 30 30 30 30 30 30 30 30 30 30 0D
1779563984862,74 34 35 31 38 30 30 30 30 30 30 30 30 30 30 30 30 30 30 30 30 0D
1779563984873,74 34 35 35 38 45 41 46 46 30 37 30 30 39 46 46 46 30 30 30 30 0D
1779563984884,74 34 35 31 38 30 30 30 30 30 30 30 30 30 30 30 30 30 30 30 30 0D
1779563984908,74 34 35 35 38 45 41 46 46 30 37 30 30 39 46 46 46 30 30 30 30 0D
1779563984918,74 34 35 31 38 30 30 30 30 30 30 30 30 30 30 30 30 30 30 30 30 0D
1779563984928,74 34 35 31 38 30 30 30 30 30 30 30 30 30 30 30 30 30 30 30 30 0D
1779563984932,74 34 35 35 38 45 41 46 46 30 37 30 30 39 46 46 46 30 30 30 30 0D
1779563984948,74 34 35 30 38 30 30 30 30 30 37 30 30 30 30 30 30 45 34 30 35 0D
1779563984956,74 34 35 32 38 38 43 30 30 30 30 30 30 30 30 30 30 32 37 30 30 0D
1779563984964,74 34 35 31 38 30 30 30 30 30 30 30 30 30 30 30 30 30 30 30 30 0D
1779563984971,74 34 35 35 38 45 41 46 46 30 37 30 30 39 45 46 46 30 30 30 30 0D
1779563984983,74 34 35 31 38 30 30 30 30 30 30 30 30 30 30 30 30 30 30 30 30 0D
1779563984993,74 34 35 35 38 45 41 46 46 30 37 30 30 39 45 46 46 30 30 30 30 0D
1779563985013,74 34 35 37 38 30 30 30 30 30 31 30 30 36 34 31 34 30 30 30 30 0D
1779563985021,74 34 35 31 38 30 30 30 30 30 30 30 30 30 30 30 30 30 30 30 30 0D
1779563985030,74 34 35 35 38 45 41 46 46 30 37 30 30 39 45 46 46 30 30 30 30 0D
1779563985044,74 34 35 30 38 30 30 30 30 30 37 30 30 30 30 30 30 45 34 30 35 0D
1779563985052,74 34 35 31 38 30 30 30 30 30 30 30 30 30 30 30 30 30 30 30 30 0D
1779563985065,74 34 35 31 38 30 30 30 30 30 30 30 30 30 30 30 30 30 30 30 30 0D
1779563985070,74 34 35 35 38 45 41 46 46 30 37 30 30 39 45 46 46 30 30 30 30 0D
1779563985081,74 34 35 31 38 30 30 30 30 30 30 30 30 30 30 30 30 30 30 30 30 0D
1779563985110,74 34 35 35 38 45 41 46 46 30 37 30 30 39 45 46 46 30 30 30 30 0D
1779563985120,74 34 35 31 38 30 30 30 30 30 30 30 30 30 30 30 30 30 30 30 30 0D
1779563985132,74 34 35 35 38 45 41 46 46 30 37 30 30 39 45 46 46 30 30 30 30 0D
1779563985144,74 34 35 30 38 30 30 30 30 30 37 30 30 30 30 30 30 45 34 30 35 0D
1779563985161,74 34 35 31 38 30 30 30 30 30 30 30 30 30 30 30 30 30 30 30 30 0D
1779563985171,74 34 35 31 38 30 30 30 30 30 30 30 30 30 30 30 30 30 30 30 30 0D
1779563985177,74 34 35 35 38 45 41 46 46 30 37 30 30 39 46 46 46 30 30 30 30 0D
1779563985183,74 34 35 31 38 30 30 30 30 30 30 30 30 30 30 30 30 30 30 30 30 0D
1779563985214,74 34 35 35 38 45 41 46 46 30 37 30 30 39 46 46 46 30 30 30 30 0D
1779563985221,74 34 35 31 38 30 30 30 30 30 30 30 30 30 30 30 30 30 30 30 30 0D
1779563985234,74 34 35 35 38 45 41 46 46 30 37 30 30 39 46 46 46 30 30 30 30 0D
1779563985245,74 34 35 30 38 30 30 30 30 30 37 30 30 30 30 30 30 45 34 30 35 0D
1779563985253,74 34 35 31 38 30 30 30 30 30 30 30 30 30 30 30 30 30 30 30 30 0D
1779563985270,74 34 35 31 38 30 30 30 30 30 30 30 30 30 30 30 30 30 30 30 30 0D
1779563985276,74 34 35 35 38 45 41 46 46 30 37 30 30 39 46 46 46 30 30 30 30 0D
1779563985283,74 34 35 31 38 30 30 30 30 30 30 30 30 30 30 30 30 30 30 30 30 0D
1779563985320,74 34 35 35 38 45 41 46 46 30 37 30 30 39 46 46 46 30 30 30 30 0D
1779563985330,74 34 35 31 38 30 30 30 30 30 30 30 30 30 30 30 30 30 30 30 30 0D
1779563985336,74 34 35 35 38 45 41 46 46 30 37 30 30 39 46 46 46 30 30 30 30 0D
1779563985344,74 34 35 30 38 30 30 30 30 30 37 30 30 30 30 30 30 45 34 30 35 0D
1779563985350,74 34 35 31 38 30 30 30 30 30 30 30 30 30 30 30 30 30 30 30 30 0D
1779563985365,74 34 35 31 38 30 30 30 30 30 30 30 30 30 30 30 30 30 30 30 30 0D
1779563985376,74 34 35 35 38 45 41 46 46 30 37 30 30 39 46 46 46 30 30 30 30 0D
1779563985381,74 34 35 31 38 30 30 30 30 30 30 30 30 30 30 30 30 30 30 30 30 0D
1779563985393,74 34 35 35 38 45 41 46 46 30 37 30 30 39 46 46 46 30 30 30 30 0D
1779563985410,74 34 35 39 38 39 39 41 34 42 45 31 36 30 44 31 42 30 33 42 37 0D
1779563985425,74 34 35 31 38 30 30 30 30 30 30 30 30 30 30 30 30 30 30 30 30 0D
1779563985434,74 34 35 35 38 45 41 46 46 30 37 30 30 39 46 46 46 30 30 30 30 0D
1779563985444,74 34 35 30 38 30 30 30 30 30 37 30 30 30 30 30 30 45 34 30 35 0D
1779563985456,74 34 35 31 38 30 30 30 30 30 30 30 30 30 30 30 30 30 30 30 30 0D
1779563985463,74 34 35 31 38 30 30 30 30 30 30 30 30 30 30 30 30 30 30 30 30 0D
1779563985477,74 34 35 36 38 45 44 46 46 30 37 30 30 30 34 30 30 30 30 30 30 0D
1779563985482,74 34 35 31 38 30 30 30 30 30 30 30 30 30 30 30 30 30 30 30 30 0D
1779563985498,74 34 35 35 38 45 41 46 46 30 37 30 30 39 46 46 46 30 30 30 30 0D
1779563985504,74 34 35 31 38 30 30 30 30 30 30 30 30 30 30 30 30 30 30 30 30 0D
1779563985515,74 34 35 35 38 45 41 46 46 30 37 30 30 39 46 46 46 30 30 30 30 0D
1779563985522,74 34 35 31 38 30 30 30 30 30 30 30 30 30 30 30 30 30 30 30 30 0D
1779563985532,74 34 35 35 38 45 41 46 46 30 37 30 30 39 46 46 46 30 30 30 30 0D
1779563985542,74 34 35 30 38 30 30 30 30 30 37 30 30 30 30 30 30 45 34 30 35 0D
1779563985550,74 34 35 31 38 30 30 30 30 30 30 30 30 30 30 30 30 30 30 30 30 0D
1779563985563,74 34 35 31 38 30 30 30 30 30 30 30 30 30 30 30 30 30 30 30 30 0D
1779563985574,74 34 35 35 38 45 41 46 46 30 37 30 30 39 46 46 46 30 30 30 30 0D
1779563985585,74 34 35 31 38 30 30 30 30 30 30 30 30 30 30 30 30 30 30 30 30 0D
1779563985601,74 34 35 35 38 45 41 46 46 30 37 30 30 39 46 46 46 30 30 30 30 0D
1779563985608,74 34 35 31 38 30 30 30 30 30 30 30 30 30 30 30 30 30 30 30 30 0D
1779563985623,74 34 35 31 38 30 30 30 30 30 30 30 30 30 30 30 30 30 30 30 30 0D
1779563985631,74 34 35 35 38 45 41 46 46 30 37 30 30 39 46 46 46 30 30 30 30 0D
1779563985643,74 34 35 30 38 30 30 30 30 30 37 30 30 30 30 30 30 45 34 30 35 0D
1779563985650,74 34 35 31 38 30 30 30 30 30 30 30 30 30 30 30 30 30 30 30 30 0D
1779563985661,74 34 35 31 38 30 30 30 30 30 30 30 30 30 30 30 30 30 30 30 30 0D
1779563985680,74 34 35 35 38 45 41 46 46 30 37 30 30 39 46 46 46 30 30 30 30 0D
1779563985689,74 34 35 31 38 30 30 30 30 30 30 30 30 30 30 30 30 30 30 30 30 0D
1779563985702,74 34 35 35 38 45 41 46 46 30 37 30 30 39 46 46 46 30 30 30 30 0D
1779563985708,74 34 35 31 38 30 30 30 30 30 30 30 30 30 30 30 30 30 30 30 30 0D
1779563985711,74 34 35 35 38 45 41 46 46 30 37 30 30 39 46 46 46 30 30 30 30 0D
1779563985724,74 34 35 31 38 30 30 30 30 30 30 30 30 30 30 30 30 30 30 30 30 0D
1779563985731,74 34 35 35 38 45 41 46 46 30 37 30 30 39 46 46 46 30 30 30 30 0D
1779563985744,74 34 35 30 38 30 30 30 30 30 37 30 30 30 30 30 30 45 34 30 35 0D
1779563985762,74 34 35 31 38 30 30 30 30 30 30 30 30 30 30 30 30 30 30 30 30 0D
1779563985768,74 34 35 31 38 30 30 30 30 30 30 30 30 30 30 30 30 30 30 30 30 0D
1779563985783,74 34 35 31 38 30 30 30 30 30 30 30 30 30 30 30 30 30 30 30 30 0D
1779563985794,74 34 35 35 38 45 39 46 46 30 37 30 30 39 46 46 46 30 30 30 30 0D
1779563985801,74 34 35 37 38 30 30 30 30 30 31 30 30 36 34 31 34 30 30 30 30 0D
1779563985809,74 34 35 31 38 30 30 30 30 30 30 30 30 30 30 30 30 30 30 30 30 0D
1779563985815,74 34 35 35 38 45 39 46 46 30 37 30 30 39 46 46 46 30 30 30 30 0D
1779563985824,74 34 35 31 38 30 30 30 30 30 30 30 30 30 30 30 30 30 30 30 30 0D
1779563985833,74 34 35 35 38 45 39 46 46 30 37 30 30 39 46 46 46 30 30 30 30 0D
1779563985844,74 34 35 30 38 30 30 30 30 30 37 30 30 30 30 30 30 45 34 30 35 0D
1779563985858,74 34 35 31 38 30 30 30 30 30 30 30 30 30 30 30 30 30 30 30 30 0D
1779563985874,74 34 35 35 38 45 39 46 46 30 37 30 30 39 46 46 46 30 30 30 30 0D
1779563985882,74 34 35 31 38 30 30 30 30 30 30 30 30 30 30 30 30 30 30 30 30 0D
1779563985916,74 34 35 35 38 45 39 46 46 30 37 30 30 39 46 46 46 30 30 30 30 0D
1779563985926,74 34 35 31 38 30 30 30 30 30 30 30 30 30 30 30 30 30 30 30 30 0D
1779563985931,74 34 35 35 38 45 39 46 46 30 37 30 30 39 46 46 46 30 30 30 30 0D
1779563985942,74 34 35 30 38 30 30 30 30 30 37 30 30 30 30 30 30 45 34 30 35 0D
1779563985954,74 34 35 31 38 30 30 30 30 30 30 30 30 30 30 30 30 30 30 30 30 0D
1779563985964,74 34 35 31 38 30 30 30 30 30 30 30 30 30 30 30 30 30 30 30 30 0D
1779563985973,74 34 35 35 38 45 41 46 46 30 37 30 30 39 46 46 46 30 30 30 30 0D
1779563985984,74 34 35 31 38 30 30 30 30 30 30 30 30 30 30 30 30 30 30 30 30 0D
1779563986006,74 34 35 35 38 45 41 46 46 30 37 30 30 39 46 46 46 30 30 30 30 0D
1779563986014,74 34 35 31 38 30 30 30 30 30 30 30 30 30 30 30 30 30 30 30 30 0D
1779563986028,74 34 35 31 38 30 30 30 30 30 30 30 30 30 30 30 30 30 30 30 30 0D
1779563986034,74 34 35 35 38 45 41 46 46 30 37 30 30 39 46 46 46 30 30 30 30 0D
1779563986044,74 34 35 30 38 30 30 30 30 30 37 30 30 30 30 30 30 45 34 30 35 0D
1779563986056,74 34 35 31 38 30 30 30 30 30 30 30 30 30 30 30 30 30 30 30 30 0D
1779563986061,74 34 35 31 38 30 30 30 30 30 30 30 30 30 30 30 30 30 30 30 30 0D
1779563986076,74 34 35 35 38 45 41 46 46 30 37 30 30 39 46 46 46 30 30 30 30 0D
1779563986085,74 34 35 31 38 30 30 30 30 30 30 30 30 30 30 30 30 30 30 30 30 0D
1779563986102,74 34 35 35 38 45 41 46 46 30 37 30 30 39 46 46 46 30 30 30 30 0D
1779563986109,74 34 35 31 38 30 30 30 30 30 30 30 30 30 30 30 30 30 30 30 30 0D
1779563986115,74 34 35 35 38 45 41 46 46 30 37 30 30 39 46 46 46 30 30 30 30 0D
1779563986122,74 34 35 31 38 30 30 30 30 30 30 30 30 30 30 30 30 30 30 30 30 0D
1779563986143,74 34 35 35 38 45 41 46 46 30 37 30 30 39 46 46 46 30 30 30 30 0D
1779563986146,74 34 35 30 38 30 30 30 30 30 37 30 30 30 30 30 30 45 34 30 35 0D
1779563986155,74 34 35 31 38 30 30 30 30 30 30 30 30 30 30 30 30 30 30 30 30 0D
1779563986163,74 34 35 31 38 30 30 30 30 30 30 30 30 30 30 30 30 30 30 30 30 0D
1779563986175,74 34 35 35 38 45 41 46 46 30 37 30 30 39 46 46 46 30 30 30 30 0D
1779563986181,74 34 35 31 38 30 30 30 30 30 30 30 30 30 30 30 30 30 30 30 30 0D
1779563986202,74 34 35 35 38 45 41 46 46 30 37 30 30 39 46 46 46 30 30 30 30 0D
1779563986209,74 34 35 31 38 30 30 30 30 30 30 30 30 30 30 30 30 30 30 30 30 0D
1779563986216,74 34 35 35 38 45 41 46 46 30 37 30 30 39 46 46 46 30 30 30 30 0D
1779563986224,74 34 35 31 38 30 30 30 30 30 30 30 30 30 30 30 30 30 30 30 30 0D
1779563986247,74 34 35 30 38 30 30 30 30 30 37 30 30 30 30 30 30 45 34 30 35 0D
1779563986256,74 34 35 31 38 30 30 30 30 30 30 30 30 30 30 30 30 30 30 30 30 0D
1779563986262,74 34 35 31 38 30 30 30 30 30 30 30 30 30 30 30 30 30 30 30 30 0D
1779563986275,74 34 35 35 38 45 41 46 46 30 37 30 30 39 46 46 46 30 30 30 30 0D
1779563986282,74 34 35 31 38 30 30 30 30 30 30 30 30 30 30 30 30 30 30 30 30 0D
1779563986303,74 34 35 35 38 45 41 46 46 30 37 30 30 39 46 46 46 30 30 30 30 0D
1779563986311,74 34 35 31 38 30 30 30 30 30 30 30 30 30 30 30 30 30 30 30 30 0D
1779563986324,74 34 35 31 38 30 30 30 30 30 30 30 30 30 30 30 30 30 30 30 30 0D
1779563986333,74 34 35 35 38 45 41 46 46 30 37 30 30 39 46 46 46 30 30 30 30 0D
1779563986343,74 34 35 30 38 30 30 30 30 30 37 30 30 30 30 30 30 45 34 30 35 0D
1779563986353,74 34 35 31 38 30 30 30 30 30 30 30 30 30 30 30 30 30 30 30 30 0D
1779563986365,74 34 35 31 38 30 30 30 30 30 30 30 30 30 30 30 30 30 30 30 30 0D
1779563986376,74 34 35 35 38 45 41 46 46 30 37 30 30 39 46 46 46 30 30 30 30 0D
1779563986389,74 34 35 31 38 30 30 30 30 30 30 30 30 30 30 30 30 30 30 30 30 0D
1779563986403,74 34 35 35 38 45 41 46 46 30 37 30 30 39 46 46 46 30 30 30 30 0D
1779563986409,74 34 35 35 38 45 41 46 46 30 37 30 30 39 46 46 46 30 30 30 30 0D
1779563986422,74 34 35 31 38 30 30 30 30 30 30 30 30 30 30 30 30 30 30 30 30 0D
1779563986435,74 34 35 35 38 45 41 46 46 30 37 30 30 39 46 46 46 30 30 30 30 0D
1779563986447,74 34 35 30 38 30 30 30 30 30 37 30 30 30 30 30 30 45 34 30 35 0D
1779563986456,74 34 35 31 38 30 30 30 30 30 30 30 30 30 30 30 30 30 30 30 30 0D
1779563986462,74 34 35 31 38 30 30 30 30 30 30 30 30 30 30 30 30 30 30 30 30 0D
1779563986473,74 34 35 35 38 45 41 46 46 30 37 30 30 39 46 46 46 30 30 30 30 0D
1779563986490,74 34 35 31 38 30 30 30 30 30 30 30 30 30 30 30 30 30 30 30 30 0D
1779563986514,74 34 35 35 38 45 41 46 46 30 37 30 30 39 46 46 46 30 30 30 30 0D
1779563986521,74 34 35 31 38 30 30 30 30 30 30 30 30 30 30 30 30 30 30 30 30 0D
1779563986536,74 34 35 35 38 45 41 46 46 30 37 30 30 39 46 46 46 30 30 30 30 0D
1779563986541,74 34 35 30 38 30 30 30 30 30 37 30 30 30 30 30 30 45 34 30 35 0D
1779563986557,74 34 35 31 38 30 30 30 30 30 30 30 30 30 30 30 30 30 30 30 30 0D
1779563986561,74 34 35 31 38 30 30 30 30 30 30 30 30 30 30 30 30 30 30 30 30 0D
1779563986574,74 34 35 35 38 45 41 46 46 30 37 30 30 39 46 46 46 30 30 30 30 0D
1779563986589,74 34 35 31 38 30 30 30 30 30 30 30 30 30 30 30 30 30 30 30 30 0D
1779563986601,74 34 35 35 38 45 41 46 46 30 37 30 30 39 46 46 46 30 30 30 30 0D
1779563986614,74 34 35 31 38 30 30 30 30 30 30 30 30 30 30 30 30 30 30 30 30 0D
1779563986622,74 34 35 31 38 30 30 30 30 30 30 30 30 30 30 30 30 30 30 30 30 0D
1779563986638,74 34 35 35 38 45 41 46 46 30 37 30 30 39 46 46 46 30 30 30 30 0D
1779563986642,74 34 35 30 38 30 30 30 30 30 37 30 30 30 30 30 30 45 34 30 35 0D
1779563986653,74 34 35 31 38 30 30 30 30 30 30 30 30 30 30 30 30 30 30 30 30 0D
1779563986660,74 34 35 31 38 30 30 30 30 30 30 30 30 30 30 30 30 30 30 30 30 0D
1779563986674,74 34 35 35 38 45 41 46 46 30 37 30 30 39 46 46 46 30 30 30 30 0D
1779563986688,74 34 35 31 38 30 30 30 30 30 30 30 30 30 30 30 30 30 30 30 30 0D
1779563986702,74 34 35 35 38 45 41 46 46 30 37 30 30 39 46 46 46 30 30 30 30 0D
1779563986714,74 34 35 31 38 30 30 30 30 30 30 30 30 30 30 30 30 30 30 30 30 0D
1779563986722,74 34 35 31 38 30 30 30 30 30 30 30 30 30 30 30 30 30 30 30 30 0D
1779563986731,74 34 35 36 38 45 45 46 46 30 37 30 30 30 34 30 30 30 30 30 30 0D
1779563986741,74 34 35 30 38 30 30 30 30 30 37 30 30 30 30 30 30 45 34 30 35 0D
1779563986754,74 34 35 31 38 30 30 30 30 30 30 30 30 30 30 30 30 30 30 30 30 0D
1779563986763,74 34 35 31 38 30 30 30 30 30 30 30 30 30 30 30 30 30 30 30 30 0D
1779563986779,74 34 35 35 38 45 41 46 46 30 36 30 30 39 46 46 46 30 30 30 30 0D
1779563986788,74 34 35 31 38 30 30 30 30 30 30 30 30 30 30 30 30 30 30 30 30 0D
1779563986807,74 34 35 35 38 45 41 46 46 30 36 30 30 39 46 46 46 30 30 30 30 0D
1779563986827,74 34 35 31 38 30 30 30 30 30 30 30 30 30 30 30 30 30 30 30 30 0D
1779563986838,74 34 35 35 38 45 41 46 46 30 36 30 30 39 46 46 46 30 30 30 30 0D
1779563986842,74 34 35 30 38 30 30 30 30 30 37 30 30 30 30 30 30 45 34 30 35 0D
1779563986855,74 34 35 31 38 30 30 30 30 30 30 30 30 30 30 30 30 30 30 30 30 0D
1779563986865,74 34 35 31 38 30 30 30 30 30 30 30 30 30 30 30 30 30 30 30 30 0D
1779563986877,74 34 35 35 38 45 41 46 46 30 36 30 30 39 46 46 46 30 30 30 30 0D
1779563986889,74 34 35 31 38 30 30 30 30 30 30 30 30 30 30 30 30 30 30 30 30 0D
1779563986908,74 34 35 35 38 45 41 46 46 30 36 30 30 39 46 46 46 30 30 30 30 0D
1779563986913,74 34 35 35 38 45 41 46 46 30 36 30 30 39 46 46 46 30 30 30 30 0D
1779563986922,74 34 35 31 38 30 30 30 30 30 30 30 30 30 30 30 30 30 30 30 30 0D
1779563986939,74 34 35 35 38 45 41 46 46 30 36 30 30 39 46 46 46 30 30 30 30 0D
1779563986943,74 34 35 30 38 30 30 30 30 30 37 30 30 30 30 30 30 45 34 30 35 0D
1779563986956,74 34 35 31 38 30 30 30 30 30 30 30 30 30 30 30 30 30 30 30 30 0D
1779563986963,74 34 35 31 38 30 30 30 30 30 30 30 30 30 30 30 30 30 30 30 30 0D
1779563986971,74 34 35 35 38 45 41 46 46 30 37 30 30 39 46 46 46 30 30 30 30 0D
1779563986987,74 34 35 31 38 30 30 30 30 30 30 30 30 30 30 30 30 30 30 30 30 0D
1779563987004,74 34 35 35 38 45 41 46 46 30 37 30 30 39 46 46 46 30 30 30 30 0D
1779563987014,74 34 35 31 38 30 30 30 30 30 30 30 30 30 30 30 30 30 30 30 30 0D
1779563987023,74 34 35 31 38 30 30 30 30 30 30 30 30 30 30 30 30 30 30 30 30 0D
1779563987032,74 34 35 35 38 45 41 46 46 30 37 30 30 39 46 46 46 30 30 30 30 0D
1779563987042,74 34 35 30 38 30 30 30 30 30 37 30 30 30 30 30 30 45 34 30 35 0D
1779563987052,74 34 35 31 38 30 30 30 30 30 30 30 30 30 30 30 30 30 30 30 30 0D
1779563987062,74 34 35 31 38 30 30 30 30 30 30 30 30 30 30 30 30 30 30 30 30 0D
1779563987076,74 34 35 35 38 45 41 46 46 30 37 30 30 39 46 46 46 30 30 30 30 0D
1779563987089,74 34 35 31 38 30 30 30 30 30 30 30 30 30 30 30 30 30 30 30 30 0D
1779563987106,74 34 35 35 38 45 41 46 46 30 37 30 30 39 46 46 46 30 30 30 30 0D
1779563987112,74 34 35 35 38 45 41 46 46 30 37 30 30 39 46 46 46 30 30 30 30 0D
1779563987124,74 34 35 31 38 30 30 30 30 30 30 30 30 30 30 30 30 30 30 30 30 0D
1779563987135,74 34 35 35 38 45 41 46 46 30 37 30 30 39 46 46 46 30 30 30 30 0D
1779563987142,74 34 35 30 38 30 30 30 30 30 37 30 30 30 30 30 30 45 34 30 35 0D
1779563987154,74 34 35 31 38 30 30 30 30 30 30 30 30 30 30 30 30 30 30 30 30 0D
1779563987161,74 34 35 31 38 30 30 30 30 30 30 30 30 30 30 30 30 30 30 30 30 0D
1779563987175,74 34 35 35 38 45 41 46 46 30 37 30 30 39 46 46 46 30 30 30 30 0D
1779563987186,74 34 35 31 38 30 30 30 30 30 30 30 30 30 30 30 30 30 30 30 30 0D
1779563987207,74 34 35 35 38 45 41 46 46 30 37 30 30 39 46 46 46 30 30 30 30 0D
1779563987212,74 34 35 35 38 45 41 46 46 30 37 30 30 39 46 46 46 30 30 30 30 0D
1779563987226,74 34 35 31 38 30 30 30 30 30 30 30 30 30 30 30 30 30 30 30 30 0D
1779563987241,74 34 35 35 38 45 41 46 46 30 37 30 30 39 46 46 46 30 30 30 30 0D
1779563987246,74 34 35 30 38 30 30 30 30 30 37 30 30 30 30 30 30 45 34 30 35 0D
1779563987252,74 34 35 31 38 30 30 30 30 30 30 30 30 30 30 30 30 30 30 30 30 0D
1779563987270,74 34 35 31 38 30 30 30 30 30 30 30 30 30 30 30 30 30 30 30 30 0D
1779563987287,74 34 35 35 38 45 41 46 46 30 37 30 30 39 46 46 46 30 30 30 30 0D
1779563987290,74 34 35 31 38 30 30 30 30 30 30 30 30 30 30 30 30 30 30 30 30 0D
1779563987304,74 34 35 35 38 45 41 46 46 30 37 30 30 39 46 46 46 30 30 30 30 0D
1779563987309,74 34 35 31 38 30 30 30 30 30 30 30 30 30 30 30 30 30 30 30 30 0D
1779563987320,74 34 35 31 38 30 30 30 30 30 30 30 30 30 30 30 30 30 30 30 30 0D
1779563987339,74 34 35 35 38 45 41 46 46 30 37 30 30 39 46 46 46 30 30 30 30 0D
1779563987346,74 34 35 30 38 30 30 30 30 30 37 30 30 30 30 30 30 45 34 30 35 0D
1779563987355,74 34 35 31 38 30 30 30 30 30 30 30 30 30 30 30 30 30 30 30 30 0D
1779563987363,74 34 35 31 38 30 30 30 30 30 30 30 30 30 30 30 30 30 30 30 30 0D
1779563987377,74 34 35 35 38 45 41 46 46 30 37 30 30 39 46 46 46 30 30 30 30 0D
1779563987386,74 34 35 31 38 30 30 30 30 30 30 30 30 30 30 30 30 30 30 30 30 0D
1779563987392,74 34 35 35 38 45 41 46 46 30 37 30 30 39 46 46 46 30 30 30 30 0D
1779563987408,74 34 35 37 38 30 30 30 30 30 30 30 30 36 34 31 34 30 30 30 30 0D
1779563987421,74 34 35 31 38 30 30 30 30 30 30 30 30 30 30 30 30 30 30 30 30 0D
1779563987438,74 34 35 35 38 45 41 46 46 30 37 30 30 39 46 46 46 30 30 30 30 0D
1779563987444,74 34 35 30 38 30 30 30 30 30 37 30 30 30 30 30 30 45 34 30 35 0D
1779563987462,74 34 35 31 38 30 30 30 30 30 30 30 30 30 30 30 30 30 30 30 30 0D
1779563987468,74 34 35 31 38 30 30 30 30 30 30 30 30 30 30 30 30 30 30 30 30 0D
1779563987477,74 34 35 35 38 45 41 46 46 30 37 30 30 39 46 46 46 30 30 30 30 0D
1779563987483,74 34 35 31 38 30 30 30 30 30 30 30 30 30 30 30 30 30 30 30 30 0D
1779563987503,74 34 35 35 38 45 41 46 46 30 37 30 30 39 46 46 46 30 30 30 30 0D
1779563987510,74 34 35 31 38 30 30 30 30 30 30 30 30 30 30 30 30 30 30 30 30 0D
1779563987524,74 34 35 31 38 30 30 30 30 30 30 30 30 30 30 30 30 30 30 30 30 0D
1779563987538,74 34 35 35 38 45 41 46 46 30 37 30 30 39 46 46 46 30 30 30 30 0D
1779563987542,74 34 35 30 38 30 30 30 30 30 37 30 30 30 30 30 30 45 34 30 35 0D
1779563987565,74 34 35 31 38 30 30 30 30 30 30 30 30 30 30 30 30 30 30 30 30 0D
1779563987571,74 34 35 31 38 30 30 30 30 30 30 30 30 30 30 30 30 30 30 30 30 0D
1779563987575,74 34 35 36 38 45 44 46 46 30 37 30 30 30 35 30 30 30 30 30 30 0D
1779563987584,74 34 35 31 38 30 30 30 30 30 30 30 30 30 30 30 30 30 30 30 30 0D
1779563987603,74 34 35 35 38 45 41 46 46 30 37 30 30 39 45 46 46 30 30 30 30 0D
1779563987632,74 34 35 31 38 30 30 30 30 30 30 30 30 30 30 30 30 30 30 30 30 0D
1779563987647,74 34 35 30 38 30 30 30 30 30 37 30 30 30 30 30 30 45 34 30 35 0D
1779563987660,74 34 35 31 38 30 30 30 30 30 30 30 30 30 30 30 30 30 30 30 30 0D
1779563987678,74 34 35 35 38 45 41 46 46 30 37 30 30 39 45 46 46 30 30 30 30 0D
1779563987688,74 34 35 31 38 30 30 30 30 30 30 30 30 30 30 30 30 30 30 30 30 0D
1779563987693,74 34 35 37 38 30 30 30 30 30 30 30 30 36 34 31 34 30 31 30 30 0D
1779563987701,74 34 35 39 38 39 33 41 34 42 45 31 36 46 45 31 41 30 33 42 37 0D
1779563987709,74 34 35 31 38 30 30 30 30 30 30 30 30 30 30 30 30 30 30 30 30 0D
1779563987724,74 34 35 31 38 30 30 30 30 30 30 30 30 30 30 30 30 30 30 30 30 0D
1779563987735,74 34 35 35 38 45 41 46 46 30 37 30 30 39 45 46 46 30 30 30 30 0D
1779563987742,74 34 35 30 38 30 30 30 30 30 37 30 30 30 30 30 30 45 34 30 35 0D
1779563987752,74 34 35 31 38 30 30 30 30 30 30 30 30 30 30 30 30 30 30 30 30 0D
1779563987765,74 34 35 31 38 30 30 30 30 30 30 30 30 30 30 30 30 30 30 30 30 0D
1779563987772,74 34 35 35 38 45 41 46 46 30 37 30 30 39 46 46 46 30 30 30 30 0D
1779563987783,74 34 35 31 38 30 30 30 30 30 30 30 30 30 30 30 30 30 30 30 30 0D
1779563987803,74 34 35 35 38 45 41 46 46 30 37 30 30 39 46 46 46 30 30 30 30 0D
1779563987811,74 34 35 35 38 45 41 46 46 30 37 30 30 39 46 46 46 30 30 30 30 0D
1779563987825,74 34 35 31 38 30 30 30 30 30 30 30 30 30 30 30 30 30 30 30 30 0D
1779563987835,74 34 35 35 38 45 41 46 46 30 37 30 30 39 46 46 46 30 30 30 30 0D
1779563987844,74 34 35 30 38 30 30 30 30 30 37 30 30 30 30 30 30 45 34 30 35 0D
1779563987853,74 34 35 31 38 30 30 30 30 30 30 30 30 30 30 30 30 30 30 30 30 0D
1779563987865,74 34 35 31 38 30 30 30 30 30 30 30 30 30 30 30 30 30 30 30 30 0D
1779563987882,74 34 35 35 38 45 41 46 46 30 37 30 30 39 46 46 46 30 30 30 30 0D
1779563987893,74 34 35 31 38 30 30 30 30 30 30 30 30 30 30 30 30 30 30 30 30 0D
1779563987904,74 34 35 37 38 30 30 30 30 30 31 30 30 36 34 31 34 30 30 30 30 0D
1779563987912,74 34 35 36 38 45 45 46 46 30 37 30 30 30 34 30 30 30 30 30 30 0D
1779563987923,74 34 35 31 38 30 30 30 30 30 30 30 30 30 30 30 30 30 30 30 30 0D
1779563987934,74 34 35 35 38 45 41 46 46 30 37 30 30 39 46 46 46 30 30 30 30 0D
1779563987941,74 34 35 30 38 30 30 30 30 30 37 30 30 30 30 30 30 45 34 30 35 0D
1779563987960,74 34 35 31 38 30 30 30 30 30 30 30 30 30 30 30 30 30 30 30 30 0D
1779563987967,74 34 35 31 38 30 30 30 30 30 30 30 30 30 30 30 30 30 30 30 30 0D
1779563987986,74 34 35 31 38 30 30 30 30 30 30 30 30 30 30 30 30 30 30 30 30 0D
1779563988005,74 34 35 35 38 45 39 46 46 30 37 30 30 39 46 46 46 30 30 30 30 0D
1779563988008,74 34 35 31 38 30 30 30 30 30 30 30 30 30 30 30 30 30 30 30 30 0D
1779563988024,74 34 35 31 38 30 30 30 30 30 30 30 30 30 30 30 30 30 30 30 30 0D
1779563988034,74 34 35 35 38 45 39 46 46 30 37 30 30 39 46 46 46 30 30 30 30 0D
1779563988051,74 34 35 30 38 30 30 30 30 30 37 30 30 30 30 30 30 45 34 30 35 0D
1779563988054,74 34 35 31 38 30 30 30 30 30 30 30 30 30 30 30 30 30 30 30 30 0D
1779563988066,74 34 35 31 38 30 30 30 30 30 30 30 30 30 30 30 30 30 30 30 30 0D
1779563988074,74 34 35 35 38 45 39 46 46 30 37 30 30 39 46 46 46 30 30 30 30 0D
1779563988083,74 34 35 31 38 30 30 30 30 30 30 30 30 30 30 30 30 30 30 30 30 0D
1779563988096,74 34 35 37 38 30 30 30 30 30 30 30 30 36 34 31 34 30 30 30 30 0D
1779563988108,74 34 35 39 38 39 33 41 34 42 45 31 36 46 42 31 41 30 33 42 37 0D
1779563988124,74 34 35 31 38 30 30 30 30 30 30 30 30 30 30 30 30 30 30 30 30 0D
1779563988137,74 34 35 35 38 45 39 46 46 30 37 30 30 39 46 46 46 30 30 30 30 0D
1779563988142,74 34 35 30 38 30 30 30 30 30 37 30 30 30 30 30 30 45 34 30 35 0D
1779563988151,74 34 35 31 38 30 30 30 30 30 30 30 30 30 30 30 30 30 30 30 30 0D
1779563988164,74 34 35 31 38 30 30 30 30 30 30 30 30 30 30 30 30 30 30 30 30 0D
1779563988174,74 34 35 35 38 45 41 46 46 30 37 30 30 39 46 46 46 30 30 30 30 0D
1779563988182,74 34 35 31 38 30 30 30 30 30 30 30 30 30 30 30 30 30 30 30 30 0D
1779563988201,74 34 35 35 38 45 41 46 46 30 37 30 30 39 46 46 46 30 30 30 30 0D
1779563988209,74 34 35 31 38 30 30 30 30 30 30 30 30 30 30 30 30 30 30 30 30 0D
1779563988215,74 34 35 36 38 45 45 46 46 30 37 30 30 30 34 30 30 30 30 30 30 0D
1779563988222,74 34 35 31 38 30 30 30 30 30 30 30 30 30 30 30 30 30 30 30 30 0D
1779563988232,74 34 35 35 38 45 41 46 46 30 37 30 30 39 46 46 46 30 30 30 30 0D
1779563988242,74 34 35 30 38 30 30 30 30 30 37 30 30 30 30 30 30 45 34 30 35 0D
1779563988260,74 34 35 31 38 30 30 30 30 30 30 30 30 30 30 30 30 30 30 30 30 0D
1779563988265,74 34 35 31 38 30 30 30 30 30 30 30 30 30 30 30 30 30 30 30 30 0D
1779563988271,74 34 35 35 38 45 41 46 46 30 37 30 30 39 46 46 46 30 30 30 30 0D
1779563988282,74 34 35 31 38 30 30 30 30 30 30 30 30 30 30 30 30 30 30 30 30 0D
1779563988298,74 34 35 35 38 45 41 46 46 30 37 30 30 39 46 46 46 30 30 30 30 0D
1779563988304,74 34 35 31 38 30 30 30 30 30 30 30 30 30 30 30 30 30 30 30 30 0D
1779563988310,74 34 35 35 38 45 41 46 46 30 37 30 30 39 46 46 46 30 30 30 30 0D
1779563988321,74 34 35 31 38 30 30 30 30 30 30 30 30 30 30 30 30 30 30 30 30 0D
1779563988335,74 34 35 35 38 45 41 46 46 30 37 30 30 39 46 46 46 30 30 30 30 0D
1779563988346,74 34 35 30 38 30 30 30 30 30 37 30 30 30 30 30 30 45 34 30 35 0D
1779563988356,74 34 35 32 38 38 43 30 30 30 30 30 30 30 30 30 30 32 37 30 30 0D
1779563988364,74 34 35 31 38 30 30 30 30 30 30 30 30 30 30 30 30 30 30 30 30 0D
1779563988375,74 34 35 35 38 45 41 46 46 30 37 30 30 39 46 46 46 30 30 30 30 0D
1779563988385,74 34 35 31 38 30 30 30 30 30 30 30 30 30 30 30 30 30 30 30 30 0D
1779563988409,74 34 35 35 38 45 41 46 46 30 37 30 30 39 46 46 46 30 30 30 30 0D
1779563988432,74 34 35 31 38 30 30 30 30 30 30 30 30 30 30 30 30 30 30 30 30 0D
1779563988437,74 34 35 35 38 45 41 46 46 30 37 30 30 39 46 46 46 30 30 30 30 0D
1779563988443,74 34 35 30 38 30 30 30 30 30 37 30 30 30 30 30 30 45 34 30 35 0D
1779563988461,74 34 35 31 38 30 30 30 30 30 30 30 30 30 30 30 30 30 30 30 30 0D
1779563988466,74 34 35 31 38 30 30 30 30 30 30 30 30 30 30 30 30 30 30 30 30 0D
1779563988471,74 34 35 35 38 45 41 46 46 30 37 30 30 39 46 46 46 30 30 30 30 0D
1779563988487,74 34 35 31 38 30 30 30 30 30 30 30 30 30 30 30 30 30 30 30 30 0D
1779563988499,74 34 35 35 38 45 41 46 46 30 37 30 30 39 46 46 46 30 30 30 30 0D
1779563988517,74 34 35 37 38 30 30 30 30 30 31 30 30 36 34 31 34 30 30 30 30 0D
1779563988521,74 34 35 31 38 30 30 30 30 30 30 30 30 30 30 30 30 30 30 30 30 0D
1779563988532,74 34 35 35 38 45 41 46 46 30 37 30 30 39 46 46 46 30 30 30 30 0D
1779563988549,74 34 35 30 38 30 30 30 30 30 37 30 30 30 30 30 30 45 34 30 35 0D
1779563988555,74 34 35 31 38 30 30 30 30 30 30 30 30 30 30 30 30 30 30 30 30 0D
1779563988563,74 34 35 31 38 30 30 30 30 30 30 30 30 30 30 30 30 30 30 30 30 0D
1779563988582,74 34 35 35 38 45 41 46 46 30 36 30 30 39 46 46 46 30 30 30 30 0D
1779563988587,74 34 35 31 38 30 30 30 30 30 30 30 30 30 30 30 30 30 30 30 30 0D
1779563988598,74 34 35 37 38 30 30 30 30 30 30 30 30 36 34 31 34 30 30 30 30 0D
1779563988604,74 34 35 31 38 30 30 30 30 30 30 30 30 30 30 30 30 30 30 30 30 0D
1779563988623,74 34 35 31 38 30 30 30 30 30 30 30 30 30 30 30 30 30 30 30 30 0D
1779563988633,74 34 35 35 38 45 41 46 46 30 36 30 30 39 46 46 46 30 30 30 30 0D
1779563988642,74 34 35 30 38 30 30 30 30 30 37 30 30 30 30 30 30 45 34 30 35 0D
1779563988653,74 34 35 31 38 30 30 30 30 30 30 30 30 30 30 30 30 30 30 30 30 0D
1779563988663,74 34 35 31 38 30 30 30 30 30 30 30 30 30 30 30 30 30 30 30 30 0D
1779563988674,74 34 35 35 38 45 41 46 46 30 36 30 30 39 46 46 46 30 30 30 30 0D
1779563988685,74 34 35 31 38 30 30 30 30 30 30 30 30 30 30 30 30 30 30 30 30 0D
1779563988702,74 34 35 35 38 45 41 46 46 30 36 30 30 39 46 46 46 30 30 30 30 0D
1779563988708,74 34 35 31 38 30 30 30 30 30 30 30 30 30 30 30 30 30 30 30 30 0D
1779563988716,74 34 35 35 38 45 41 46 46 30 36 30 30 39 46 46 46 30 30 30 30 0D
1779563988723,74 34 35 31 38 30 30 30 30 30 30 30 30 30 30 30 30 30 30 30 30 0D
1779563988738,74 34 35 35 38 45 41 46 46 30 36 30 30 39 46 46 46 30 30 30 30 0D
1779563988744,74 34 35 30 38 30 30 30 30 30 37 30 30 30 30 30 30 45 34 30 35 0D
1779563988755,74 34 35 31 38 30 30 30 30 30 30 30 30 30 30 30 30 30 30 30 30 0D
1779563988762,74 34 35 31 38 30 30 30 30 30 30 30 30 30 30 30 30 30 30 30 30 0D
1779563988779,74 34 35 35 38 45 41 46 46 30 37 30 30 39 46 46 46 30 30 30 30 0D
1779563988782,74 34 35 31 38 30 30 30 30 30 30 30 30 30 30 30 30 30 30 30 30 0D
1779563988798,74 34 35 35 38 45 41 46 46 30 37 30 30 39 46 46 46 30 30 30 30 0D
1779563988804,74 34 35 31 38 30 30 30 30 30 30 30 30 30 30 30 30 30 30 30 30 0D
1779563988812,74 34 35 35 38 45 41 46 46 30 37 30 30 39 46 46 46 30 30 30 30 0D
1779563988819,74 34 35 31 38 30 30 30 30 30 30 30 30 30 30 30 30 30 30 30 30 0D
1779563988832,74 34 35 35 38 45 41 46 46 30 37 30 30 39 46 46 46 30 30 30 30 0D
1779563988845,74 34 35 30 38 30 30 30 30 30 37 30 30 30 30 30 30 45 34 30 35 0D
1779563988861,74 34 35 31 38 30 30 30 30 30 30 30 30 30 30 30 30 30 30 30 30 0D
1779563988885,74 34 35 31 38 30 30 30 30 30 30 30 30 30 30 30 30 30 30 30 30 0D
1779563988890,74 34 35 37 38 30 30 30 30 30 30 30 30 36 34 31 34 30 30 30 30 0D
1779563988911,74 34 35 39 38 39 31 41 34 42 45 31 36 46 36 31 41 30 33 42 37 0D
1779563988922,74 34 35 31 38 30 30 30 30 30 30 30 30 30 30 30 30 30 30 30 30 0D
1779563988958,74 34 35 35 38 45 41 46 46 30 37 30 30 39 46 46 46 30 30 30 30 0D
1779563988965,74 34 35 31 38 30 30 30 30 30 30 30 30 30 30 30 30 30 30 30 30 0D
1779563988980,74 34 35 35 38 45 41 46 46 30 38 30 30 39 45 46 46 30 30 30 30 0D
1779563988989,74 34 35 31 38 30 30 30 30 30 30 30 30 30 30 30 30 30 30 30 30 0D
1779563989002,74 34 35 35 38 45 41 46 46 30 38 30 30 39 45 46 46 30 30 30 30 0D 74 34 35 31 38 30 30 30 30 30 30 30 30 30 30 30 30 30 30 30 30 0D
1779563989012,74 34 35 35 38 45 41 46 46 30 38 30 30 39 45 46 46 30 30 30 30 0D
1779563989028,74 34 35 31 38 30 30 30 30 30 30 30 30 30 30 30 30 30 30 30 30 0D
1779563989034,74 34 35 35 38 45 41 46 46 30 38 30 30 39 45 46 46 30 30 30 30 0D
1779563989041,74 34 35 30 38 30 30 30 30 30 37 30 30 30 30 30 30 45 34 30 35 0D
1779563989053,74 34 35 31 38 30 30 30 30 30 30 30 30 30 30 30 30 30 30 30 30 0D
1779563989065,74 34 35 31 38 30 30 30 30 30 30 30 30 30 30 30 30 30 30 30 30 0D
1779563989073,74 34 35 35 38 45 41 46 46 30 38 30 30 39 45 46 46 30 30 30 30 0D
1779563989084,74 34 35 31 38 30 30 30 30 30 30 30 30 30 30 30 30 30 30 30 30 0D
1779563989101,74 34 35 35 38 45 41 46 46 30 38 30 30 39 45 46 46 30 30 30 30 0D
1779563989106,74 34 35 31 38 30 30 30 30 30 30 30 30 30 30 30 30 30 30 30 30 0D
1779563989114,74 34 35 36 38 45 44 46 46 30 37 30 30 30 34 30 30 30 30 30 30 0D
1779563989122,74 34 35 31 38 30 30 30 30 30 30 30 30 30 30 30 30 30 30 30 30 0D
1779563989134,74 34 35 35 38 45 41 46 46 30 38 30 30 39 45 46 46 30 30 30 30 0D
1779563989143,74 34 35 30 38 30 30 30 30 30 37 30 30 30 30 30 30 45 34 30 35 0D
1779563989173,74 34 35 31 38 30 30 30 30 30 30 30 30 30 30 30 30 30 30 30 30 0D
1779563989180,74 34 35 35 38 45 41 46 46 30 37 30 30 39 46 46 46 30 30 30 30 0D
1779563989184,74 34 35 31 38 30 30 30 30 30 30 30 30 30 30 30 30 30 30 30 30 0D
1779563989201,74 34 35 35 38 45 41 46 46 30 37 30 30 39 46 46 46 30 30 30 30 0D
1779563989206,74 34 35 31 38 30 30 30 30 30 30 30 30 30 30 30 30 30 30 30 30 0D
1779563989212,74 34 35 35 38 45 41 46 46 30 37 30 30 39 46 46 46 30 30 30 30 0D
1779563989225,74 34 35 31 38 30 30 30 30 30 30 30 30 30 30 30 30 30 30 30 30 0D
1779563989230,74 34 35 35 38 45 41 46 46 30 37 30 30 39 46 46 46 30 30 30 30 0D
1779563989245,74 34 35 30 38 30 30 30 30 30 37 30 30 30 30 30 30 45 34 30 35 0D
1779563989258,74 34 35 32 38 38 43 30 30 30 30 30 30 30 30 30 30 32 37 30 30 0D
1779563989277,74 34 35 31 38 30 30 30 30 30 30 30 30 30 30 30 30 30 30 30 30 0D
1779563989284,74 34 35 31 38 30 30 30 30 30 30 30 30 30 30 30 30 30 30 30 30 0D
1779563989308,74 34 35 35 38 45 41 46 46 30 37 30 30 39 46 46 46 30 30 30 30 0D
1779563989331,74 34 35 31 38 30 30 30 30 30 30 30 30 30 30 30 30 30 30 30 30 0D
1779563989339,74 34 35 35 38 45 41 46 46 30 37 30 30 39 46 46 46 30 30 30 30 0D
1779563989343,74 34 35 30 38 30 30 30 30 30 37 30 30 30 30 30 30 45 34 30 35 0D
1779563989356,74 34 35 31 38 30 30 30 30 30 30 30 30 30 30 30 30 30 30 30 30 0D
1779563989367,74 34 35 31 38 30 30 30 30 30 30 30 30 30 30 30 30 30 30 30 30 0D
1779563989376,74 34 35 35 38 45 41 46 46 30 37 30 30 39 46 46 46 30 30 30 30 0D
1779563989383,74 34 35 31 38 30 30 30 30 30 30 30 30 30 30 30 30 30 30 30 30 0D
1779563989400,74 34 35 35 38 45 41 46 46 30 37 30 30 39 46 46 46 30 30 30 30 0D
1779563989403,74 34 35 31 38 30 30 30 30 30 30 30 30 30 30 30 30 30 30 30 30 0D
1779563989414,74 34 35 35 38 45 41 46 46 30 37 30 30 39 46 46 46 30 30 30 30 0D
1779563989426,74 34 35 31 38 30 30 30 30 30 30 30 30 30 30 30 30 30 30 30 30 0D
1779563989436,74 34 35 35 38 45 41 46 46 30 37 30 30 39 46 46 46 30 30 30 30 0D
1779563989447,74 34 35 30 38 30 30 30 30 30 37 30 30 30 30 30 30 45 34 30 35 0D
1779563989467,74 34 35 31 38 30 30 30 30 30 30 30 30 30 30 30 30 30 30 30 30 0D
1779563989469,74 34 35 31 38 30 30 30 30 30 30 30 30 30 30 30 30 30 30 30 30 0D
1779563989489,74 34 35 31 38 30 30 30 30 30 30 30 30 30 30 30 30 30 30 30 30 0D
1779563989517,74 34 35 36 38 45 44 46 46 30 37 30 30 30 34 30 30 30 30 30 30 0D
1779563989528,74 34 35 31 38 30 30 30 30 30 30 30 30 30 30 30 30 30 30 30 30 0D
1779563989543,74 34 35 36 38 45 44 46 46 30 37 30 30 30 34 30 30 30 30 30 30 0D
1779563989552,74 34 35 32 38 38 43 30 30 30 30 30 30 30 30 30 30 32 37 30 30 0D
1779563989563,74 34 35 31 38 30 30 30 30 30 30 30 30 30 30 30 30 30 30 30 30 0D
1779563989577,74 34 35 35 38 45 41 46 46 30 37 30 30 39 45 46 46 30 30 30 30 0D
1779563989584,74 34 35 31 38 30 30 30 30 30 30 30 30 30 30 30 30 30 30 30 30 0D
1779563989613,74 34 35 35 38 45 41 46 46 30 37 30 30 39 45 46 46 30 30 30 30 0D
1779563989627,74 34 35 31 38 30 30 30 30 30 30 30 30 30 30 30 30 30 30 30 30 0D
1779563989637,74 34 35 35 38 45 41 46 46 30 37 30 30 39 45 46 46 30 30 30 30 0D
1779563989642,74 34 35 30 38 30 30 30 30 30 37 30 30 30 30 30 30 45 34 30 35 0D
1779563989663,74 34 35 31 38 30 30 30 30 30 30 30 30 30 30 30 30 30 30 30 30 0D
1779563989670,74 34 35 31 38 30 30 30 30 30 30 30 30 30 30 30 30 30 30 30 30 0D
1779563989672,74 34 35 35 38 45 41 46 46 30 37 30 30 39 45 46 46 30 30 30 30 0D
1779563989682,74 34 35 31 38 30 30 30 30 30 30 30 30 30 30 30 30 30 30 30 30 0D
1779563989701,74 34 35 35 38 45 41 46 46 30 37 30 30 39 45 46 46 30 30 30 30 0D
1779563989708,74 34 35 31 38 30 30 30 30 30 30 30 30 30 30 30 30 30 30 30 30 0D
1779563989714,74 34 35 35 38 45 41 46 46 30 37 30 30 39 45 46 46 30 30 30 30 0D
1779563989721,74 34 35 31 38 30 30 30 30 30 30 30 30 30 30 30 30 30 30 30 30 0D
1779563989729,74 34 35 35 38 45 41 46 46 30 37 30 30 39 45 46 46 30 30 30 30 0D
1779563989746,74 34 35 30 38 30 30 30 30 30 37 30 30 30 30 30 30 45 34 30 35 0D
1779563989757,74 34 35 31 38 30 30 30 30 30 30 30 30 30 30 30 30 30 30 30 30 0D
1779563989762,74 34 35 31 38 30 30 30 30 30 30 30 30 30 30 30 30 30 30 30 30 0D
1779563989775,74 34 35 35 38 45 41 46 46 30 37 30 30 39 46 46 46 30 30 30 30 0D
1779563989781,74 34 35 31 38 30 30 30 30 30 30 30 30 30 30 30 30 30 30 30 30 0D
1779563989804,74 34 35 35 38 45 41 46 46 30 37 30 30 39 46 46 46 30 30 30 30 0D
1779563989807,74 34 35 31 38 30 30 30 30 30 30 30 30 30 30 30 30 30 30 30 30 0D
1779563989815,74 34 35 35 38 45 41 46 46 30 37 30 30 39 46 46 46 30 30 30 30 0D
1779563989823,74 34 35 31 38 30 30 30 30 30 30 30 30 30 30 30 30 30 30 30 30 0D
1779563989831,74 34 35 35 38 45 41 46 46 30 37 30 30 39 46 46 46 30 30 30 30 0D
1779563989844,74 34 35 30 38 30 30 30 30 30 37 30 30 30 30 30 30 45 34 30 35 0D
1779563989860,74 34 35 31 38 30 30 30 30 30 30 30 30 30 30 30 30 30 30 30 30 0D
1779563989865,74 34 35 31 38 30 30 30 30 30 30 30 30 30 30 30 30 30 30 30 30 0D
1779563989874,74 34 35 36 38 45 45 46 46 30 37 30 30 30 34 30 30 30 30 30 30 0D
1779563989881,74 34 35 31 38 30 30 30 30 30 30 30 30 30 30 30 30 30 30 30 30 0D
1779563989901,74 34 35 35 38 45 41 46 46 30 37 30 30 39 46 46 46 30 30 30 30 0D
1779563989914,74 34 35 31 38 30 30 30 30 30 30 30 30 30 30 30 30 30 30 30 30 0D
1779563989920,74 34 35 31 38 30 30 30 30 30 30 30 30 30 30 30 30 30 30 30 30 0D
1779563989934,74 34 35 35 38 45 41 46 46 30 37 30 30 39 46 46 46 30 30 30 30 0D
1779563989941,74 34 35 30 38 30 30 30 30 30 37 30 30 30 30 30 30 45 34 30 35 0D
1779563989956,74 34 35 31 38 30 30 30 30 30 30 30 30 30 30 30 30 30 30 30 30 0D
1779563989962,74 34 35 31 38 30 30 30 30 30 30 30 30 30 30 30 30 30 30 30 30 0D
1779563989974,74 34 35 35 38 45 41 46 46 30 37 30 30 39 46 46 46 30 30 30 30 0D
1779563989981,74 34 35 31 38 30 30 30 30 30 30 30 30 30 30 30 30 30 30 30 30 0D
1779563990002,74 34 35 35 38 45 41 46 46 30 37 30 30 39 46 46 46 30 30 30 30 0D
1779563990008,74 34 35 31 38 30 30 30 30 30 30 30 30 30 30 30 30 30 30 30 30 0D
1779563990016,74 34 35 35 38 45 41 46 46 30 37 30 30 39 46 46 46 30 30 30 30 0D
1779563990027,74 34 35 31 38 30 30 30 30 30 30 30 30 30 30 30 30 30 30 30 30 0D
1779563990032,74 34 35 35 38 45 41 46 46 30 37 30 30 39 46 46 46 30 30 30 30 0D
1779563990043,74 34 35 30 38 30 30 30 30 30 37 30 30 30 30 30 30 45 34 30 35 0D
1779563990056,74 34 35 31 38 30 30 30 30 30 30 30 30 30 30 30 30 30 30 30 30 0D
1779563990064,74 34 35 31 38 30 30 30 30 30 30 30 30 30 30 30 30 30 30 30 30 0D
1779563990080,74 34 35 35 38 45 41 46 46 30 37 30 30 39 46 46 46 30 30 30 30 0D
1779563990086,74 34 35 31 38 30 30 30 30 30 30 30 30 30 30 30 30 30 30 30 30 0D
1779563990101,74 34 35 35 38 45 41 46 46 30 37 30 30 39 46 46 46 30 30 30 30 0D
1779563990114,74 34 35 31 38 30 30 30 30 30 30 30 30 30 30 30 30 30 30 30 30 0D
1779563990124,74 34 35 31 38 30 30 30 30 30 30 30 30 30 30 30 30 30 30 30 30 0D
1779563990134,74 34 35 35 38 45 41 46 46 30 37 30 30 39 46 46 46 30 30 30 30 0D
1779563990147,74 34 35 30 38 30 30 30 30 30 37 30 30 30 30 30 30 45 34 30 35 0D
1779563990157,74 34 35 31 38 30 30 30 30 30 30 30 30 30 30 30 30 30 30 30 30 0D
1779563990164,74 34 35 31 38 30 30 30 30 30 30 30 30 30 30 30 30 30 30 30 30 0D
1779563990176,74 34 35 35 38 45 41 46 46 30 37 30 30 39 46 46 46 30 30 30 30 0D
1779563990182,74 34 35 31 38 30 30 30 30 30 30 30 30 30 30 30 30 30 30 30 30 0D
1779563990211,74 34 35 35 38 45 41 46 46 30 37 30 30 39 46 46 46 30 30 30 30 0D
1779563990227,74 34 35 31 38 30 30 30 30 30 30 30 30 30 30 30 30 30 30 30 30 0D
1779563990244,74 34 35 36 38 45 45 46 46 30 37 30 30 30 34 30 30 30 30 30 30 0D
1779563990251,74 34 35 30 38 30 30 30 30 30 37 30 30 30 30 30 30 45 34 30 35 0D
1779563990257,74 34 35 32 38 38 43 30 30 30 30 30 30 30 30 30 30 30 30 30 30 0D
1779563990267,74 34 35 31 38 30 30 30 30 30 30 30 30 30 30 30 30 30 30 30 30 0D
1779563990276,74 34 35 35 38 45 41 46 46 30 37 30 30 39 46 46 46 30 30 30 30 0D
1779563990285,74 34 35 31 38 30 30 30 30 30 30 30 30 30 30 30 30 30 30 30 30 0D
1779563990294,74 34 35 35 38 45 41 46 46 30 37 30 30 39 46 46 46 30 30 30 30 0D
1779563990303,74 34 35 37 38 30 30 30 30 30 30 30 30 36 34 31 34 30 30 30 30 0D
1779563990307,74 34 35 31 38 30 30 30 30 30 30 30 30 30 30 30 30 30 30 30 30 0D
1779563990313,74 34 35 35 38 45 41 46 46 30 37 30 30 39 46 46 46 30 30 30 30 0D
1779563990323,74 34 35 31 38 30 30 30 30 30 30 30 30 30 30 30 30 30 30 30 30 0D
1779563990333,74 34 35 35 38 45 41 46 46 30 37 30 30 39 46 46 46 30 30 30 30 0D
1779563990343,74 34 35 30 38 30 30 30 30 30 37 30 30 30 30 30 30 45 34 30 35 0D
1779563990356,74 34 35 31 38 30 30 30 30 30 30 30 30 30 30 30 30 30 30 30 30 0D
1779563990362,74 34 35 31 38 30 30 30 30 30 30 30 30 30 30 30 30 30 30 30 30 0D
1779563990380,74 34 35 35 38 45 42 46 46 30 37 30 30 39 46 46 46 30 30 30 30 0D
1779563990385,74 34 35 31 38 30 30 30 30 30 30 30 30 30 30 30 30 30 30 30 30 0D
1779563990415,74 34 35 35 38 45 42 46 46 30 37 30 30 39 46 46 46 30 30 30 30 0D
1779563990425,74 34 35 31 38 30 30 30 30 30 30 30 30 30 30 30 30 30 30 30 30 0D
1779563990432,74 34 35 35 38 45 42 46 46 30 37 30 30 39 46 46 46 30 30 30 30 0D
1779563990445,74 34 35 30 38 30 30 30 30 30 37 30 30 30 30 30 30 45 34 30 35 0D
1779563990450,74 34 35 31 38 30 30 30 30 30 30 30 30 30 30 30 30 30 30 30 30 0D
1779563990464,74 34 35 31 38 30 30 30 30 30 30 30 30 30 30 30 30 30 30 30 30 0D
1779563990475,74 34 35 35 38 45 42 46 46 30 37 30 30 39 46 46 46 30 30 30 30 0D
1779563990483,74 34 35 31 38 30 30 30 30 30 30 30 30 30 30 30 30 30 30 30 30 0D
1779563990517,74 34 35 35 38 45 42 46 46 30 37 30 30 39 46 46 46 30 30 30 30 0D
1779563990527,74 34 35 31 38 30 30 30 30 30 30 30 30 30 30 30 30 30 30 30 30 0D
1779563990535,74 34 35 35 38 45 42 46 46 30 37 30 30 39 46 46 46 30 30 30 30 0D
1779563990544,74 34 35 30 38 30 30 30 30 30 37 30 30 30 30 30 30 45 34 30 35 0D
1779563990558,74 34 35 31 38 30 30 30 30 30 30 30 30 30 30 30 30 30 30 30 30 0D
1779563990566,74 34 35 31 38 30 30 30 30 30 30 30 30 30 30 30 30 30 30 30 30 0D
1779563990572,74 34 35 35 38 45 41 46 46 30 37 30 30 41 30 46 46 30 30 30 30 0D
1779563990583,74 34 35 31 38 30 30 30 30 30 30 30 30 30 30 30 30 30 30 30 30 0D
1779563990595,74 34 35 35 38 45 41 46 46 30 37 30 30 41 30 46 46 30 30 30 30 0D
1779563990603,74 34 35 39 38 38 39 41 34 42 45 31 36 45 32 31 41 30 33 42 37 0D
1779563990610,74 34 35 31 38 30 30 30 30 30 30 30 30 30 30 30 30 30 30 30 30 0D
1779563990621,74 34 35 31 38 30 30 30 30 30 30 30 30 30 30 30 30 30 30 30 30 0D
1779563990631,74 34 35 35 38 45 41 46 46 30 37 30 30 41 30 46 46 30 30 30 30 0D
1779563990641,74 34 35 30 38 30 30 30 30 30 37 30 30 30 30 30 30 45 34 30 35 0D
1779563990657,74 34 35 31 38 30 30 30 30 30 30 30 30 30 30 30 30 30 30 30 30 0D
1779563990665,74 34 35 31 38 30 30 30 30 30 30 30 30 30 30 30 30 30 30 30 30 0D
1779563990676,74 34 35 35 38 45 41 46 46 30 37 30 30 41 30 46 46 30 30 30 30 0D
1779563990690,74 34 35 31 38 30 30 30 30 30 30 30 30 30 30 30 30 30 30 30 30 0D
1779563990699,74 34 35 35 38 45 41 46 46 30 37 30 30 41 30 46 46 30 30 30 30 0D
1779563990713,74 34 35 31 38 30 30 30 30 30 30 30 30 30 30 30 30 30 30 30 30 0D
1779563990719,74 34 35 35 38 45 41 46 46 30 37 30 30 41 30 46 46 30 30 30 30 0D
1779563990722,74 34 35 31 38 30 30 30 30 30 30 30 30 30 30 30 30 30 30 30 30 0D
1779563990731,74 34 35 35 38 45 41 46 46 30 37 30 30 41 30 46 46 30 30 30 30 0D
1779563990740,74 34 35 30 38 30 30 30 30 30 37 30 30 30 30 30 30 45 34 30 35 0D
1779563990756,74 34 35 31 38 30 30 30 30 30 30 30 30 30 30 30 30 30 30 30 30 0D
1779563990760,74 34 35 31 38 30 30 30 30 30 30 30 30 30 30 30 30 30 30 30 30 0D
1779563990775,74 34 35 35 38 45 41 46 46 30 37 30 30 39 45 46 46 30 30 30 30 0D
1779563990784,74 34 35 31 38 30 30 30 30 30 30 30 30 30 30 30 30 30 30 30 30 0D
1779563990803,74 34 35 35 38 45 41 46 46 30 37 30 30 39 45 46 46 30 30 30 30 0D
1779563990809,74 34 35 31 38 30 30 30 30 30 30 30 30 30 30 30 30 30 30 30 30 0D
1779563990812,74 34 35 35 38 45 41 46 46 30 37 30 30 39 45 46 46 30 30 30 30 0D
1779563990821,74 34 35 31 38 30 30 30 30 30 30 30 30 30 30 30 30 30 30 30 30 0D
1779563990835,74 34 35 35 38 45 41 46 46 30 37 30 30 39 45 46 46 30 30 30 30 0D
1779563990843,74 34 35 30 38 30 30 30 30 30 37 30 30 30 30 30 30 45 34 30 35 0D
1779563990855,74 34 35 31 38 30 30 30 30 30 30 30 30 30 30 30 30 30 30 30 30 0D
1779563990860,74 34 35 31 38 30 30 30 30 30 30 30 30 30 30 30 30 30 30 30 30 0D
1779563990873,74 34 35 35 38 45 41 46 46 30 37 30 30 39 45 46 46 30 30 30 30 0D
1779563990881,74 34 35 31 38 30 30 30 30 30 30 30 30 30 30 30 30 30 30 30 30 0D
1779563990932,74 34 35 35 38 45 41 46 46 30 37 30 30 39 45 46 46 30 30 30 30 0D
1779563990939,74 34 35 31 38 30 30 30 30 30 30 30 30 30 30 30 30 30 30 30 30 0D
1779563990947,74 34 35 30 38 30 30 30 30 30 37 30 30 30 30 30 30 45 34 30 35 0D
1779563990954,74 34 35 31 38 30 30 30 30 30 30 30 30 30 30 30 30 30 30 30 30 0D
1779563990961,74 34 35 31 38 30 30 30 30 30 30 30 30 30 30 30 30 30 30 30 30 0D
1779563990972,74 34 35 35 38 45 41 46 46 30 37 30 30 39 46 46 46 30 30 30 30 0D
1779563990988,74 34 35 31 38 30 30 30 30 30 30 30 30 30 30 30 30 30 30 30 30 0D
1779563991002,74 34 35 35 38 45 41 46 46 30 37 30 30 39 46 46 46 30 30 30 30 0D
1779563991012,74 34 35 35 38 45 41 46 46 30 37 30 30 39 46 46 46 30 30 30 30 0D
1779563991025,74 34 35 31 38 30 30 30 30 30 30 30 30 30 30 30 30 30 30 30 30 0D
1779563991037,74 34 35 35 38 45 41 46 46 30 37 30 30 39 46 46 46 30 30 30 30 0D
1779563991045,74 34 35 30 38 30 30 30 30 30 37 30 30 30 30 30 30 45 34 30 35 0D
1779563991054,74 34 35 31 38 30 30 30 30 30 30 30 30 30 30 30 30 30 30 30 30 0D
1779563991067,74 34 35 31 38 30 30 30 30 30 30 30 30 30 30 30 30 30 30 30 30 0D
1779563991078,74 34 35 35 38 45 41 46 46 30 37 30 30 39 46 46 46 30 30 30 30 0D
1779563991086,74 34 35 31 38 30 30 30 30 30 30 30 30 30 30 30 30 30 30 30 30 0D
1779563991104,74 34 35 35 38 45 41 46 46 30 37 30 30 39 46 46 46 30 30 30 30 0D
1779563991110,74 34 35 31 38 30 30 30 30 30 30 30 30 30 30 30 30 30 30 30 30 0D
1779563991114,74 34 35 35 38 45 41 46 46 30 37 30 30 39 46 46 46 30 30 30 30 0D
1779563991129,74 34 35 31 38 30 30 30 30 30 30 30 30 30 30 30 30 30 30 30 30 0D
1779563991137,74 34 35 35 38 45 41 46 46 30 37 30 30 39 46 46 46 30 30 30 30 0D
1779563991143,74 34 35 30 38 30 30 30 30 30 37 30 30 30 30 30 30 45 34 30 35 0D
1779563991153,74 34 35 31 38 30 30 30 30 30 30 30 30 30 30 30 30 30 30 30 30 0D
1779563991164,74 34 35 31 38 30 30 30 30 30 30 30 30 30 30 30 30 30 30 30 30 0D
1779563991177,74 34 35 35 38 45 41 46 46 30 37 30 30 39 46 46 46 30 30 30 30 0D
1779563991185,74 34 35 31 38 30 30 30 30 30 30 30 30 30 30 30 30 30 30 30 30 0D
1779563991215,74 34 35 35 38 45 41 46 46 30 37 30 30 39 46 46 46 30 30 30 30 0D
1779563991223,74 34 35 31 38 30 30 30 30 30 30 30 30 30 30 30 30 30 30 30 30 0D
1779563991237,74 34 35 35 38 45 41 46 46 30 37 30 30 39 46 46 46 30 30 30 30 0D
1779563991242,74 34 35 30 38 30 30 30 30 30 37 30 30 30 30 30 30 45 34 30 35 0D
1779563991254,74 34 35 31 38 30 30 30 30 30 30 30 30 30 30 30 30 30 30 30 30 0D
1779563991258,74 34 35 31 38 30 30 30 30 30 30 30 30 30 30 30 30 30 30 30 30 0D
1779563991274,74 34 35 35 38 45 41 46 46 30 37 30 30 39 46 46 46 30 30 30 30 0D
1779563991288,74 34 35 31 38 30 30 30 30 30 30 30 30 30 30 30 30 30 30 30 30 0D
1779563991301,74 34 35 37 38 30 30 30 30 30 30 30 30 36 34 31 34 30 30 30 30 0D
1779563991306,74 34 35 31 38 30 30 30 30 30 30 30 30 30 30 30 30 30 30 30 30 0D
1779563991314,74 34 35 35 38 45 41 46 46 30 37 30 30 39 46 46 46 30 30 30 30 0D
1779563991321,74 34 35 31 38 30 30 30 30 30 30 30 30 30 30 30 30 30 30 30 30 0D
1779563991339,74 34 35 35 38 45 41 46 46 30 37 30 30 39 46 46 46 30 30 30 30 0D
1779563991348,74 34 35 30 38 30 30 30 30 30 37 30 30 30 30 30 30 45 34 30 35 0D
1779563991357,74 34 35 31 38 30 30 30 30 30 30 30 30 30 30 30 30 30 30 30 30 0D
1779563991360,74 34 35 31 38 30 30 30 30 30 30 30 30 30 30 30 30 30 30 30 30 0D
1779563991370,74 34 35 35 38 45 41 46 46 30 37 30 30 39 46 46 46 30 30 30 30 0D
1779563991391,74 34 35 31 38 30 30 30 30 30 30 30 30 30 30 30 30 30 30 30 30 0D
1779563991406,74 34 35 35 38 45 41 46 46 30 37 30 30 39 46 46 46 30 30 30 30 0D
1779563991426,74 34 35 31 38 30 30 30 30 30 30 30 30 30 30 30 30 30 30 30 30 0D
1779563991436,74 34 35 35 38 45 41 46 46 30 37 30 30 39 46 46 46 30 30 30 30 0D
1779563991445,74 34 35 30 38 30 30 30 30 30 37 30 30 30 30 30 30 45 34 30 35 0D
1779563991455,74 34 35 31 38 30 30 30 30 30 30 30 30 30 30 30 30 30 30 30 30 0D
1779563991469,74 34 35 31 38 30 30 30 30 30 30 30 30 30 30 30 30 30 30 30 30 0D
1779563991471,74 34 35 35 38 45 41 46 46 30 37 30 30 39 46 46 46 30 30 30 30 0D
1779563991479,74 34 35 36 38 45 45 46 46 30 38 30 30 30 35 30 30 30 30 30 30 0D
1779563991483,74 34 35 31 38 30 30 30 30 30 30 30 30 30 30 30 30 30 30 30 30 0D
1779563991491,74 34 35 36 38 45 45 46 46 30 38 30 30 30 35 30 30 30 30 30 30 0D
1779563991495,74 34 35 37 38 30 30 30 30 30 31 30 30 36 34 31 34 30 30 30 30 0D
1779563991503,74 34 35 31 38 30 30 30 30 30 30 30 30 30 30 30 30 30 30 30 30 0D
1779563991509,74 34 35 35 38 45 41 46 46 30 37 30 30 39 46 46 46 30 30 30 30 0D
1779563991522,74 34 35 31 38 30 30 30 30 30 30 30 30 30 30 30 30 30 30 30 30 0D
1779563991528,74 34 35 35 38 45 41 46 46 30 37 30 30 39 46 46 46 30 30 30 30 0D
1779563991545,74 34 35 30 38 30 30 30 30 30 37 30 30 30 30 30 30 45 34 30 35 0D
1779563991558,74 34 35 31 38 30 30 30 30 30 30 30 30 30 30 30 30 30 30 30 30 0D
1779563991561,74 34 35 31 38 30 30 30 30 30 30 30 30 30 30 30 30 30 30 30 30 0D
1779563991572,74 34 35 35 38 45 41 46 46 30 37 30 30 39 46 46 46 30 30 30 30 0D
1779563991583,74 34 35 31 38 30 30 30 30 30 30 30 30 30 30 30 30 30 30 30 30 0D
1779563991590,74 34 35 35 38 45 41 46 46 30 37 30 30 39 46 46 46 30 30 30 30 0D
1779563991597,74 34 35 37 38 30 30 30 30 30 30 30 30 36 34 31 34 30 30 30 30 0D
1779563991601,74 34 35 31 38 30 30 30 30 30 30 30 30 30 30 30 30 30 30 30 30 0D
1779563991610,74 34 35 35 38 45 41 46 46 30 37 30 30 39 46 46 46 30 30 30 30 0D
1779563991622,74 34 35 31 38 30 30 30 30 30 30 30 30 30 30 30 30 30 30 30 30 0D
1779563991634,74 34 35 35 38 45 41 46 46 30 37 30 30 39 46 46 46 30 30 30 30 0D
1779563991643,74 34 35 30 38 30 30 30 30 30 37 30 30 30 30 30 30 45 34 30 35 0D
1779563991653,74 34 35 31 38 30 30 30 30 30 30 30 30 30 30 30 30 30 30 30 30 0D
1779563991662,74 34 35 31 38 30 30 30 30 30 30 30 30 30 30 30 30 30 30 30 30 0D
1779563991673,74 34 35 35 38 45 41 46 46 30 37 30 30 39 46 46 46 30 30 30 30 0D
1779563991684,74 34 35 31 38 30 30 30 30 30 30 30 30 30 30 30 30 30 30 30 30 0D
1779563991700,74 34 35 35 38 45 41 46 46 30 37 30 30 39 46 46 46 30 30 30 30 0D
1779563991710,74 34 35 31 38 30 30 30 30 30 30 30 30 30 30 30 30 30 30 30 30 0D
1779563991723,74 34 35 31 38 30 30 30 30 30 30 30 30 30 30 30 30 30 30 30 30 0D
1779563991739,74 34 35 35 38 45 41 46 46 30 37 30 30 39 46 46 46 30 30 30 30 0D
1779563991743,74 34 35 30 38 30 30 30 30 30 37 30 30 30 30 30 30 45 34 30 35 0D
1779563991751,74 34 35 31 38 30 30 30 30 30 30 30 30 30 30 30 30 30 30 30 30 0D
1779563991762,74 34 35 31 38 30 30 30 30 30 30 30 30 30 30 30 30 30 30 30 30 0D
1779563991776,74 34 35 35 38 45 41 46 46 30 37 30 30 39 46 46 46 30 30 30 30 0D
1779563991784,74 34 35 31 38 30 30 30 30 30 30 30 30 30 30 30 30 30 30 30 30 0D
1779563991805,74 34 35 35 38 45 41 46 46 30 37 30 30 39 46 46 46 30 30 30 30 0D
1779563991809,74 34 35 31 38 30 30 30 30 30 30 30 30 30 30 30 30 30 30 30 30 0D
1779563991820,74 34 35 31 38 30 30 30 30 30 30 30 30 30 30 30 30 30 30 30 30 0D
1779563991840,74 34 35 35 38 45 41 46 46 30 37 30 30 39 46 46 46 30 30 30 30 0D
1779563991847,74 34 35 30 38 30 30 30 30 30 37 30 30 30 30 30 30 45 34 30 35 0D
1779563991859,74 34 35 31 38 30 30 30 30 30 30 30 30 30 30 30 30 30 30 30 30 0D
1779563991867,74 34 35 31 38 30 30 30 30 30 30 30 30 30 30 30 30 30 30 30 30 0D
1779563991871,74 34 35 35 38 45 41 46 46 30 37 30 30 39 46 46 46 30 30 30 30 0D
1779563991884,74 34 35 31 38 30 30 30 30 30 30 30 30 30 30 30 30 30 30 30 30 0D
1779563991893,74 34 35 35 38 45 41 46 46 30 37 30 30 39 46 46 46 30 30 30 30 0D
1779563991901,74 34 35 37 38 30 30 30 30 30 30 30 30 36 34 31 34 30 30 30 30 0D
1779563991911,74 34 35 39 38 38 30 41 34 42 45 31 36 44 38 31 41 30 33 42 37 0D
1779563991921,74 34 35 31 38 30 30 30 30 30 30 30 30 30 30 30 30 30 30 30 30 0D
1779563991937,74 34 35 35 38 45 41 46 46 30 37 30 30 39 46 46 46 30 30 30 30 0D
1779563991942,74 34 35 30 38 30 30 30 30 30 37 30 30 30 30 30 30 45 34 30 35 0D
1779563991953,74 34 35 31 38 30 30 30 30 30 30 30 30 30 30 30 30 30 30 30 30 0D
1779563991961,74 34 35 31 38 30 30 30 30 30 30 30 30 30 30 30 30 30 30 30 30 0D
1779563991973,74 34 35 35 38 45 39 46 46 30 37 30 30 39 46 46 46 30 30 30 30 0D
1779563991986,74 34 35 31 38 30 30 30 30 30 30 30 30 30 30 30 30 30 30 30 30 0D
1779563992005,74 34 35 35 38 45 39 46 46 30 37 30 30 39 46 46 46 30 30 30 30 0D
1779563992010,74 34 35 36 38 45 45 46 46 30 37 30 30 30 34 30 30 30 30 30 30 0D
1779563992021,74 34 35 31 38 30 30 30 30 30 30 30 30 30 30 30 30 30 30 30 30 0D
1779563992033,74 34 35 35 38 45 39 46 46 30 37 30 30 39 46 46 46 30 30 30 30 0D
1779563992042,74 34 35 30 38 30 30 30 30 30 37 30 30 30 30 30 30 45 34 30 35 0D
1779563992052,74 34 35 31 38 30 30 30 30 30 30 30 30 30 30 30 30 30 30 30 30 0D
1779563992069,74 34 35 31 38 30 30 30 30 30 30 30 30 30 30 30 30 30 30 30 30 0D
1779563992076,74 34 35 35 38 45 39 46 46 30 37 30 30 39 46 46 46 30 30 30 30 0D
1779563992084,74 34 35 31 38 30 30 30 30 30 30 30 30 30 30 30 30 30 30 30 30 0D
1779563992102,74 34 35 35 38 45 39 46 46 30 37 30 30 39 46 46 46 30 30 30 30 0D
1779563992108,74 34 35 31 38 30 30 30 30 30 30 30 30 30 30 30 30 30 30 30 30 0D
1779563992110,74 34 35 35 38 45 39 46 46 30 37 30 30 39 46 46 46 30 30 30 30 0D
1779563992122,74 34 35 31 38 30 30 30 30 30 30 30 30 30 30 30 30 30 30 30 30 0D
1779563992134,74 34 35 35 38 45 39 46 46 30 37 30 30 39 46 46 46 30 30 30 30 0D
1779563992141,74 34 35 30 38 30 30 30 30 30 37 30 30 30 30 30 30 45 34 30 35 0D
1779563992163,74 34 35 31 38 30 30 30 30 30 30 30 30 30 30 30 30 30 30 30 30 0D
1779563992172,74 34 35 31 38 30 30 30 30 30 30 30 30 30 30 30 30 30 30 30 30 0D
1779563992183,74 34 35 31 38 30 30 30 30 30 30 30 30 30 30 30 30 30 30 30 30 0D
1779563992189,74 34 35 35 38 45 41 46 46 30 37 30 30 39 46 46 46 30 30 30 30 0D
1779563992198,74 34 35 37 38 30 30 30 30 30 30 30 30 36 34 31 34 30 30 30 30 0D
1779563992212,74 34 35 31 38 30 30 30 30 30 30 30 30 30 30 30 30 30 30 30 30 0D
1779563992220,74 34 35 31 38 30 30 30 30 30 30 30 30 30 30 30 30 30 30 30 30 0D
1779563992234,74 34 35 35 38 45 41 46 46 30 37 30 30 39 46 46 46 30 30 30 30 0D
1779563992242,74 34 35 30 38 30 30 30 30 30 37 30 30 30 30 30 30 45 34 30 35 0D
1779563992250,74 34 35 31 38 30 30 30 30 30 30 30 30 30 30 30 30 30 30 30 30 0D
1779563992269,74 34 35 31 38 30 30 30 30 30 30 30 30 30 30 30 30 30 30 30 30 0D
1779563992274,74 34 35 35 38 45 41 46 46 30 37 30 30 39 46 46 46 30 30 30 30 0D
1779563992283,74 34 35 31 38 30 30 30 30 30 30 30 30 30 30 30 30 30 30 30 30 0D
1779563992303,74 34 35 35 38 45 41 46 46 30 37 30 30 39 46 46 46 30 30 30 30 0D
1779563992310,74 34 35 31 38 30 30 30 30 30 30 30 30 30 30 30 30 30 30 30 30 0D
1779563992325,74 34 35 31 38 30 30 30 30 30 30 30 30 30 30 30 30 30 30 30 30 0D
1779563992334,74 34 35 35 38 45 41 46 46 30 37 30 30 39 46 46 46 30 30 30 30 0D
1779563992343,74 34 35 30 38 30 30 30 30 30 37 30 30 30 30 30 30 45 34 30 35 0D
1779563992364,74 34 35 31 38 30 30 30 30 30 30 30 30 30 30 30 30 30 30 30 30 0D
1779563992374,74 34 35 31 38 30 30 30 30 30 30 30 30 30 30 30 30 30 30 30 30 0D
1779563992383,74 34 35 31 38 30 30 30 30 30 30 30 30 30 30 30 30 30 30 30 30 0D
1779563992391,74 34 35 35 38 45 41 46 46 30 37 30 30 39 45 46 46 30 30 30 30 0D
1779563992397,74 34 35 37 38 30 30 30 30 30 30 30 30 36 34 31 34 30 30 30 30 0D
1779563992405,74 34 35 31 38 30 30 30 30 30 30 30 30 30 30 30 30 30 30 30 30 0D
1779563992415,74 34 35 35 38 45 41 46 46 30 37 30 30 39 45 46 46 30 30 30 30 0D
1779563992422,74 34 35 31 38 30 30 30 30 30 30 30 30 30 30 30 30 30 30 30 30 0D
1779563992433,74 34 35 35 38 45 41 46 46 30 37 30 30 39 45 46 46 30 30 30 30 0D
1779563992447,74 34 35 30 38 30 30 30 30 30 37 30 30 30 30 30 30 45 34 30 35 0D
1779563992454,74 34 35 31 38 30 30 30 30 30 30 30 30 30 30 30 30 30 30 30 30 0D
1779563992466,74 34 35 31 38 30 30 30 30 30 30 30 30 30 30 30 30 30 30 30 30 0D
1779563992478,74 34 35 35 38 45 41 46 46 30 37 30 30 39 45 46 46 30 30 30 30 0D
1779563992488,74 34 35 31 38 30 30 30 30 30 30 30 30 30 30 30 30 30 30 30 30 0D
1779563992501,74 34 35 35 38 45 41 46 46 30 37 30 30 39 45 46 46 30 30 30 30 0D
1779563992508,74 34 35 31 38 30 30 30 30 30 30 30 30 30 30 30 30 30 30 30 30 0D
1779563992516,74 34 35 36 38 45 45 46 46 30 37 30 30 30 33 30 30 30 30 30 30 0D
1779563992522,74 34 35 31 38 30 30 30 30 30 30 30 30 30 30 30 30 30 30 30 30 0D
1779563992539,74 34 35 35 38 45 41 46 46 30 37 30 30 39 45 46 46 30 30 30 30 0D
1779563992545,74 34 35 30 38 30 30 30 30 30 37 30 30 30 30 30 30 45 34 30 35 0D
1779563992554,74 34 35 31 38 30 30 30 30 30 30 30 30 30 30 30 30 30 30 30 30 0D
1779563992563,74 34 35 31 38 30 30 30 30 30 30 30 30 30 30 30 30 30 30 30 30 0D
1779563992574,74 34 35 35 38 45 41 46 46 30 37 30 30 39 46 46 46 30 30 30 30 0D
1779563992583,74 34 35 31 38 30 30 30 30 30 30 30 30 30 30 30 30 30 30 30 30 0D
1779563992601,74 34 35 35 38 45 41 46 46 30 37 30 30 39 46 46 46 30 30 30 30 0D
1779563992607,74 34 35 31 38 30 30 30 30 30 30 30 30 30 30 30 30 30 30 30 30 0D
1779563992615,74 34 35 35 38 45 41 46 46 30 37 30 30 39 46 46 46 30 30 30 30 0D
1779563992621,74 34 35 31 38 30 30 30 30 30 30 30 30 30 30 30 30 30 30 30 30 0D
1779563992634,74 34 35 35 38 45 41 46 46 30 37 30 30 39 46 46 46 30 30 30 30 0D
1779563992643,74 34 35 30 38 30 30 30 30 30 37 30 30 30 30 30 30 45 34 30 35 0D
1779563992652,74 34 35 31 38 30 30 30 30 30 30 30 30 30 30 30 30 30 30 30 30 0D
1779563992664,74 34 35 31 38 30 30 30 30 30 30 30 30 30 30 30 30 30 30 30 30 0D
1779563992674,74 34 35 35 38 45 41 46 46 30 37 30 30 39 46 46 46 30 30 30 30 0D
1779563992683,74 34 35 31 38 30 30 30 30 30 30 30 30 30 30 30 30 30 30 30 30 0D
1779563992707,74 34 35 35 38 45 41 46 46 30 37 30 30 39 46 46 46 30 30 30 30 0D
1779563992716,74 34 35 31 38 30 30 30 30 30 30 30 30 30 30 30 30 30 30 30 30 0D
1779563992722,74 34 35 31 38 30 30 30 30 30 30 30 30 30 30 30 30 30 30 30 30 0D
1779563992729,74 34 35 35 38 45 41 46 46 30 37 30 30 39 46 46 46 30 30 30 30 0D
1779563992749,74 34 35 30 38 30 30 30 30 30 37 30 30 30 30 30 30 45 34 30 35 0D
1779563992753,74 34 35 31 38 30 30 30 30 30 30 30 30 30 30 30 30 30 30 30 30 0D
1779563992761,74 34 35 31 38 30 30 30 30 30 30 30 30 30 30 30 30 30 30 30 30 0D
1779563992773,74 34 35 35 38 45 39 46 46 30 37 30 30 39 46 46 46 30 30 30 30 0D
1779563992782,74 34 35 31 38 30 30 30 30 30 30 30 30 30 30 30 30 30 30 30 30 0D
1779563992790,74 34 35 35 38 45 39 46 46 30 37 30 30 39 46 46 46 30 30 30 30 0D
1779563992802,74 34 35 37 38 30 30 30 30 30 30 30 30 36 34 31 34 30 30 30 30 0D
1779563992807,74 34 35 31 38 30 30 30 30 30 30 30 30 30 30 30 30 30 30 30 30 0D
1779563992816,74 34 35 36 38 45 44 46 46 30 38 30 30 30 33 30 30 30 30 30 30 0D
1779563992822,74 34 35 31 38 30 30 30 30 30 30 30 30 30 30 30 30 30 30 30 30 0D
1779563992833,74 34 35 35 38 45 39 46 46 30 37 30 30 39 46 46 46 30 30 30 30 0D
1779563992845,74 34 35 30 38 30 30 30 30 30 37 30 30 30 30 30 30 45 34 30 35 0D
1779563992856,74 34 35 31 38 30 30 30 30 30 30 30 30 30 30 30 30 30 30 30 30 0D
1779563992863,74 34 35 31 38 30 30 30 30 30 30 30 30 30 30 30 30 30 30 30 30 0D
1779563992879,74 34 35 35 38 45 39 46 46 30 37 30 30 39 46 46 46 30 30 30 30 0D
1779563992887,74 34 35 31 38 30 30 30 30 30 30 30 30 30 30 30 30 30 30 30 30 0D
1779563992903,74 34 35 35 38 45 39 46 46 30 37 30 30 39 46 46 46 30 30 30 30 0D
1779563992908,74 34 35 31 38 30 30 30 30 30 30 30 30 30 30 30 30 30 30 30 30 0D
1779563992912,74 34 35 35 38 45 39 46 46 30 37 30 30 39 46 46 46 30 30 30 30 0D
1779563992921,74 34 35 31 38 30 30 30 30 30 30 30 30 30 30 30 30 30 30 30 30 0D
1779563992936,74 34 35 35 38 45 39 46 46 30 37 30 30 39 46 46 46 30 30 30 30 0D
1779563992940,74 34 35 30 38 30 30 30 30 30 37 30 30 30 30 30 30 45 34 30 35 0D
1779563992954,74 34 35 31 38 30 30 30 30 30 30 30 30 30 30 30 30 30 30 30 30 0D
1779563992964,74 34 35 31 38 30 30 30 30 30 30 30 30 30 30 30 30 30 30 30 30 0D
1779563992972,74 34 35 35 38 45 41 46 46 30 37 30 30 39 46 46 46 30 30 30 30 0D
1779563992983,74 34 35 31 38 30 30 30 30 30 30 30 30 30 30 30 30 30 30 30 30 0D
1779563993002,74 34 35 35 38 45 41 46 46 30 37 30 30 39 46 46 46 30 30 30 30 0D
1779563993005,74 34 35 31 38 30 30 30 30 30 30 30 30 30 30 30 30 30 30 30 30 0D
1779563993012,74 34 35 35 38 45 41 46 46 30 37 30 30 39 46 46 46 30 30 30 30 0D
1779563993034,74 34 35 31 38 30 30 30 30 30 30 30 30 30 30 30 30 30 30 30 30 0D
1779563993047,74 34 35 30 38 30 30 30 30 30 37 30 30 30 30 30 30 45 34 30 35 0D
1779563993056,74 34 35 31 38 30 30 30 30 30 30 30 30 30 30 30 30 30 30 30 30 0D
1779563993064,74 34 35 31 38 30 30 30 30 30 30 30 30 30 30 30 30 30 30 30 30 0D
1779563993072,74 34 35 35 38 45 41 46 46 30 37 30 30 39 46 46 46 30 30 30 30 0D
1779563993085,74 34 35 31 38 30 30 30 30 30 30 30 30 30 30 30 30 30 30 30 30 0D
1779563993099,74 34 35 35 38 45 41 46 46 30 37 30 30 39 46 46 46 30 30 30 30 0D
1779563993105,74 34 35 31 38 30 30 30 30 30 30 30 30 30 30 30 30 30 30 30 30 0D
1779563993113,74 34 35 35 38 45 41 46 46 30 37 30 30 39 46 46 46 30 30 30 30 0D
1779563993122,74 34 35 31 38 30 30 30 30 30 30 30 30 30 30 30 30 30 30 30 30 0D
1779563993133,74 34 35 35 38 45 41 46 46 30 37 30 30 39 46 46 46 30 30 30 30 0D
1779563993147,74 34 35 30 38 30 30 30 30 30 37 30 30 30 30 30 30 45 34 30 35 0D
1779563993154,74 34 35 31 38 30 30 30 30 30 30 30 30 30 30 30 30 30 30 30 30 0D
1779563993166,74 34 35 31 38 30 30 30 30 30 30 30 30 30 30 30 30 30 30 30 30 0D
1779563993178,74 34 35 35 38 45 41 46 46 30 37 30 30 39 46 46 46 30 30 30 30 0D
1779563993183,74 34 35 31 38 30 30 30 30 30 30 30 30 30 30 30 30 30 30 30 30 0D
1779563993201,74 34 35 35 38 45 41 46 46 30 37 30 30 39 46 46 46 30 30 30 30 0D
1779563993205,74 34 35 31 38 30 30 30 30 30 30 30 30 30 30 30 30 30 30 30 30 0D
1779563993213,74 34 35 35 38 45 41 46 46 30 37 30 30 39 46 46 46 30 30 30 30 0D
1779563993223,74 34 35 31 38 30 30 30 30 30 30 30 30 30 30 30 30 30 30 30 30 0D
1779563993234,74 34 35 35 38 45 41 46 46 30 37 30 30 39 46 46 46 30 30 30 30 0D
1779563993245,74 34 35 30 38 30 30 30 30 30 37 30 30 30 30 30 30 45 34 30 35 0D
1779563993255,74 34 35 31 38 30 30 30 30 30 30 30 30 30 30 30 30 30 30 30 30 0D
1779563993264,74 34 35 31 38 30 30 30 30 30 30 30 30 30 30 30 30 30 30 30 30 0D
1779563993274,74 34 35 35 38 45 41 46 46 30 37 30 30 39 46 46 46 30 30 30 30 0D
1779563993285,74 34 35 31 38 30 30 30 30 30 30 30 30 30 30 30 30 30 30 30 30 0D
1779563993300,74 34 35 35 38 45 41 46 46 30 37 30 30 39 46 46 46 30 30 30 30 0D
1779563993308,74 34 35 31 38 30 30 30 30 30 30 30 30 30 30 30 30 30 30 30 30 0D
1779563993312,74 34 35 35 38 45 41 46 46 30 37 30 30 39 46 46 46 30 30 30 30 0D
1779563993324,74 34 35 31 38 30 30 30 30 30 30 30 30 30 30 30 30 30 30 30 30 0D
1779563993331,74 34 35 35 38 45 41 46 46 30 37 30 30 39 46 46 46 30 30 30 30 0D
1779563993349,74 34 35 30 38 30 30 30 30 30 37 30 30 30 30 30 30 45 34 30 35 0D
1779563993357,74 34 35 31 38 30 30 30 30 30 30 30 30 30 30 30 30 30 30 30 30 0D
1779563993365,74 34 35 31 38 30 30 30 30 30 30 30 30 30 30 30 30 30 30 30 30 0D
1779563993373,74 34 35 35 38 45 41 46 46 30 37 30 30 39 46 46 46 30 30 30 30 0D
1779563993385,74 34 35 31 38 30 30 30 30 30 30 30 30 30 30 30 30 30 30 30 30 0D
1779563993398,74 34 35 37 38 30 30 30 30 30 30 30 30 36 34 31 34 30 30 30 30 0D
1779563993415,74 34 35 39 38 37 39 41 34 42 45 31 36 44 41 31 41 30 33 42 37 0D
1779563993431,74 34 35 31 38 30 30 30 30 30 30 30 30 30 30 30 30 30 30 30 30 0D
1779563993437,74 34 35 35 38 45 41 46 46 30 37 30 30 39 46 46 46 30 30 30 30 0D
1779563993446,74 34 35 30 38 30 30 30 30 30 37 30 30 30 30 30 30 45 34 30 35 0D
1779563993457,74 34 35 31 38 30 30 30 30 30 30 30 30 30 30 30 30 30 30 30 30 0D
1779563993467,74 34 35 31 38 30 30 30 30 30 30 30 30 30 30 30 30 30 30 30 30 0D
1779563993477,74 34 35 35 38 45 41 46 46 30 37 30 30 39 46 46 46 30 30 30 30 0D
1779563993481,74 34 35 31 38 30 30 30 30 30 30 30 30 30 30 30 30 30 30 30 30 0D
1779563993504,74 34 35 35 38 45 41 46 46 30 37 30 30 39 46 46 46 30 30 30 30 0D
1779563993514,74 34 35 31 38 30 30 30 30 30 30 30 30 30 30 30 30 30 30 30 30 0D
1779563993519,74 34 35 35 38 45 41 46 46 30 37 30 30 39 46 46 46 30 30 30 30 0D
1779563993522,74 34 35 31 38 30 30 30 30 30 30 30 30 30 30 30 30 30 30 30 30 0D
1779563993536,74 34 35 35 38 45 41 46 46 30 37 30 30 39 46 46 46 30 30 30 30 0D
1779563993544,74 34 35 30 38 30 30 30 30 30 37 30 30 30 30 30 30 45 34 30 35 0D
1779563993560,74 34 35 31 38 30 30 30 30 30 30 30 30 30 30 30 30 30 30 30 30 0D
1779563993571,74 34 35 35 38 45 41 46 46 30 37 30 30 39 46 46 46 30 30 30 30 0D
1779563993583,74 34 35 31 38 30 30 30 30 30 30 30 30 30 30 30 30 30 30 30 30 0D
1779563993601,74 34 35 35 38 45 41 46 46 30 37 30 30 39 46 46 46 30 30 30 30 0D
1779563993608,74 34 35 31 38 30 30 30 30 30 30 30 30 30 30 30 30 30 30 30 30 0D
1779563993613,74 34 35 35 38 45 41 46 46 30 37 30 30 39 46 46 46 30 30 30 30 0D
1779563993632,74 34 35 31 38 30 30 30 30 30 30 30 30 30 30 30 30 30 30 30 30 0D
1779563993639,74 34 35 35 38 45 41 46 46 30 37 30 30 39 46 46 46 30 30 30 30 0D
1779563993651,74 34 35 36 38 45 44 46 46 30 37 30 30 30 34 30 30 30 30 30 30 0D
1779563993655,74 34 35 30 38 30 30 30 30 30 37 30 30 30 30 30 30 45 34 30 35 0D
1779563993664,74 34 35 31 38 30 30 30 30 30 30 30 30 30 30 30 30 30 30 30 30 0D
1779563993676,74 34 35 35 38 45 41 46 46 30 37 30 30 39 46 46 46 30 30 30 30 0D
1779563993680,74 34 35 31 38 30 30 30 30 30 30 30 30 30 30 30 30 30 30 30 30 0D
1779563993699,74 34 35 35 38 45 41 46 46 30 37 30 30 39 46 46 46 30 30 30 30 0D
1779563993705,74 34 35 31 38 30 30 30 30 30 30 30 30 30 30 30 30 30 30 30 30 0D
1779563993714,74 34 35 35 38 45 41 46 46 30 37 30 30 39 46 46 46 30 30 30 30 0D
1779563993721,74 34 35 31 38 30 30 30 30 30 30 30 30 30 30 30 30 30 30 30 30 0D
1779563993735,74 34 35 35 38 45 41 46 46 30 37 30 30 39 46 46 46 30 30 30 30 0D
1779563993746,74 34 35 30 38 30 30 30 30 30 37 30 30 30 30 30 30 45 34 30 35 0D
1779563993753,74 34 35 31 38 30 30 30 30 30 30 30 30 30 30 30 30 30 30 30 30 0D
1779563993764,74 34 35 31 38 30 30 30 30 30 30 30 30 30 30 30 30 30 30 30 30 0D
1779563993772,74 34 35 35 38 45 41 46 46 30 37 30 30 39 46 46 46 30 30 30 30 0D
1779563993783,74 34 35 31 38 30 30 30 30 30 30 30 30 30 30 30 30 30 30 30 30 0D
1779563993801,74 34 35 35 38 45 41 46 46 30 37 30 30 39 46 46 46 30 30 30 30 0D
1779563993807,74 34 35 31 38 30 30 30 30 30 30 30 30 30 30 30 30 30 30 30 30 0D
1779563993813,74 34 35 35 38 45 41 46 46 30 37 30 30 39 46 46 46 30 30 30 30 0D
1779563993825,74 34 35 31 38 30 30 30 30 30 30 30 30 30 30 30 30 30 30 30 30 0D
1779563993832,74 34 35 35 38 45 41 46 46 30 37 30 30 39 46 46 46 30 30 30 30 0D
1779563993846,74 34 35 30 38 30 30 30 30 30 37 30 30 30 30 30 30 45 34 30 35 0D
1779563993857,74 34 35 31 38 30 30 30 30 30 30 30 30 30 30 30 30 30 30 30 30 0D
1779563993863,74 34 35 31 38 30 30 30 30 30 30 30 30 30 30 30 30 30 30 30 30 0D
1779563993877,74 34 35 35 38 45 41 46 46 30 37 30 30 39 46 46 46 30 30 30 30 0D
1779563993884,74 34 35 31 38 30 30 30 30 30 30 30 30 30 30 30 30 30 30 30 30 0D
1779563993903,74 34 35 35 38 45 41 46 46 30 37 30 30 39 46 46 46 30 30 30 30 0D
1779563993916,74 34 35 31 38 30 30 30 30 30 30 30 30 30 30 30 30 30 30 30 30 0D
1779563993927,74 34 35 31 38 30 30 30 30 30 30 30 30 30 30 30 30 30 30 30 30 0D
1779563993945,74 34 35 35 38 45 41 46 46 30 37 30 30 39 46 46 46 30 30 30 30 0D
1779563993957,74 34 35 30 38 30 30 30 30 30 37 30 30 30 30 30 30 45 34 30 35 0D
1779563993967,74 34 35 31 38 30 30 30 30 30 30 30 30 30 30 30 30 30 30 30 30 0D
1779563993974,74 34 35 35 38 45 41 46 46 30 37 30 30 39 46 46 46 30 30 30 30 0D
1779563993986,74 34 35 31 38 30 30 30 30 30 30 30 30 30 30 30 30 30 30 30 30 0D
1779563994002,74 34 35 35 38 45 41 46 46 30 37 30 30 39 46 46 46 30 30 30 30 0D
1779563994008,74 34 35 31 38 30 30 30 30 30 30 30 30 30 30 30 30 30 30 30 30 0D
1779563994014,74 34 35 35 38 45 41 46 46 30 37 30 30 39 46 46 46 30 30 30 30 0D
1779563994024,74 34 35 31 38 30 30 30 30 30 30 30 30 30 30 30 30 30 30 30 30 0D
1779563994034,74 34 35 35 38 45 41 46 46 30 37 30 30 39 46 46 46 30 30 30 30 0D
1779563994044,74 34 35 30 38 30 30 30 30 30 37 30 30 30 30 30 30 45 34 30 35 0D
1779563994056,74 34 35 31 38 30 30 30 30 30 30 30 30 30 30 30 30 30 30 30 30 0D
1779563994063,74 34 35 31 38 30 30 30 30 30 30 30 30 30 30 30 30 30 30 30 30 0D
1779563994077,74 34 35 35 38 45 41 46 46 30 37 30 30 39 46 46 46 30 30 30 30 0D
1779563994083,74 34 35 31 38 30 30 30 30 30 30 30 30 30 30 30 30 30 30 30 30 0D
1779563994101,74 34 35 35 38 45 41 46 46 30 37 30 30 39 46 46 46 30 30 30 30 0D
1779563994111,74 34 35 31 38 30 30 30 30 30 30 30 30 30 30 30 30 30 30 30 30 0D
1779563994127,74 34 35 31 38 30 30 30 30 30 30 30 30 30 30 30 30 30 30 30 30 0D
1779563994135,74 34 35 35 38 45 41 46 46 30 37 30 30 39 46 46 46 30 30 30 30 0D
1779563994145,74 34 35 30 38 30 30 30 30 30 37 30 30 30 30 30 30 45 34 30 35 0D
1779563994159,74 34 35 31 38 30 30 30 30 30 30 30 30 30 30 30 30 30 30 30 30 0D
1779563994165,74 34 35 31 38 30 30 30 30 30 30 30 30 30 30 30 30 30 30 30 30 0D
1779563994178,74 34 35 35 38 45 41 46 46 30 37 30 30 39 46 46 46 30 30 30 30 0D
1779563994185,74 34 35 31 38 30 30 30 30 30 30 30 30 30 30 30 30 30 30 30 30 0D
1779563994203,74 34 35 35 38 45 41 46 46 30 37 30 30 39 46 46 46 30 30 30 30 0D
1779563994209,74 34 35 31 38 30 30 30 30 30 30 30 30 30 30 30 30 30 30 30 30 0D
1779563994216,74 34 35 35 38 45 41 46 46 30 37 30 30 39 46 46 46 30 30 30 30 0D
1779563994225,74 34 35 31 38 30 30 30 30 30 30 30 30 30 30 30 30 30 30 30 30 0D
1779563994234,74 34 35 35 38 45 41 46 46 30 37 30 30 39 46 46 46 30 30 30 30 0D
1779563994243,74 34 35 30 38 30 30 30 30 30 37 30 30 30 30 30 30 45 34 30 35 0D
1779563994257,74 34 35 31 38 30 30 30 30 30 30 30 30 30 30 30 30 30 30 30 30 0D
1779563994269,74 34 35 31 38 30 30 30 30 30 30 30 30 30 30 30 30 30 30 30 30 0D
1779563994279,74 34 35 35 38 45 41 46 46 30 37 30 30 39 46 46 46 30 30 30 30 0D
1779563994286,74 34 35 31 38 30 30 30 30 30 30 30 30 30 30 30 30 30 30 30 30 0D
1779563994304,74 34 35 35 38 45 41 46 46 30 37 30 30 39 46 46 46 30 30 30 30 0D
1779563994312,74 34 35 31 38 30 30 30 30 30 30 30 30 30 30 30 30 30 30 30 30 0D
1779563994318,74 34 35 35 38 45 41 46 46 30 37 30 30 39 46 46 46 30 30 30 30 0D
1779563994327,74 34 35 31 38 30 30 30 30 30 30 30 30 30 30 30 30 30 30 30 30 0D
1779563994334,74 34 35 35 38 45 41 46 46 30 37 30 30 39 46 46 46 30 30 30 30 0D
1779563994343,74 34 35 30 38 30 30 30 30 30 37 30 30 30 30 30 30 45 34 30 35 0D
1779563994354,74 34 35 31 38 30 30 30 30 30 30 30 30 30 30 30 30 30 30 30 30 0D
1779563994364,74 34 35 31 38 30 30 30 30 30 30 30 30 30 30 30 30 30 30 30 30 0D
1779563994379,74 34 35 35 38 45 39 46 46 30 37 30 30 39 46 46 46 30 30 30 30 0D
1779563994384,74 34 35 31 38 30 30 30 30 30 30 30 30 30 30 30 30 30 30 30 30 0D
1779563994402,74 34 35 35 38 45 39 46 46 30 37 30 30 39 46 46 46 30 30 30 30 0D
1779563994422,74 34 35 31 38 30 30 30 30 30 30 30 30 30 30 30 30 30 30 30 30 0D
1779563994428,74 34 35 31 38 30 30 30 30 30 30 30 30 30 30 30 30 30 30 30 30 0D
1779563994432,74 34 35 35 38 45 39 46 46 30 37 30 30 39 46 46 46 30 30 30 30 0D
1779563994444,74 34 35 30 38 30 30 30 30 30 37 30 30 30 30 30 30 45 34 30 35 0D
1779563994463,74 34 35 31 38 30 30 30 30 30 30 30 30 30 30 30 30 30 30 30 30 0D
1779563994468,74 34 35 31 38 30 30 30 30 30 30 30 30 30 30 30 30 30 30 30 30 0D
1779563994481,74 34 35 35 38 45 39 46 46 30 37 30 30 39 46 46 46 30 30 30 30 0D
1779563994487,74 34 35 31 38 30 30 30 30 30 30 30 30 30 30 30 30 30 30 30 30 0D
1779563994502,74 34 35 35 38 45 39 46 46 30 37 30 30 39 46 46 46 30 30 30 30 0D
1779563994507,74 34 35 31 38 30 30 30 30 30 30 30 30 30 30 30 30 30 30 30 30 0D
1779563994510,74 34 35 35 38 45 39 46 46 30 37 30 30 39 46 46 46 30 30 30 30 0D
1779563994516,74 34 35 36 38 45 44 46 46 30 38 30 30 30 34 30 30 30 30 30 30 0D
1779563994522,74 34 35 31 38 30 30 30 30 30 30 30 30 30 30 30 30 30 30 30 30 0D
1779563994533,74 34 35 35 38 45 39 46 46 30 37 30 30 39 46 46 46 30 30 30 30 0D
1779563994543,74 34 35 30 38 30 30 30 30 30 37 30 30 30 30 30 30 45 34 30 35 0D
1779563994555,74 34 35 31 38 30 30 30 30 30 30 30 30 30 30 30 30 30 30 30 30 0D
1779563994561,74 34 35 31 38 30 30 30 30 30 30 30 30 30 30 30 30 30 30 30 30 0D
1779563994571,74 34 35 35 38 45 41 46 46 30 37 30 30 39 46 46 46 30 30 30 30 0D
1779563994584,74 34 35 31 38 30 30 30 30 30 30 30 30 30 30 30 30 30 30 30 30 0D
1779563994602,74 34 35 35 38 45 41 46 46 30 37 30 30 39 46 46 46 30 30 30 30 0D
1779563994615,74 34 35 31 38 30 30 30 30 30 30 30 30 30 30 30 30 30 30 30 30 0D
1779563994624,74 34 35 31 38 30 30 30 30 30 30 30 30 30 30 30 30 30 30 30 30 0D
1779563994635,74 34 35 35 38 45 41 46 46 30 37 30 30 39 46 46 46 30 30 30 30 0D
1779563994644,74 34 35 30 38 30 30 30 30 30 37 30 30 30 30 30 30 45 34 30 35 0D
1779563994657,74 34 35 31 38 30 30 30 30 30 30 30 30 30 30 30 30 30 30 30 30 0D
1779563994662,74 34 35 31 38 30 30 30 30 30 30 30 30 30 30 30 30 30 30 30 30 0D
1779563994678,74 34 35 35 38 45 41 46 46 30 37 30 30 39 46 46 46 30 30 30 30 0D
1779563994684,74 34 35 31 38 30 30 30 30 30 30 30 30 30 30 30 30 30 30 30 30 0D
1779563994697,74 34 35 35 38 45 41 46 46 30 37 30 30 39 46 46 46 30 30 30 30 0D
1779563994704,74 34 35 31 38 30 30 30 30 30 30 30 30 30 30 30 30 30 30 30 30 0D
1779563994730,74 34 35 31 38 30 30 30 30 30 30 30 30 30 30 30 30 30 30 30 30 0D
1779563994738,74 34 35 35 38 45 41 46 46 30 37 30 30 39 46 46 46 30 30 30 30 0D
1779563994744,74 34 35 36 38 45 45 46 46 30 37 30 30 30 34 30 30 30 30 30 30 0D
1779563994752,74 34 35 31 38 30 30 30 30 30 30 30 30 30 30 30 30 30 30 30 30 0D
1779563994763,74 34 35 31 38 30 30 30 30 30 30 30 30 30 30 30 30 30 30 30 30 0D
1779563994783,74 34 35 35 38 45 41 46 46 30 37 30 30 41 30 46 46 30 30 30 30 0D
1779563994797,74 34 35 31 38 30 30 30 30 30 30 30 30 30 30 30 30 30 30 30 30 0D
1779563994801,74 34 35 31 38 30 30 30 30 30 30 30 30 30 30 30 30 30 30 30 30 0D
1779563994812,74 34 35 35 38 45 41 46 46 30 37 30 30 41 30 46 46 30 30 30 30 0D
1779563994823,74 34 35 31 38 30 30 30 30 30 30 30 30 30 30 30 30 30 30 30 30 0D
1779563994833,74 34 35 35 38 45 41 46 46 30 37 30 30 41 30 46 46 30 30 30 30 0D
1779563994842,74 34 35 30 38 30 30 30 30 30 37 30 30 30 30 30 30 45 34 30 35 0D
1779563994856,74 34 35 32 38 38 43 30 30 30 30 30 30 30 30 30 30 32 37 30 30 0D
1779563994862,74 34 35 31 38 30 30 30 30 30 30 30 30 30 30 30 30 30 30 30 30 0D
1779563994875,74 34 35 36 38 45 45 46 46 30 37 30 30 30 34 30 30 30 30 30 30 0D
1779563994880,74 34 35 31 38 30 30 30 30 30 30 30 30 30 30 30 30 30 30 30 30 0D
1779563994913,74 34 35 35 38 45 41 46 46 30 37 30 30 41 30 46 46 30 30 30 30 0D
1779563994924,74 34 35 31 38 30 30 30 30 30 30 30 30 30 30 30 30 30 30 30 30 0D
1779563994931,74 34 35 35 38 45 41 46 46 30 37 30 30 41 30 46 46 30 30 30 30 0D
1779563994942,74 34 35 30 38 30 30 30 30 30 37 30 30 30 30 30 30 45 34 30 35 0D
1779563994954,74 34 35 31 38 30 30 30 30 30 30 30 30 30 30 30 30 30 30 30 30 0D
1779563994962,74 34 35 31 38 30 30 30 30 30 30 30 30 30 30 30 30 30 30 30 30 0D
1779563994973,74 34 35 35 38 45 41 46 46 30 38 30 30 39 46 46 46 30 30 30 30 0D
1779563994979,74 34 35 31 38 30 30 30 30 30 30 30 30 30 30 30 30 30 30 30 30 0D
1779563995003,74 34 35 35 38 45 41 46 46 30 38 30 30 39 46 46 46 30 30 30 30 0D
1779563995010,74 34 35 31 38 30 30 30 30 30 30 30 30 30 30 30 30 30 30 30 30 0D
1779563995024,74 34 35 31 38 30 30 30 30 30 30 30 30 30 30 30 30 30 30 30 30 0D
1779563995030,74 34 35 35 38 45 41 46 46 30 38 30 30 39 46 46 46 30 30 30 30 0D
1779563995042,74 34 35 30 38 30 30 30 30 30 37 30 30 30 30 30 30 45 34 30 35 0D
1779563995056,74 34 35 31 38 30 30 30 30 30 30 30 30 30 30 30 30 30 30 30 30 0D
1779563995063,74 34 35 31 38 30 30 30 30 30 30 30 30 30 30 30 30 30 30 30 30 0D
1779563995073,74 34 35 35 38 45 41 46 46 30 38 30 30 39 46 46 46 30 30 30 30 0D
1779563995083,74 34 35 31 38 30 30 30 30 30 30 30 30 30 30 30 30 30 30 30 30 0D
1779563995121,74 34 35 36 38 45 45 46 46 30 37 30 30 30 34 30 30 30 30 30 30 0D
1779563995127,74 34 35 31 38 30 30 30 30 30 30 30 30 30 30 30 30 30 30 30 30 0D
1779563995132,74 34 35 35 38 45 41 46 46 30 38 30 30 39 46 46 46 30 30 30 30 0D
1779563995143,74 34 35 30 38 30 30 30 30 30 37 30 30 30 30 30 30 45 34 30 35 0D
1779563995156,74 34 35 31 38 30 30 30 30 30 30 30 30 30 30 30 30 30 30 30 30 0D
1779563995163,74 34 35 31 38 30 30 30 30 30 30 30 30 30 30 30 30 30 30 30 30 0D
1779563995174,74 34 35 35 38 45 39 46 46 30 37 30 30 39 46 46 46 30 30 30 30 0D
1779563995182,74 34 35 31 38 30 30 30 30 30 30 30 30 30 30 30 30 30 30 30 30 0D
1779563995218,74 34 35 35 38 45 39 46 46 30 37 30 30 39 46 46 46 30 30 30 30 0D
1779563995230,74 34 35 31 38 30 30 30 30 30 30 30 30 30 30 30 30 30 30 30 30 0D
1779563995232,74 34 35 35 38 45 39 46 46 30 37 30 30 39 46 46 46 30 30 30 30 0D
1779563995245,74 34 35 30 38 30 30 30 30 30 37 30 30 30 30 30 30 45 34 30 35 0D
1779563995256,74 34 35 31 38 30 30 30 30 30 30 30 30 30 30 30 30 30 30 30 30 0D
1779563995270,74 34 35 31 38 30 30 30 30 30 30 30 30 30 30 30 30 30 30 30 30 0D
1779563995275,74 34 35 35 38 45 39 46 46 30 37 30 30 39 46 46 46 30 30 30 30 0D
1779563995287,74 34 35 31 38 30 30 30 30 30 30 30 30 30 30 30 30 30 30 30 30 0D
1779563995308,74 34 35 35 38 45 39 46 46 30 37 30 30 39 46 46 46 30 30 30 30 0D
1779563995312,74 34 35 31 38 30 30 30 30 30 30 30 30 30 30 30 30 30 30 30 30 0D
1779563995323,74 34 35 31 38 30 30 30 30 30 30 30 30 30 30 30 30 30 30 30 30 0D
1779563995338,74 34 35 35 38 45 39 46 46 30 37 30 30 39 46 46 46 30 30 30 30 0D
1779563995342,74 34 35 30 38 30 30 30 30 30 37 30 30 30 30 30 30 45 34 30 35 0D
1779563995355,74 34 35 31 38 30 30 30 30 30 30 30 30 30 30 30 30 30 30 30 30 0D
1779563995368,74 34 35 31 38 30 30 30 30 30 30 30 30 30 30 30 30 30 30 30 30 0D
1779563995372,74 34 35 35 38 45 41 46 46 30 37 30 30 39 45 46 46 30 30 30 30 0D
1779563995388,74 34 35 31 38 30 30 30 30 30 30 30 30 30 30 30 30 30 30 30 30 0D
1779563995402,74 34 35 35 38 45 41 46 46 30 37 30 30 39 45 46 46 30 30 30 30 0D
1779563995412,74 34 35 31 38 30 30 30 30 30 30 30 30 30 30 30 30 30 30 30 30 0D
1779563995420,74 34 35 31 38 30 30 30 30 30 30 30 30 30 30 30 30 30 30 30 30 0D
1779563995429,74 34 35 35 38 45 41 46 46 30 37 30 30 39 45 46 46 30 30 30 30 0D
1779563995440,74 34 35 30 38 30 30 30 30 30 37 30 30 30 30 30 30 45 34 30 35 0D
1779563995452,74 34 35 31 38 30 30 30 30 30 30 30 30 30 30 30 30 30 30 30 30 0D
1779563995462,74 34 35 31 38 30 30 30 30 30 30 30 30 30 30 30 30 30 30 30 30 0D
1779563995472,74 34 35 35 38 45 41 46 46 30 37 30 30 39 45 46 46 30 30 30 30 0D
1779563995484,74 34 35 31 38 30 30 30 30 30 30 30 30 30 30 30 30 30 30 30 30 0D
1779563995504,74 34 35 35 38 45 41 46 46 30 37 30 30 39 45 46 46 30 30 30 30 0D
1779563995511,74 34 35 35 38 45 41 46 46 30 37 30 30 39 45 46 46 30 30 30 30 0D
1779563995525,74 34 35 31 38 30 30 30 30 30 30 30 30 30 30 30 30 30 30 30 30 0D
1779563995538,74 34 35 35 38 45 41 46 46 30 37 30 30 39 45 46 46 30 30 30 30 0D
1779563995544,74 34 35 30 38 30 30 30 30 30 37 30 30 30 30 30 30 45 34 30 35 0D
1779563995555,74 34 35 33 38 39 45 30 30 30 30 30 30 30 30 30 30 30 30 30 30 0D
1779563995563,74 34 35 31 38 30 30 30 30 30 30 30 30 30 30 30 30 30 30 30 30 0D
1779563995576,74 34 35 35 38 45 41 46 46 30 37 30 30 39 46 46 46 30 30 30 30 0D
1779563995585,74 34 35 31 38 30 30 30 30 30 30 30 30 30 30 30 30 30 30 30 30 0D
1779563995605,74 34 35 35 38 45 41 46 46 30 37 30 30 39 46 46 46 30 30 30 30 0D
1779563995615,74 34 35 35 38 45 41 46 46 30 37 30 30 39 46 46 46 30 30 30 30 0D
1779563995624,74 34 35 31 38 30 30 30 30 30 30 30 30 30 30 30 30 30 30 30 30 0D
1779563995629,74 34 35 35 38 45 41 46 46 30 37 30 30 39 46 46 46 30 30 30 30 0D
1779563995643,74 34 35 30 38 30 30 30 30 30 37 30 30 30 30 30 30 45 34 30 35 0D
1779563995657,74 34 35 31 38 30 30 30 30 30 30 30 30 30 30 30 30 30 30 30 30 0D
1779563995664,74 34 35 31 38 30 30 30 30 30 30 30 30 30 30 30 30 30 30 30 30 0D
1779563995671,74 34 35 35 38 45 41 46 46 30 37 30 30 39 46 46 46 30 30 30 30 0D
1779563995687,74 34 35 31 38 30 30 30 30 30 30 30 30 30 30 30 30 30 30 30 30 0D
1779563995699,74 34 35 35 38 45 41 46 46 30 37 30 30 39 46 46 46 30 30 30 30 0D
1779563995705,74 34 35 31 38 30 30 30 30 30 30 30 30 30 30 30 30 30 30 30 30 0D
1779563995711,74 34 35 35 38 45 41 46 46 30 37 30 30 39 46 46 46 30 30 30 30 0D
1779563995722,74 34 35 31 38 30 30 30 30 30 30 30 30 30 30 30 30 30 30 30 30 0D
1779563995738,74 34 35 35 38 45 41 46 46 30 37 30 30 39 46 46 46 30 30 30 30 0D
1779563995745,74 34 35 30 38 30 30 30 30 30 37 30 30 30 30 30 30 45 34 30 35 0D
1779563995755,74 34 35 31 38 30 30 30 30 30 30 30 30 30 30 30 30 30 30 30 30 0D
1779563995763,74 34 35 31 38 30 30 30 30 30 30 30 30 30 30 30 30 30 30 30 30 0D
1779563995774,74 34 35 35 38 45 39 46 46 30 37 30 30 39 46 46 46 30 30 30 30 0D
1779563995790,74 34 35 31 38 30 30 30 30 30 30 30 30 30 30 30 30 30 30 30 30 0D
1779563995810,74 34 35 35 38 45 39 46 46 30 37 30 30 39 46 46 46 30 30 30 30 0D
1779563995823,74 34 35 31 38 30 30 30 30 30 30 30 30 30 30 30 30 30 30 30 30 0D
1779563995839,74 34 35 35 38 45 39 46 46 30 37 30 30 39 46 46 46 30 30 30 30 0D
1779563995846,74 34 35 30 38 30 30 30 30 30 37 30 30 30 30 30 30 45 34 30 35 0D
1779563995855,74 34 35 31 38 30 30 30 30 30 30 30 30 30 30 30 30 30 30 30 30 0D
1779563995867,74 34 35 31 38 30 30 30 30 30 30 30 30 30 30 30 30 30 30 30 30 0D
1779563995871,74 34 35 35 38 45 39 46 46 30 37 30 30 39 46 46 46 30 30 30 30 0D
1779563995885,74 34 35 31 38 30 30 30 30 30 30 30 30 30 30 30 30 30 30 30 30 0D
1779563995898,74 34 35 35 38 45 39 46 46 30 37 30 30 39 46 46 46 30 30 30 30 0D
1779563995905,74 34 35 31 38 30 30 30 30 30 30 30 30 30 30 30 30 30 30 30 30 0D
1779563995912,74 34 35 35 38 45 39 46 46 30 37 30 30 39 46 46 46 30 30 30 30 0D
1779563995921,74 34 35 31 38 30 30 30 30 30 30 30 30 30 30 30 30 30 30 30 30 0D
1779563995939,74 34 35 35 38 45 39 46 46 30 37 30 30 39 46 46 46 30 30 30 30 0D
1779563995945,74 34 35 30 38 30 30 30 30 30 37 30 30 30 30 30 30 45 34 30 35 0D
1779563995958,74 34 35 31 38 30 30 30 30 30 30 30 30 30 30 30 30 30 30 30 30 0D
1779563995966,74 34 35 31 38 30 30 30 30 30 30 30 30 30 30 30 30 30 30 30 30 0D
1779563995975,74 34 35 35 38 45 41 46 46 30 37 30 30 39 46 46 46 30 30 30 30 0D
1779563995988,74 34 35 31 38 30 30 30 30 30 30 30 30 30 30 30 30 30 30 30 30 0D
1779563996011,74 34 35 35 38 45 41 46 46 30 37 30 30 39 46 46 46 30 30 30 30 0D
1779563996027,74 34 35 31 38 30 30 30 30 30 30 30 30 30 30 30 30 30 30 30 30 0D
1779563996040,74 34 35 35 38 45 41 46 46 30 37 30 30 39 46 46 46 30 30 30 30 0D
1779563996044,74 34 35 30 38 30 30 30 30 30 37 30 30 30 30 30 30 45 34 30 35 0D
1779563996056,74 34 35 31 38 30 30 30 30 30 30 30 30 30 30 30 30 30 30 30 30 0D
1779563996063,74 34 35 31 38 30 30 30 30 30 30 30 30 30 30 30 30 30 30 30 30 0D
1779563996070,74 34 35 35 38 45 41 46 46 30 37 30 30 39 46 46 46 30 30 30 30 0D
1779563996076,74 34 35 36 38 45 45 46 46 30 37 30 30 30 34 30 30 30 30 30 30 0D
1779563996083,74 34 35 31 38 30 30 30 30 30 30 30 30 30 30 30 30 30 30 30 30 0D
1779563996110,74 34 35 35 38 45 41 46 46 30 37 30 30 39 46 46 46 30 30 30 30 0D
1779563996121,74 34 35 31 38 30 30 30 30 30 30 30 30 30 30 30 30 30 30 30 30 0D
1779563996134,74 34 35 35 38 45 41 46 46 30 37 30 30 39 46 46 46 30 30 30 30 0D
1779563996146,74 34 35 30 38 30 30 30 30 30 37 30 30 30 30 30 30 45 34 30 35 0D
1779563996157,74 34 35 31 38 30 30 30 30 30 30 30 30 30 30 30 30 30 30 30 30 0D
1779563996166,74 34 35 31 38 30 30 30 30 30 30 30 30 30 30 30 30 30 30 30 30 0D
1779563996177,74 34 35 35 38 45 41 46 46 30 37 30 30 39 46 46 46 30 30 30 30 0D
1779563996187,74 34 35 31 38 30 30 30 30 30 30 30 30 30 30 30 30 30 30 30 30 0D
1779563996207,74 34 35 35 38 45 41 46 46 30 37 30 30 39 46 46 46 30 30 30 30 0D
1779563996213,74 34 35 31 38 30 30 30 30 30 30 30 30 30 30 30 30 30 30 30 30 0D
1779563996219,74 34 35 35 38 45 41 46 46 30 37 30 30 39 46 46 46 30 30 30 30 0D
1779563996224,74 34 35 31 38 30 30 30 30 30 30 30 30 30 30 30 30 30 30 30 30 0D
1779563996235,74 34 35 35 38 45 41 46 46 30 37 30 30 39 46 46 46 30 30 30 30 0D
1779563996241,74 34 35 30 38 30 30 30 30 30 37 30 30 30 30 30 30 45 34 30 35 0D
1779563996255,74 34 35 31 38 30 30 30 30 30 30 30 30 30 30 30 30 30 30 30 30 0D
1779563996261,74 34 35 31 38 30 30 30 30 30 30 30 30 30 30 30 30 30 30 30 30 0D
1779563996272,74 34 35 35 38 45 41 46 46 30 37 30 30 39 46 46 46 30 30 30 30 0D
1779563996285,74 34 35 31 38 30 30 30 30 30 30 30 30 30 30 30 30 30 30 30 30 0D
1779563996301,74 34 35 35 38 45 41 46 46 30 37 30 30 39 46 46 46 30 30 30 30 0D
1779563996308,74 34 35 31 38 30 30 30 30 30 30 30 30 30 30 30 30 30 30 30 30 0D
1779563996315,74 34 35 36 38 45 44 46 46 30 38 30 30 30 35 30 30 30 30 30 30 0D
1779563996323,74 34 35 31 38 30 30 30 30 30 30 30 30 30 30 30 30 30 30 30 30 0D
1779563996332,74 34 35 35 38 45 41 46 46 30 37 30 30 39 46 46 46 30 30 30 30 0D
1779563996342,74 34 35 30 38 30 30 30 30 30 37 30 30 30 30 30 30 45 34 30 35 0D
1779563996355,74 34 35 32 38 38 43 30 30 30 30 30 30 30 30 30 30 30 30 30 30 0D
1779563996360,74 34 35 31 38 30 30 30 30 30 30 30 30 30 30 30 30 30 30 30 30 0D
1779563996376,74 34 35 35 38 45 41 46 46 30 37 30 30 39 46 46 46 30 30 30 30 0D
1779563996386,74 34 35 31 38 30 30 30 30 30 30 30 30 30 30 30 30 30 30 30 30 0D
1779563996410,74 34 35 35 38 45 41 46 46 30 37 30 30 39 46 46 46 30 30 30 30 0D
1779563996423,74 34 35 31 38 30 30 30 30 30 30 30 30 30 30 30 30 30 30 30 30 0D
1779563996433,74 34 35 35 38 45 41 46 46 30 37 30 30 39 46 46 46 30 30 30 30 0D
1779563996443,74 34 35 30 38 30 30 30 30 30 37 30 30 30 30 30 30 45 34 30 35 0D
1779563996453,74 34 35 31 38 30 30 30 30 30 30 30 30 30 30 30 30 30 30 30 30 0D
1779563996467,74 34 35 31 38 30 30 30 30 30 30 30 30 30 30 30 30 30 30 30 30 0D
1779563996476,74 34 35 35 38 45 41 46 46 30 37 30 30 39 46 46 46 30 30 30 30 0D
1779563996485,74 34 35 31 38 30 30 30 30 30 30 30 30 30 30 30 30 30 30 30 30 0D
1779563996500,74 34 35 35 38 45 41 46 46 30 37 30 30 39 46 46 46 30 30 30 30 0D
1779563996504,74 34 35 31 38 30 30 30 30 30 30 30 30 30 30 30 30 30 30 30 30 0D
1779563996525,74 34 35 31 38 30 30 30 30 30 30 30 30 30 30 30 30 30 30 30 30 0D
1779563996534,74 34 35 35 38 45 41 46 46 30 37 30 30 39 46 46 46 30 30 30 30 0D
1779563996542,74 34 35 30 38 30 30 30 30 30 37 30 30 30 30 30 30 45 34 30 35 0D
1779563996557,74 34 35 31 38 30 30 30 30 30 30 30 30 30 30 30 30 30 30 30 30 0D
1779563996562,74 34 35 31 38 30 30 30 30 30 30 30 30 30 30 30 30 30 30 30 30 0D
1779563996573,74 34 35 35 38 45 41 46 46 30 37 30 30 39 46 46 46 30 30 30 30 0D
1779563996590,74 34 35 31 38 30 30 30 30 30 30 30 30 30 30 30 30 30 30 30 30 0D
1779563996603,74 34 35 35 38 45 41 46 46 30 37 30 30 39 46 46 46 30 30 30 30 0D
1779563996610,74 34 35 35 38 45 41 46 46 30 37 30 30 39 46 46 46 30 30 30 30 0D
1779563996623,74 34 35 31 38 30 30 30 30 30 30 30 30 30 30 30 30 30 30 30 30 0D
1779563996637,74 34 35 35 38 45 41 46 46 30 37 30 30 39 46 46 46 30 30 30 30 0D
1779563996640,74 34 35 30 38 30 30 30 30 30 37 30 30 30 30 30 30 45 34 30 35 0D
1779563996656,74 34 35 31 38 30 30 30 30 30 30 30 30 30 30 30 30 30 30 30 30 0D
1779563996664,74 34 35 31 38 30 30 30 30 30 30 30 30 30 30 30 30 30 30 30 30 0D
1779563996677,74 34 35 35 38 45 41 46 46 30 37 30 30 39 46 46 46 30 30 30 30 0D
1779563996683,74 34 35 31 38 30 30 30 30 30 30 30 30 30 30 30 30 30 30 30 30 0D
1779563996699,74 34 35 36 38 45 44 46 46 30 37 30 30 30 35 30 30 30 30 30 30 0D
1779563996715,74 34 35 35 38 45 41 46 46 30 37 30 30 39 46 46 46 30 30 30 30 0D
1779563996720,74 34 35 31 38 30 30 30 30 30 30 30 30 30 30 30 30 30 30 30 30 0D
1779563996731,74 34 35 35 38 45 41 46 46 30 37 30 30 39 46 46 46 30 30 30 30 0D
1779563996743,74 34 35 30 38 30 30 30 30 30 37 30 30 30 30 30 30 45 34 30 35 0D
1779563996750,74 34 35 31 38 30 30 30 30 30 30 30 30 30 30 30 30 30 30 30 30 0D
1779563996765,74 34 35 31 38 30 30 30 30 30 30 30 30 30 30 30 30 30 30 30 30 0D
1779563996770,74 34 35 35 38 45 41 46 46 30 37 30 30 39 46 46 46 30 30 30 30 0D
1779563996781,74 34 35 31 38 30 30 30 30 30 30 30 30 30 30 30 30 30 30 30 30 0D
1779563996801,74 34 35 35 38 45 41 46 46 30 37 30 30 39 46 46 46 30 30 30 30 0D
1779563996808,74 34 35 31 38 30 30 30 30 30 30 30 30 30 30 30 30 30 30 30 30 0D
1779563996816,74 34 35 35 38 45 41 46 46 30 37 30 30 39 46 46 46 30 30 30 30 0D
1779563996819,74 34 35 31 38 30 30 30 30 30 30 30 30 30 30 30 30 30 30 30 30 0D
1779563996830,74 34 35 35 38 45 41 46 46 30 37 30 30 39 46 46 46 30 30 30 30 0D
1779563996840,74 34 35 30 38 30 30 30 30 30 37 30 30 30 30 30 30 45 34 30 35 0D
1779563996851,74 34 35 31 38 30 30 30 30 30 30 30 30 30 30 30 30 30 30 30 30 0D
1779563996865,74 34 35 31 38 30 30 30 30 30 30 30 30 30 30 30 30 30 30 30 30 0D
1779563996872,74 34 35 35 38 45 41 46 46 30 37 30 30 39 46 46 46 30 30 30 30 0D
1779563996880,74 34 35 31 38 30 30 30 30 30 30 30 30 30 30 30 30 30 30 30 30 0D
1779563996892,74 34 35 35 38 45 41 46 46 30 37 30 30 39 46 46 46 30 30 30 30 0D
1779563996904,74 34 35 37 38 30 30 30 30 30 30 30 30 36 34 31 34 30 30 30 30 0D
1779563996908,74 34 35 31 38 30 30 30 30 30 30 30 30 30 30 30 30 30 30 30 30 0D
1779563996927,74 34 35 31 38 30 30 30 30 30 30 30 30 30 30 30 30 30 30 30 30 0D
1779563996936,74 34 35 35 38 45 41 46 46 30 37 30 30 39 46 46 46 30 30 30 30 0D
1779563996947,74 34 35 30 38 30 30 30 30 30 37 30 30 30 30 30 30 45 34 30 35 0D
1779563996957,74 34 35 31 38 30 30 30 30 30 30 30 30 30 30 30 30 30 30 30 30 0D
1779563996966,74 34 35 31 38 30 30 30 30 30 30 30 30 30 30 30 30 30 30 30 30 0D
1779563996979,74 34 35 35 38 45 39 46 46 30 37 30 30 39 46 46 46 30 30 30 30 0D
1779563996984,74 34 35 31 38 30 30 30 30 30 30 30 30 30 30 30 30 30 30 30 30 0D
1779563996991,74 34 35 35 38 45 39 46 46 30 37 30 30 39 46 46 46 30 30 30 30 0D
1779563997007,74 34 35 37 38 30 30 30 30 30 31 30 30 36 34 31 34 30 30 30 30 0D
1779563997011,74 34 35 31 38 30 30 30 30 30 30 30 30 30 30 30 30 30 30 30 30 0D
1779563997023,74 34 35 31 38 30 30 30 30 30 30 30 30 30 30 30 30 30 30 30 30 0D
1779563997035,74 34 35 35 38 45 39 46 46 30 37 30 30 39 46 46 46 30 30 30 30 0D
1779563997041,74 34 35 30 38 30 30 30 30 30 37 30 30 30 30 30 30 45 34 30 35 0D
1779563997056,74 34 35 31 38 30 30 30 30 30 30 30 30 30 30 30 30 30 30 30 30 0D
1779563997064,74 34 35 31 38 30 30 30 30 30 30 30 30 30 30 30 30 30 30 30 30 0D
1779563997081,74 34 35 35 38 45 39 46 46 30 37 30 30 39 46 46 46 30 30 30 30 0D
1779563997090,74 34 35 31 38 30 30 30 30 30 30 30 30 30 30 30 30 30 30 30 30 0D
1779563997118,74 34 35 35 38 45 39 46 46 30 37 30 30 39 46 46 46 30 30 30 30 0D
1779563997124,74 34 35 31 38 30 30 30 30 30 30 30 30 30 30 30 30 30 30 30 30 0D
1779563997133,74 34 35 35 38 45 39 46 46 30 37 30 30 39 46 46 46 30 30 30 30 0D
1779563997144,74 34 35 30 38 30 30 30 30 30 37 30 30 30 30 30 30 45 34 30 35 0D
1779563997155,74 34 35 31 38 30 30 30 30 30 30 30 30 30 30 30 30 30 30 30 30 0D
1779563997165,74 34 35 31 38 30 30 30 30 30 30 30 30 30 30 30 30 30 30 30 30 0D
1779563997173,74 34 35 35 38 45 41 46 46 30 37 30 30 39 45 46 46 30 30 30 30 0D
1779563997185,74 34 35 31 38 30 30 30 30 30 30 30 30 30 30 30 30 30 30 30 30 0D
1779563997198,74 34 35 35 38 45 41 46 46 30 37 30 30 39 45 46 46 30 30 30 30 0D
1779563997203,74 34 35 31 38 30 30 30 30 30 30 30 30 30 30 30 30 30 30 30 30 0D
1779563997215,74 34 35 35 38 45 41 46 46 30 37 30 30 39 45 46 46 30 30 30 30 0D
1779563997221,74 34 35 31 38 30 30 30 30 30 30 30 30 30 30 30 30 30 30 30 30 0D
1779563997233,74 34 35 35 38 45 41 46 46 30 37 30 30 39 45 46 46 30 30 30 30 0D
1779563997249,74 34 35 30 38 30 30 30 30 30 37 30 30 30 30 30 30 45 34 30 35 0D
1779563997264,74 34 35 31 38 30 30 30 30 30 30 30 30 30 30 30 30 30 30 30 30 0D
1779563997269,74 34 35 31 38 30 30 30 30 30 30 30 30 30 30 30 30 30 30 30 30 0D
1779563997276,74 34 35 35 38 45 41 46 46 30 37 30 30 39 45 46 46 30 30 30 30 0D
1779563997288,74 34 35 31 38 30 30 30 30 30 30 30 30 30 30 30 30 30 30 30 30 0D
1779563997314,74 34 35 35 38 45 41 46 46 30 37 30 30 39 45 46 46 30 30 30 30 0D
1779563997324,74 34 35 31 38 30 30 30 30 30 30 30 30 30 30 30 30 30 30 30 30 0D
1779563997337,74 34 35 35 38 45 41 46 46 30 37 30 30 39 45 46 46 30 30 30 30 0D
1779563997345,74 34 35 30 38 30 30 30 30 30 37 30 30 30 30 30 30 45 34 30 35 0D
1779563997353,74 34 35 31 38 30 30 30 30 30 30 30 30 30 30 30 30 30 30 30 30 0D
1779563997365,74 34 35 31 38 30 30 30 30 30 30 30 30 30 30 30 30 30 30 30 30 0D
1779563997377,74 34 35 35 38 45 42 46 46 30 37 30 30 39 46 46 46 30 30 30 30 0D
1779563997384,74 34 35 31 38 30 30 30 30 30 30 30 30 30 30 30 30 30 30 30 30 0D
1779563997417,74 34 35 35 38 45 42 46 46 30 37 30 30 39 46 46 46 30 30 30 30 0D
1779563997421,74 34 35 31 38 30 30 30 30 30 30 30 30 30 30 30 30 30 30 30 30 0D
1779563997434,74 34 35 35 38 45 42 46 46 30 37 30 30 39 46 46 46 30 30 30 30 0D
1779563997445,74 34 35 30 38 30 30 30 30 30 37 30 30 30 30 30 30 45 34 30 35 0D
1779563997457,74 34 35 31 38 30 30 30 30 30 30 30 30 30 30 30 30 30 30 30 30 0D
1779563997461,74 34 35 31 38 30 30 30 30 30 30 30 30 30 30 30 30 30 30 30 30 0D
1779563997473,74 34 35 35 38 45 42 46 46 30 37 30 30 39 46 46 46 30 30 30 30 0D
1779563997491,74 34 35 31 38 30 30 30 30 30 30 30 30 30 30 30 30 30 30 30 30 0D
1779563997500,74 34 35 36 38 45 44 46 46 30 37 30 30 30 34 30 30 30 30 30 30 0D
1779563997514,74 34 35 31 38 30 30 30 30 30 30 30 30 30 30 30 30 30 30 30 30 0D
1779563997523,74 34 35 31 38 30 30 30 30 30 30 30 30 30 30 30 30 30 30 30 30 0D
1779563997534,74 34 35 35 38 45 42 46 46 30 37 30 30 39 46 46 46 30 30 30 30 0D
1779563997547,74 34 35 30 38 30 30 30 30 30 37 30 30 30 30 30 30 45 34 30 35 0D
1779563997561,74 34 35 31 38 30 30 30 30 30 30 30 30 30 30 30 30 30 30 30 30 0D
1779563997570,74 34 35 31 38 30 30 30 30 30 30 30 30 30 30 30 30 30 30 30 30 0D
1779563997577,74 34 35 35 38 45 41 46 46 30 37 30 30 39 46 46 46 30 30 30 30 0D
1779563997586,74 34 35 31 38 30 30 30 30 30 30 30 30 30 30 30 30 30 30 30 30 0D
1779563997595,74 34 35 35 38 45 41 46 46 30 37 30 30 39 46 46 46 30 30 30 30 0D
1779563997615,74 34 35 39 38 36 46 41 34 42 45 31 36 42 45 31 41 30 33 42 37 0D
1779563997623,74 34 35 31 38 30 30 30 30 30 30 30 30 30 30 30 30 30 30 30 30 0D
1779563997634,74 34 35 35 38 45 41 46 46 30 37 30 30 39 46 46 46 30 30 30 30 0D
1779563997646,74 34 35 30 38 30 30 30 30 30 37 30 30 30 30 30 30 45 34 30 35 0D
1779563997651,74 34 35 31 38 30 30 30 30 30 30 30 30 30 30 30 30 30 30 30 30 0D
1779563997666,74 34 35 31 38 30 30 30 30 30 30 30 30 30 30 30 30 30 30 30 30 0D
1779563997678,74 34 35 35 38 45 41 46 46 30 37 30 30 39 46 46 46 30 30 30 30 0D
1779563997686,74 34 35 31 38 30 30 30 30 30 30 30 30 30 30 30 30 30 30 30 30 0D
1779563997702,74 34 35 35 38 45 41 46 46 30 37 30 30 39 46 46 46 30 30 30 30 0D
1779563997710,74 34 35 31 38 30 30 30 30 30 30 30 30 30 30 30 30 30 30 30 30 0D
1779563997715,74 34 35 35 38 45 41 46 46 30 37 30 30 39 46 46 46 30 30 30 30 0D
1779563997720,74 34 35 31 38 30 30 30 30 30 30 30 30 30 30 30 30 30 30 30 30 0D
1779563997738,74 34 35 35 38 45 41 46 46 30 37 30 30 39 46 46 46 30 30 30 30 0D
1779563997748,74 34 35 30 38 30 30 30 30 30 37 30 30 30 30 30 30 45 34 30 35 0D
1779563997761,74 34 35 31 38 30 30 30 30 30 30 30 30 30 30 30 30 30 30 30 30 0D
1779563997764,74 34 35 31 38 30 30 30 30 30 30 30 30 30 30 30 30 30 30 30 30 0D
1779563997779,74 34 35 35 38 45 41 46 46 30 37 30 30 39 46 46 46 30 30 30 30 0D
1779563997785,74 34 35 31 38 30 30 30 30 30 30 30 30 30 30 30 30 30 30 30 30 0D
1779563997800,74 34 35 35 38 45 41 46 46 30 37 30 30 39 46 46 46 30 30 30 30 0D
1779563997805,74 34 35 31 38 30 30 30 30 30 30 30 30 30 30 30 30 30 30 30 30 0D
1779563997813,74 34 35 35 38 45 41 46 46 30 37 30 30 39 46 46 46 30 30 30 30 0D
1779563997826,74 34 35 31 38 30 30 30 30 30 30 30 30 30 30 30 30 30 30 30 30 0D
1779563997833,74 34 35 35 38 45 41 46 46 30 37 30 30 39 46 46 46 30 30 30 30 0D
1779563997843,74 34 35 30 38 30 30 30 30 30 37 30 30 30 30 30 30 45 34 30 35 0D
1779563997859,74 34 35 31 38 30 30 30 30 30 30 30 30 30 30 30 30 30 30 30 30 0D
1779563997864,74 34 35 31 38 30 30 30 30 30 30 30 30 30 30 30 30 30 30 30 30 0D
1779563997878,74 34 35 35 38 45 41 46 46 30 37 30 30 39 46 46 46 30 30 30 30 0D
1779563997886,74 34 35 31 38 30 30 30 30 30 30 30 30 30 30 30 30 30 30 30 30 0D
1779563997893,74 34 35 35 38 45 41 46 46 30 37 30 30 39 46 46 46 30 30 30 30 0D
1779563997904,74 34 35 37 38 30 30 30 30 30 30 30 30 36 34 31 34 30 30 30 30 0D
1779563997913,74 34 35 31 38 30 30 30 30 30 30 30 30 30 30 30 30 30 30 30 30 0D
1779563997925,74 34 35 31 38 30 30 30 30 30 30 30 30 30 30 30 30 30 30 30 30 0D
1779563997935,74 34 35 35 38 45 41 46 46 30 37 30 30 39 46 46 46 30 30 30 30 0D
1779563997944,74 34 35 30 38 30 30 30 30 30 37 30 30 30 30 30 30 45 34 30 35 0D
1779563997955,74 34 35 31 38 30 30 30 30 30 30 30 30 30 30 30 30 30 30 30 30 0D
1779563997964,74 34 35 31 38 30 30 30 30 30 30 30 30 30 30 30 30 30 30 30 30 0D
1779563997977,74 34 35 35 38 45 41 46 46 30 37 30 30 39 46 46 46 30 30 30 30 0D
1779563997982,74 34 35 31 38 30 30 30 30 30 30 30 30 30 30 30 30 30 30 30 30 0D
1779563998018,74 34 35 35 38 45 41 46 46 30 37 30 30 39 46 46 46 30 30 30 30 0D
1779563998028,74 34 35 31 38 30 30 30 30 30 30 30 30 30 30 30 30 30 30 30 30 0D
1779563998037,74 34 35 35 38 45 41 46 46 30 37 30 30 39 46 46 46 30 30 30 30 0D
1779563998044,74 34 35 30 38 30 30 30 30 30 37 30 30 30 30 30 30 45 34 30 35 0D
1779563998068,74 34 35 31 38 30 30 30 30 30 30 30 30 30 30 30 30 30 30 30 30 0D
1779563998077,74 34 35 35 38 45 41 46 46 30 37 30 30 39 46 46 46 30 30 30 30 0D
1779563998083,74 34 35 31 38 30 30 30 30 30 30 30 30 30 30 30 30 30 30 30 30 0D
1779563998101,74 34 35 35 38 45 41 46 46 30 37 30 30 39 46 46 46 30 30 30 30 0D
1779563998105,74 34 35 31 38 30 30 30 30 30 30 30 30 30 30 30 30 30 30 30 30 0D
1779563998128,74 34 35 31 38 30 30 30 30 30 30 30 30 30 30 30 30 30 30 30 30 0D
1779563998135,74 34 35 35 38 45 41 46 46 30 37 30 30 39 46 46 46 30 30 30 30 0D
1779563998145,74 34 35 30 38 30 30 30 30 30 37 30 30 30 30 30 30 45 34 30 35 0D
1779563998161,74 34 35 31 38 30 30 30 30 30 30 30 30 30 30 30 30 30 30 30 30 0D
1779563998165,74 34 35 31 38 30 30 30 30 30 30 30 30 30 30 30 30 30 30 30 30 0D
1779563998177,74 34 35 35 38 45 41 46 46 30 37 30 30 39 46 46 46 30 30 30 30 0D
1779563998180,74 34 35 31 38 30 30 30 30 30 30 30 30 30 30 30 30 30 30 30 30 0D
1779563998207,74 34 35 35 38 45 41 46 46 30 37 30 30 39 46 46 46 30 30 30 30 0D
1779563998213,74 34 35 31 38 30 30 30 30 30 30 30 30 30 30 30 30 30 30 30 30 0D
1779563998220,74 34 35 31 38 30 30 30 30 30 30 30 30 30 30 30 30 30 30 30 30 0D
1779563998233,74 34 35 35 38 45 41 46 46 30 37 30 30 39 46 46 46 30 30 30 30 0D
1779563998246,74 34 35 30 38 30 30 30 30 30 37 30 30 30 30 30 30 45 34 30 35 0D
1779563998260,74 34 35 31 38 30 30 30 30 30 30 30 30 30 30 30 30 30 30 30 30 0D
1779563998271,74 34 35 31 38 30 30 30 30 30 30 30 30 30 30 30 30 30 30 30 30 0D
1779563998279,74 34 35 35 38 45 41 46 46 30 37 30 30 39 46 46 46 30 30 30 30 0D
1779563998284,74 34 35 31 38 30 30 30 30 30 30 30 30 30 30 30 30 30 30 30 30 0D
1779563998301,74 34 35 35 38 45 41 46 46 30 37 30 30 39 46 46 46 30 30 30 30 0D
1779563998306,74 34 35 31 38 30 30 30 30 30 30 30 30 30 30 30 30 30 30 30 30 0D
1779563998310,74 34 35 35 38 45 41 46 46 30 37 30 30 39 46 46 46 30 30 30 30 0D
1779563998322,74 34 35 31 38 30 30 30 30 30 30 30 30 30 30 30 30 30 30 30 30 0D
1779563998336,74 34 35 35 38 45 41 46 46 30 37 30 30 39 46 46 46 30 30 30 30 0D
1779563998347,74 34 35 30 38 30 30 30 30 30 37 30 30 30 30 30 30 45 34 30 35 0D
1779563998356,74 34 35 31 38 30 30 30 30 30 30 30 30 30 30 30 30 30 30 30 30 0D
1779563998362,74 34 35 31 38 30 30 30 30 30 30 30 30 30 30 30 30 30 30 30 30 0D
1779563998376,74 34 35 35 38 45 41 46 46 30 37 30 30 39 46 46 46 30 30 30 30 0D
1779563998392,74 34 35 31 38 30 30 30 30 30 30 30 30 30 30 30 30 30 30 30 30 0D
1779563998401,74 34 35 37 38 30 30 30 30 30 30 30 30 36 34 31 34 30 30 30 30 0D
1779563998411,74 34 35 31 38 30 30 30 30 30 30 30 30 30 30 30 30 30 30 30 30 0D
1779563998427,74 34 35 31 38 30 30 30 30 30 30 30 30 30 30 30 30 30 30 30 30 0D
1779563998433,74 34 35 35 38 45 41 46 46 30 37 30 30 39 46 46 46 30 30 30 30 0D
1779563998442,74 34 35 30 38 30 30 30 30 30 37 30 30 30 30 30 30 45 34 30 35 0D
1779563998458,74 34 35 31 38 30 30 30 30 30 30 30 30 30 30 30 30 30 30 30 30 0D
1779563998463,74 34 35 31 38 30 30 30 30 30 30 30 30 30 30 30 30 30 30 30 30 0D
1779563998471,74 34 35 35 38 45 41 46 46 30 37 30 30 39 46 46 46 30 30 30 30 0D
1779563998484,74 34 35 31 38 30 30 30 30 30 30 30 30 30 30 30 30 30 30 30 30 0D
1779563998501,74 34 35 35 38 45 41 46 46 30 37 30 30 39 46 46 46 30 30 30 30 0D
1779563998504,74 34 35 31 38 30 30 30 30 30 30 30 30 30 30 30 30 30 30 30 30 0D
1779563998518,74 34 35 35 38 45 41 46 46 30 37 30 30 39 46 46 46 30 30 30 30 0D
1779563998528,74 34 35 31 38 30 30 30 30 30 30 30 30 30 30 30 30 30 30 30 30 0D
1779563998535,74 34 35 35 38 45 41 46 46 30 37 30 30 39 46 46 46 30 30 30 30 0D
1779563998544,74 34 35 30 38 30 30 30 30 30 37 30 30 30 30 30 30 45 34 30 35 0D
1779563998554,74 34 35 31 38 30 30 30 30 30 30 30 30 30 30 30 30 30 30 30 30 0D
1779563998564,74 34 35 31 38 30 30 30 30 30 30 30 30 30 30 30 30 30 30 30 30 0D
1779563998577,74 34 35 35 38 45 41 46 46 30 37 30 30 39 46 46 46 30 30 30 30 0D
1779563998584,74 34 35 31 38 30 30 30 30 30 30 30 30 30 30 30 30 30 30 30 30 0D
1779563998603,74 34 35 35 38 45 41 46 46 30 37 30 30 39 46 46 46 30 30 30 30 0D
1779563998609,74 34 35 31 38 30 30 30 30 30 30 30 30 30 30 30 30 30 30 30 30 0D
1779563998610,74 34 35 35 38 45 41 46 46 30 37 30 30 39 46 46 46 30 30 30 30 0D
1779563998626,74 34 35 31 38 30 30 30 30 30 30 30 30 30 30 30 30 30 30 30 30 0D
1779563998633,74 34 35 35 38 45 41 46 46 30 37 30 30 39 46 46 46 30 30 30 30 0D
1779563998647,74 34 35 30 38 30 30 30 30 30 37 30 30 30 30 30 30 45 34 30 35 0D
1779563998655,74 34 35 31 38 30 30 30 30 30 30 30 30 30 30 30 30 30 30 30 30 0D
1779563998665,74 34 35 31 38 30 30 30 30 30 30 30 30 30 30 30 30 30 30 30 30 0D
1779563998676,74 34 35 35 38 45 41 46 46 30 37 30 30 39 46 46 46 30 30 30 30 0D
1779563998684,74 34 35 31 38 30 30 30 30 30 30 30 30 30 30 30 30 30 30 30 30 0D
1779563998703,74 34 35 35 38 45 41 46 46 30 37 30 30 39 46 46 46 30 30 30 30 0D
1779563998710,74 34 35 31 38 30 30 30 30 30 30 30 30 30 30 30 30 30 30 30 30 0D
1779563998713,74 34 35 35 38 45 41 46 46 30 37 30 30 39 46 46 46 30 30 30 30 0D
1779563998725,74 34 35 31 38 30 30 30 30 30 30 30 30 30 30 30 30 30 30 30 30 0D
1779563998733,74 34 35 35 38 45 41 46 46 30 37 30 30 39 46 46 46 30 30 30 30 0D
1779563998742,74 34 35 30 38 30 30 30 30 30 37 30 30 30 30 30 30 45 34 30 35 0D
1779563998752,74 34 35 31 38 30 30 30 30 30 30 30 30 30 30 30 30 30 30 30 30 0D
1779563998765,74 34 35 31 38 30 30 30 30 30 30 30 30 30 30 30 30 30 30 30 30 0D
1779563998774,74 34 35 35 38 45 41 46 46 30 37 30 30 39 46 46 46 30 30 30 30 0D
1779563998782,74 34 35 31 38 30 30 30 30 30 30 30 30 30 30 30 30 30 30 30 30 0D
1779563998801,74 34 35 35 38 45 41 46 46 30 37 30 30 39 46 46 46 30 30 30 30 0D
1779563998814,74 34 35 31 38 30 30 30 30 30 30 30 30 30 30 30 30 30 30 30 30 0D
1779563998825,74 34 35 31 38 30 30 30 30 30 30 30 30 30 30 30 30 30 30 30 30 0D
1779563998833,74 34 35 35 38 45 41 46 46 30 37 30 30 39 46 46 46 30 30 30 30 0D
1779563998843,74 34 35 30 38 30 30 30 30 30 37 30 30 30 30 30 30 45 34 30 35 0D
1779563998857,74 34 35 31 38 30 30 30 30 30 30 30 30 30 30 30 30 30 30 30 30 0D
1779563998862,74 34 35 31 38 30 30 30 30 30 30 30 30 30 30 30 30 30 30 30 30 0D
1779563998872,74 34 35 35 38 45 41 46 46 30 37 30 30 39 46 46 46 30 30 30 30 0D
1779563998882,74 34 35 31 38 30 30 30 30 30 30 30 30 30 30 30 30 30 30 30 30 0D
1779563998906,74 34 35 35 38 45 41 46 46 30 37 30 30 39 46 46 46 30 30 30 30 0D
1779563998908,74 34 35 31 38 30 30 30 30 30 30 30 30 30 30 30 30 30 30 30 30 0D
1779563998922,74 34 35 31 38 30 30 30 30 30 30 30 30 30 30 30 30 30 30 30 30 0D
1779563998929,74 34 35 35 38 45 41 46 46 30 37 30 30 39 46 46 46 30 30 30 30 0D
1779563998946,74 34 35 30 38 30 30 30 30 30 37 30 30 30 30 30 30 45 34 30 35 0D
1779563998958,74 34 35 31 38 30 30 30 30 30 30 30 30 30 30 30 30 30 30 30 30 0D
1779563998963,74 34 35 31 38 30 30 30 30 30 30 30 30 30 30 30 30 30 30 30 30 0D
1779563998972,74 34 35 35 38 45 42 46 46 30 37 30 30 39 46 46 46 30 30 30 30 0D
1779563998984,74 34 35 31 38 30 30 30 30 30 30 30 30 30 30 30 30 30 30 30 30 0D
1779563999000,74 34 35 35 38 45 42 46 46 30 37 30 30 39 46 46 46 30 30 30 30 0D
1779563999005,74 34 35 31 38 30 30 30 30 30 30 30 30 30 30 30 30 30 30 30 30 0D
1779563999013,74 34 35 35 38 45 42 46 46 30 37 30 30 39 46 46 46 30 30 30 30 0D
1779563999022,74 34 35 31 38 30 30 30 30 30 30 30 30 30 30 30 30 30 30 30 30 0D
1779563999042,74 34 35 35 38 45 42 46 46 30 37 30 30 39 46 46 46 30 30 30 30 0D
1779563999050,74 34 35 30 38 30 30 30 30 30 37 30 30 30 30 30 30 45 34 30 35 0D
1779563999054,74 34 35 31 38 30 30 30 30 30 30 30 30 30 30 30 30 30 30 30 30 0D
1779563999060,74 34 35 31 38 30 30 30 30 30 30 30 30 30 30 30 30 30 30 30 30 0D
1779563999072,74 34 35 35 38 45 42 46 46 30 37 30 30 39 46 46 46 30 30 30 30 0D
1779563999082,74 34 35 31 38 30 30 30 30 30 30 30 30 30 30 30 30 30 30 30 30 0D
1779563999097,74 34 35 35 38 45 42 46 46 30 37 30 30 39 46 46 46 30 30 30 30 0D
1779563999105,74 34 35 31 38 30 30 30 30 30 30 30 30 30 30 30 30 30 30 30 30 0D
1779563999112,74 34 35 35 38 45 42 46 46 30 37 30 30 39 46 46 46 30 30 30 30 0D
1779563999122,74 34 35 31 38 30 30 30 30 30 30 30 30 30 30 30 30 30 30 30 30 0D
1779563999136,74 34 35 35 38 45 42 46 46 30 37 30 30 39 46 46 46 30 30 30 30 0D
1779563999141,74 34 35 30 38 30 30 30 30 30 37 30 30 30 30 30 30 45 34 30 35 0D
1779563999155,74 34 35 31 38 30 30 30 30 30 30 30 30 30 30 30 30 30 30 30 30 0D
1779563999165,74 34 35 31 38 30 30 30 30 30 30 30 30 30 30 30 30 30 30 30 30 0D
1779563999176,74 34 35 35 38 45 41 46 46 30 37 30 30 39 45 46 46 30 30 30 30 0D
1779563999188,74 34 35 31 38 30 30 30 30 30 30 30 30 30 30 30 30 30 30 30 30 0D
1779563999205,74 34 35 35 38 45 41 46 46 30 37 30 30 39 45 46 46 30 30 30 30 0D
1779563999211,74 34 35 31 38 30 30 30 30 30 30 30 30 30 30 30 30 30 30 30 30 0D
1779563999225,74 34 35 31 38 30 30 30 30 30 30 30 30 30 30 30 30 30 30 30 30 0D
1779563999228,74 34 35 35 38 45 41 46 46 30 37 30 30 39 45 46 46 30 30 30 30 0D
1779563999247,74 34 35 30 38 30 30 30 30 30 37 30 30 30 30 30 30 45 34 30 35 0D
1779563999256,74 34 35 31 38 30 30 30 30 30 30 30 30 30 30 30 30 30 30 30 30 0D
1779563999262,74 34 35 31 38 30 30 30 30 30 30 30 30 30 30 30 30 30 30 30 30 0D
1779563999274,74 34 35 35 38 45 41 46 46 30 37 30 30 39 45 46 46 30 30 30 30 0D
1779563999288,74 34 35 31 38 30 30 30 30 30 30 30 30 30 30 30 30 30 30 30 30 0D
1779563999303,74 34 35 35 38 45 41 46 46 30 37 30 30 39 45 46 46 30 30 30 30 0D
1779563999309,74 34 35 31 38 30 30 30 30 30 30 30 30 30 30 30 30 30 30 30 30 0D
1779563999321,74 34 35 31 38 30 30 30 30 30 30 30 30 30 30 30 30 30 30 30 30 0D
1779563999343,74 34 35 35 38 45 41 46 46 30 37 30 30 39 45 46 46 30 30 30 30 0D
1779563999348,74 34 35 30 38 30 30 30 30 30 37 30 30 30 30 30 30 45 34 30 35 0D
1779563999364,74 34 35 31 38 30 30 30 30 30 30 30 30 30 30 30 30 30 30 30 30 0D
1779563999378,74 34 35 35 38 45 41 46 46 30 37 30 30 39 46 46 46 30 30 30 30 0D
1779563999383,74 34 35 31 38 30 30 30 30 30 30 30 30 30 30 30 30 30 30 30 30 0D
1779563999391,74 34 35 35 38 45 41 46 46 30 37 30 30 39 46 46 46 30 30 30 30 0D
1779563999396,74 34 35 37 38 30 30 30 30 30 30 30 30 36 34 31 34 30 30 30 30 0D
1779563999404,74 34 35 31 38 30 30 30 30 30 30 30 30 30 30 30 30 30 30 30 30 0D
1779563999413,74 34 35 35 38 45 41 46 46 30 37 30 30 39 46 46 46 30 30 30 30 0D
1779563999424,74 34 35 31 38 30 30 30 30 30 30 30 30 30 30 30 30 30 30 30 30 0D
1779563999432,74 34 35 35 38 45 41 46 46 30 37 30 30 39 46 46 46 30 30 30 30 0D
1779563999443,74 34 35 30 38 30 30 30 30 30 37 30 30 30 30 30 30 45 34 30 35 0D
1779563999455,74 34 35 31 38 30 30 30 30 30 30 30 30 30 30 30 30 30 30 30 30 0D
1779563999462,74 34 35 31 38 30 30 30 30 30 30 30 30 30 30 30 30 30 30 30 30 0D
1779563999480,74 34 35 35 38 45 41 46 46 30 37 30 30 39 46 46 46 30 30 30 30 0D
1779563999484,74 34 35 31 38 30 30 30 30 30 30 30 30 30 30 30 30 30 30 30 30 0D
1779563999511,74 34 35 35 38 45 41 46 46 30 37 30 30 39 46 46 46 30 30 30 30 0D
1779563999524,74 34 35 31 38 30 30 30 30 30 30 30 30 30 30 30 30 30 30 30 30 0D
1779563999543,74 34 35 35 38 45 41 46 46 30 37 30 30 39 46 46 46 30 30 30 30 0D
1779563999555,74 34 35 31 38 30 30 30 30 30 30 30 30 30 30 30 30 30 30 30 30 0D
1779563999563,74 34 35 31 38 30 30 30 30 30 30 30 30 30 30 30 30 30 30 30 30 0D
1779563999572,74 34 35 35 38 45 41 46 46 30 38 30 30 39 46 46 46 30 30 30 30 0D
1779563999587,74 34 35 31 38 30 30 30 30 30 30 30 30 30 30 30 30 30 30 30 30 0D
1779563999604,74 34 35 35 38 45 41 46 46 30 38 30 30 39 46 46 46 30 30 30 30 0D
1779563999614,74 34 35 31 38 30 30 30 30 30 30 30 30 30 30 30 30 30 30 30 30 0D
1779563999623,74 34 35 31 38 30 30 30 30 30 30 30 30 30 30 30 30 30 30 30 30 0D
1779563999636,74 34 35 35 38 45 41 46 46 30 38 30 30 39 46 46 46 30 30 30 30 0D
1779563999642,74 34 35 30 38 30 30 30 30 30 37 30 30 30 30 30 30 45 34 30 35 0D
1779563999656,74 34 35 31 38 30 30 30 30 30 30 30 30 30 30 30 30 30 30 30 30 0D
1779563999669,74 34 35 31 38 30 30 30 30 30 30 30 30 30 30 30 30 30 30 30 30 0D
1779563999679,74 34 35 35 38 45 41 46 46 30 38 30 30 39 46 46 46 30 30 30 30 0D
1779563999697,74 34 35 31 38 30 30 30 30 30 30 30 30 30 30 30 30 30 30 30 30 0D
1779563999700,74 34 35 35 38 45 41 46 46 30 38 30 30 39 46 46 46 30 30 30 30 0D
1779563999709,74 34 35 31 38 30 30 30 30 30 30 30 30 30 30 30 30 30 30 30 30 0D
1779563999724,74 34 35 31 38 30 30 30 30 30 30 30 30 30 30 30 30 30 30 30 30 0D
1779563999739,74 34 35 35 38 45 41 46 46 30 38 30 30 39 46 46 46 30 30 30 30 0D
1779563999745,74 34 35 30 38 30 30 30 30 30 37 30 30 30 30 30 30 45 34 30 35 0D
1779563999754,74 34 35 31 38 30 30 30 30 30 30 30 30 30 30 30 30 30 30 30 30 0D
1779563999764,74 34 35 31 38 30 30 30 30 30 30 30 30 30 30 30 30 30 30 30 30 0D
1779563999778,74 34 35 35 38 45 41 46 46 30 38 30 30 39 46 46 46 30 30 30 30 0D
1779563999789,74 34 35 31 38 30 30 30 30 30 30 30 30 30 30 30 30 30 30 30 30 0D
1779563999804,74 34 35 35 38 45 41 46 46 30 38 30 30 39 46 46 46 30 30 30 30 0D
1779563999810,74 34 35 31 38 30 30 30 30 30 30 30 30 30 30 30 30 30 30 30 30 0D
1779563999825,74 34 35 31 38 30 30 30 30 30 30 30 30 30 30 30 30 30 30 30 30 0D
1779563999836,74 34 35 35 38 45 41 46 46 30 38 30 30 39 46 46 46 30 30 30 30 0D
1779563999844,74 34 35 30 38 30 30 30 30 30 37 30 30 30 30 30 30 45 34 30 35 0D
1779563999858,74 34 35 31 38 30 30 30 30 30 30 30 30 30 30 30 30 30 30 30 30 0D
1779563999863,74 34 35 31 38 30 30 30 30 30 30 30 30 30 30 30 30 30 30 30 30 0D
1779563999879,74 34 35 35 38 45 41 46 46 30 38 30 30 39 46 46 46 30 30 30 30 0D
1779563999889,74 34 35 31 38 30 30 30 30 30 30 30 30 30 30 30 30 30 30 30 30 0D
1779563999900,74 34 35 35 38 45 41 46 46 30 38 30 30 39 46 46 46 30 30 30 30 0D
1779563999906,74 34 35 31 38 30 30 30 30 30 30 30 30 30 30 30 30 30 30 30 30 0D
1779563999910,74 34 35 35 38 45 41 46 46 30 38 30 30 39 46 46 46 30 30 30 30 0D
1779563999921,74 34 35 31 38 30 30 30 30 30 30 30 30 30 30 30 30 30 30 30 30 0D
1779563999934,74 34 35 35 38 45 41 46 46 30 38 30 30 39 46 46 46 30 30 30 30 0D
1779563999946,74 34 35 30 38 30 30 30 30 30 37 30 30 30 30 30 30 45 34 30 35 0D
1779563999959,74 34 35 34 38 30 31 30 30 30 30 30 30 30 30 30 30 30 30 30 30 0D
1779563999965,74 34 35 31 38 30 30 30 30 30 30 30 30 30 30 30 30 30 30 30 30 0D
1779563999971,74 34 35 35 38 45 41 46 46 30 37 30 30 39 46 46 46 30 30 30 30 0D
1779563999985,74 34 35 31 38 30 30 30 30 30 30 30 30 30 30 30 30 30 30 30 30 0D
1779563999991,74 34 35 35 38 45 41 46 46 30 37 30 30 39 46 46 46 30 30 30 30 0D
1779564000004,74 34 35 31 38 30 30 30 30 30 30 30 30 30 30 30 30 30 30 30 30 0D
1779564000018,74 34 35 35 38 45 41 46 46 30 37 30 30 39 46 46 46 30 30 30 30 0D
1779564000026,74 34 35 31 38 30 30 30 30 30 30 30 30 30 30 30 30 30 30 30 30 0D
1779564000040,74 34 35 35 38 45 41 46 46 30 37 30 30 39 46 46 46 30 30 30 30 0D
1779564000045,74 34 35 30 38 30 30 30 30 30 37 30 30 30 30 30 30 45 34 30 35 0D
1779564000056,74 34 35 32 38 38 43 30 30 30 30 30 30 30 30 30 30 32 37 30 30 0D
1779564000068,74 34 35 31 38 30 30 30 30 30 30 30 30 30 30 30 30 30 30 30 30 0D
1779564000074,74 34 35 35 38 45 41 46 46 30 37 30 30 39 46 46 46 30 30 30 30 0D
1779564000085,74 34 35 31 38 30 30 30 30 30 30 30 30 30 30 30 30 30 30 30 30 0D
1779564000093,74 34 35 35 38 45 41 46 46 30 37 30 30 39 46 46 46 30 30 30 30 0D
1779564000101,74 34 35 37 38 30 30 30 30 30 30 30 30 36 34 31 34 30 30 30 30 0D
1779564000107,74 34 35 31 38 30 30 30 30 30 30 30 30 30 30 30 30 30 30 30 30 0D
1779564000120,74 34 35 35 38 45 41 46 46 30 37 30 30 39 46 46 46 30 30 30 30 0D
1779564000125,74 34 35 31 38 30 30 30 30 30 30 30 30 30 30 30 30 30 30 30 30 0D
1779564000134,74 34 35 35 38 45 41 46 46 30 37 30 30 39 46 46 46 30 30 30 30 0D
1779564000140,74 34 35 30 38 30 30 30 30 30 37 30 30 30 30 30 30 45 34 30 35 0D
1779564000156,74 34 35 31 38 30 30 30 30 30 30 30 30 30 30 30 30 30 30 30 30 0D
1779564000162,74 34 35 31 38 30 30 30 30 30 30 30 30 30 30 30 30 30 30 30 30 0D
1779564000170,74 34 35 35 38 45 41 46 46 30 37 30 30 39 46 46 46 30 30 30 30 0D
1779564000189,74 34 35 31 38 30 30 30 30 30 30 30 30 30 30 30 30 30 30 30 30 0D
1779564000219,74 34 35 35 38 45 41 46 46 30 37 30 30 39 46 46 46 30 30 30 30 0D
1779564000228,74 34 35 31 38 30 30 30 30 30 30 30 30 30 30 30 30 30 30 30 30 0D
1779564000236,74 34 35 35 38 45 41 46 46 30 37 30 30 39 46 46 46 30 30 30 30 0D
1779564000245,74 34 35 30 38 30 30 30 30 30 37 30 30 30 30 30 30 45 34 30 35 0D
1779564000256,74 34 35 31 38 30 30 30 30 30 30 30 30 30 30 30 30 30 30 30 30 0D
1779564000264,74 34 35 31 38 30 30 30 30 30 30 30 30 30 30 30 30 30 30 30 30 0D
1779564000276,74 34 35 35 38 45 41 46 46 30 37 30 30 39 46 46 46 30 30 30 30 0D
1779564000284,74 34 35 31 38 30 30 30 30 30 30 30 30 30 30 30 30 30 30 30 30 0D
1779564000300,74 34 35 35 38 45 41 46 46 30 37 30 30 39 46 46 46 30 30 30 30 0D
1779564000307,74 34 35 31 38 30 30 30 30 30 30 30 30 30 30 30 30 30 30 30 30 0D
1779564000325,74 34 35 31 38 30 30 30 30 30 30 30 30 30 30 30 30 30 30 30 30 0D
1779564000335,74 34 35 36 38 45 44 46 46 30 37 30 30 30 34 30 30 30 30 30 30 0D
1779564000341,74 34 35 30 38 30 30 30 30 30 37 30 30 30 30 30 30 45 34 30 35 0D
1779564000352,74 34 35 31 38 30 30 30 30 30 30 30 30 30 30 30 30 30 30 30 30 0D
1779564000367,74 34 35 31 38 30 30 30 30 30 30 30 30 30 30 30 30 30 30 30 30 0D
1779564000375,74 34 35 35 38 45 39 46 46 30 37 30 30 39 46 46 46 30 30 30 30 0D
1779564000386,74 34 35 31 38 30 30 30 30 30 30 30 30 30 30 30 30 30 30 30 30 0D
1779564000408,74 34 35 35 38 45 39 46 46 30 37 30 30 39 46 46 46 30 30 30 30 0D
1779564000424,74 34 35 31 38 30 30 30 30 30 30 30 30 30 30 30 30 30 30 30 30 0D
1779564000433,74 34 35 35 38 45 39 46 46 30 37 30 30 39 46 46 46 30 30 30 30 0D
1779564000443,74 34 35 30 38 30 30 30 30 30 37 30 30 30 30 30 30 45 34 30 35 0D
1779564000456,74 34 35 31 38 30 30 30 30 30 30 30 30 30 30 30 30 30 30 30 30 0D
1779564000461,74 34 35 31 38 30 30 30 30 30 30 30 30 30 30 30 30 30 30 30 30 0D
1779564000475,74 34 35 35 38 45 39 46 46 30 37 30 30 39 46 46 46 30 30 30 30 0D
1779564000484,74 34 35 31 38 30 30 30 30 30 30 30 30 30 30 30 30 30 30 30 30 0D
1779564000519,74 34 35 35 38 45 39 46 46 30 37 30 30 39 46 46 46 30 30 30 30 0D
1779564000522,74 34 35 31 38 30 30 30 30 30 30 30 30 30 30 30 30 30 30 30 30 0D
1779564000534,74 34 35 35 38 45 39 46 46 30 37 30 30 39 46 46 46 30 30 30 30 0D
1779564000546,74 34 35 30 38 30 30 30 30 30 37 30 30 30 30 30 30 45 34 30 35 0D
1779564000555,74 34 35 31 38 30 30 30 30 30 30 30 30 30 30 30 30 30 30 30 30 0D
1779564000564,74 34 35 31 38 30 30 30 30 30 30 30 30 30 30 30 30 30 30 30 30 0D
1779564000575,74 34 35 35 38 45 41 46 46 30 37 30 30 39 46 46 46 30 30 30 30 0D
1779564000589,74 34 35 31 38 30 30 30 30 30 30 30 30 30 30 30 30 30 30 30 30 0D
1779564000615,74 34 35 35 38 45 41 46 46 30 37 30 30 39 46 46 46 30 30 30 30 0D
1779564000621,74 34 35 31 38 30 30 30 30 30 30 30 30 30 30 30 30 30 30 30 30 0D
1779564000636,74 34 35 35 38 45 41 46 46 30 37 30 30 39 46 46 46 30 30 30 30 0D
1779564000644,74 34 35 30 38 30 30 30 30 30 37 30 30 30 30 30 30 45 34 30 35 0D
1779564000654,74 34 35 31 38 30 30 30 30 30 30 30 30 30 30 30 30 30 30 30 30 0D
1779564000667,74 34 35 31 38 30 30 30 30 30 30 30 30 30 30 30 30 30 30 30 30 0D
1779564000672,74 34 35 35 38 45 41 46 46 30 37 30 30 39 46 46 46 30 30 30 30 0D
1779564000685,74 34 35 31 38 30 30 30 30 30 30 30 30 30 30 30 30 30 30 30 30 0D
1779564000699,74 34 35 35 38 45 41 46 46 30 37 30 30 39 46 46 46 30 30 30 30 0D
1779564000717,74 34 35 31 38 30 30 30 30 30 30 30 30 30 30 30 30 30 30 30 30 0D
1779564000721,74 34 35 31 38 30 30 30 30 30 30 30 30 30 30 30 30 30 30 30 30 0D
1779564000737,74 34 35 35 38 45 41 46 46 30 37 30 30 39 46 46 46 30 30 30 30 0D
1779564000742,74 34 35 30 38 30 30 30 30 30 37 30 30 30 30 30 30 45 34 30 35 0D
1779564000755,74 34 35 31 38 30 30 30 30 30 30 30 30 30 30 30 30 30 30 30 30 0D
1779564000763,74 34 35 31 38 30 30 30 30 30 30 30 30 30 30 30 30 30 30 30 30 0D
1779564000770,74 34 35 35 38 45 41 46 46 30 37 30 30 39 45 46 46 30 30 30 30 0D
1779564000784,74 34 35 31 38 30 30 30 30 30 30 30 30 30 30 30 30 30 30 30 30 0D
1779564000803,74 34 35 35 38 45 41 46 46 30 37 30 30 39 45 46 46 30 30 30 30 0D
1779564000810,74 34 35 31 38 30 30 30 30 30 30 30 30 30 30 30 30 30 30 30 30 0D
1779564000815,74 34 35 35 38 45 41 46 46 30 37 30 30 39 45 46 46 30 30 30 30 0D
1779564000823,74 34 35 31 38 30 30 30 30 30 30 30 30 30 30 30 30 30 30 30 30 0D
1779564000831,74 34 35 35 38 45 41 46 46 30 37 30 30 39 45 46 46 30 30 30 30 0D
1779564000841,74 34 35 30 38 30 30 30 30 30 37 30 30 30 30 30 30 45 34 30 35 0D
1779564000855,74 34 35 31 38 30 30 30 30 30 30 30 30 30 30 30 30 30 30 30 30 0D
1779564000864,74 34 35 31 38 30 30 30 30 30 30 30 30 30 30 30 30 30 30 30 30 0D
1779564000879,74 34 35 35 38 45 41 46 46 30 37 30 30 39 45 46 46 30 30 30 30 0D
1779564000888,74 34 35 31 38 30 30 30 30 30 30 30 30 30 30 30 30 30 30 30 30 0D
1779564000893,74 34 35 35 38 45 41 46 46 30 37 30 30 39 45 46 46 30 30 30 30 0D
1779564000901,74 34 35 37 38 30 30 30 30 30 30 30 30 36 34 31 34 30 30 30 30 0D
1779564000907,74 34 35 31 38 30 30 30 30 30 30 30 30 30 30 30 30 30 30 30 30 0D
1779564000924,74 34 35 31 38 30 30 30 30 30 30 30 30 30 30 30 30 30 30 30 30 0D
1779564000933,74 34 35 35 38 45 41 46 46 30 37 30 30 39 45 46 46 30 30 30 30 0D
1779564000950,74 34 35 30 38 30 30 30 30 30 37 30 30 30 30 30 30 45 34 30 35 0D
1779564000956,74 34 35 31 38 30 30 30 30 30 30 30 30 30 30 30 30 30 30 30 30 0D
1779564000964,74 34 35 31 38 30 30 30 30 30 30 30 30 30 30 30 30 30 30 30 30 0D
1779564000971,74 34 35 35 38 45 39 46 46 30 37 30 30 39 46 46 46 30 30 30 30 0D
1779564000982,74 34 35 31 38 30 30 30 30 30 30 30 30 30 30 30 30 30 30 30 30 0D
1779564001015,74 34 35 35 38 45 39 46 46 30 37 30 30 39 46 46 46 30 30 30 30 0D
1779564001036,74 34 35 31 38 30 30 30 30 30 30 30 30 30 30 30 30 30 30 30 30 0D
1779564001044,74 34 35 30 38 30 30 30 30 30 37 30 30 30 30 30 30 45 34 30 35 0D
1779564001055,74 34 35 31 38 30 30 30 30 30 30 30 30 30 30 30 30 30 30 30 30 0D
1779564001065,74 34 35 31 38 30 30 30 30 30 30 30 30 30 30 30 30 30 30 30 30 0D
1779564001073,74 34 35 35 38 45 39 46 46 30 37 30 30 39 46 46 46 30 30 30 30 0D
1779564001083,74 34 35 31 38 30 30 30 30 30 30 30 30 30 30 30 30 30 30 30 30 0D
1779564001106,74 34 35 35 38 45 39 46 46 30 37 30 30 39 46 46 46 30 30 30 30 0D
1779564001111,74 34 35 31 38 30 30 30 30 30 30 30 30 30 30 30 30 30 30 30 30 0D
1779564001125,74 34 35 31 38 30 30 30 30 30 30 30 30 30 30 30 30 30 30 30 30 0D
1779564001134,74 34 35 35 38 45 39 46 46 30 37 30 30 39 46 46 46 30 30 30 30 0D
1779564001142,74 34 35 30 38 30 30 30 30 30 37 30 30 30 30 30 30 45 34 30 35 0D
1779564001154,74 34 35 31 38 30 30 30 30 30 30 30 30 30 30 30 30 30 30 30 30 0D
1779564001164,74 34 35 31 38 30 30 30 30 30 30 30 30 30 30 30 30 30 30 30 30 0D
1779564001180,74 34 35 35 38 45 39 46 46 30 37 30 30 39 46 46 46 30 30 30 30 0D
1779564001187,74 34 35 31 38 30 30 30 30 30 30 30 30 30 30 30 30 30 30 30 30 0D
1779564001191,74 34 35 35 38 45 39 46 46 30 37 30 30 39 46 46 46 30 30 30 30 0D
1779564001198,74 34 35 37 38 30 30 30 30 30 30 30 30 36 34 31 34 30 30 30 30 0D
1779564001205,74 34 35 39 38 37 36 41 34 42 45 31 36 42 39 31 41 30 33 42 37 0D
1779564001213,74 34 35 31 38 30 30 30 30 30 30 30 30 30 30 30 30 30 30 30 30 0D
1779564001223,74 34 35 31 38 30 30 30 30 30 30 30 30 30 30 30 30 30 30 30 30 0D
1779564001231,74 34 35 35 38 45 39 46 46 30 37 30 30 39 46 46 46 30 30 30 30 0D
1779564001241,74 34 35 30 38 30 30 30 30 30 37 30 30 30 30 30 30 45 34 30 35 0D
1779564001252,74 34 35 31 38 30 30 30 30 30 30 30 30 30 30 30 30 30 30 30 30 0D
1779564001271,74 34 35 31 38 30 30 30 30 30 30 30 30 30 30 30 30 30 30 30 30 0D
1779564001276,74 34 35 35 38 45 39 46 46 30 37 30 30 39 46 46 46 30 30 30 30 0D
1779564001284,74 34 35 31 38 30 30 30 30 30 30 30 30 30 30 30 30 30 30 30 30 0D
1779564001315,74 34 35 35 38 45 39 46 46 30 37 30 30 39 46 46 46 30 30 30 30 0D
1779564001320,74 34 35 31 38 30 30 30 30 30 30 30 30 30 30 30 30 30 30 30 30 0D
1779564001331,74 34 35 35 38 45 39 46 46 30 37 30 30 39 46 46 46 30 30 30 30 0D
1779564001346,74 34 35 30 38 30 30 30 30 30 37 30 30 30 30 30 30 45 34 30 35 0D
1779564001357,74 34 35 31 38 30 30 30 30 30 30 30 30 30 30 30 30 30 30 30 30 0D
1779564001366,74 34 35 31 38 30 30 30 30 30 30 30 30 30 30 30 30 30 30 30 30 0D
1779564001382,74 34 35 35 38 45 42 46 46 30 38 30 30 39 46 46 46 30 30 30 30 0D
1779564001387,74 34 35 31 38 30 30 30 30 30 30 30 30 30 30 30 30 30 30 30 30 0D
1779564001400,74 34 35 35 38 45 42 46 46 30 38 30 30 39 46 46 46 30 30 30 30 0D
1779564001405,74 34 35 31 38 30 30 30 30 30 30 30 30 30 30 30 30 30 30 30 30 0D
1779564001412,74 34 35 35 38 45 42 46 46 30 38 30 30 39 46 46 46 30 30 30 30 0D
1779564001422,74 34 35 31 38 30 30 30 30 30 30 30 30 30 30 30 30 30 30 30 30 0D
1779564001433,74 34 35 35 38 45 42 46 46 30 38 30 30 39 46 46 46 30 30 30 30 0D
1779564001440,74 34 35 30 38 30 30 30 30 30 37 30 30 30 30 30 30 45 34 30 35 0D
1779564001453,74 34 35 31 38 30 30 30 30 30 30 30 30 30 30 30 30 30 30 30 30 0D
1779564001462,74 34 35 31 38 30 30 30 30 30 30 30 30 30 30 30 30 30 30 30 30 0D
1779564001477,74 34 35 35 38 45 42 46 46 30 38 30 30 39 46 46 46 30 30 30 30 0D
1779564001483,74 34 35 31 38 30 30 30 30 30 30 30 30 30 30 30 30 30 30 30 30 0D
1779564001511,74 34 35 35 38 45 42 46 46 30 38 30 30 39 46 46 46 30 30 30 30 0D
1779564001522,74 34 35 31 38 30 30 30 30 30 30 30 30 30 30 30 30 30 30 30 30 0D
1779564001533,74 34 35 35 38 45 42 46 46 30 38 30 30 39 46 46 46 30 30 30 30 0D
1779564001546,74 34 35 30 38 30 30 30 30 30 37 30 30 30 30 30 30 45 34 30 35 0D
1779564001551,74 34 35 31 38 30 30 30 30 30 30 30 30 30 30 30 30 30 30 30 30 0D
1779564001562,74 34 35 31 38 30 30 30 30 30 30 30 30 30 30 30 30 30 30 30 30 0D
1779564001579,74 34 35 35 38 45 41 46 46 30 37 30 30 39 46 46 46 30 30 30 30 0D
1779564001586,74 34 35 31 38 30 30 30 30 30 30 30 30 30 30 30 30 30 30 30 30 0D
1779564001599,74 34 35 35 38 45 41 46 46 30 37 30 30 39 46 46 46 30 30 30 30 0D
1779564001605,74 34 35 31 38 30 30 30 30 30 30 30 30 30 30 30 30 30 30 30 30 0D
1779564001609,74 34 35 35 38 45 41 46 46 30 37 30 30 39 46 46 46 30 30 30 30 0D
1779564001631,74 34 35 31 38 30 30 30 30 30 30 30 30 30 30 30 30 30 30 30 30 0D
1779564001637,74 34 35 35 38 45 41 46 46 30 37 30 30 39 46 46 46 30 30 30 30 0D
1779564001644,74 34 35 30 38 30 30 30 30 30 37 30 30 30 30 30 30 45 34 30 35 0D
1779564001656,74 34 35 31 38 30 30 30 30 30 30 30 30 30 30 30 30 30 30 30 30 0D
1779564001668,74 34 35 31 38 30 30 30 30 30 30 30 30 30 30 30 30 30 30 30 30 0D
1779564001677,74 34 35 35 38 45 41 46 46 30 37 30 30 39 46 46 46 30 30 30 30 0D
1779564001682,74 34 35 31 38 30 30 30 30 30 30 30 30 30 30 30 30 30 30 30 30 0D
1779564001706,74 34 35 35 38 45 41 46 46 30 37 30 30 39 46 46 46 30 30 30 30 0D
1779564001716,74 34 35 31 38 30 30 30 30 30 30 30 30 30 30 30 30 30 30 30 30 0D
1779564001722,74 34 35 31 38 30 30 30 30 30 30 30 30 30 30 30 30 30 30 30 30 0D
1779564001733,74 34 35 35 38 45 41 46 46 30 37 30 30 39 46 46 46 30 30 30 30 0D
1779564001742,74 34 35 30 38 30 30 30 30 30 37 30 30 30 30 30 30 45 34 30 35 0D
1779564001761,74 34 35 31 38 30 30 30 30 30 30 30 30 30 30 30 30 30 30 30 30 0D
1779564001768,74 34 35 31 38 30 30 30 30 30 30 30 30 30 30 30 30 30 30 30 30 0D
1779564001780,74 34 35 35 38 45 41 46 46 30 37 30 30 39 46 46 46 30 30 30 30 0D
1779564001786,74 34 35 31 38 30 30 30 30 30 30 30 30 30 30 30 30 30 30 30 30 0D
1779564001803,74 34 35 35 38 45 41 46 46 30 37 30 30 39 46 46 46 30 30 30 30 0D
1779564001814,74 34 35 31 38 30 30 30 30 30 30 30 30 30 30 30 30 30 30 30 30 0D
1779564001820,74 34 35 31 38 30 30 30 30 30 30 30 30 30 30 30 30 30 30 30 30 0D
1779564001835,74 34 35 35 38 45 41 46 46 30 37 30 30 39 46 46 46 30 30 30 30 0D
