1779565856959,74 34 35 31 38 30 30 30 30 30 30 30 30 30 30 30 30 30 30 30 30 0D
1779565856972,74 34 35 31 38 30 30 30 30 30 30 30 30 30 30 30 30 30 30 30 30 0D
1779565856984,74 34 35 37 38 30 30 30 30 30 30 30 30 36 34 31 34 30 30 30 30 0D
1779565856991,74 34 35 31 38 30 30 30 30 30 30 30 30 30 30 30 30 30 30 30 30 0D
1779565857006,74 34 35 31 38 30 30 30 30 30 30 30 30 30 30 30 30 30 30 30 30 0D
1779565857012,74 34 35 35 38 45 41 46 46 30 37 30 30 39 46 46 46 30 30 30 30 0D
1779565857030,74 34 35 30 38 30 30 30 30 30 37 30 30 30 30 30 30 45 34 30 35 0D
1779565857036,74 34 35 31 38 30 30 30 30 30 30 30 30 30 30 30 30 30 30 30 30 0D
1779565857055,74 34 35 31 38 30 30 30 30 30 30 30 30 30 30 30 30 30 30 30 30 0D
1779565857070,74 34 35 31 38 30 30 30 30 30 30 30 30 30 30 30 30 30 30 30 30 0D
1779565857078,74 34 35 35 38 45 41 46 46 30 37 30 30 39 46 46 46 30 30 30 30 0D
1779565857082,74 34 35 39 38 46 30 41 34 42 45 31 36 34 46 31 41 30 33 42 37 0D
1779565857088,74 34 35 31 38 30 30 30 30 30 30 30 30 30 30 30 30 30 30 30 30 0D
1779565857093,74 34 35 36 38 45 44 46 46 30 38 30 30 30 34 30 30 30 30 30 30 0D
1779565857109,74 34 35 31 38 30 30 30 30 30 30 30 30 30 30 30 30 30 30 30 30 0D
1779565857115,74 34 35 35 38 45 41 46 46 30 37 30 30 39 46 46 46 30 30 30 30 0D
1779565857128,74 34 35 30 38 30 30 30 30 30 37 30 30 30 30 30 30 45 34 30 35 0D
1779565857133,74 34 35 31 38 30 30 30 30 30 30 30 30 30 30 30 30 30 30 30 30 0D
1779565857152,74 34 35 31 38 30 30 30 30 30 30 30 30 30 30 30 30 30 30 30 30 0D
1779565857156,74 34 35 35 38 45 41 46 46 30 37 30 30 39 46 46 46 30 30 30 30 0D
1779565857168,74 34 35 31 38 30 30 30 30 30 30 30 30 30 30 30 30 30 30 30 30 0D
1779565857194,74 34 35 37 38 30 30 30 30 30 30 30 30 36 34 31 34 30 30 30 30 0D
1779565857204,74 34 35 39 38 46 30 41 34 42 45 31 36 35 30 31 41 30 33 42 37 0D
1779565857211,74 34 35 31 38 30 30 30 30 30 30 30 30 30 30 30 30 30 30 30 30 0D
1779565857228,74 34 35 30 38 30 30 30 30 30 37 30 30 30 30 30 30 45 34 30 35 0D
1779565857234,74 34 35 31 38 30 30 30 30 30 30 30 30 30 30 30 30 30 30 30 30 0D
1779565857251,74 34 35 31 38 30 30 30 30 30 30 30 30 30 30 30 30 30 30 30 30 0D
1779565857269,74 34 35 31 38 30 30 30 30 30 30 30 30 30 30 30 30 30 30 30 30 0D
1779565857276,74 34 35 37 38 30 30 30 30 30 30 30 30 36 34 31 34 30 30 30 30 0D
1779565857284,74 34 35 39 38 46 30 41 34 42 45 31 36 35 31 31 41 30 33 42 37 0D
1779565857294,74 34 35 31 38 30 30 30 30 30 30 30 30 30 30 30 30 30 30 30 30 0D
1779565857308,74 34 35 31 38 30 30 30 30 30 30 30 30 30 30 30 30 30 30 30 30 0D
1779565857313,74 34 35 35 38 45 41 46 46 30 37 30 30 39 46 46 46 30 30 30 30 0D
1779565857315,74 34 35 36 38 45 45 46 46 30 37 30 30 30 34 30 30 30 30 30 30 0D
1779565857332,74 34 35 30 38 30 30 30 30 30 37 30 30 30 30 30 30 45 34 30 35 0D
1779565857338,74 34 35 31 38 30 30 30 30 30 30 30 30 30 30 30 30 30 30 30 30 0D
1779565857348,74 34 35 31 38 30 30 30 30 30 30 30 30 30 30 30 30 30 30 30 30 0D
1779565857353,74 34 35 35 38 45 41 46 46 30 37 30 30 39 46 46 46 30 30 30 30 0D
1779565857370,74 34 35 31 38 30 30 30 30 30 30 30 30 30 30 30 30 30 30 30 30 0D
1779565857382,74 34 35 37 38 30 30 30 30 30 30 30 30 36 34 31 34 30 30 30 30 0D
1779565857389,74 34 35 39 38 46 30 41 34 42 45 31 36 35 32 31 41 30 33 42 37 0D
1779565857393,74 34 35 35 38 45 41 46 46 30 37 30 30 39 46 46 46 30 30 30 30 0D
1779565857410,74 34 35 31 38 30 30 30 30 30 30 30 30 30 30 30 30 30 30 30 30 0D
1779565857417,74 34 35 35 38 45 41 46 46 30 37 30 30 39 46 46 46 30 30 30 30 0D
1779565857426,74 34 35 30 38 30 30 30 30 30 37 30 30 30 30 30 30 45 34 30 35 0D
1779565857433,74 34 35 31 38 30 30 30 30 30 30 30 30 30 30 30 30 30 30 30 30 0D
1779565857448,74 34 35 31 38 30 30 30 30 30 30 30 30 30 30 30 30 30 30 30 30 0D
1779565857454,74 34 35 35 38 45 41 46 46 30 37 30 30 39 46 46 46 30 30 30 30 0D
1779565857472,74 34 35 31 38 30 30 30 30 30 30 30 30 30 30 30 30 30 30 30 30 0D
1779565857482,74 34 35 37 38 30 30 30 30 30 30 30 30 36 34 31 34 30 30 30 30 0D
1779565857486,74 34 35 31 38 30 30 30 30 30 30 30 30 30 30 30 30 30 30 30 30 0D
1779565857502,74 34 35 36 38 45 45 46 46 30 37 30 30 30 34 30 30 30 30 30 30 0D
1779565857507,74 34 35 31 38 30 30 30 30 30 30 30 30 30 30 30 30 30 30 30 30 0D
1779565857516,74 34 35 35 38 45 41 46 46 30 37 30 30 39 46 46 46 30 30 30 30 0D
1779565857530,74 34 35 30 38 30 30 30 30 30 37 30 30 30 30 30 30 45 34 30 35 0D
1779565857534,74 34 35 31 38 30 30 30 30 30 30 30 30 30 30 30 30 30 30 30 30 0D
1779565857548,74 34 35 31 38 30 30 30 30 30 30 30 30 30 30 30 30 30 30 30 30 0D
1779565857566,74 34 35 31 38 30 30 30 30 30 30 30 30 30 30 30 30 30 30 30 30 0D
1779565857572,74 34 35 35 38 45 41 46 46 30 37 30 30 39 46 46 46 30 30 30 30 0D
1779565857582,74 34 35 37 38 30 30 30 30 30 30 30 30 36 34 31 34 30 30 30 30 0D
1779565857586,74 34 35 31 38 30 30 30 30 30 30 30 30 30 30 30 30 30 30 30 30 0D
1779565857595,74 34 35 35 38 45 41 46 46 30 37 30 30 39 46 46 46 30 30 30 30 0D
1779565857608,74 34 35 31 38 30 30 30 30 30 30 30 30 30 30 30 30 30 30 30 30 0D
1779565857613,74 34 35 35 38 45 41 46 46 30 37 30 30 39 46 46 46 30 30 30 30 0D
1779565857625,74 34 35 30 38 30 30 30 30 30 37 30 30 30 30 30 30 45 34 30 35 0D
1779565857635,74 34 35 31 38 30 30 30 30 30 30 30 30 30 30 30 30 30 30 30 30 0D
1779565857651,74 34 35 31 38 30 30 30 30 30 30 30 30 30 30 30 30 30 30 30 30 0D
1779565857656,74 34 35 35 38 45 41 46 46 30 37 30 30 39 46 46 46 30 30 30 30 0D
1779565857674,74 34 35 31 38 30 30 30 30 30 30 30 30 30 30 30 30 30 30 30 30 0D
1779565857687,74 34 35 37 38 30 30 30 30 30 30 30 30 36 34 31 34 30 30 30 30 0D
1779565857694,74 34 35 31 38 30 30 30 30 30 30 30 30 30 30 30 30 30 30 30 30 0D
1779565857707,74 34 35 31 38 30 30 30 30 30 30 30 30 30 30 30 30 30 30 30 30 0D
1779565857716,74 34 35 35 38 45 41 46 46 30 37 30 30 39 46 46 46 30 30 30 30 0D
1779565857731,74 34 35 30 38 30 30 30 30 30 37 30 30 30 30 30 30 45 34 30 35 0D
1779565857735,74 34 35 31 38 30 30 30 30 30 30 30 30 30 30 30 30 30 30 30 30 0D
1779565857749,74 34 35 31 38 30 30 30 30 30 30 30 30 30 30 30 30 30 30 30 30 0D
1779565857751,74 34 35 35 38 45 39 46 46 30 37 30 30 39 46 46 46 30 30 30 30 0D
1779565857768,74 34 35 31 38 30 30 30 30 30 30 30 30 30 30 30 30 30 30 30 30 0D
1779565857773,74 34 35 36 38 45 44 46 46 30 38 30 30 30 34 30 30 30 30 30 30 0D
1779565857780,74 34 35 37 38 30 30 30 30 30 30 30 30 36 34 31 34 30 30 30 30 0D
1779565857786,74 34 35 31 38 30 30 30 30 30 30 30 30 30 30 30 30 30 30 30 30 0D
1779565857813,74 34 35 31 38 30 30 30 30 30 30 30 30 30 30 30 30 30 30 30 30 0D
1779565857817,74 34 35 35 38 45 39 46 46 30 37 30 30 39 46 46 46 30 30 30 30 0D
1779565857831,74 34 35 30 38 30 30 30 30 30 37 30 30 30 30 30 30 45 34 30 35 0D
1779565857835,30 0D 74 34 35 35 38 45 39 46 46 30 37 30 30 39 46 46 46 30 30 30 30 0D 74 34 35 36 38 45 44 46 46 30 38 30 30 30 34 30 30 30 30 30 30 0D 74 34 35 37 38 30 30 30 30 30 30 30 30 36 34 31 34 30
1779565857850,74 34 35 31 38 30 30 30 30 30 30 30 30 30 30 30 30 30 30 30 30 0D
1779565857870,74 34 35 31 38 30 30 30 30 30 30 30 30 30 30 30 30 30 30 30 30 0D
1779565857879,74 34 35 35 38 45 39 46 46 30 37 30 30 39 46 46 46 30 30 30 30 0D
1779565857888,74 34 35 39 38 46 31 41 34 42 45 31 36 35 34 31 41 30 33 42 37 0D
1779565857913,74 34 35 31 38 30 30 30 30 30 30 30 30 30 30 30 30 30 30 30 30 0D
1779565857919,74 34 35 35 38 45 39 46 46 30 37 30 30 39 46 46 46 30 30 30 30 0D
1779565857931,74 34 35 30 38 30 30 30 30 30 37 30 30 30 30 30 30 45 34 30 35 0D
1779565857944,74 34 35 31 38 30 30 30 30 30 30 30 30 30 30 30 30 30 30 30 30 0D
1779565857956,74 34 35 31 38 30 30 30 30 30 30 30 30 30 30 30 30 30 30 30 30 0D
1779565857974,74 34 35 31 38 30 30 30 30 30 30 30 30 30 30 30 30 30 30 30 30 0D
1779565857980,74 34 35 37 38 30 30 30 30 30 30 30 30 36 34 31 34 30 30 30 30 0D
1779565857984,74 34 35 39 38 46 32 41 34 42 45 31 36 35 35 31 41 30 33 42 37 0D
1779565857987,74 34 35 31 38 30 30 30 30 30 30 30 30 30 30 30 30 30 30 30 30 0D
1779565857993,74 34 35 35 38 45 39 46 46 30 37 30 30 39 46 46 46 30 30 30 30 0D
1779565858011,74 34 35 31 38 30 30 30 30 30 30 30 30 30 30 30 30 30 30 30 30 0D
1779565858030,74 34 35 30 38 30 30 30 30 30 37 30 30 30 30 30 30 45 34 30 35 0D
1779565858038,74 34 35 32 38 38 43 30 30 30 30 30 30 30 30 30 30 30 30 30 30 0D
1779565858049,74 34 35 31 38 30 30 30 30 30 30 30 30 30 30 30 30 30 30 30 30 0D
1779565858054,74 34 35 35 38 45 39 46 46 30 37 30 30 39 46 46 46 30 30 30 30 0D
1779565858070,74 34 35 31 38 30 30 30 30 30 30 30 30 30 30 30 30 30 30 30 30 0D
1779565858076,74 34 35 35 38 45 39 46 46 30 37 30 30 39 46 46 46 30 30 30 30 0D
1779565858082,74 34 35 37 38 30 30 30 30 30 31 30 30 36 34 31 34 30 30 30 30 0D
1779565858085,74 34 35 31 38 30 30 30 30 30 30 30 30 30 30 30 30 30 30 30 30 0D
1779565858094,74 34 35 35 38 45 39 46 46 30 37 30 30 39 46 46 46 30 30 30 30 0D
1779565858112,74 34 35 31 38 30 30 30 30 30 30 30 30 30 30 30 30 30 30 30 30 0D
1779565858130,74 34 35 30 38 30 30 30 30 30 37 30 30 30 30 30 30 45 34 30 35 0D
1779565858133,74 34 35 31 38 30 30 30 30 30 30 30 30 30 30 30 30 30 30 30 30 0D
1779565858155,74 34 35 31 38 30 30 30 30 30 30 30 30 30 30 30 30 30 30 30 30 0D
1779565858167,74 34 35 31 38 30 30 30 30 30 30 30 30 30 30 30 30 30 30 30 30 0D
1779565858173,74 34 35 36 38 45 44 46 46 30 37 30 30 30 34 30 30 30 30 30 30 0D
1779565858180,74 34 35 37 38 30 30 30 30 30 30 30 30 36 34 31 34 30 30 30 30 0D
1779565858186,74 34 35 31 38 30 30 30 30 30 30 30 30 30 30 30 30 30 30 30 30 0D
1779565858194,74 34 35 35 38 45 41 46 46 30 36 30 30 39 46 46 46 30 30 30 30 0D
1779565858213,74 34 35 31 38 30 30 30 30 30 30 30 30 30 30 30 30 30 30 30 30 0D
1779565858229,74 34 35 30 38 30 30 30 30 30 37 30 30 30 30 30 30 45 34 30 35 0D
1779565858235,74 34 35 31 38 30 30 30 30 30 30 30 30 30 30 30 30 30 30 30 30 0D
1779565858248,74 34 35 31 38 30 30 30 30 30 30 30 30 30 30 30 30 30 30 30 30 0D
1779565858255,74 34 35 35 38 45 41 46 46 30 36 30 30 39 46 46 46 30 30 30 30 0D
1779565858270,74 34 35 31 38 30 30 30 30 30 30 30 30 30 30 30 30 30 30 30 30 0D
1779565858279,74 34 35 36 38 45 44 46 46 30 37 30 30 30 34 30 30 30 30 30 30 0D
1779565858285,74 34 35 31 38 30 30 30 30 30 30 30 30 30 30 30 30 30 30 30 30 0D
1779565858296,74 34 35 35 38 45 41 46 46 30 36 30 30 39 46 46 46 30 30 30 30 0D
1779565858309,74 34 35 31 38 30 30 30 30 30 30 30 30 30 30 30 30 30 30 30 30 0D
1779565858313,74 34 35 35 38 45 41 46 46 30 36 30 30 39 46 46 46 30 30 30 30 0D
1779565858330,74 34 35 30 38 30 30 30 30 30 37 30 30 30 30 30 30 45 34 30 35 0D
1779565858334,74 34 35 31 38 30 30 30 30 30 30 30 30 30 30 30 30 30 30 30 30 0D
1779565858351,74 34 35 31 38 30 30 30 30 30 30 30 30 30 30 30 30 30 30 30 30 0D
1779565858365,74 34 35 31 38 30 30 30 30 30 30 30 30 30 30 30 30 30 30 30 30 0D
1779565858372,74 34 35 35 38 45 41 46 46 30 36 30 30 39 45 46 46 30 30 30 30 0D
1779565858381,74 34 35 37 38 30 30 30 30 30 30 30 30 36 34 31 34 30 30 30 30 0D
1779565858399,74 34 35 31 38 30 30 30 30 30 30 30 30 30 30 30 30 30 30 30 30 0D
1779565858410,74 34 35 31 38 30 30 30 30 30 30 30 30 30 30 30 30 30 30 30 30 0D
1779565858414,74 34 35 35 38 45 41 46 46 30 36 30 30 39 45 46 46 30 30 30 30 0D
1779565858428,74 34 35 30 38 30 30 30 30 30 37 30 30 30 30 30 30 45 34 30 35 0D
1779565858433,74 34 35 31 38 30 30 30 30 30 30 30 30 30 30 30 30 30 30 30 30 0D
1779565858449,74 34 35 31 38 30 30 30 30 30 30 30 30 30 30 30 30 30 30 30 30 0D
1779565858470,74 34 35 31 38 30 30 30 30 30 30 30 30 30 30 30 30 30 30 30 30 0D
1779565858474,74 34 35 35 38 45 41 46 46 30 36 30 30 39 45 46 46 30 30 30 30 0D
1779565858480,74 34 35 37 38 30 30 30 30 30 30 30 30 36 34 31 34 30 30 30 30 0D
1779565858488,74 34 35 31 38 30 30 30 30 30 30 30 30 30 30 30 30 30 30 30 30 0D
1779565858497,74 34 35 35 38 45 41 46 46 30 36 30 30 39 45 46 46 30 30 30 30 0D
1779565858508,74 34 35 31 38 30 30 30 30 30 30 30 30 30 30 30 30 30 30 30 30 0D
1779565858515,74 34 35 35 38 45 41 46 46 30 36 30 30 39 45 46 46 30 30 30 30 0D
1779565858533,74 34 35 30 38 30 30 30 30 30 37 30 30 30 30 30 30 45 34 30 35 0D
1779565858537,74 34 35 32 38 38 43 30 30 30 30 30 30 30 30 30 30 30 30 30 30 0D 74 34 35 33 38 39 45 30 30 30 30 30 30 30 30 30 30 30 30 30 30 0D 74 34 35 34 38 30 31 30 30 30 30 30 30 30 30 30 30 30 30 30
1779565858550,74 34 35 31 38 30 30 30 30 30 30 30 30 30 30 30 30 30 30 30 30 0D
1779565858552,74 34 35 35 38 45 39 46 46 30 37 30 30 39 45 46 46 30 30 30 30 0D
1779565858569,74 34 35 31 38 30 30 30 30 30 30 30 30 30 30 30 30 30 30 30 30 0D
1779565858576,74 34 35 35 38 45 39 46 46 30 37 30 30 39 45 46 46 30 30 30 30 0D
1779565858582,74 34 35 37 38 30 30 30 30 30 30 30 30 36 34 31 34 30 30 30 30 0D
1779565858586,74 34 35 31 38 30 30 30 30 30 30 30 30 30 30 30 30 30 30 30 30 0D
1779565858592,74 34 35 35 38 45 39 46 46 30 37 30 30 39 45 46 46 30 30 30 30 0D
1779565858611,74 34 35 31 38 30 30 30 30 30 30 30 30 30 30 30 30 30 30 30 30 0D
1779565858616,74 34 35 35 38 45 39 46 46 30 37 30 30 39 45 46 46 30 30 30 30 0D
1779565858627,74 34 35 30 38 30 30 30 30 30 37 30 30 30 30 30 30 45 34 30 35 0D
1779565858634,74 34 35 32 38 38 43 30 30 30 30 30 30 30 30 30 30 30 30 30 30 0D 74 34 35 33 38 39 45 30 30 30 30 30 30 30 30 30 30 30 30 30 30 0D
1779565858648,74 34 35 31 38 30 30 30 30 30 30 30 30 30 30 30 30 30 30 30 30 0D
1779565858653,74 34 35 35 38 45 39 46 46 30 37 30 30 39 45 46 46 30 30 30 30 0D
1779565858670,74 34 35 31 38 30 30 30 30 30 30 30 30 30 30 30 30 30 30 30 30 0D
1779565858679,74 34 35 35 38 45 39 46 46 30 37 30 30 39 45 46 46 30 30 30 30 0D
1779565858686,74 34 35 39 38 46 32 41 34 42 45 31 36 35 36 31 41 30 33 42 37 0D
1779565858692,74 34 35 31 38 30 30 30 30 30 30 30 30 30 30 30 30 30 30 30 30 0D
1779565858698,74 34 35 35 38 45 39 46 46 30 37 30 30 39 45 46 46 30 30 30 30 0D
1779565858709,74 34 35 31 38 30 30 30 30 30 30 30 30 30 30 30 30 30 30 30 30 0D
1779565858718,74 34 35 35 38 45 39 46 46 30 37 30 30 39 45 46 46 30 30 30 30 0D
1779565858732,74 34 35 30 38 30 30 30 30 30 37 30 30 30 30 30 30 45 34 30 35 0D
1779565858741,30 0D 74 34 35 35 38 45 41 46 46 30 37 30 30 39 46 46 46 30 30 30 30 0D 74 34 35 36 38 45 44 46 46 30 37 30 30 30 35 30 30 30 30 30 30 0D 74 34 35 37 38 30 30 30 30 30 30 30 30 36 34 31 34 30
1779565858749,74 34 35 31 38 30 30 30 30 30 30 30 30 30 30 30 30 30 30 30 30 0D
1779565858753,74 34 35 35 38 45 41 46 46 30 37 30 30 39 46 46 46 30 30 30 30 0D
1779565858768,74 34 35 31 38 30 30 30 30 30 30 30 30 30 30 30 30 30 30 30 30 0D
1779565858776,74 34 35 35 38 45 41 46 46 30 37 30 30 39 46 46 46 30 30 30 30 0D
1779565858782,74 34 35 37 38 30 30 30 30 30 30 30 30 36 34 31 34 30 30 30 30 0D
1779565858785,74 34 35 31 38 30 30 30 30 30 30 30 30 30 30 30 30 30 30 30 30 0D
1779565858792,74 34 35 35 38 45 41 46 46 30 37 30 30 39 46 46 46 30 30 30 30 0D
1779565858809,74 34 35 31 38 30 30 30 30 30 30 30 30 30 30 30 30 30 30 30 30 0D
1779565858815,74 34 35 35 38 45 41 46 46 30 37 30 30 39 46 46 46 30 30 30 30 0D
1779565858832,74 34 35 30 38 30 30 30 30 30 37 30 30 30 30 30 30 45 34 30 35 0D
1779565858837,74 34 35 31 38 30 30 30 30 30 30 30 30 30 30 30 30 30 30 30 30 0D
1779565858848,74 34 35 31 38 30 30 30 30 30 30 30 30 30 30 30 30 30 30 30 30 0D
1779565858853,74 34 35 35 38 45 41 46 46 30 37 30 30 39 46 46 46 30 30 30 30 0D
1779565858868,74 34 35 31 38 30 30 30 30 30 30 30 30 30 30 30 30 30 30 30 30 0D
1779565858874,74 34 35 35 38 45 41 46 46 30 37 30 30 39 46 46 46 30 30 30 30 0D
1779565858878,74 34 35 37 38 30 30 30 30 30 30 30 30 36 34 31 34 30 31 30 30 0D
1779565858892,74 34 35 31 38 30 30 30 30 30 30 30 30 30 30 30 30 30 30 30 30 0D
1779565858895,74 34 35 35 38 45 41 46 46 30 37 30 30 39 46 46 46 30 30 30 30 0D
1779565858910,74 34 35 31 38 30 30 30 30 30 30 30 30 30 30 30 30 30 30 30 30 0D
1779565858917,74 34 35 35 38 45 41 46 46 30 37 30 30 39 46 46 46 30 30 30 30 0D
1779565858926,74 34 35 30 38 30 30 30 30 30 37 30 30 30 30 30 30 45 34 30 35 0D
1779565858933,74 34 35 31 38 30 30 30 30 30 30 30 30 30 30 30 30 30 30 30 30 0D
1779565858948,74 34 35 31 38 30 30 30 30 30 30 30 30 30 30 30 30 30 30 30 30 0D
1779565858967,74 34 35 31 38 30 30 30 30 30 30 30 30 30 30 30 30 30 30 30 30 0D
1779565858979,74 34 35 35 38 45 41 46 46 30 37 30 30 39 46 46 46 30 30 30 30 0D
1779565858986,74 34 35 37 38 30 30 30 30 30 31 30 30 36 34 31 34 30 30 30 30 0D
1779565858987,74 34 35 31 38 30 30 30 30 30 30 30 30 30 30 30 30 30 30 30 30 0D
1779565858995,74 34 35 35 38 45 41 46 46 30 37 30 30 39 46 46 46 30 30 30 30 0D
1779565859009,74 34 35 31 38 30 30 30 30 30 30 30 30 30 30 30 30 30 30 30 30 0D
1779565859033,74 34 35 30 38 30 30 30 30 30 37 30 30 30 30 30 30 45 34 30 35 0D
1779565859041,30 0D 74 34 35 35 38 45 41 46 46 30 37 30 30 39 46 46 46 30 30 30 30 0D 74 34 35 36 38 45 44 46 46 30 38 30 30 30 33 30 30 30 30 30 30 0D 74 34 35 37 38 30 30 30 30 30 31 30 30 36 34 31 34 30
1779565859055,30 30 30 0D 74 34 35 39 38 46 30 41 34 42 45 31 36 35 36 31 41 30 33 42 37 0D
1779565859068,74 34 35 31 38 30 30 30 30 30 30 30 30 30 30 30 30 30 30 30 30 0D
1779565859073,74 34 35 35 38 45 41 46 46 30 37 30 30 39 46 46 46 30 30 30 30 0D
1779565859078,74 34 35 37 38 30 30 30 30 30 30 30 30 36 34 31 34 30 30 30 30 0D
1779565859085,74 34 35 31 38 30 30 30 30 30 30 30 30 30 30 30 30 30 30 30 30 0D
1779565859092,74 34 35 35 38 45 41 46 46 30 37 30 30 39 46 46 46 30 30 30 30 0D
1779565859112,74 34 35 31 38 30 30 30 30 30 30 30 30 30 30 30 30 30 30 30 30 0D
1779565859117,74 34 35 35 38 45 41 46 46 30 37 30 30 39 46 46 46 30 30 30 30 0D
1779565859142,74 34 35 30 38 30 30 30 30 30 37 30 30 30 30 30 30 45 34 30 35 0D
1779565859148,74 34 35 31 38 30 30 30 30 30 30 30 30 30 30 30 30 30 30 30 30 0D
1779565859158,74 34 35 35 38 45 41 46 46 30 37 30 30 39 46 46 46 30 30 30 30 0D
1779565859173,74 34 35 31 38 30 30 30 30 30 30 30 30 30 30 30 30 30 30 30 30 0D
1779565859177,74 34 35 37 38 30 30 30 30 30 30 30 30 36 34 31 34 30 30 30 30 0D
1779565859189,74 34 35 31 38 30 30 30 30 30 30 30 30 30 30 30 30 30 30 30 30 0D
1779565859208,74 34 35 31 38 30 30 30 30 30 30 30 30 30 30 30 30 30 30 30 30 0D
1779565859230,74 34 35 30 38 30 30 30 30 30 37 30 30 30 30 30 30 45 34 30 35 0D
1779565859251,74 34 35 31 38 30 30 30 30 30 30 30 30 30 30 30 30 30 30 30 30 0D
1779565859259,74 34 35 35 38 45 41 46 46 30 37 30 30 39 46 46 46 30 30 30 30 0D
1779565859276,74 34 35 31 38 30 30 30 30 30 30 30 30 30 30 30 30 30 30 30 30 0D
1779565859281,74 34 35 35 38 45 41 46 46 30 37 30 30 39 46 46 46 30 30 30 30 0D
1779565859291,74 34 35 31 38 30 30 30 30 30 30 30 30 30 30 30 30 30 30 30 30 0D
1779565859313,74 34 35 31 38 30 30 30 30 30 30 30 30 30 30 30 30 30 30 30 30 0D
1779565859317,74 34 35 35 38 45 41 46 46 30 37 30 30 39 46 46 46 30 30 30 30 0D
1779565859328,74 34 35 30 38 30 30 30 30 30 37 30 30 30 30 30 30 45 34 30 35 0D
1779565859336,74 34 35 31 38 30 30 30 30 30 30 30 30 30 30 30 30 30 30 30 30 0D
1779565859340,74 34 35 32 38 38 43 30 30 30 30 30 30 30 30 30 30 32 37 30 30 0D 74 34 35 33 38 39 45 30 30 30 30 30 30 30 30 30 30 30 30 30 30 0D 74 34 35 34 38 30 31 30 30 30 30 30 30 30 30 30 30 30 30 30
1779565859347,74 34 35 31 38 30 30 30 30 30 30 30 30 30 30 30 30 30 30 30 30 0D
1779565859350,74 34 35 35 38 45 39 46 46 30 37 30 30 39 46 46 46 30 30 30 30 0D
1779565859371,74 34 35 31 38 30 30 30 30 30 30 30 30 30 30 30 30 30 30 30 30 0D
1779565859378,74 34 35 35 38 45 39 46 46 30 37 30 30 39 46 46 46 30 30 30 30 0D
1779565859382,74 34 35 37 38 30 30 30 30 30 30 30 30 36 34 31 34 30 30 30 30 0D
1779565859396,74 34 35 39 38 45 45 41 34 42 45 31 36 35 35 31 41 30 33 42 37 0D
1779565859409,74 34 35 31 38 30 30 30 30 30 30 30 30 30 30 30 30 30 30 30 30 0D
1779565859416,74 34 35 35 38 45 39 46 46 30 37 30 30 39 46 46 46 30 30 30 30 0D
1779565859431,74 34 35 30 38 30 30 30 30 30 37 30 30 30 30 30 30 45 34 30 35 0D
1779565859440,74 34 35 37 38 30 30 30 30 30 30 30 30 36 34 31 34 30 30 30 30 0D 74 34 35 39 38 45 45 41 34 42 45 31 36 35 35 31 41 30 33 42 37 0D
1779565859455,74 34 35 31 38 30 30 30 30 30 30 30 30 30 30 30 30 30 30 30 30 0D
1779565859476,74 34 35 31 38 30 30 30 30 30 30 30 30 30 30 30 30 30 30 30 30 0D
1779565859481,74 34 35 35 38 45 39 46 46 30 37 30 30 39 46 46 46 30 30 30 30 0D
1779565859484,74 34 35 37 38 30 30 30 30 30 30 30 30 36 34 31 34 30 30 30 30 0D
1779565859488,74 34 35 31 38 30 30 30 30 30 30 30 30 30 30 30 30 30 30 30 30 0D
1779565859493,74 34 35 35 38 45 39 46 46 30 37 30 30 39 46 46 46 30 30 30 30 0D
1779565859509,74 34 35 31 38 30 30 30 30 30 30 30 30 30 30 30 30 30 30 30 30 0D
1779565859513,74 34 35 35 38 45 39 46 46 30 37 30 30 39 46 46 46 30 30 30 30 0D
1779565859526,74 34 35 30 38 30 30 30 30 30 37 30 30 30 30 30 30 45 34 30 35 0D
1779565859534,74 34 35 31 38 30 30 30 30 30 30 30 30 30 30 30 30 30 30 30 30 0D
1779565859541,30 30 30 0D 74 34 35 39 38 45 44 41 34 42 45 31 36 35 34 31 41 30 33 42 37 0D
1779565859548,74 34 35 31 38 30 30 30 30 30 30 30 30 30 30 30 30 30 30 30 30 0D
1779565859552,74 34 35 36 38 45 44 46 46 30 37 30 30 30 34 30 30 30 30 30 30 0D
1779565859568,74 34 35 31 38 30 30 30 30 30 30 30 30 30 30 30 30 30 30 30 30 0D
1779565859572,74 34 35 35 38 45 41 46 46 30 37 30 30 39 46 46 46 30 30 30 30 0D
1779565859577,74 34 35 37 38 30 30 30 30 30 31 30 30 36 34 31 34 30 30 30 30 0D
1779565859584,74 34 35 31 38 30 30 30 30 30 30 30 30 30 30 30 30 30 30 30 30 0D
1779565859595,74 34 35 35 38 45 41 46 46 30 37 30 30 39 46 46 46 30 30 30 30 0D
1779565859606,74 34 35 31 38 30 30 30 30 30 30 30 30 30 30 30 30 30 30 30 30 0D
1779565859610,74 34 35 35 38 45 41 46 46 30 37 30 30 39 46 46 46 30 30 30 30 0D
1779565859628,74 34 35 30 38 30 30 30 30 30 37 30 30 30 30 30 30 45 34 30 35 0D
1779565859644,74 34 35 31 38 30 30 30 30 30 30 30 30 30 30 30 30 30 30 30 30 0D
1779565859649,74 34 35 31 38 30 30 30 30 30 30 30 30 30 30 30 30 30 30 30 30 0D
1779565859655,74 34 35 35 38 45 41 46 46 30 37 30 30 39 46 46 46 30 30 30 30 0D
1779565859676,74 34 35 31 38 30 30 30 30 30 30 30 30 30 30 30 30 30 30 30 30 0D
1779565859682,74 34 35 35 38 45 41 46 46 30 37 30 30 39 46 46 46 30 30 30 30 0D
1779565859690,74 34 35 31 38 30 30 30 30 30 30 30 30 30 30 30 30 30 30 30 30 0D
1779565859696,74 34 35 36 38 45 45 46 46 30 37 30 30 30 35 30 30 30 30 30 30 0D
1779565859709,74 34 35 31 38 30 30 30 30 30 30 30 30 30 30 30 30 30 30 30 30 0D
1779565859717,74 34 35 35 38 45 41 46 46 30 37 30 30 39 46 46 46 30 30 30 30 0D
1779565859729,74 34 35 30 38 30 30 30 30 30 37 30 30 30 30 30 30 45 34 30 35 0D
1779565859733,74 34 35 31 38 30 30 30 30 30 30 30 30 30 30 30 30 30 30 30 30 0D
1779565859750,74 34 35 31 38 30 30 30 30 30 30 30 30 30 30 30 30 30 30 30 30 0D
1779565859758,74 34 35 35 38 45 41 46 46 30 37 30 30 39 46 46 46 30 30 30 30 0D
1779565859769,74 34 35 31 38 30 30 30 30 30 30 30 30 30 30 30 30 30 30 30 30 0D
1779565859773,74 34 35 35 38 45 41 46 46 30 37 30 30 39 46 46 46 30 30 30 30 0D
1779565859780,74 34 35 37 38 30 30 30 30 30 31 30 30 36 34 31 34 30 30 30 30 0D
1779565859790,74 34 35 31 38 30 30 30 30 30 30 30 30 30 30 30 30 30 30 30 30 0D
1779565859796,74 34 35 35 38 45 41 46 46 30 37 30 30 39 46 46 46 30 30 30 30 0D
1779565859808,74 34 35 31 38 30 30 30 30 30 30 30 30 30 30 30 30 30 30 30 30 0D
1779565859814,74 34 35 35 38 45 41 46 46 30 37 30 30 39 46 46 46 30 30 30 30 0D
1779565859829,74 34 35 30 38 30 30 30 30 30 37 30 30 30 30 30 30 45 34 30 35 0D
1779565859833,74 34 35 31 38 30 30 30 30 30 30 30 30 30 30 30 30 30 30 30 30 0D
1779565859852,74 34 35 31 38 30 30 30 30 30 30 30 30 30 30 30 30 30 30 30 30 0D
1779565859857,74 34 35 35 38 45 41 46 46 30 37 30 30 39 46 46 46 30 30 30 30 0D
1779565859872,74 34 35 31 38 30 30 30 30 30 30 30 30 30 30 30 30 30 30 30 30 0D
1779565859878,74 34 35 35 38 45 41 46 46 30 37 30 30 39 46 46 46 30 30 30 30 0D
1779565859880,74 34 35 37 38 30 30 30 30 30 31 30 30 36 34 31 34 30 30 30 30 0D
1779565859889,74 34 35 31 38 30 30 30 30 30 30 30 30 30 30 30 30 30 30 30 30 0D
1779565859911,74 34 35 31 38 30 30 30 30 30 30 30 30 30 30 30 30 30 30 30 30 0D
1779565859916,74 34 35 35 38 45 41 46 46 30 37 30 30 39 46 46 46 30 30 30 30 0D
1779565859928,74 34 35 30 38 30 30 30 30 30 37 30 30 30 30 30 30 45 34 30 35 0D
1779565859944,74 34 35 31 38 30 30 30 30 30 30 30 30 30 30 30 30 30 30 30 30 0D
1779565859947,74 34 35 31 38 30 30 30 30 30 30 30 30 30 30 30 30 30 30 30 30 0D
1779565859954,74 34 35 35 38 45 41 46 46 30 37 30 30 39 46 46 46 30 30 30 30 0D
1779565859973,74 34 35 31 38 30 30 30 30 30 30 30 30 30 30 30 30 30 30 30 30 0D
1779565859984,74 34 35 37 38 30 30 30 30 30 32 30 30 36 34 31 34 30 30 30 30 0D
1779565859991,74 34 35 31 38 30 30 30 30 30 30 30 30 30 30 30 30 30 30 30 30 0D
1779565860016,74 34 35 31 38 30 30 30 30 30 30 30 30 30 30 30 30 30 30 30 30 0D
1779565860032,74 34 35 30 38 30 30 30 30 30 37 30 30 30 30 30 30 45 34 30 35 0D
1779565860041,74 34 35 31 38 30 30 30 30 30 30 30 30 30 30 30 30 30 30 30 30 0D
1779565860053,74 34 35 31 38 30 30 30 30 30 30 30 30 30 30 30 30 30 30 30 30 0D
1779565860068,74 34 35 31 38 30 30 30 30 30 30 30 30 30 30 30 30 30 30 30 30 0D
1779565860071,74 34 35 35 38 45 41 46 46 30 37 30 30 39 46 46 46 30 30 30 30 0D
1779565860076,74 34 35 37 38 30 30 30 30 30 31 30 30 36 34 31 34 30 30 30 30 0D
1779565860093,74 34 35 31 38 30 30 30 30 30 30 30 30 30 30 30 30 30 30 30 30 0D
1779565860114,74 34 35 31 38 30 30 30 30 30 30 30 30 30 30 30 30 30 30 30 30 0D
1779565860119,74 34 35 36 38 45 44 46 46 30 37 30 30 30 34 30 30 30 30 30 30 0D
1779565860131,74 34 35 30 38 30 30 30 30 30 37 30 30 30 30 30 30 45 34 30 35 0D
1779565860134,74 34 35 31 38 30 30 30 30 30 30 30 30 30 30 30 30 30 30 30 30 0D
1779565860151,74 34 35 31 38 30 30 30 30 30 30 30 30 30 30 30 30 30 30 30 30 0D
1779565860156,74 34 35 35 38 45 42 46 46 30 37 30 30 39 45 46 46 30 30 30 30 0D
1779565860171,74 34 35 31 38 30 30 30 30 30 30 30 30 30 30 30 30 30 30 30 30 0D
1779565860181,74 34 35 37 38 30 30 30 30 30 32 30 30 36 34 31 34 30 30 30 30 0D
1779565860196,74 34 35 31 38 30 30 30 30 30 30 30 30 30 30 30 30 30 30 30 30 0D
1779565860211,74 34 35 31 38 30 30 30 30 30 30 30 30 30 30 30 30 30 30 30 30 0D
1779565860230,74 34 35 30 38 30 30 30 30 30 37 30 30 30 30 30 30 45 34 30 35 0D
1779565860242,74 34 35 31 38 30 30 30 30 30 30 30 30 30 30 30 30 30 30 30 30 0D
1779565860253,74 34 35 31 38 30 30 30 30 30 30 30 30 30 30 30 30 30 30 30 30 0D
1779565860270,74 34 35 31 38 30 30 30 30 30 30 30 30 30 30 30 30 30 30 30 30 0D
1779565860289,74 34 35 35 38 45 42 46 46 30 37 30 30 39 45 46 46 30 30 30 30 0D
1779565860304,74 34 35 35 38 45 42 46 46 30 37 30 30 39 45 46 46 30 30 30 30 0D
1779565860308,74 34 35 31 38 30 30 30 30 30 30 30 30 30 30 30 30 30 30 30 30 0D
1779565860320,74 34 35 35 38 45 42 46 46 30 37 30 30 39 45 46 46 30 30 30 30 0D
1779565860326,74 34 35 30 38 30 30 30 30 30 37 30 30 30 30 30 30 45 34 30 35 0D
1779565860341,74 34 35 31 38 30 30 30 30 30 30 30 30 30 30 30 30 30 30 30 30 0D
1779565860354,74 34 35 31 38 30 30 30 30 30 30 30 30 30 30 30 30 30 30 30 30 0D
1779565860362,74 34 35 35 38 45 41 46 46 30 37 30 30 39 46 46 46 30 30 30 30 0D
1779565860372,74 34 35 31 38 30 30 30 30 30 30 30 30 30 30 30 30 30 30 30 30 0D
1779565860386,74 34 35 35 38 45 41 46 46 30 37 30 30 39 46 46 46 30 30 30 30 0D
1779565860390,74 34 35 31 38 30 30 30 30 30 30 30 30 30 30 30 30 30 30 30 30 0D
1779565860409,74 34 35 31 38 30 30 30 30 30 30 30 30 30 30 30 30 30 30 30 30 0D
1779565860420,74 34 35 35 38 45 41 46 46 30 37 30 30 39 46 46 46 30 30 30 30 0D
1779565860428,74 34 35 30 38 30 30 30 30 30 37 30 30 30 30 30 30 45 34 30 35 0D
1779565860443,74 34 35 31 38 30 30 30 30 30 30 30 30 30 30 30 30 30 30 30 30 0D
1779565860447,74 34 35 31 38 30 30 30 30 30 30 30 30 30 30 30 30 30 30 30 30 0D
1779565860456,74 34 35 36 38 45 45 46 46 30 37 30 30 30 33 30 30 30 30 30 30 0D
1779565860469,74 34 35 31 38 30 30 30 30 30 30 30 30 30 30 30 30 30 30 30 30 0D
1779565860490,74 34 35 35 38 45 41 46 46 30 37 30 30 39 46 46 46 30 30 30 30 0D
1779565860505,74 34 35 31 38 30 30 30 30 30 30 30 30 30 30 30 30 30 30 30 30 0D
1779565860508,74 34 35 31 38 30 30 30 30 30 30 30 30 30 30 30 30 30 30 30 30 0D
1779565860522,74 34 35 35 38 45 41 46 46 30 37 30 30 39 46 46 46 30 30 30 30 0D
1779565860527,74 34 35 30 38 30 30 30 30 30 37 30 30 30 30 30 30 45 34 30 35 0D
1779565860542,74 34 35 31 38 30 30 30 30 30 30 30 30 30 30 30 30 30 30 30 30 0D
1779565860544,74 34 35 31 38 30 30 30 30 30 30 30 30 30 30 30 30 30 30 30 30 0D
1779565860555,74 34 35 35 38 45 39 46 46 30 37 30 30 39 46 46 46 30 30 30 30 0D
1779565860569,74 34 35 31 38 30 30 30 30 30 30 30 30 30 30 30 30 30 30 30 30 0D
1779565860586,74 34 35 35 38 45 39 46 46 30 37 30 30 39 46 46 46 30 30 30 30 0D
1779565860600,74 34 35 35 38 45 39 46 46 30 37 30 30 39 46 46 46 30 30 30 30 0D
1779565860606,74 34 35 31 38 30 30 30 30 30 30 30 30 30 30 30 30 30 30 30 30 0D
1779565860619,74 34 35 35 38 45 39 46 46 30 37 30 30 39 46 46 46 30 30 30 30 0D
1779565860637,74 34 35 30 38 30 30 30 30 30 37 30 30 30 30 30 30 45 34 30 35 0D
1779565860653,74 34 35 31 38 30 30 30 30 30 30 30 30 30 30 30 30 30 30 30 30 0D
1779565860658,74 34 35 31 38 30 30 30 30 30 30 30 30 30 30 30 30 30 30 30 30 0D
1779565860668,74 34 35 31 38 30 30 30 30 30 30 30 30 30 30 30 30 30 30 30 30 0D
1779565860685,74 34 35 35 38 45 39 46 46 30 37 30 30 39 46 46 46 30 30 30 30 0D
1779565860690,74 34 35 31 38 30 30 30 30 30 30 30 30 30 30 30 30 30 30 30 30 0D
1779565860718,74 34 35 31 38 30 30 30 30 30 30 30 30 30 30 30 30 30 30 30 30 0D
1779565860721,74 34 35 35 38 45 39 46 46 30 37 30 30 39 46 46 46 30 30 30 30 0D
1779565860724,74 34 35 30 38 30 30 30 30 30 37 30 30 30 30 30 30 45 34 30 35 0D
1779565860744,74 34 35 31 38 30 30 30 30 30 30 30 30 30 30 30 30 30 30 30 30 0D
1779565860752,74 34 35 31 38 30 30 30 30 30 30 30 30 30 30 30 30 30 30 30 30 0D
1779565860771,74 34 35 31 38 30 30 30 30 30 30 30 30 30 30 30 30 30 30 30 30 0D
1779565860775,74 34 35 37 38 30 30 30 30 30 31 30 30 36 34 31 34 30 30 30 30 0D
1779565860793,74 34 35 39 38 45 30 41 34 42 45 31 36 35 46 31 41 30 33 42 37 0D
1779565860806,74 34 35 31 38 30 30 30 30 30 30 30 30 30 30 30 30 30 30 30 30 0D
1779565860821,74 34 35 35 38 45 41 46 46 30 37 30 30 39 46 46 46 30 30 30 30 0D
1779565860825,74 34 35 30 38 30 30 30 30 30 37 30 30 30 30 30 30 45 34 30 35 0D
1779565860840,74 34 35 31 38 30 30 30 30 30 30 30 30 30 30 30 30 30 30 30 30 0D
1779565860845,74 34 35 31 38 30 30 30 30 30 30 30 30 30 30 30 30 30 30 30 30 0D
1779565860861,74 34 35 35 38 45 41 46 46 30 37 30 30 39 46 46 46 30 30 30 30 0D
1779565860868,74 34 35 31 38 30 30 30 30 30 30 30 30 30 30 30 30 30 30 30 30 0D
1779565860877,74 34 35 35 38 45 41 46 46 30 37 30 30 39 46 46 46 30 30 30 30 0D
1779565860886,74 34 35 37 38 30 30 30 30 30 30 30 30 36 34 31 34 30 30 30 30 0D
1779565860908,74 34 35 31 38 30 30 30 30 30 30 30 30 30 30 30 30 30 30 30 30 0D
1779565860918,74 34 35 35 38 45 41 46 46 30 37 30 30 39 46 46 46 30 30 30 30 0D
1779565860929,74 34 35 30 38 30 30 30 30 30 37 30 30 30 30 30 30 45 34 30 35 0D
1779565860940,74 34 35 31 38 30 30 30 30 30 30 30 30 30 30 30 30 30 30 30 30 0D
1779565860948,74 34 35 31 38 30 30 30 30 30 30 30 30 30 30 30 30 30 30 30 30 0D
1779565860959,74 34 35 35 38 45 41 46 46 30 37 30 30 39 46 46 46 30 30 30 30 0D
1779565860966,74 34 35 31 38 30 30 30 30 30 30 30 30 30 30 30 30 30 30 30 30 0D
1779565860975,74 34 35 35 38 45 41 46 46 30 37 30 30 39 46 46 46 30 30 30 30 0D
1779565860986,74 34 35 37 38 30 30 30 30 30 31 30 30 36 34 31 34 30 30 30 30 0D
1779565860991,74 34 35 39 38 44 46 41 34 42 45 31 36 36 31 31 41 30 33 42 37 0D
1779565861002,74 34 35 31 38 30 30 30 30 30 30 30 30 30 30 30 30 30 30 30 30 0D
1779565861011,74 34 35 31 38 30 30 30 30 30 30 30 30 30 30 30 30 30 30 30 30 0D
1779565861018,74 34 35 35 38 45 41 46 46 30 37 30 30 39 46 46 46 30 30 30 30 0D
1779565861026,74 34 35 30 38 30 30 30 30 30 37 30 30 30 30 30 30 45 34 30 35 0D
1779565861037,74 34 35 31 38 30 30 30 30 30 30 30 30 30 30 30 30 30 30 30 30 0D
1779565861049,74 34 35 31 38 30 30 30 30 30 30 30 30 30 30 30 30 30 30 30 30 0D
1779565861056,74 34 35 35 38 45 41 46 46 30 37 30 30 39 46 46 46 30 30 30 30 0D
1779565861067,74 34 35 31 38 30 30 30 30 30 30 30 30 30 30 30 30 30 30 30 30 0D
1779565861097,74 34 35 35 38 45 41 46 46 30 37 30 30 39 46 46 46 30 30 30 30 0D
1779565861107,74 34 35 31 38 30 30 30 30 30 30 30 30 30 30 30 30 30 30 30 30 0D
1779565861120,74 34 35 35 38 45 41 46 46 30 37 30 30 39 46 46 46 30 30 30 30 0D
1779565861124,74 34 35 30 38 30 30 30 30 30 37 30 30 30 30 30 30 45 34 30 35 0D
1779565861140,74 34 35 31 38 30 30 30 30 30 30 30 30 30 30 30 30 30 30 30 30 0D
1779565861150,74 34 35 31 38 30 30 30 30 30 30 30 30 30 30 30 30 30 30 30 30 0D
1779565861157,74 34 35 35 38 45 41 46 46 30 37 30 30 39 46 46 46 30 30 30 30 0D
1779565861166,74 34 35 31 38 30 30 30 30 30 30 30 30 30 30 30 30 30 30 30 30 0D
1779565861178,74 34 35 35 38 45 41 46 46 30 37 30 30 39 46 46 46 30 30 30 30 0D
1779565861188,74 34 35 37 38 30 30 30 30 30 31 30 30 36 34 31 34 30 30 30 30 0D
1779565861200,74 34 35 39 38 44 44 41 34 42 45 31 36 36 33 31 41 30 33 42 37 0D
1779565861205,74 34 35 31 38 30 30 30 30 30 30 30 30 30 30 30 30 30 30 30 30 0D
1779565861221,74 34 35 35 38 45 41 46 46 30 37 30 30 39 46 46 46 30 30 30 30 0D
1779565861228,74 34 35 30 38 30 30 30 30 30 37 30 30 30 30 30 30 45 34 30 35 0D
1779565861242,74 34 35 31 38 30 30 30 30 30 30 30 30 30 30 30 30 30 30 30 30 0D
1779565861248,74 34 35 31 38 30 30 30 30 30 30 30 30 30 30 30 30 30 30 30 30 0D
1779565861261,74 34 35 35 38 45 41 46 46 30 37 30 30 39 46 46 46 30 30 30 30 0D
1779565861272,74 34 35 31 38 30 30 30 30 30 30 30 30 30 30 30 30 30 30 30 30 0D
1779565861282,74 34 35 35 38 45 41 46 46 30 37 30 30 39 46 46 46 30 30 30 30 0D
1779565861302,74 34 35 37 38 30 30 30 30 30 30 30 30 36 34 31 34 30 30 30 30 0D
1779565861308,74 34 35 31 38 30 30 30 30 30 30 30 30 30 30 30 30 30 30 30 30 0D
1779565861316,74 34 35 35 38 45 41 46 46 30 37 30 30 39 46 46 46 30 30 30 30 0D
1779565861328,74 34 35 30 38 30 30 30 30 30 37 30 30 30 30 30 30 45 34 30 35 0D
1779565861340,74 34 35 31 38 30 30 30 30 30 30 30 30 30 30 30 30 30 30 30 30 0D
1779565861350,74 34 35 31 38 30 30 30 30 30 30 30 30 30 30 30 30 30 30 30 30 0D
1779565861368,74 34 35 35 38 45 39 46 46 30 37 30 30 39 45 46 46 30 30 30 30 0D
1779565861373,74 34 35 31 38 30 30 30 30 30 30 30 30 30 30 30 30 30 30 30 30 0D
1779565861385,74 34 35 37 38 30 30 30 30 30 30 30 30 36 34 31 34 30 30 30 30 0D
1779565861402,74 34 35 39 38 44 42 41 34 42 45 31 36 36 34 31 41 30 33 42 37 0D
1779565861407,74 34 35 31 38 30 30 30 30 30 30 30 30 30 30 30 30 30 30 30 30 0D
1779565861419,74 34 35 35 38 45 39 46 46 30 37 30 30 39 45 46 46 30 30 30 30 0D
1779565861425,74 34 35 30 38 30 30 30 30 30 37 30 30 30 30 30 30 45 34 30 35 0D
1779565861442,74 34 35 31 38 30 30 30 30 30 30 30 30 30 30 30 30 30 30 30 30 0D
1779565861450,74 34 35 31 38 30 30 30 30 30 30 30 30 30 30 30 30 30 30 30 30 0D
1779565861458,74 34 35 35 38 45 39 46 46 30 37 30 30 39 45 46 46 30 30 30 30 0D
1779565861471,74 34 35 31 38 30 30 30 30 30 30 30 30 30 30 30 30 30 30 30 30 0D
1779565861484,74 34 35 36 38 45 44 46 46 30 37 30 30 30 34 30 30 30 30 30 30 0D
1779565861490,74 34 35 31 38 30 30 30 30 30 30 30 30 30 30 30 30 30 30 30 30 0D
1779565861496,74 34 35 36 38 45 44 46 46 30 37 30 30 30 34 30 30 30 30 30 30 0D
1779565861506,74 34 35 31 38 30 30 30 30 30 30 30 30 30 30 30 30 30 30 30 30 0D
1779565861514,74 34 35 35 38 45 39 46 46 30 37 30 30 39 45 46 46 30 30 30 30 0D
1779565861535,74 34 35 30 38 30 30 30 30 30 37 30 30 30 30 30 30 45 34 30 35 0D
1779565861539,74 34 35 31 38 30 30 30 30 30 30 30 30 30 30 30 30 30 30 30 30 0D
1779565861548,74 34 35 31 38 30 30 30 30 30 30 30 30 30 30 30 30 30 30 30 30 0D
1779565861568,74 34 35 35 38 45 41 46 46 30 37 30 30 39 46 46 46 30 30 30 30 0D
1779565861574,74 34 35 31 38 30 30 30 30 30 30 30 30 30 30 30 30 30 30 30 30 0D
1779565861585,74 34 35 37 38 30 30 30 30 30 31 30 30 36 34 31 34 30 30 30 30 0D
1779565861595,74 34 35 39 38 44 39 41 34 42 45 31 36 36 34 31 41 30 33 42 37 0D
1779565861608,74 34 35 31 38 30 30 30 30 30 30 30 30 30 30 30 30 30 30 30 30 0D
1779565861622,74 34 35 35 38 45 41 46 46 30 37 30 30 39 46 46 46 30 30 30 30 0D
1779565861631,74 34 35 30 38 30 30 30 30 30 37 30 30 30 30 30 30 45 34 30 35 0D
1779565861636,74 34 35 31 38 30 30 30 30 30 30 30 30 30 30 30 30 30 30 30 30 0D
1779565861650,74 34 35 31 38 30 30 30 30 30 30 30 30 30 30 30 30 30 30 30 30 0D
1779565861666,74 34 35 35 38 45 41 46 46 30 37 30 30 39 46 46 46 30 30 30 30 0D
1779565861672,74 34 35 31 38 30 30 30 30 30 30 30 30 30 30 30 30 30 30 30 30 0D
1779565861686,74 34 35 35 38 45 41 46 46 30 37 30 30 39 46 46 46 30 30 30 30 0D
1779565861692,74 34 35 31 38 30 30 30 30 30 30 30 30 30 30 30 30 30 30 30 30 0D
1779565861696,74 34 35 36 38 45 44 46 46 30 38 30 30 30 34 30 30 30 30 30 30 0D
1779565861706,74 34 35 31 38 30 30 30 30 30 30 30 30 30 30 30 30 30 30 30 30 0D
1779565861714,74 34 35 35 38 45 41 46 46 30 37 30 30 39 46 46 46 30 30 30 30 0D
1779565861731,74 34 35 30 38 30 30 30 30 30 37 30 30 30 30 30 30 45 34 30 35 0D
1779565861739,74 34 35 31 38 30 30 30 30 30 30 30 30 30 30 30 30 30 30 30 30 0D
1779565861749,74 34 35 31 38 30 30 30 30 30 30 30 30 30 30 30 30 30 30 30 30 0D
1779565861757,74 34 35 35 38 45 41 46 46 30 36 30 30 39 46 46 46 30 30 30 30 0D
1779565861765,74 34 35 31 38 30 30 30 30 30 30 30 30 30 30 30 30 30 30 30 30 0D
1779565861774,74 34 35 36 38 45 44 46 46 30 38 30 30 30 34 30 30 30 30 30 30 0D
1779565861782,74 34 35 37 38 30 30 30 30 30 33 30 30 36 34 31 34 30 30 30 30 0D
1779565861790,74 34 35 39 38 44 38 41 34 42 45 31 36 36 34 31 41 30 33 42 37 0D
1779565861794,74 34 35 31 38 30 30 30 30 30 30 30 30 30 30 30 30 30 30 30 30 0D
1779565861810,74 34 35 31 38 30 30 30 30 30 30 30 30 30 30 30 30 30 30 30 30 0D
1779565861822,74 34 35 35 38 45 41 46 46 30 36 30 30 39 46 46 46 30 30 30 30 0D
1779565861825,74 34 35 30 38 30 30 30 30 30 37 30 30 30 30 30 30 45 34 30 35 0D
1779565861840,74 34 35 31 38 30 30 30 30 30 30 30 30 30 30 30 30 30 30 30 30 0D
1779565861846,74 34 35 31 38 30 30 30 30 30 30 30 30 30 30 30 30 30 30 30 30 0D
1779565861865,74 34 35 35 38 45 41 46 46 30 36 30 30 39 46 46 46 30 30 30 30 0D
1779565861872,74 34 35 31 38 30 30 30 30 30 30 30 30 30 30 30 30 30 30 30 30 0D
1779565861883,74 34 35 37 38 30 30 30 30 30 32 30 30 36 34 31 34 30 30 30 30 0D
1779565861897,74 34 35 39 38 44 37 41 34 42 45 31 36 36 35 31 41 30 33 42 37 0D
1779565861907,74 34 35 31 38 30 30 30 30 30 30 30 30 30 30 30 30 30 30 30 30 0D
1779565861918,74 34 35 35 38 45 41 46 46 30 36 30 30 39 46 46 46 30 30 30 30 0D
1779565861932,74 34 35 30 38 30 30 30 30 30 37 30 30 30 30 30 30 45 34 30 35 0D
1779565861938,74 34 35 31 38 30 30 30 30 30 30 30 30 30 30 30 30 30 30 30 30 0D
1779565861962,74 34 35 31 38 30 30 30 30 30 30 30 30 30 30 30 30 30 30 30 30 0D
1779565861968,74 34 35 31 38 30 30 30 30 30 30 30 30 30 30 30 30 30 30 30 30 0D
1779565861977,74 34 35 35 38 45 41 46 46 30 37 30 30 39 45 46 46 30 30 30 30 0D
1779565861978,74 34 35 37 38 30 30 30 30 30 31 30 30 36 34 31 34 30 30 30 30 0D
1779565861987,74 34 35 31 38 30 30 30 30 30 30 30 30 30 30 30 30 30 30 30 30 0D
1779565861996,74 34 35 35 38 45 41 46 46 30 37 30 30 39 45 46 46 30 30 30 30 0D
1779565862012,74 34 35 31 38 30 30 30 30 30 30 30 30 30 30 30 30 30 30 30 30 0D
1779565862018,74 34 35 35 38 45 41 46 46 30 37 30 30 39 45 46 46 30 30 30 30 0D
1779565862033,74 34 35 30 38 30 30 30 30 30 37 30 30 30 30 30 30 45 34 30 35 0D
1779565862052,74 34 35 31 38 30 30 30 30 30 30 30 30 30 30 30 30 30 30 30 30 0D
1779565862069,74 34 35 31 38 30 30 30 30 30 30 30 30 30 30 30 30 30 30 30 30 0D
1779565862078,74 34 35 37 38 30 30 30 30 30 30 30 30 36 34 31 34 30 30 30 30 0D
1779565862083,74 34 35 39 38 44 37 41 34 42 45 31 36 36 37 31 41 30 33 42 37 0D
1779565862088,74 34 35 31 38 30 30 30 30 30 30 30 30 30 30 30 30 30 30 30 30 0D
1779565862093,74 34 35 35 38 45 41 46 46 30 37 30 30 39 45 46 46 30 30 30 30 0D
1779565862108,74 34 35 31 38 30 30 30 30 30 30 30 30 30 30 30 30 30 30 30 30 0D
1779565862112,74 34 35 35 38 45 41 46 46 30 37 30 30 39 45 46 46 30 30 30 30 0D
1779565862132,74 34 35 30 38 30 30 30 30 30 37 30 30 30 30 30 30 45 34 30 35 0D
1779565862145,74 34 35 31 38 30 30 30 30 30 30 30 30 30 30 30 30 30 30 30 30 0D
1779565862152,74 34 35 35 38 45 41 46 46 30 37 30 30 39 46 46 46 30 30 30 30 0D
1779565862170,74 34 35 31 38 30 30 30 30 30 30 30 30 30 30 30 30 30 30 30 30 0D
1779565862181,74 34 35 37 38 30 30 30 30 30 30 30 30 36 34 31 34 30 30 30 30 0D
1779565862185,74 34 35 39 38 44 37 41 34 42 45 31 36 36 39 31 41 30 33 42 37 0D
1779565862189,74 34 35 31 38 30 30 30 30 30 30 30 30 30 30 30 30 30 30 30 30 0D
1779565862209,74 34 35 31 38 30 30 30 30 30 30 30 30 30 30 30 30 30 30 30 30 0D
1779565862212,74 34 35 35 38 45 41 46 46 30 37 30 30 39 46 46 46 30 30 30 30 0D
1779565862237,74 34 35 30 38 30 30 30 30 30 37 30 30 30 30 30 30 45 34 30 35 0D
1779565862248,74 34 35 31 38 30 30 30 30 30 30 30 30 30 30 30 30 30 30 30 30 0D
1779565862257,74 34 35 35 38 45 41 46 46 30 37 30 30 39 46 46 46 30 30 30 30 0D
1779565862268,74 34 35 31 38 30 30 30 30 30 30 30 30 30 30 30 30 30 30 30 30 0D
1779565862281,74 34 35 37 38 30 30 30 30 30 30 30 30 36 34 31 34 30 30 30 30 0D
1779565862287,74 34 35 31 38 30 30 30 30 30 30 30 30 30 30 30 30 30 30 30 30 0D
1779565862320,74 34 35 31 38 30 30 30 30 30 30 30 30 30 30 30 30 30 30 30 30 0D
1779565862325,74 34 35 35 38 45 41 46 46 30 37 30 30 39 46 46 46 30 30 30 30 0D
1779565862332,74 34 35 30 38 30 30 30 30 30 37 30 30 30 30 30 30 45 34 30 35 0D
1779565862340,74 34 35 31 38 30 30 30 30 30 30 30 30 30 30 30 30 30 30 30 30 0D
1779565862353,74 34 35 31 38 30 30 30 30 30 30 30 30 30 30 30 30 30 30 30 30 0D
1779565862371,74 34 35 31 38 30 30 30 30 30 30 30 30 30 30 30 30 30 30 30 30 0D
1779565862377,74 34 35 35 38 45 41 46 46 30 36 30 30 39 45 46 46 30 30 30 30 0D
1779565862380,74 34 35 37 38 30 30 30 30 30 31 30 30 36 34 31 34 30 30 30 30 0D
1779565862386,74 34 35 39 38 44 36 41 34 42 45 31 36 36 44 31 41 30 33 42 37 0D
1779565862413,74 34 35 31 38 30 30 30 30 30 30 30 30 30 30 30 30 30 30 30 30 0D
1779565862418,74 34 35 35 38 45 41 46 46 30 36 30 30 39 45 46 46 30 30 30 30 0D
1779565862432,74 34 35 30 38 30 30 30 30 30 37 30 30 30 30 30 30 45 34 30 35 0D
1779565862435,74 34 35 31 38 30 30 30 30 30 30 30 30 30 30 30 30 30 30 30 30 0D
1779565862450,74 34 35 31 38 30 30 30 30 30 30 30 30 30 30 30 30 30 30 30 30 0D
1779565862455,74 34 35 35 38 45 41 46 46 30 36 30 30 39 45 46 46 30 30 30 30 0D
1779565862468,74 34 35 31 38 30 30 30 30 30 30 30 30 30 30 30 30 30 30 30 30 0D
1779565862472,74 34 35 35 38 45 41 46 46 30 36 30 30 39 45 46 46 30 30 30 30 0D
1779565862480,74 34 35 37 38 30 30 30 30 30 32 30 30 36 34 31 34 30 30 30 30 0D
1779565862486,74 34 35 31 38 30 30 30 30 30 30 30 30 30 30 30 30 30 30 30 30 0D
1779565862502,74 34 35 35 38 45 41 46 46 30 36 30 30 39 45 46 46 30 30 30 30 0D
1779565862512,74 34 35 31 38 30 30 30 30 30 30 30 30 30 30 30 30 30 30 30 30 0D
1779565862529,74 34 35 30 38 30 30 30 30 30 37 30 30 30 30 30 30 45 34 30 35 0D
1779565862536,74 34 35 31 38 30 30 30 30 30 30 30 30 30 30 30 30 30 30 30 30 0D
1779565862549,74 34 35 31 38 30 30 30 30 30 30 30 30 30 30 30 30 30 30 30 30 0D
1779565862553,74 34 35 35 38 45 41 46 46 30 38 30 30 41 30 46 46 30 30 30 30 0D
1779565862570,74 34 35 31 38 30 30 30 30 30 30 30 30 30 30 30 30 30 30 30 30 0D
1779565862574,74 34 35 35 38 45 41 46 46 30 38 30 30 41 30 46 46 30 30 30 30 0D
1779565862586,74 34 35 37 38 30 30 30 30 30 31 30 30 36 34 31 34 30 30 30 30 0D
1779565862589,74 34 35 31 38 30 30 30 30 30 30 30 30 30 30 30 30 30 30 30 30 0D
1779565862599,74 34 35 35 38 45 41 46 46 30 38 30 30 41 30 46 46 30 30 30 30 0D
1779565862609,74 34 35 31 38 30 30 30 30 30 30 30 30 30 30 30 30 30 30 30 30 0D
1779565862616,74 34 35 35 38 45 41 46 46 30 38 30 30 41 30 46 46 30 30 30 30 0D
1779565862627,74 34 35 30 38 30 30 30 30 30 37 30 30 30 30 30 30 45 34 30 35 0D
1779565862636,74 34 35 31 38 30 30 30 30 30 30 30 30 30 30 30 30 30 30 30 30 0D
1779565862650,74 34 35 31 38 30 30 30 30 30 30 30 30 30 30 30 30 30 30 30 30 0D
1779565862670,74 34 35 31 38 30 30 30 30 30 30 30 30 30 30 30 30 30 30 30 30 0D
1779565862674,74 34 35 35 38 45 41 46 46 30 38 30 30 41 30 46 46 30 30 30 30 0D
1779565862681,74 34 35 37 38 30 30 30 30 30 31 30 30 36 34 31 34 30 30 30 30 0D
1779565862686,74 34 35 31 38 30 30 30 30 30 30 30 30 30 30 30 30 30 30 30 30 0D
1779565862697,74 34 35 35 38 45 41 46 46 30 38 30 30 41 30 46 46 30 30 30 30 0D
1779565862711,74 34 35 31 38 30 30 30 30 30 30 30 30 30 30 30 30 30 30 30 30 0D
1779565862734,74 34 35 30 38 30 30 30 30 30 37 30 30 30 30 30 30 45 34 30 35 0D
1779565862735,74 34 35 31 38 30 30 30 30 30 30 30 30 30 30 30 30 30 30 30 30 0D
1779565862751,74 34 35 31 38 30 30 30 30 30 30 30 30 30 30 30 30 30 30 30 30 0D
1779565862758,74 34 35 36 38 45 45 46 46 30 37 30 30 30 33 30 30 30 30 30 30 0D
1779565862771,74 34 35 31 38 30 30 30 30 30 30 30 30 30 30 30 30 30 30 30 30 0D
1779565862780,74 34 35 35 38 45 41 46 46 30 37 30 30 39 46 46 46 30 30 30 30 0D
1779565862788,74 34 35 37 38 30 30 30 30 30 30 30 30 36 34 31 34 30 30 30 30 0D
1779565862795,74 34 35 35 38 45 41 46 46 30 37 30 30 39 46 46 46 30 30 30 30 0D
1779565862806,74 34 35 31 38 30 30 30 30 30 30 30 30 30 30 30 30 30 30 30 30 0D
1779565862811,74 34 35 35 38 45 41 46 46 30 37 30 30 39 46 46 46 30 30 30 30 0D
1779565862833,74 34 35 30 38 30 30 30 30 30 37 30 30 30 30 30 30 45 34 30 35 0D
1779565862836,74 34 35 31 38 30 30 30 30 30 30 30 30 30 30 30 30 30 30 30 30 0D
1779565862853,74 34 35 31 38 30 30 30 30 30 30 30 30 30 30 30 30 30 30 30 30 0D
1779565862870,74 34 35 31 38 30 30 30 30 30 30 30 30 30 30 30 30 30 30 30 30 0D
1779565862875,74 34 35 35 38 45 41 46 46 30 37 30 30 39 46 46 46 30 30 30 30 0D
1779565862883,74 34 35 37 38 30 30 30 30 30 30 30 30 36 34 31 34 30 30 30 30 0D
1779565862888,74 34 35 31 38 30 30 30 30 30 30 30 30 30 30 30 30 30 30 30 30 0D
1779565862896,74 34 35 35 38 45 41 46 46 30 37 30 30 39 46 46 46 30 30 30 30 0D
1779565862910,74 34 35 31 38 30 30 30 30 30 30 30 30 30 30 30 30 30 30 30 30 0D
1779565862915,74 34 35 35 38 45 41 46 46 30 37 30 30 39 46 46 46 30 30 30 30 0D
1779565862932,74 34 35 30 38 30 30 30 30 30 37 30 30 30 30 30 30 45 34 30 35 0D
1779565862936,74 34 35 31 38 30 30 30 30 30 30 30 30 30 30 30 30 30 30 30 30 0D
1779565862951,74 34 35 31 38 30 30 30 30 30 30 30 30 30 30 30 30 30 30 30 30 0D
1779565862972,74 34 35 31 38 30 30 30 30 30 30 30 30 30 30 30 30 30 30 30 30 0D
1779565862979,74 34 35 35 38 45 41 46 46 30 37 30 30 39 46 46 46 30 30 30 30 0D
1779565862988,74 34 35 31 38 30 30 30 30 30 30 30 30 30 30 30 30 30 30 30 30 0D
1779565863000,74 34 35 35 38 45 41 46 46 30 37 30 30 39 46 46 46 30 30 30 30 0D
1779565863011,74 34 35 31 38 30 30 30 30 30 30 30 30 30 30 30 30 30 30 30 30 0D
1779565863026,74 34 35 30 38 30 30 30 30 30 37 30 30 30 30 30 30 45 34 30 35 0D
1779565863034,74 34 35 31 38 30 30 30 30 30 30 30 30 30 30 30 30 30 30 30 30 0D
1779565863049,74 34 35 31 38 30 30 30 30 30 30 30 30 30 30 30 30 30 30 30 30 0D
1779565863054,74 34 35 35 38 45 41 46 46 30 37 30 30 39 46 46 46 30 30 30 30 0D
1779565863070,74 34 35 31 38 30 30 30 30 30 30 30 30 30 30 30 30 30 30 30 30 0D
1779565863078,74 34 35 35 38 45 41 46 46 30 37 30 30 39 46 46 46 30 30 30 30 0D
1779565863083,74 34 35 37 38 30 30 30 30 30 31 30 30 36 34 31 34 30 30 30 30 0D
1779565863096,74 34 35 31 38 30 30 30 30 30 30 30 30 30 30 30 30 30 30 30 30 0D
1779565863115,74 34 35 31 38 30 30 30 30 30 30 30 30 30 30 30 30 30 30 30 30 0D
1779565863130,74 34 35 30 38 30 30 30 30 30 37 30 30 30 30 30 30 45 34 30 35 0D
1779565863135,74 34 35 34 38 30 31 30 30 30 30 30 30 30 30 30 30 30 30 30 30 0D 74 34 35 35 38 45 41 46 46 30 37 30 30 39 46 46 46 30 30 30 30 0D
1779565863150,74 34 35 31 38 30 30 30 30 30 30 30 30 30 30 30 30 30 30 30 30 0D
1779565863156,74 34 35 36 38 45 44 46 46 30 38 30 30 30 34 30 30 30 30 30 30 0D
1779565863169,74 34 35 31 38 30 30 30 30 30 30 30 30 30 30 30 30 30 30 30 30 0D
1779565863179,74 34 35 35 38 45 41 46 46 30 37 30 30 39 46 46 46 30 30 30 30 0D
1779565863184,74 34 35 37 38 30 30 30 30 30 31 30 30 36 34 31 34 30 30 30 30 0D
1779565863186,74 34 35 31 38 30 30 30 30 30 30 30 30 30 30 30 30 30 30 30 30 0D
1779565863195,74 34 35 35 38 45 41 46 46 30 37 30 30 39 46 46 46 30 30 30 30 0D
1779565863209,74 34 35 31 38 30 30 30 30 30 30 30 30 30 30 30 30 30 30 30 30 0D
1779565863218,74 34 35 35 38 45 41 46 46 30 37 30 30 39 46 46 46 30 30 30 30 0D
1779565863230,74 34 35 30 38 30 30 30 30 30 37 30 30 30 30 30 30 45 34 30 35 0D
1779565863236,74 34 35 31 38 30 30 30 30 30 30 30 30 30 30 30 30 30 30 30 30 0D
1779565863253,74 34 35 31 38 30 30 30 30 30 30 30 30 30 30 30 30 30 30 30 30 0D
1779565863270,74 34 35 31 38 30 30 30 30 30 30 30 30 30 30 30 30 30 30 30 30 0D
1779565863276,74 34 35 35 38 45 41 46 46 30 37 30 30 39 46 46 46 30 30 30 30 0D
1779565863280,74 34 35 37 38 30 30 30 30 30 30 30 30 36 34 31 34 30 30 30 30 0D
1779565863284,74 34 35 31 38 30 30 30 30 30 30 30 30 30 30 30 30 30 30 30 30 0D
1779565863293,74 34 35 35 38 45 41 46 46 30 37 30 30 39 46 46 46 30 30 30 30 0D
1779565863312,74 34 35 31 38 30 30 30 30 30 30 30 30 30 30 30 30 30 30 30 30 0D
1779565863323,74 34 35 35 38 45 41 46 46 30 37 30 30 39 46 46 46 30 30 30 30 0D
1779565863330,74 34 35 30 38 30 30 30 30 30 37 30 30 30 30 30 30 45 34 30 35 0D
1779565863335,74 34 35 32 38 38 43 30 30 30 30 30 30 30 30 30 30 30 30 30 30 0D
1779565863350,74 34 35 31 38 30 30 30 30 30 30 30 30 30 30 30 30 30 30 30 30 0D
1779565863354,74 34 35 35 38 45 39 46 46 30 38 30 30 39 46 46 46 30 30 30 30 0D
1779565863369,74 34 35 31 38 30 30 30 30 30 30 30 30 30 30 30 30 30 30 30 30 0D
1779565863375,74 34 35 35 38 45 39 46 46 30 38 30 30 39 46 46 46 30 30 30 30 0D
1779565863380,74 34 35 37 38 30 30 30 30 30 31 30 30 36 34 31 34 30 30 30 30 0D
1779565863384,74 34 35 39 38 44 34 41 34 42 45 31 36 37 45 31 41 30 33 42 37 0D
1779565863392,74 34 35 31 38 30 30 30 30 30 30 30 30 30 30 30 30 30 30 30 30 0D
1779565863411,74 34 35 31 38 30 30 30 30 30 30 30 30 30 30 30 30 30 30 30 30 0D
1779565863416,74 34 35 35 38 45 39 46 46 30 38 30 30 39 46 46 46 30 30 30 30 0D
1779565863431,74 34 35 30 38 30 30 30 30 30 37 30 30 30 30 30 30 45 34 30 35 0D
1779565863435,30 0D 74 34 35 35 38 45 39 46 46 30 38 30 30 39 46 46 46 30 30 30 30 0D 74 34 35 36 38 45 44 46 46 30 37 30 30 30 34 30 30 30 30 30 30 0D 74 34 35 37 38 30 30 30 30 30 31 30 30 36 34 31 34 30
1779565863449,74 34 35 31 38 30 30 30 30 30 30 30 30 30 30 30 30 30 30 30 30 0D
1779565863456,74 34 35 35 38 45 39 46 46 30 38 30 30 39 46 46 46 30 30 30 30 0D
1779565863469,74 34 35 31 38 30 30 30 30 30 30 30 30 30 30 30 30 30 30 30 30 0D
1779565863474,74 34 35 35 38 45 39 46 46 30 38 30 30 39 46 46 46 30 30 30 30 0D
1779565863480,74 34 35 37 38 30 30 30 30 30 30 30 30 36 34 31 34 30 30 30 30 0D
1779565863488,74 34 35 39 38 44 33 41 34 42 45 31 36 38 31 31 41 30 33 42 37 0D
1779565863493,74 34 35 35 38 45 39 46 46 30 38 30 30 39 46 46 46 30 30 30 30 0D
1779565863512,74 34 35 31 38 30 30 30 30 30 30 30 30 30 30 30 30 30 30 30 30 0D
1779565863519,74 34 35 35 38 45 39 46 46 30 38 30 30 39 46 46 46 30 30 30 30 0D
1779565863531,74 34 35 30 38 30 30 30 30 30 37 30 30 30 30 30 30 45 34 30 35 0D
1779565863536,74 34 35 37 38 30 30 30 30 30 30 30 30 36 34 31 34 30 30 30 30 0D
1779565863547,74 34 35 31 38 30 30 30 30 30 30 30 30 30 30 30 30 30 30 30 30 0D
1779565863550,74 34 35 35 38 45 41 46 46 30 37 30 30 41 30 46 46 30 30 30 30 0D
1779565863569,74 34 35 31 38 30 30 30 30 30 30 30 30 30 30 30 30 30 30 30 30 0D
1779565863578,74 34 35 35 38 45 41 46 46 30 37 30 30 41 30 46 46 30 30 30 30 0D
1779565863584,74 34 35 37 38 30 30 30 30 30 31 30 30 36 34 31 34 30 30 30 30 0D
1779565863591,74 34 35 31 38 30 30 30 30 30 30 30 30 30 30 30 30 30 30 30 30 0D
1779565863596,74 34 35 35 38 45 41 46 46 30 37 30 30 41 30 46 46 30 30 30 30 0D
1779565863609,74 34 35 31 38 30 30 30 30 30 30 30 30 30 30 30 30 30 30 30 30 0D
1779565863615,74 34 35 36 38 45 44 46 46 30 37 30 30 30 34 30 30 30 30 30 30 0D
1779565863633,74 34 35 30 38 30 30 30 30 30 37 30 30 30 30 30 30 45 34 30 35 0D
1779565863643,74 34 35 32 38 38 43 30 30 30 30 30 30 30 30 30 30 30 30 30 30 0D 74 34 35 33 38 39 45 30 30 30 30 30 30 30 30 30 30 30 30 30 30 0D 74 34 35 34 38 30 31 30 30 30 30 30 30 30 30 30 30 30 30 30
1779565863649,74 34 35 31 38 30 30 30 30 30 30 30 30 30 30 30 30 30 30 30 30 0D
1779565863651,74 34 35 35 38 45 41 46 46 30 37 30 30 41 30 46 46 30 30 30 30 0D
1779565863669,74 34 35 31 38 30 30 30 30 30 30 30 30 30 30 30 30 30 30 30 30 0D
1779565863677,74 34 35 35 38 45 41 46 46 30 37 30 30 41 30 46 46 30 30 30 30 0D
1779565863684,74 34 35 31 38 30 30 30 30 30 30 30 30 30 30 30 30 30 30 30 30 0D
1779565863695,74 34 35 35 38 45 41 46 46 30 37 30 30 41 30 46 46 30 30 30 30 0D
1779565863709,74 34 35 31 38 30 30 30 30 30 30 30 30 30 30 30 30 30 30 30 30 0D
1779565863715,74 34 35 35 38 45 41 46 46 30 37 30 30 41 30 46 46 30 30 30 30 0D
1779565863738,74 34 35 30 38 30 30 30 30 30 37 30 30 30 30 30 30 45 34 30 35 0D
1779565863740,74 34 35 32 38 38 43 30 30 30 30 30 30 30 30 30 30 30 30 30 30 0D 74 34 35 33 38 39 45 30 30 30 30 30 30 30 30 30 30 30 30 30 30 0D 74 34 35 34 38 30 31 30 30 30 30 30 30 30 30 30 30 30 30 30
1779565863751,74 34 35 31 38 30 30 30 30 30 30 30 30 30 30 30 30 30 30 30 30 0D
1779565863779,74 34 35 31 38 30 30 30 30 30 30 30 30 30 30 30 30 30 30 30 30 0D
1779565863799,74 34 35 35 38 45 39 46 46 30 37 30 30 39 46 46 46 30 30 30 30 0D
1779565863803,74 34 35 31 38 30 30 30 30 30 30 30 30 30 30 30 30 30 30 30 30 0D
1779565863810,74 34 35 35 38 45 39 46 46 30 37 30 30 39 46 46 46 30 30 30 30 0D
1779565863816,74 34 35 31 38 30 30 30 30 30 30 30 30 30 30 30 30 30 30 30 30 0D
1779565863818,74 34 35 35 38 45 39 46 46 30 37 30 30 39 46 46 46 30 30 30 30 0D
1779565863834,74 34 35 30 38 30 30 30 30 30 37 30 30 30 30 30 30 45 34 30 35 0D
1779565863842,74 34 35 31 38 30 30 30 30 30 30 30 30 30 30 30 30 30 30 30 30 0D
1779565863847,74 34 35 31 38 30 30 30 30 30 30 30 30 30 30 30 30 30 30 30 30 0D
1779565863851,74 34 35 35 38 45 39 46 46 30 37 30 30 39 46 46 46 30 30 30 30 0D
1779565863876,74 34 35 31 38 30 30 30 30 30 30 30 30 30 30 30 30 30 30 30 30 0D
1779565863882,74 34 35 35 38 45 39 46 46 30 37 30 30 39 46 46 46 30 30 30 30 0D
1779565863893,74 34 35 31 38 30 30 30 30 30 30 30 30 30 30 30 30 30 30 30 30 0D
1779565863900,74 34 35 35 38 45 39 46 46 30 37 30 30 39 46 46 46 30 30 30 30 0D
1779565863908,74 34 35 31 38 30 30 30 30 30 30 30 30 30 30 30 30 30 30 30 30 0D
1779565863917,74 34 35 35 38 45 39 46 46 30 37 30 30 39 46 46 46 30 30 30 30 0D
1779565863927,74 34 35 30 38 30 30 30 30 30 37 30 30 30 30 30 30 45 34 30 35 0D
1779565863931,74 34 35 31 38 30 30 30 30 30 30 30 30 30 30 30 30 30 30 30 30 0D
1779565863947,74 34 35 31 38 30 30 30 30 30 30 30 30 30 30 30 30 30 30 30 30 0D
1779565863954,74 34 35 35 38 45 41 46 46 30 37 30 30 39 46 46 46 30 30 30 30 0D
1779565863975,74 34 35 31 38 30 30 30 30 30 30 30 30 30 30 30 30 30 30 30 30 0D
1779565863984,74 34 35 35 38 45 41 46 46 30 37 30 30 39 46 46 46 30 30 30 30 0D
1779565863990,74 34 35 31 38 30 30 30 30 30 30 30 30 30 30 30 30 30 30 30 30 0D
1779565863995,74 34 35 35 38 45 41 46 46 30 37 30 30 39 46 46 46 30 30 30 30 0D
1779565864013,74 34 35 31 38 30 30 30 30 30 30 30 30 30 30 30 30 30 30 30 30 0D
1779565864030,74 34 35 30 38 30 30 30 30 30 37 30 30 30 30 30 30 45 34 30 35 0D
1779565864044,74 34 35 31 38 30 30 30 30 30 30 30 30 30 30 30 30 30 30 30 30 0D
1779565864055,74 34 35 31 38 30 30 30 30 30 30 30 30 30 30 30 30 30 30 30 30 0D
1779565864061,74 34 35 35 38 45 41 46 46 30 37 30 30 39 46 46 46 30 30 30 30 0D
1779565864073,74 34 35 31 38 30 30 30 30 30 30 30 30 30 30 30 30 30 30 30 30 0D
1779565864078,74 34 35 35 38 45 41 46 46 30 37 30 30 39 46 46 46 30 30 30 30 0D
1779565864081,74 34 35 37 38 30 30 30 30 30 30 30 30 36 34 31 34 30 30 30 30 0D
1779565864092,74 34 35 31 38 30 30 30 30 30 30 30 30 30 30 30 30 30 30 30 30 0D
1779565864111,74 34 35 31 38 30 30 30 30 30 30 30 30 30 30 30 30 30 30 30 30 0D
1779565864135,74 34 35 30 38 30 30 30 30 30 37 30 30 30 30 30 30 45 34 30 35 0D
1779565864143,74 34 35 31 38 30 30 30 30 30 30 30 30 30 30 30 30 30 30 30 30 0D
1779565864148,74 34 35 31 38 30 30 30 30 30 30 30 30 30 30 30 30 30 30 30 30 0D
1779565864158,74 34 35 35 38 45 41 46 46 30 36 30 30 39 46 46 46 30 30 30 30 0D
1779565864174,74 34 35 31 38 30 30 30 30 30 30 30 30 30 30 30 30 30 30 30 30 0D
1779565864180,74 34 35 35 38 45 41 46 46 30 36 30 30 39 46 46 46 30 30 30 30 0D
1779565864182,74 34 35 37 38 30 30 30 30 30 30 30 30 36 34 31 34 46 46 46 46 0D
1779565864192,74 34 35 31 38 30 30 30 30 30 30 30 30 30 30 30 30 30 30 30 30 0D
1779565864209,74 34 35 31 38 30 30 30 30 30 30 30 30 30 30 30 30 30 30 30 30 0D
1779565864212,74 34 35 35 38 45 41 46 46 30 36 30 30 39 46 46 46 30 30 30 30 0D
1779565864229,74 34 35 30 38 30 30 30 30 30 37 30 30 30 30 30 30 45 34 30 35 0D
1779565864239,74 34 35 31 38 30 30 30 30 30 30 30 30 30 30 30 30 30 30 30 30 0D
1779565864246,74 34 35 31 38 30 30 30 30 30 30 30 30 30 30 30 30 30 30 30 30 0D
1779565864256,74 34 35 35 38 45 41 46 46 30 36 30 30 39 46 46 46 30 30 30 30 0D
1779565864272,74 34 35 31 38 30 30 30 30 30 30 30 30 30 30 30 30 30 30 30 30 0D
1779565864279,74 34 35 35 38 45 41 46 46 30 36 30 30 39 46 46 46 30 30 30 30 0D
1779565864282,74 34 35 37 38 30 30 30 30 30 30 30 30 36 34 31 34 30 30 30 30 0D
1779565864293,74 34 35 31 38 30 30 30 30 30 30 30 30 30 30 30 30 30 30 30 30 0D
1779565864314,74 34 35 31 38 30 30 30 30 30 30 30 30 30 30 30 30 30 30 30 30 0D
1779565864320,74 34 35 35 38 45 41 46 46 30 36 30 30 39 46 46 46 30 30 30 30 0D
1779565864329,74 34 35 30 38 30 30 30 30 30 37 30 30 30 30 30 30 45 34 30 35 0D
1779565864337,74 34 35 31 38 30 30 30 30 30 30 30 30 30 30 30 30 30 30 30 30 0D
1779565864353,74 34 35 31 38 30 30 30 30 30 30 30 30 30 30 30 30 30 30 30 30 0D
1779565864370,74 34 35 31 38 30 30 30 30 30 30 30 30 30 30 30 30 30 30 30 30 0D
1779565864374,74 34 35 35 38 45 41 46 46 30 37 30 30 39 46 46 46 30 30 30 30 0D
1779565864380,74 34 35 37 38 30 30 30 30 30 30 30 30 36 34 31 34 46 46 46 46 0D
1779565864392,74 34 35 31 38 30 30 30 30 30 30 30 30 30 30 30 30 30 30 30 30 0D
1779565864409,74 34 35 31 38 30 30 30 30 30 30 30 30 30 30 30 30 30 30 30 30 0D
1779565864411,74 34 35 35 38 45 41 46 46 30 37 30 30 39 46 46 46 30 30 30 30 0D
1779565864430,74 34 35 30 38 30 30 30 30 30 37 30 30 30 30 30 30 45 34 30 35 0D
1779565864435,74 34 35 31 38 30 30 30 30 30 30 30 30 30 30 30 30 30 30 30 30 0D
1779565864449,74 34 35 31 38 30 30 30 30 30 30 30 30 30 30 30 30 30 30 30 30 0D
1779565864454,74 34 35 35 38 45 41 46 46 30 37 30 30 39 46 46 46 30 30 30 30 0D
1779565864471,74 34 35 31 38 30 30 30 30 30 30 30 30 30 30 30 30 30 30 30 30 0D
1779565864478,74 34 35 35 38 45 41 46 46 30 37 30 30 39 46 46 46 30 30 30 30 0D
1779565864484,74 34 35 37 38 30 30 30 30 30 30 30 30 36 34 31 34 30 30 30 30 0D
1779565864533,74 34 35 31 38 30 30 30 30 30 30 30 30 30 30 30 30 30 30 30 30 0D
1779565864543,74 34 35 30 38 30 30 30 30 30 37 30 30 30 30 30 30 45 34 30 35 0D
1779565864548,74 34 35 31 38 30 30 30 30 30 30 30 30 30 30 30 30 30 30 30 30 0D
1779565864569,74 34 35 31 38 30 30 30 30 30 30 30 30 30 30 30 30 30 30 30 30 0D
1779565864574,74 34 35 35 38 45 41 46 46 30 37 30 30 39 46 46 46 30 30 30 30 0D
1779565864581,74 34 35 37 38 30 30 30 30 30 31 30 30 36 34 31 34 30 30 30 30 0D
1779565864592,74 34 35 31 38 30 30 30 30 30 30 30 30 30 30 30 30 30 30 30 30 0D
1779565864602,74 34 35 36 38 45 45 46 46 30 37 30 30 30 34 30 30 30 30 30 30 0D
1779565864606,74 34 35 31 38 30 30 30 30 30 30 30 30 30 30 30 30 30 30 30 30 0D
1779565864621,74 34 35 35 38 45 41 46 46 30 37 30 30 39 46 46 46 30 30 30 30 0D
1779565864628,74 34 35 30 38 30 30 30 30 30 37 30 30 30 30 30 30 45 34 30 35 0D
1779565864644,74 34 35 31 38 30 30 30 30 30 30 30 30 30 30 30 30 30 30 30 30 0D
1779565864649,74 34 35 31 38 30 30 30 30 30 30 30 30 30 30 30 30 30 30 30 30 0D
1779565864659,74 34 35 35 38 45 41 46 46 30 37 30 30 39 46 46 46 30 30 30 30 0D
1779565864668,74 34 35 31 38 30 30 30 30 30 30 30 30 30 30 30 30 30 30 30 30 0D
1779565864687,74 34 35 35 38 45 41 46 46 30 37 30 30 39 46 46 46 30 30 30 30 0D
1779565864696,74 34 35 36 38 45 45 46 46 30 37 30 30 30 34 30 30 30 30 30 30 0D
1779565864708,74 34 35 31 38 30 30 30 30 30 30 30 30 30 30 30 30 30 30 30 30 0D
1779565864718,74 34 35 35 38 45 41 46 46 30 37 30 30 39 46 46 46 30 30 30 30 0D
1779565864728,74 34 35 30 38 30 30 30 30 30 37 30 30 30 30 30 30 45 34 30 35 0D
1779565864739,74 34 35 31 38 30 30 30 30 30 30 30 30 30 30 30 30 30 30 30 30 0D
1779565864746,74 34 35 31 38 30 30 30 30 30 30 30 30 30 30 30 30 30 30 30 30 0D
1779565864759,74 34 35 35 38 45 41 46 46 30 37 30 30 39 46 46 46 30 30 30 30 0D
1779565864769,74 34 35 31 38 30 30 30 30 30 30 30 30 30 30 30 30 30 30 30 30 0D
1779565864789,74 34 35 35 38 45 41 46 46 30 37 30 30 39 46 46 46 30 30 30 30 0D
1779565864807,74 34 35 31 38 30 30 30 30 30 30 30 30 30 30 30 30 30 30 30 30 0D
1779565864822,74 34 35 35 38 45 41 46 46 30 37 30 30 39 46 46 46 30 30 30 30 0D
1779565864828,74 34 35 30 38 30 30 30 30 30 37 30 30 30 30 30 30 45 34 30 35 0D
1779565864841,74 34 35 31 38 30 30 30 30 30 30 30 30 30 30 30 30 30 30 30 30 0D
1779565864852,74 34 35 31 38 30 30 30 30 30 30 30 30 30 30 30 30 30 30 30 30 0D
1779565864871,74 34 35 35 38 45 41 46 46 30 37 30 30 39 46 46 46 30 30 30 30 0D
1779565864879,74 34 35 31 38 30 30 30 30 30 30 30 30 30 30 30 30 30 30 30 30 0D
1779565864888,74 34 35 37 38 30 30 30 30 30 30 30 30 36 34 31 34 30 30 30 30 0D
1779565864894,74 34 35 31 38 30 30 30 30 30 30 30 30 30 30 30 30 30 30 30 30 0D
1779565864901,74 34 35 35 38 45 41 46 46 30 37 30 30 39 46 46 46 30 30 30 30 0D
1779565864911,74 34 35 31 38 30 30 30 30 30 30 30 30 30 30 30 30 30 30 30 30 0D
1779565864929,74 34 35 30 38 30 30 30 30 30 37 30 30 30 30 30 30 45 34 30 35 0D
1779565864942,74 34 35 31 38 30 30 30 30 30 30 30 30 30 30 30 30 30 30 30 30 0D
1779565864951,74 34 35 31 38 30 30 30 30 30 30 30 30 30 30 30 30 30 30 30 30 0D
1779565864961,74 34 35 35 38 45 41 46 46 30 37 30 30 39 46 46 46 30 30 30 30 0D
1779565864968,74 34 35 31 38 30 30 30 30 30 30 30 30 30 30 30 30 30 30 30 30 0D
1779565864989,74 34 35 35 38 45 41 46 46 30 37 30 30 39 46 46 46 30 30 30 30 0D 74 34 35 31 38 30 30 30 30 30 30 30 30 30 30 30 30 30 30 30 30 0D
1779565864996,74 34 35 35 38 45 41 46 46 30 37 30 30 39 46 46 46 30 30 30 30 0D
1779565865005,74 34 35 31 38 30 30 30 30 30 30 30 30 30 30 30 30 30 30 30 30 0D
1779565865018,74 34 35 35 38 45 41 46 46 30 37 30 30 39 46 46 46 30 30 30 30 0D
1779565865028,74 34 35 30 38 30 30 30 30 30 37 30 30 30 30 30 30 45 34 30 35 0D
1779565865048,74 34 35 31 38 30 30 30 30 30 30 30 30 30 30 30 30 30 30 30 30 0D
1779565865053,74 34 35 31 38 30 30 30 30 30 30 30 30 30 30 30 30 30 30 30 30 0D
1779565865072,74 34 35 31 38 30 30 30 30 30 30 30 30 30 30 30 30 30 30 30 30 0D
1779565865092,74 34 35 35 38 45 41 46 46 30 37 30 30 39 46 46 46 30 30 30 30 0D 74 34 35 31 38 30 30 30 30 30 30 30 30 30 30 30 30 30 30 30 30 0D
1779565865097,74 34 35 35 38 45 41 46 46 30 37 30 30 39 46 46 46 30 30 30 30 0D
1779565865107,74 34 35 31 38 30 30 30 30 30 30 30 30 30 30 30 30 30 30 30 30 0D
1779565865117,74 34 35 35 38 45 41 46 46 30 37 30 30 39 46 46 46 30 30 30 30 0D
1779565865128,74 34 35 30 38 30 30 30 30 30 37 30 30 30 30 30 30 45 34 30 35 0D
1779565865138,74 34 35 31 38 30 30 30 30 30 30 30 30 30 30 30 30 30 30 30 30 0D
1779565865148,74 34 35 31 38 30 30 30 30 30 30 30 30 30 30 30 30 30 30 30 30 0D
1779565865161,74 34 35 35 38 45 41 46 46 30 37 30 30 39 46 46 46 30 30 30 30 0D
1779565865170,74 34 35 31 38 30 30 30 30 30 30 30 30 30 30 30 30 30 30 30 30 0D
1779565865190,74 34 35 35 38 45 41 46 46 30 37 30 30 39 46 46 46 30 30 30 30 0D
1779565865195,74 34 35 31 38 30 30 30 30 30 30 30 30 30 30 30 30 30 30 30 30 0D
1779565865209,74 34 35 31 38 30 30 30 30 30 30 30 30 30 30 30 30 30 30 30 30 0D
1779565865219,74 34 35 35 38 45 41 46 46 30 37 30 30 39 46 46 46 30 30 30 30 0D
1779565865226,74 34 35 30 38 30 30 30 30 30 37 30 30 30 30 30 30 45 34 30 35 0D
1779565865236,74 34 35 31 38 30 30 30 30 30 30 30 30 30 30 30 30 30 30 30 30 0D
1779565865250,74 34 35 31 38 30 30 30 30 30 30 30 30 30 30 30 30 30 30 30 30 0D
1779565865259,74 34 35 35 38 45 41 46 46 30 37 30 30 39 46 46 46 30 30 30 30 0D
1779565865275,74 34 35 31 38 30 30 30 30 30 30 30 30 30 30 30 30 30 30 30 30 0D
1779565865288,74 34 35 35 38 45 41 46 46 30 37 30 30 39 46 46 46 30 30 30 30 0D
1779565865293,74 34 35 31 38 30 30 30 30 30 30 30 30 30 30 30 30 30 30 30 30 0D
1779565865307,74 34 35 31 38 30 30 30 30 30 30 30 30 30 30 30 30 30 30 30 30 0D
1779565865319,74 34 35 35 38 45 41 46 46 30 37 30 30 39 46 46 46 30 30 30 30 0D
1779565865327,74 34 35 30 38 30 30 30 30 30 37 30 30 30 30 30 30 45 34 30 35 0D
1779565865350,74 34 35 31 38 30 30 30 30 30 30 30 30 30 30 30 30 30 30 30 30 0D
1779565865356,74 34 35 31 38 30 30 30 30 30 30 30 30 30 30 30 30 30 30 30 30 0D
1779565865357,74 34 35 35 38 45 39 46 46 30 38 30 30 39 46 46 46 30 30 30 30 0D
1779565865370,74 34 35 31 38 30 30 30 30 30 30 30 30 30 30 30 30 30 30 30 30 0D
1779565865378,74 34 35 35 38 45 39 46 46 30 38 30 30 39 46 46 46 30 30 30 30 0D
1779565865396,74 34 35 37 38 30 30 30 30 30 30 30 30 36 34 31 34 30 30 30 30 0D
1779565865406,74 34 35 31 38 30 30 30 30 30 30 30 30 30 30 30 30 30 30 30 30 0D
1779565865422,74 34 35 35 38 45 39 46 46 30 38 30 30 39 46 46 46 30 30 30 30 0D
1779565865427,74 34 35 30 38 30 30 30 30 30 37 30 30 30 30 30 30 45 34 30 35 0D
1779565865442,74 34 35 31 38 30 30 30 30 30 30 30 30 30 30 30 30 30 30 30 30 0D
1779565865447,74 34 35 31 38 30 30 30 30 30 30 30 30 30 30 30 30 30 30 30 30 0D
1779565865455,74 34 35 35 38 45 39 46 46 30 38 30 30 39 46 46 46 30 30 30 30 0D
1779565865468,74 34 35 31 38 30 30 30 30 30 30 30 30 30 30 30 30 30 30 30 30 0D
1779565865484,74 34 35 35 38 45 39 46 46 30 38 30 30 39 46 46 46 30 30 30 30 0D
1779565865492,74 34 35 31 38 30 30 30 30 30 30 30 30 30 30 30 30 30 30 30 30 0D
1779565865501,74 34 35 35 38 45 39 46 46 30 38 30 30 39 46 46 46 30 30 30 30 0D
1779565865508,74 34 35 31 38 30 30 30 30 30 30 30 30 30 30 30 30 30 30 30 30 0D
1779565865519,74 34 35 35 38 45 39 46 46 30 38 30 30 39 46 46 46 30 30 30 30 0D
1779565865526,74 34 35 30 38 30 30 30 30 30 37 30 30 30 30 30 30 45 34 30 35 0D
1779565865542,74 34 35 31 38 30 30 30 30 30 30 30 30 30 30 30 30 30 30 30 30 0D
1779565865554,74 34 35 31 38 30 30 30 30 30 30 30 30 30 30 30 30 30 30 30 30 0D
1779565865559,74 34 35 35 38 45 41 46 46 30 37 30 30 39 46 46 46 30 30 30 30 0D
1779565865570,74 34 35 31 38 30 30 30 30 30 30 30 30 30 30 30 30 30 30 30 30 0D
1779565865576,74 34 35 35 38 45 41 46 46 30 37 30 30 39 46 46 46 30 30 30 30 0D
1779565865586,74 34 35 37 38 30 30 30 30 30 30 30 30 36 34 31 34 30 30 30 30 0D
1779565865591,74 34 35 31 38 30 30 30 30 30 30 30 30 30 30 30 30 30 30 30 30 0D
1779565865609,74 34 35 31 38 30 30 30 30 30 30 30 30 30 30 30 30 30 30 30 30 0D
1779565865621,74 34 35 35 38 45 41 46 46 30 37 30 30 39 46 46 46 30 30 30 30 0D
1779565865627,74 34 35 30 38 30 30 30 30 30 37 30 30 30 30 30 30 45 34 30 35 0D
1779565865640,74 34 35 31 38 30 30 30 30 30 30 30 30 30 30 30 30 30 30 30 30 0D
1779565865653,74 34 35 31 38 30 30 30 30 30 30 30 30 30 30 30 30 30 30 30 30 0D
1779565865657,74 34 35 35 38 45 41 46 46 30 37 30 30 39 46 46 46 30 30 30 30 0D
1779565865668,74 34 35 31 38 30 30 30 30 30 30 30 30 30 30 30 30 30 30 30 30 0D
1779565865686,74 34 35 35 38 45 41 46 46 30 37 30 30 39 46 46 46 30 30 30 30 0D
1779565865693,74 34 35 31 38 30 30 30 30 30 30 30 30 30 30 30 30 30 30 30 30 0D
1779565865710,74 34 35 31 38 30 30 30 30 30 30 30 30 30 30 30 30 30 30 30 30 0D
1779565865720,74 34 35 35 38 45 41 46 46 30 37 30 30 39 46 46 46 30 30 30 30 0D
1779565865726,74 34 35 30 38 30 30 30 30 30 37 30 30 30 30 30 30 45 34 30 35 0D
1779565865739,74 34 35 31 38 30 30 30 30 30 30 30 30 30 30 30 30 30 30 30 30 0D
1779565865748,74 34 35 31 38 30 30 30 30 30 30 30 30 30 30 30 30 30 30 30 30 0D
1779565865758,74 34 35 35 38 45 41 46 46 30 37 30 30 39 46 46 46 30 30 30 30 0D
1779565865769,74 34 35 31 38 30 30 30 30 30 30 30 30 30 30 30 30 30 30 30 30 0D
1779565865781,74 34 35 35 38 45 41 46 46 30 37 30 30 39 46 46 46 30 30 30 30 0D
1779565865789,74 34 35 37 38 30 30 30 30 30 30 30 30 36 34 31 34 30 30 30 30 0D
1779565865803,74 34 35 36 38 45 44 46 46 30 37 30 30 30 34 30 30 30 30 30 30 0D
1779565865809,74 34 35 31 38 30 30 30 30 30 30 30 30 30 30 30 30 30 30 30 30 0D
1779565865817,74 34 35 35 38 45 41 46 46 30 37 30 30 39 46 46 46 30 30 30 30 0D
1779565865834,74 34 35 30 38 30 30 30 30 30 37 30 30 30 30 30 30 45 34 30 35 0D
1779565865842,74 34 35 31 38 30 30 30 30 30 30 30 30 30 30 30 30 30 30 30 30 0D
1779565865848,74 34 35 31 38 30 30 30 30 30 30 30 30 30 30 30 30 30 30 30 30 0D
1779565865856,74 34 35 35 38 45 41 46 46 30 37 30 30 39 46 46 46 30 30 30 30 0D
1779565865866,74 34 35 31 38 30 30 30 30 30 30 30 30 30 30 30 30 30 30 30 30 0D
1779565865890,74 34 35 35 38 45 41 46 46 30 37 30 30 39 46 46 46 30 30 30 30 0D
1779565865898,74 34 35 31 38 30 30 30 30 30 30 30 30 30 30 30 30 30 30 30 30 0D
1779565865909,74 34 35 31 38 30 30 30 30 30 30 30 30 30 30 30 30 30 30 30 30 0D
1779565865917,74 34 35 35 38 45 41 46 46 30 37 30 30 39 46 46 46 30 30 30 30 0D
1779565865932,74 34 35 30 38 30 30 30 30 30 37 30 30 30 30 30 30 45 34 30 35 0D
1779565865935,74 34 35 31 38 30 30 30 30 30 30 30 30 30 30 30 30 30 30 30 30 0D
1779565865951,74 34 35 31 38 30 30 30 30 30 30 30 30 30 30 30 30 30 30 30 30 0D
1779565865963,74 34 35 35 38 45 41 46 46 30 37 30 30 39 46 46 46 30 30 30 30 0D
1779565865968,74 34 35 31 38 30 30 30 30 30 30 30 30 30 30 30 30 30 30 30 30 0D
1779565865993,74 34 35 35 38 45 41 46 46 30 37 30 30 39 46 46 46 30 30 30 30 0D
1779565866000,74 34 35 37 38 30 30 30 30 30 30 30 30 36 34 31 34 30 30 30 30 0D
1779565866007,74 34 35 39 38 43 32 41 34 42 45 31 36 43 36 31 41 30 33 42 37 0D
1779565866016,74 34 35 31 38 30 30 30 30 30 30 30 30 30 30 30 30 30 30 30 30 0D
1779565866026,74 34 35 30 38 30 30 30 30 30 37 30 30 30 30 30 30 45 34 30 35 0D
1779565866041,74 34 35 31 38 30 30 30 30 30 30 30 30 30 30 30 30 30 30 30 30 0D
1779565866049,74 34 35 31 38 30 30 30 30 30 30 30 30 30 30 30 30 30 30 30 30 0D
1779565866059,74 34 35 35 38 45 41 46 46 30 37 30 30 39 46 46 46 30 30 30 30 0D
1779565866067,74 34 35 31 38 30 30 30 30 30 30 30 30 30 30 30 30 30 30 30 30 0D
1779565866081,74 34 35 37 38 30 30 30 30 30 30 30 30 36 34 31 34 30 30 30 30 0D
1779565866096,74 34 35 39 38 43 31 41 34 42 45 31 36 43 38 31 41 30 33 42 37 0D
1779565866105,74 34 35 31 38 30 30 30 30 30 30 30 30 30 30 30 30 30 30 30 30 0D
1779565866118,74 34 35 35 38 45 41 46 46 30 37 30 30 39 46 46 46 30 30 30 30 0D
1779565866133,74 34 35 30 38 30 30 30 30 30 37 30 30 30 30 30 30 45 34 30 35 0D
1779565866138,74 34 35 31 38 30 30 30 30 30 30 30 30 30 30 30 30 30 30 30 30 0D
1779565866147,74 34 35 31 38 30 30 30 30 30 30 30 30 30 30 30 30 30 30 30 30 0D
1779565866166,74 34 35 35 38 45 41 46 46 30 37 30 30 39 46 46 46 30 30 30 30 0D
1779565866172,74 34 35 31 38 30 30 30 30 30 30 30 30 30 30 30 30 30 30 30 30 0D
1779565866187,74 34 35 35 38 45 41 46 46 30 37 30 30 39 46 46 46 30 30 30 30 0D
1779565866198,74 34 35 31 38 30 30 30 30 30 30 30 30 30 30 30 30 30 30 30 30 0D
1779565866206,74 34 35 31 38 30 30 30 30 30 30 30 30 30 30 30 30 30 30 30 30 0D
1779565866217,74 34 35 35 38 45 41 46 46 30 37 30 30 39 46 46 46 30 30 30 30 0D
1779565866230,74 34 35 30 38 30 30 30 30 30 37 30 30 30 30 30 30 45 34 30 35 0D
1779565866249,74 34 35 31 38 30 30 30 30 30 30 30 30 30 30 30 30 30 30 30 30 0D
1779565866271,74 34 35 31 38 30 30 30 30 30 30 30 30 30 30 30 30 30 30 30 30 0D
1779565866283,74 34 35 35 38 45 41 46 46 30 37 30 30 39 46 46 46 30 30 30 30 0D
1779565866291,74 34 35 31 38 30 30 30 30 30 30 30 30 30 30 30 30 30 30 30 30 0D
1779565866300,74 34 35 35 38 45 41 46 46 30 37 30 30 39 46 46 46 30 30 30 30 0D
1779565866307,74 34 35 31 38 30 30 30 30 30 30 30 30 30 30 30 30 30 30 30 30 0D
1779565866320,74 34 35 35 38 45 41 46 46 30 37 30 30 39 46 46 46 30 30 30 30 0D
1779565866332,74 34 35 30 38 30 30 30 30 30 37 30 30 30 30 30 30 45 34 30 35 0D
1779565866340,74 34 35 31 38 30 30 30 30 30 30 30 30 30 30 30 30 30 30 30 30 0D
1779565866351,74 34 35 31 38 30 30 30 30 30 30 30 30 30 30 30 30 30 30 30 30 0D
1779565866358,74 34 35 35 38 45 41 46 46 30 37 30 30 39 46 46 46 30 30 30 30 0D
1779565866368,74 34 35 31 38 30 30 30 30 30 30 30 30 30 30 30 30 30 30 30 30 0D
1779565866397,74 34 35 35 38 45 41 46 46 30 37 30 30 39 46 46 46 30 30 30 30 0D
1779565866417,74 34 35 31 38 30 30 30 30 30 30 30 30 30 30 30 30 30 30 30 30 0D
1779565866441,74 34 35 35 38 45 41 46 46 30 37 30 30 39 46 46 46 30 30 30 30 0D
1779565866450,74 34 35 31 38 30 30 30 30 30 30 30 30 30 30 30 30 30 30 30 30 0D
1779565866458,74 34 35 35 38 45 41 46 46 30 37 30 30 39 46 46 46 30 30 30 30 0D
1779565866471,74 34 35 31 38 30 30 30 30 30 30 30 30 30 30 30 30 30 30 30 30 0D
1779565866479,74 34 35 35 38 45 41 46 46 30 37 30 30 39 46 46 46 30 30 30 30 0D
1779565866487,74 34 35 37 38 30 30 30 30 30 31 30 30 36 34 31 34 30 30 30 30 0D
1779565866497,74 34 35 31 38 30 30 30 30 30 30 30 30 30 30 30 30 30 30 30 30 0D
1779565866515,74 34 35 31 38 30 30 30 30 30 30 30 30 30 30 30 30 30 30 30 30 0D
1779565866540,74 34 35 35 38 45 41 46 46 30 37 30 30 39 46 46 46 30 30 30 30 0D
1779565866548,74 34 35 31 38 30 30 30 30 30 30 30 30 30 30 30 30 30 30 30 30 0D
1779565866557,74 34 35 35 38 45 41 46 46 30 37 30 30 39 46 46 46 30 30 30 30 0D
1779565866568,74 34 35 31 38 30 30 30 30 30 30 30 30 30 30 30 30 30 30 30 30 0D
1779565866587,74 34 35 35 38 45 41 46 46 30 37 30 30 39 46 46 46 30 30 30 30 0D
1779565866590,74 34 35 31 38 30 30 30 30 30 30 30 30 30 30 30 30 30 30 30 30 0D
1779565866601,74 34 35 35 38 45 41 46 46 30 37 30 30 39 46 46 46 30 30 30 30 0D
1779565866615,74 34 35 31 38 30 30 30 30 30 30 30 30 30 30 30 30 30 30 30 30 0D
1779565866628,74 34 35 35 38 45 41 46 46 30 37 30 30 39 46 46 46 30 30 30 30 0D
1779565866637,74 34 35 31 38 30 30 30 30 30 30 30 30 30 30 30 30 30 30 30 30 0D
1779565866648,74 34 35 31 38 30 30 30 30 30 30 30 30 30 30 30 30 30 30 30 30 0D
1779565866664,74 34 35 35 38 45 41 46 46 30 37 30 30 39 46 46 46 30 30 30 30 0D
1779565866670,74 34 35 31 38 30 30 30 30 30 30 30 30 30 30 30 30 30 30 30 30 0D
1779565866685,74 34 35 35 38 45 41 46 46 30 37 30 30 39 46 46 46 30 30 30 30 0D
1779565866692,74 34 35 31 38 30 30 30 30 30 30 30 30 30 30 30 30 30 30 30 30 0D
1779565866697,74 34 35 35 38 45 41 46 46 30 37 30 30 39 46 46 46 30 30 30 30 0D
1779565866710,74 34 35 31 38 30 30 30 30 30 30 30 30 30 30 30 30 30 30 30 30 0D
1779565866719,74 34 35 35 38 45 41 46 46 30 37 30 30 39 46 46 46 30 30 30 30 0D
1779565866729,74 34 35 30 38 30 30 30 30 30 37 30 30 30 30 30 30 45 34 30 35 0D
1779565866737,74 34 35 31 38 30 30 30 30 30 30 30 30 30 30 30 30 30 30 30 30 0D
1779565866747,74 34 35 31 38 30 30 30 30 30 30 30 30 30 30 30 30 30 30 30 30 0D
1779565866754,74 34 35 35 38 45 41 46 46 30 37 30 30 39 45 46 46 30 30 30 30 0D
1779565866773,74 34 35 31 38 30 30 30 30 30 30 30 30 30 30 30 30 30 30 30 30 0D
1779565866788,74 34 35 35 38 45 41 46 46 30 37 30 30 39 45 46 46 30 30 30 30 0D
1779565866795,74 34 35 31 38 30 30 30 30 30 30 30 30 30 30 30 30 30 30 30 30 0D
1779565866813,74 34 35 31 38 30 30 30 30 30 30 30 30 30 30 30 30 30 30 30 30 0D
1779565866821,74 34 35 35 38 45 41 46 46 30 37 30 30 39 45 46 46 30 30 30 30 0D
1779565866826,74 34 35 30 38 30 30 30 30 30 37 30 30 30 30 30 30 45 34 30 35 0D
1779565866841,74 34 35 31 38 30 30 30 30 30 30 30 30 30 30 30 30 30 30 30 30 0D
1779565866846,74 34 35 31 38 30 30 30 30 30 30 30 30 30 30 30 30 30 30 30 30 0D
1779565866861,74 34 35 35 38 45 41 46 46 30 37 30 30 39 45 46 46 30 30 30 30 0D
1779565866867,74 34 35 31 38 30 30 30 30 30 30 30 30 30 30 30 30 30 30 30 30 0D
1779565866886,74 34 35 35 38 45 41 46 46 30 37 30 30 39 45 46 46 30 30 30 30 0D
1779565866891,74 34 35 31 38 30 30 30 30 30 30 30 30 30 30 30 30 30 30 30 30 0D
1779565866896,74 34 35 35 38 45 41 46 46 30 37 30 30 39 45 46 46 30 30 30 30 0D
1779565866910,74 34 35 31 38 30 30 30 30 30 30 30 30 30 30 30 30 30 30 30 30 0D
1779565866916,74 34 35 35 38 45 41 46 46 30 37 30 30 39 45 46 46 30 30 30 30 0D
1779565866930,74 34 35 30 38 30 30 30 30 30 37 30 30 30 30 30 30 45 34 30 35 0D
1779565866940,74 34 35 31 38 30 30 30 30 30 30 30 30 30 30 30 30 30 30 30 30 0D
1779565866948,74 34 35 31 38 30 30 30 30 30 30 30 30 30 30 30 30 30 30 30 30 0D
1779565866960,74 34 35 35 38 45 41 46 46 30 37 30 30 39 46 46 46 30 30 30 30 0D
1779565866967,74 34 35 31 38 30 30 30 30 30 30 30 30 30 30 30 30 30 30 30 30 0D
1779565866984,74 34 35 35 38 45 41 46 46 30 37 30 30 39 46 46 46 30 30 30 30 0D
1779565866990,74 34 35 31 38 30 30 30 30 30 30 30 30 30 30 30 30 30 30 30 30 0D
1779565867010,74 34 35 31 38 30 30 30 30 30 30 30 30 30 30 30 30 30 30 30 30 0D
1779565867018,74 34 35 35 38 45 41 46 46 30 37 30 30 39 46 46 46 30 30 30 30 0D
1779565867026,74 34 35 30 38 30 30 30 30 30 37 30 30 30 30 30 30 45 34 30 35 0D
1779565867041,74 34 35 31 38 30 30 30 30 30 30 30 30 30 30 30 30 30 30 30 30 0D
1779565867046,74 34 35 31 38 30 30 30 30 30 30 30 30 30 30 30 30 30 30 30 30 0D
1779565867063,74 34 35 35 38 45 41 46 46 30 37 30 30 39 46 46 46 30 30 30 30 0D
1779565867067,74 34 35 31 38 30 30 30 30 30 30 30 30 30 30 30 30 30 30 30 30 0D
1779565867098,74 34 35 35 38 45 41 46 46 30 37 30 30 39 46 46 46 30 30 30 30 0D
1779565867111,74 34 35 31 38 30 30 30 30 30 30 30 30 30 30 30 30 30 30 30 30 0D
1779565867119,74 34 35 35 38 45 41 46 46 30 37 30 30 39 46 46 46 30 30 30 30 0D
1779565867127,74 34 35 30 38 30 30 30 30 30 37 30 30 30 30 30 30 45 34 30 35 0D
1779565867142,74 34 35 31 38 30 30 30 30 30 30 30 30 30 30 30 30 30 30 30 30 0D
1779565867146,74 34 35 31 38 30 30 30 30 30 30 30 30 30 30 30 30 30 30 30 30 0D
1779565867152,74 34 35 36 38 45 45 46 46 30 38 30 30 30 35 30 30 30 30 30 30 0D
1779565867168,74 34 35 31 38 30 30 30 30 30 30 30 30 30 30 30 30 30 30 30 30 0D
1779565867186,74 34 35 35 38 45 39 46 46 30 36 30 30 39 46 46 46 30 30 30 30 0D
1779565867196,74 34 35 31 38 30 30 30 30 30 30 30 30 30 30 30 30 30 30 30 30 0D
1779565867205,74 34 35 36 38 45 45 46 46 30 38 30 30 30 35 30 30 30 30 30 30 0D
1779565867213,74 34 35 31 38 30 30 30 30 30 30 30 30 30 30 30 30 30 30 30 30 0D
1779565867216,74 34 35 35 38 45 39 46 46 30 36 30 30 39 46 46 46 30 30 30 30 0D
1779565867225,74 34 35 30 38 30 30 30 30 30 37 30 30 30 30 30 30 45 34 30 35 0D
1779565867242,74 34 35 31 38 30 30 30 30 30 30 30 30 30 30 30 30 30 30 30 30 0D
1779565867249,74 34 35 31 38 30 30 30 30 30 30 30 30 30 30 30 30 30 30 30 30 0D
1779565867268,74 34 35 31 38 30 30 30 30 30 30 30 30 30 30 30 30 30 30 30 30 0D
1779565867290,74 34 35 35 38 45 39 46 46 30 36 30 30 39 46 46 46 30 30 30 30 0D
1779565867296,74 34 35 31 38 30 30 30 30 30 30 30 30 30 30 30 30 30 30 30 30 0D
1779565867302,74 34 35 35 38 45 39 46 46 30 36 30 30 39 46 46 46 30 30 30 30 0D
1779565867313,74 34 35 31 38 30 30 30 30 30 30 30 30 30 30 30 30 30 30 30 30 0D
1779565867323,74 34 35 35 38 45 39 46 46 30 36 30 30 39 46 46 46 30 30 30 30 0D
1779565867327,74 34 35 30 38 30 30 30 30 30 37 30 30 30 30 30 30 45 34 30 35 0D
1779565867343,74 34 35 31 38 30 30 30 30 30 30 30 30 30 30 30 30 30 30 30 30 0D
1779565867348,74 34 35 31 38 30 30 30 30 30 30 30 30 30 30 30 30 30 30 30 30 0D
1779565867359,74 34 35 35 38 45 41 46 46 30 37 30 30 39 46 46 46 30 30 30 30 0D
1779565867366,74 34 35 31 38 30 30 30 30 30 30 30 30 30 30 30 30 30 30 30 30 0D
1779565867377,74 34 35 35 38 45 41 46 46 30 37 30 30 39 46 46 46 30 30 30 30 0D
1779565867388,74 34 35 31 38 30 30 30 30 30 30 30 30 30 30 30 30 30 30 30 30 0D
1779565867397,74 34 35 35 38 45 41 46 46 30 37 30 30 39 46 46 46 30 30 30 30 0D
1779565867412,74 34 35 31 38 30 30 30 30 30 30 30 30 30 30 30 30 30 30 30 30 0D
1779565867418,74 34 35 35 38 45 41 46 46 30 37 30 30 39 46 46 46 30 30 30 30 0D
1779565867426,74 34 35 30 38 30 30 30 30 30 37 30 30 30 30 30 30 45 34 30 35 0D
1779565867440,74 34 35 31 38 30 30 30 30 30 30 30 30 30 30 30 30 30 30 30 30 0D
1779565867446,74 34 35 31 38 30 30 30 30 30 30 30 30 30 30 30 30 30 30 30 30 0D
1779565867460,74 34 35 35 38 45 41 46 46 30 37 30 30 39 46 46 46 30 30 30 30 0D
1779565867468,74 34 35 31 38 30 30 30 30 30 30 30 30 30 30 30 30 30 30 30 30 0D
1779565867486,74 34 35 35 38 45 41 46 46 30 37 30 30 39 46 46 46 30 30 30 30 0D
1779565867490,74 34 35 31 38 30 30 30 30 30 30 30 30 30 30 30 30 30 30 30 30 0D
1779565867511,74 34 35 31 38 30 30 30 30 30 30 30 30 30 30 30 30 30 30 30 30 0D
1779565867517,74 34 35 35 38 45 41 46 46 30 37 30 30 39 46 46 46 30 30 30 30 0D
1779565867530,74 34 35 30 38 30 30 30 30 30 37 30 30 30 30 30 30 45 34 30 35 0D
1779565867541,74 34 35 31 38 30 30 30 30 30 30 30 30 30 30 30 30 30 30 30 30 0D
1779565867545,74 34 35 31 38 30 30 30 30 30 30 30 30 30 30 30 30 30 30 30 30 0D
1779565867559,74 34 35 35 38 45 41 46 46 30 37 30 30 39 45 46 46 30 30 30 30 0D
1779565867566,74 34 35 31 38 30 30 30 30 30 30 30 30 30 30 30 30 30 30 30 30 0D
1779565867584,74 34 35 35 38 45 41 46 46 30 37 30 30 39 45 46 46 30 30 30 30 0D
1779565867591,74 34 35 31 38 30 30 30 30 30 30 30 30 30 30 30 30 30 30 30 30 0D
1779565867609,74 34 35 31 38 30 30 30 30 30 30 30 30 30 30 30 30 30 30 30 30 0D
1779565867627,74 34 35 35 38 45 41 46 46 30 37 30 30 39 45 46 46 30 30 30 30 0D
1779565867634,74 34 35 30 38 30 30 30 30 30 37 30 30 30 30 30 30 45 34 30 35 0D
1779565867642,74 34 35 37 38 30 30 30 30 30 31 30 30 36 34 31 34 30 31 30 30 0D
1779565867644,74 34 35 31 38 30 30 30 30 30 30 30 30 30 30 30 30 30 30 30 30 0D
1779565867659,74 34 35 35 38 45 41 46 46 30 37 30 30 39 45 46 46 30 30 30 30 0D
1779565867666,74 34 35 31 38 30 30 30 30 30 30 30 30 30 30 30 30 30 30 30 30 0D
1779565867677,74 34 35 35 38 45 41 46 46 30 37 30 30 39 45 46 46 30 30 30 30 0D
1779565867699,74 34 35 37 38 30 30 30 30 30 30 30 30 36 34 31 34 30 30 30 30 0D
1779565867709,74 34 35 31 38 30 30 30 30 30 30 30 30 30 30 30 30 30 30 30 30 0D
1779565867720,74 34 35 35 38 45 41 46 46 30 37 30 30 39 45 46 46 30 30 30 30 0D
1779565867728,74 34 35 30 38 30 30 30 30 30 37 30 30 30 30 30 30 45 34 30 35 0D
1779565867740,74 34 35 31 38 30 30 30 30 30 30 30 30 30 30 30 30 30 30 30 30 0D
1779565867746,74 34 35 31 38 30 30 30 30 30 30 30 30 30 30 30 30 30 30 30 30 0D
1779565867758,74 34 35 35 38 45 41 46 46 30 37 30 30 39 45 46 46 30 30 30 30 0D
1779565867767,74 34 35 31 38 30 30 30 30 30 30 30 30 30 30 30 30 30 30 30 30 0D
1779565867787,74 34 35 35 38 45 41 46 46 30 37 30 30 39 45 46 46 30 30 30 30 0D
1779565867794,74 34 35 31 38 30 30 30 30 30 30 30 30 30 30 30 30 30 30 30 30 0D
1779565867801,74 34 35 35 38 45 41 46 46 30 37 30 30 39 45 46 46 30 30 30 30 0D
1779565867808,74 34 35 31 38 30 30 30 30 30 30 30 30 30 30 30 30 30 30 30 30 0D
1779565867823,74 34 35 35 38 45 41 46 46 30 37 30 30 39 45 46 46 30 30 30 30 0D
1779565867827,74 34 35 30 38 30 30 30 30 30 37 30 30 30 30 30 30 45 34 30 35 0D
1779565867838,74 34 35 31 38 30 30 30 30 30 30 30 30 30 30 30 30 30 30 30 30 0D
1779565867846,74 34 35 31 38 30 30 30 30 30 30 30 30 30 30 30 30 30 30 30 30 0D
1779565867863,74 34 35 35 38 45 41 46 46 30 37 30 30 39 45 46 46 30 30 30 30 0D
1779565867869,74 34 35 31 38 30 30 30 30 30 30 30 30 30 30 30 30 30 30 30 30 0D
1779565867885,74 34 35 35 38 45 41 46 46 30 37 30 30 39 45 46 46 30 30 30 30 0D
1779565867894,74 34 35 31 38 30 30 30 30 30 30 30 30 30 30 30 30 30 30 30 30 0D
1779565867900,74 34 35 36 38 45 45 46 46 30 37 30 30 30 34 30 30 30 30 30 30 0D
1779565867910,74 34 35 31 38 30 30 30 30 30 30 30 30 30 30 30 30 30 30 30 30 0D
1779565867923,74 34 35 35 38 45 41 46 46 30 37 30 30 39 45 46 46 30 30 30 30 0D
1779565867928,74 34 35 30 38 30 30 30 30 30 37 30 30 30 30 30 30 45 34 30 35 0D
1779565867941,74 34 35 31 38 30 30 30 30 30 30 30 30 30 30 30 30 30 30 30 30 0D
1779565867947,74 34 35 31 38 30 30 30 30 30 30 30 30 30 30 30 30 30 30 30 30 0D
1779565867956,74 34 35 35 38 45 41 46 46 30 37 30 30 39 46 46 46 30 30 30 30 0D
1779565867966,74 34 35 31 38 30 30 30 30 30 30 30 30 30 30 30 30 30 30 30 30 0D
1779565867988,74 34 35 35 38 45 41 46 46 30 37 30 30 39 46 46 46 30 30 30 30 0D
1779565867993,74 34 35 31 38 30 30 30 30 30 30 30 30 30 30 30 30 30 30 30 30 0D
1779565867997,74 34 35 35 38 45 41 46 46 30 37 30 30 39 46 46 46 30 30 30 30 0D
1779565868007,74 34 35 31 38 30 30 30 30 30 30 30 30 30 30 30 30 30 30 30 30 0D
1779565868022,74 34 35 35 38 45 41 46 46 30 37 30 30 39 46 46 46 30 30 30 30 0D
1779565868027,74 34 35 30 38 30 30 30 30 30 37 30 30 30 30 30 30 45 34 30 35 0D
1779565868039,74 34 35 31 38 30 30 30 30 30 30 30 30 30 30 30 30 30 30 30 30 0D
1779565868047,74 34 35 31 38 30 30 30 30 30 30 30 30 30 30 30 30 30 30 30 30 0D
1779565868056,74 34 35 35 38 45 41 46 46 30 37 30 30 39 46 46 46 30 30 30 30 0D
1779565868066,74 34 35 31 38 30 30 30 30 30 30 30 30 30 30 30 30 30 30 30 30 0D
1779565868084,74 34 35 35 38 45 41 46 46 30 37 30 30 39 46 46 46 30 30 30 30 0D
1779565868090,74 34 35 31 38 30 30 30 30 30 30 30 30 30 30 30 30 30 30 30 30 0D
1779565868101,74 34 35 35 38 45 41 46 46 30 37 30 30 39 46 46 46 30 30 30 30 0D
1779565868109,74 34 35 31 38 30 30 30 30 30 30 30 30 30 30 30 30 30 30 30 30 0D
1779565868120,74 34 35 35 38 45 41 46 46 30 37 30 30 39 46 46 46 30 30 30 30 0D
1779565868126,74 34 35 30 38 30 30 30 30 30 37 30 30 30 30 30 30 45 34 30 35 0D
1779565868139,74 34 35 31 38 30 30 30 30 30 30 30 30 30 30 30 30 30 30 30 30 0D
1779565868147,74 34 35 31 38 30 30 30 30 30 30 30 30 30 30 30 30 30 30 30 30 0D
1779565868161,74 34 35 35 38 45 41 46 46 30 38 30 30 39 46 46 46 30 30 30 30 0D
1779565868165,74 34 35 31 38 30 30 30 30 30 30 30 30 30 30 30 30 30 30 30 30 0D
1779565868186,74 34 35 35 38 45 41 46 46 30 38 30 30 39 46 46 46 30 30 30 30 0D
1779565868194,74 34 35 31 38 30 30 30 30 30 30 30 30 30 30 30 30 30 30 30 30 0D
1779565868197,74 34 35 35 38 45 41 46 46 30 38 30 30 39 46 46 46 30 30 30 30 0D
1779565868209,74 34 35 31 38 30 30 30 30 30 30 30 30 30 30 30 30 30 30 30 30 0D
1779565868215,74 34 35 35 38 45 41 46 46 30 38 30 30 39 46 46 46 30 30 30 30 0D
1779565868226,74 34 35 30 38 30 30 30 30 30 37 30 30 30 30 30 30 45 34 30 35 0D
1779565868238,74 34 35 31 38 30 30 30 30 30 30 30 30 30 30 30 30 30 30 30 30 0D
1779565868247,74 34 35 31 38 30 30 30 30 30 30 30 30 30 30 30 30 30 30 30 30 0D
1779565868273,74 34 35 35 38 45 41 46 46 30 38 30 30 39 46 46 46 30 30 30 30 0D
1779565868280,74 34 35 35 38 45 41 46 46 30 38 30 30 39 46 46 46 30 30 30 30 0D
1779565868288,74 34 35 31 38 30 30 30 30 30 30 30 30 30 30 30 30 30 30 30 30 0D
1779565868298,74 34 35 35 38 45 41 46 46 30 38 30 30 39 46 46 46 30 30 30 30 0D
1779565868311,74 34 35 31 38 30 30 30 30 30 30 30 30 30 30 30 30 30 30 30 30 0D
1779565868321,74 34 35 35 38 45 41 46 46 30 38 30 30 39 46 46 46 30 30 30 30 0D
1779565868326,74 34 35 30 38 30 30 30 30 30 37 30 30 30 30 30 30 45 34 30 35 0D
1779565868343,74 34 35 31 38 30 30 30 30 30 30 30 30 30 30 30 30 30 30 30 30 0D
1779565868347,74 34 35 31 38 30 30 30 30 30 30 30 30 30 30 30 30 30 30 30 30 0D
1779565868354,74 34 35 35 38 45 41 46 46 30 37 30 30 39 46 46 46 30 30 30 30 0D
1779565868372,74 34 35 31 38 30 30 30 30 30 30 30 30 30 30 30 30 30 30 30 30 0D
1779565868397,74 34 35 35 38 45 41 46 46 30 37 30 30 39 46 46 46 30 30 30 30 0D
1779565868408,74 34 35 31 38 30 30 30 30 30 30 30 30 30 30 30 30 30 30 30 30 0D
1779565868416,74 34 35 35 38 45 41 46 46 30 37 30 30 39 46 46 46 30 30 30 30 0D
1779565868428,74 34 35 30 38 30 30 30 30 30 37 30 30 30 30 30 30 45 34 30 35 0D
1779565868443,74 34 35 31 38 30 30 30 30 30 30 30 30 30 30 30 30 30 30 30 30 0D
1779565868449,74 34 35 31 38 30 30 30 30 30 30 30 30 30 30 30 30 30 30 30 30 0D
1779565868457,74 34 35 35 38 45 41 46 46 30 37 30 30 39 46 46 46 30 30 30 30 0D
1779565868473,74 34 35 31 38 30 30 30 30 30 30 30 30 30 30 30 30 30 30 30 30 0D
1779565868481,74 34 35 37 38 30 30 30 30 30 30 30 30 36 34 31 34 30 30 30 30 0D
1779565868498,74 34 35 39 38 41 42 41 34 42 45 31 36 46 39 31 41 30 33 42 37 0D
1779565868511,74 34 35 31 38 30 30 30 30 30 30 30 30 30 30 30 30 30 30 30 30 0D
1779565868525,74 34 35 35 38 45 41 46 46 30 37 30 30 39 46 46 46 30 30 30 30 0D
1779565868530,74 34 35 30 38 30 30 30 30 30 37 30 30 30 30 30 30 45 34 30 35 0D
1779565868538,74 34 35 31 38 30 30 30 30 30 30 30 30 30 30 30 30 30 30 30 30 0D
1779565868547,74 34 35 31 38 30 30 30 30 30 30 30 30 30 30 30 30 30 30 30 30 0D
1779565868561,74 34 35 35 38 45 42 46 46 30 39 30 30 39 44 46 46 30 30 30 30 0D
1779565868566,74 34 35 31 38 30 30 30 30 30 30 30 30 30 30 30 30 30 30 30 30 0D
1779565868586,74 34 35 35 38 45 42 46 46 30 39 30 30 39 44 46 46 30 30 30 30 0D
1779565868592,74 34 35 31 38 30 30 30 30 30 30 30 30 30 30 30 30 30 30 30 30 0D
1779565868613,74 34 35 31 38 30 30 30 30 30 30 30 30 30 30 30 30 30 30 30 30 0D
1779565868623,74 34 35 35 38 45 42 46 46 30 39 30 30 39 44 46 46 30 30 30 30 0D
1779565868627,74 34 35 30 38 30 30 30 30 30 37 30 30 30 30 30 30 45 34 30 35 0D
1779565868639,74 34 35 31 38 30 30 30 30 30 30 30 30 30 30 30 30 30 30 30 30 0D
1779565868646,74 34 35 31 38 30 30 30 30 30 30 30 30 30 30 30 30 30 30 30 30 0D
1779565868658,74 34 35 35 38 45 42 46 46 30 39 30 30 39 44 46 46 30 30 30 30 0D
1779565868671,74 34 35 31 38 30 30 30 30 30 30 30 30 30 30 30 30 30 30 30 30 0D
1779565868689,74 34 35 35 38 45 42 46 46 30 39 30 30 39 44 46 46 30 30 30 30 0D
1779565868694,74 34 35 31 38 30 30 30 30 30 30 30 30 30 30 30 30 30 30 30 30 0D
1779565868697,74 34 35 36 38 45 44 46 46 30 38 30 30 30 34 30 30 30 30 30 30 0D
1779565868708,74 34 35 31 38 30 30 30 30 30 30 30 30 30 30 30 30 30 30 30 30 0D
1779565868721,74 34 35 35 38 45 42 46 46 30 39 30 30 39 44 46 46 30 30 30 30 0D
1779565868728,74 34 35 30 38 30 30 30 30 30 37 30 30 30 30 30 30 45 34 30 35 0D
1779565868737,74 34 35 31 38 30 30 30 30 30 30 30 30 30 30 30 30 30 30 30 30 0D
1779565868748,74 34 35 31 38 30 30 30 30 30 30 30 30 30 30 30 30 30 30 30 30 0D
1779565868770,74 34 35 35 38 45 41 46 46 30 37 30 30 39 46 46 46 30 30 30 30 0D
1779565868774,74 34 35 31 38 30 30 30 30 30 30 30 30 30 30 30 30 30 30 30 30 0D
1779565868778,74 34 35 37 38 30 30 30 30 30 30 30 30 36 34 31 34 30 30 30 30 0D
1779565868790,74 34 35 31 38 30 30 30 30 30 30 30 30 30 30 30 30 30 30 30 30 0D
1779565868811,74 34 35 31 38 30 30 30 30 30 30 30 30 30 30 30 30 30 30 30 30 0D
1779565868824,74 34 35 35 38 45 41 46 46 30 37 30 30 39 46 46 46 30 30 30 30 0D
1779565868830,74 34 35 30 38 30 30 30 30 30 37 30 30 30 30 30 30 45 34 30 35 0D
1779565868837,74 34 35 31 38 30 30 30 30 30 30 30 30 30 30 30 30 30 30 30 30 0D
1779565868848,74 34 35 31 38 30 30 30 30 30 30 30 30 30 30 30 30 30 30 30 30 0D
1779565868862,74 34 35 35 38 45 41 46 46 30 37 30 30 39 46 46 46 30 30 30 30 0D
1779565868869,74 34 35 31 38 30 30 30 30 30 30 30 30 30 30 30 30 30 30 30 30 0D
1779565868889,74 34 35 35 38 45 41 46 46 30 37 30 30 39 46 46 46 30 30 30 30 0D
1779565868897,74 34 35 31 38 30 30 30 30 30 30 30 30 30 30 30 30 30 30 30 30 0D
1779565868903,74 34 35 36 38 45 44 46 46 30 37 30 30 30 34 30 30 30 30 30 30 0D
1779565868908,74 34 35 31 38 30 30 30 30 30 30 30 30 30 30 30 30 30 30 30 30 0D
1779565868920,74 34 35 35 38 45 41 46 46 30 37 30 30 39 46 46 46 30 30 30 30 0D
1779565868926,74 34 35 30 38 30 30 30 30 30 37 30 30 30 30 30 30 45 34 30 35 0D
1779565868938,74 34 35 31 38 30 30 30 30 30 30 30 30 30 30 30 30 30 30 30 30 0D
1779565868948,74 34 35 31 38 30 30 30 30 30 30 30 30 30 30 30 30 30 30 30 30 0D
1779565868958,74 34 35 35 38 45 41 46 46 30 37 30 30 39 45 46 46 30 30 30 30 0D
1779565868970,74 34 35 31 38 30 30 30 30 30 30 30 30 30 30 30 30 30 30 30 30 0D
1779565868988,74 34 35 35 38 45 41 46 46 30 37 30 30 39 45 46 46 30 30 30 30 0D
1779565868993,74 34 35 31 38 30 30 30 30 30 30 30 30 30 30 30 30 30 30 30 30 0D
1779565869009,74 34 35 31 38 30 30 30 30 30 30 30 30 30 30 30 30 30 30 30 30 0D
1779565869020,74 34 35 35 38 45 41 46 46 30 37 30 30 39 45 46 46 30 30 30 30 0D
1779565869027,74 34 35 30 38 30 30 30 30 30 37 30 30 30 30 30 30 45 34 30 35 0D
1779565869037,74 34 35 31 38 30 30 30 30 30 30 30 30 30 30 30 30 30 30 30 30 0D
1779565869056,74 34 35 31 38 30 30 30 30 30 30 30 30 30 30 30 30 30 30 30 30 0D
1779565869073,74 34 35 35 38 45 41 46 46 30 37 30 30 39 45 46 46 30 30 30 30 0D
1779565869080,74 34 35 37 38 30 30 30 30 30 31 30 30 36 34 31 34 30 30 30 30 0D
1779565869089,74 34 35 31 38 30 30 30 30 30 30 30 30 30 30 30 30 30 30 30 30 0D
1779565869094,74 34 35 36 38 45 44 46 46 30 37 30 30 30 34 30 30 30 30 30 30 0D
1779565869111,74 34 35 31 38 30 30 30 30 30 30 30 30 30 30 30 30 30 30 30 30 0D
1779565869124,74 34 35 35 38 45 41 46 46 30 37 30 30 39 45 46 46 30 30 30 30 0D
1779565869131,74 34 35 30 38 30 30 30 30 30 37 30 30 30 30 30 30 45 34 30 35 0D
1779565869140,74 34 35 31 38 30 30 30 30 30 30 30 30 30 30 30 30 30 30 30 30 0D
1779565869146,74 34 35 31 38 30 30 30 30 30 30 30 30 30 30 30 30 30 30 30 30 0D
1779565869161,74 34 35 35 38 45 41 46 46 30 37 30 30 39 46 46 46 30 30 30 30 0D
1779565869168,74 34 35 31 38 30 30 30 30 30 30 30 30 30 30 30 30 30 30 30 30 0D
1779565869176,74 34 35 35 38 45 41 46 46 30 37 30 30 39 46 46 46 30 30 30 30 0D
1779565869199,74 34 35 37 38 30 30 30 30 30 31 30 30 36 34 31 34 30 30 30 30 0D
1779565869206,74 34 35 31 38 30 30 30 30 30 30 30 30 30 30 30 30 30 30 30 30 0D
1779565869220,74 34 35 35 38 45 41 46 46 30 37 30 30 39 46 46 46 30 30 30 30 0D
1779565869227,74 34 35 30 38 30 30 30 30 30 37 30 30 30 30 30 30 45 34 30 35 0D
1779565869243,74 34 35 31 38 30 30 30 30 30 30 30 30 30 30 30 30 30 30 30 30 0D
1779565869254,74 34 35 31 38 30 30 30 30 30 30 30 30 30 30 30 30 30 30 30 30 0D
1779565869265,74 34 35 35 38 45 41 46 46 30 37 30 30 39 46 46 46 30 30 30 30 0D
1779565869269,74 34 35 31 38 30 30 30 30 30 30 30 30 30 30 30 30 30 30 30 30 0D
1779565869290,74 34 35 35 38 45 41 46 46 30 37 30 30 39 46 46 46 30 30 30 30 0D
1779565869302,74 34 35 31 38 30 30 30 30 30 30 30 30 30 30 30 30 30 30 30 30 0D
1779565869308,74 34 35 31 38 30 30 30 30 30 30 30 30 30 30 30 30 30 30 30 30 0D
1779565869318,74 34 35 35 38 45 41 46 46 30 37 30 30 39 46 46 46 30 30 30 30 0D
1779565869327,74 34 35 30 38 30 30 30 30 30 37 30 30 30 30 30 30 45 34 30 35 0D
1779565869338,74 34 35 31 38 30 30 30 30 30 30 30 30 30 30 30 30 30 30 30 30 0D
1779565869350,74 34 35 31 38 30 30 30 30 30 30 30 30 30 30 30 30 30 30 30 30 0D
1779565869358,74 34 35 35 38 45 39 46 46 30 37 30 30 39 46 46 46 30 30 30 30 0D
1779565869375,74 34 35 31 38 30 30 30 30 30 30 30 30 30 30 30 30 30 30 30 30 0D
1779565869400,74 34 35 35 38 45 39 46 46 30 37 30 30 39 46 46 46 30 30 30 30 0D
1779565869408,74 34 35 31 38 30 30 30 30 30 30 30 30 30 30 30 30 30 30 30 30 0D
1779565869421,74 34 35 35 38 45 39 46 46 30 37 30 30 39 46 46 46 30 30 30 30 0D
1779565869429,74 34 35 30 38 30 30 30 30 30 37 30 30 30 30 30 30 45 34 30 35 0D
1779565869441,74 34 35 31 38 30 30 30 30 30 30 30 30 30 30 30 30 30 30 30 30 0D
1779565869450,74 34 35 31 38 30 30 30 30 30 30 30 30 30 30 30 30 30 30 30 30 0D
1779565869458,74 34 35 35 38 45 39 46 46 30 37 30 30 39 46 46 46 30 30 30 30 0D
1779565869469,74 34 35 31 38 30 30 30 30 30 30 30 30 30 30 30 30 30 30 30 30 0D
1779565869485,74 34 35 35 38 45 39 46 46 30 37 30 30 39 46 46 46 30 30 30 30 0D
1779565869492,74 34 35 31 38 30 30 30 30 30 30 30 30 30 30 30 30 30 30 30 30 0D
1779565869502,74 34 35 35 38 45 39 46 46 30 37 30 30 39 46 46 46 30 30 30 30 0D
1779565869507,74 34 35 31 38 30 30 30 30 30 30 30 30 30 30 30 30 30 30 30 30 0D
1779565869522,74 34 35 35 38 45 39 46 46 30 37 30 30 39 46 46 46 30 30 30 30 0D
1779565869527,74 34 35 30 38 30 30 30 30 30 37 30 30 30 30 30 30 45 34 30 35 0D
1779565869544,74 34 35 31 38 30 30 30 30 30 30 30 30 30 30 30 30 30 30 30 30 0D
1779565869549,74 34 35 31 38 30 30 30 30 30 30 30 30 30 30 30 30 30 30 30 30 0D
1779565869556,74 34 35 36 38 45 45 46 46 30 37 30 30 30 34 30 30 30 30 30 30 0D
1779565869569,74 34 35 31 38 30 30 30 30 30 30 30 30 30 30 30 30 30 30 30 30 0D
1779565869589,74 34 35 35 38 45 41 46 46 30 37 30 30 39 46 46 46 30 30 30 30 0D
1779565869600,74 34 35 31 38 30 30 30 30 30 30 30 30 30 30 30 30 30 30 30 30 0D
1779565869605,74 34 35 35 38 45 41 46 46 30 37 30 30 39 46 46 46 30 30 30 30 0D
1779565869610,74 34 35 31 38 30 30 30 30 30 30 30 30 30 30 30 30 30 30 30 30 0D
1779565869616,74 34 35 35 38 45 41 46 46 30 37 30 30 39 46 46 46 30 30 30 30 0D
1779565869634,74 34 35 30 38 30 30 30 30 30 37 30 30 30 30 30 30 45 34 30 35 0D
1779565869638,74 34 35 31 38 30 30 30 30 30 30 30 30 30 30 30 30 30 30 30 30 0D
1779565869650,74 34 35 31 38 30 30 30 30 30 30 30 30 30 30 30 30 30 30 30 30 0D
1779565869657,74 34 35 35 38 45 41 46 46 30 37 30 30 39 46 46 46 30 30 30 30 0D
1779565869671,74 34 35 31 38 30 30 30 30 30 30 30 30 30 30 30 30 30 30 30 30 0D
1779565869685,74 34 35 35 38 45 41 46 46 30 37 30 30 39 46 46 46 30 30 30 30 0D
1779565869692,74 34 35 31 38 30 30 30 30 30 30 30 30 30 30 30 30 30 30 30 30 0D
1779565869699,74 34 35 35 38 45 41 46 46 30 37 30 30 39 46 46 46 30 30 30 30 0D
1779565869707,74 34 35 31 38 30 30 30 30 30 30 30 30 30 30 30 30 30 30 30 30 0D
1779565869710,74 34 35 35 38 45 41 46 46 30 37 30 30 39 46 46 46 30 30 30 30 0D
1779565869721,74 34 35 36 38 45 45 46 46 30 37 30 30 30 34 30 30 30 30 30 30 0D
1779565869725,74 34 35 30 38 30 30 30 30 30 37 30 30 30 30 30 30 45 34 30 35 0D
1779565869734,74 34 35 31 38 30 30 30 30 30 30 30 30 30 30 30 30 30 30 30 30 0D
1779565869763,74 34 35 31 38 30 30 30 30 30 30 30 30 30 30 30 30 30 30 30 30 0D
1779565869768,74 34 35 31 38 30 30 30 30 30 30 30 30 30 30 30 30 30 30 30 30 0D
1779565869792,74 34 35 35 38 45 41 46 46 30 38 30 30 39 46 46 46 30 30 30 30 0D
1779565869808,74 34 35 31 38 30 30 30 30 30 30 30 30 30 30 30 30 30 30 30 30 0D
1779565869818,74 34 35 35 38 45 41 46 46 30 38 30 30 39 46 46 46 30 30 30 30 0D
1779565869830,74 34 35 30 38 30 30 30 30 30 37 30 30 30 30 30 30 45 34 30 35 0D
1779565869841,74 34 35 31 38 30 30 30 30 30 30 30 30 30 30 30 30 30 30 30 30 0D
1779565869851,74 34 35 31 38 30 30 30 30 30 30 30 30 30 30 30 30 30 30 30 30 0D
1779565869858,74 34 35 35 38 45 41 46 46 30 38 30 30 39 46 46 46 30 30 30 30 0D
1779565869868,74 34 35 31 38 30 30 30 30 30 30 30 30 30 30 30 30 30 30 30 30 0D
1779565869896,74 34 35 35 38 45 41 46 46 30 38 30 30 39 46 46 46 30 30 30 30 0D
1779565869910,74 34 35 31 38 30 30 30 30 30 30 30 30 30 30 30 30 30 30 30 30 0D
1779565869921,74 34 35 35 38 45 41 46 46 30 38 30 30 39 46 46 46 30 30 30 30 0D
1779565869932,74 34 35 30 38 30 30 30 30 30 37 30 30 30 30 30 30 45 34 30 35 0D
1779565869939,74 34 35 31 38 30 30 30 30 30 30 30 30 30 30 30 30 30 30 30 30 0D
1779565869953,74 34 35 31 38 30 30 30 30 30 30 30 30 30 30 30 30 30 30 30 30 0D
1779565869966,74 34 35 35 38 45 41 46 46 30 37 30 30 39 46 46 46 30 30 30 30 0D
1779565869976,74 34 35 31 38 30 30 30 30 30 30 30 30 30 30 30 30 30 30 30 30 0D
1779565869982,74 34 35 37 38 30 30 30 30 30 30 30 30 36 34 31 34 30 30 30 30 0D
1779565869989,74 34 35 39 38 41 31 41 34 42 45 31 36 30 43 31 42 30 33 42 37 0D
1779565869999,74 34 35 31 38 30 30 30 30 30 30 30 30 30 30 30 30 30 30 30 30 0D
1779565870007,74 34 35 31 38 30 30 30 30 30 30 30 30 30 30 30 30 30 30 30 30 0D
1779565870018,74 34 35 35 38 45 41 46 46 30 37 30 30 39 46 46 46 30 30 30 30 0D
1779565870031,74 34 35 30 38 30 30 30 30 30 37 30 30 30 30 30 30 45 34 30 35 0D
1779565870040,74 34 35 31 38 30 30 30 30 30 30 30 30 30 30 30 30 30 30 30 30 0D
1779565870048,74 34 35 31 38 30 30 30 30 30 30 30 30 30 30 30 30 30 30 30 30 0D
1779565870057,74 34 35 35 38 45 41 46 46 30 37 30 30 39 46 46 46 30 30 30 30 0D
1779565870070,74 34 35 31 38 30 30 30 30 30 30 30 30 30 30 30 30 30 30 30 30 0D
1779565870086,74 34 35 35 38 45 41 46 46 30 37 30 30 39 46 46 46 30 30 30 30 0D
1779565870099,74 34 35 39 38 41 30 41 34 42 45 31 36 30 43 31 42 30 33 42 37 0D
1779565870107,74 34 35 31 38 30 30 30 30 30 30 30 30 30 30 30 30 30 30 30 30 0D
1779565870121,74 34 35 35 38 45 41 46 46 30 37 30 30 39 46 46 46 30 30 30 30 0D
1779565870134,74 34 35 30 38 30 30 30 30 30 37 30 30 30 30 30 30 45 34 30 35 0D
1779565870140,74 34 35 31 38 30 30 30 30 30 30 30 30 30 30 30 30 30 30 30 30 0D
1779565870148,74 34 35 31 38 30 30 30 30 30 30 30 30 30 30 30 30 30 30 30 30 0D
1779565870162,74 34 35 35 38 45 41 46 46 30 37 30 30 39 46 46 46 30 30 30 30 0D
1779565870166,74 34 35 31 38 30 30 30 30 30 30 30 30 30 30 30 30 30 30 30 30 0D
1779565870175,74 34 35 35 38 45 41 46 46 30 37 30 30 39 46 46 46 30 30 30 30 0D
1779565870181,74 34 35 37 38 30 30 30 30 30 30 30 30 36 34 31 34 30 30 30 30 0D
1779565870188,74 34 35 39 38 41 30 41 34 42 45 31 36 30 43 31 42 30 33 42 37 0D
1779565870199,74 34 35 35 38 45 41 46 46 30 37 30 30 39 46 46 46 30 30 30 30 0D
1779565870206,74 34 35 31 38 30 30 30 30 30 30 30 30 30 30 30 30 30 30 30 30 0D
1779565870216,74 34 35 35 38 45 41 46 46 30 37 30 30 39 46 46 46 30 30 30 30 0D
1779565870225,74 34 35 30 38 30 30 30 30 30 37 30 30 30 30 30 30 45 34 30 35 0D
1779565870243,74 34 35 31 38 30 30 30 30 30 30 30 30 30 30 30 30 30 30 30 30 0D
1779565870250,74 34 35 31 38 30 30 30 30 30 30 30 30 30 30 30 30 30 30 30 30 0D
1779565870270,74 34 35 31 38 30 30 30 30 30 30 30 30 30 30 30 30 30 30 30 30 0D
1779565870283,74 34 35 35 38 45 41 46 46 30 37 30 30 39 46 46 46 30 30 30 30 0D
1779565870289,74 34 35 31 38 30 30 30 30 30 30 30 30 30 30 30 30 30 30 30 30 0D
1779565870297,74 34 35 35 38 45 41 46 46 30 37 30 30 39 46 46 46 30 30 30 30 0D
1779565870305,74 34 35 31 38 30 30 30 30 30 30 30 30 30 30 30 30 30 30 30 30 0D
1779565870316,74 34 35 35 38 45 41 46 46 30 37 30 30 39 46 46 46 30 30 30 30 0D
1779565870324,74 34 35 30 38 30 30 30 30 30 37 30 30 30 30 30 30 45 34 30 35 0D
1779565870339,74 34 35 31 38 30 30 30 30 30 30 30 30 30 30 30 30 30 30 30 30 0D
1779565870347,74 34 35 31 38 30 30 30 30 30 30 30 30 30 30 30 30 30 30 30 30 0D
1779565870356,74 34 35 35 38 45 41 46 46 30 37 30 30 39 46 46 46 30 30 30 30 0D
1779565870367,74 34 35 31 38 30 30 30 30 30 30 30 30 30 30 30 30 30 30 30 30 0D
1779565870385,74 34 35 35 38 45 41 46 46 30 37 30 30 39 46 46 46 30 30 30 30 0D
1779565870390,74 34 35 31 38 30 30 30 30 30 30 30 30 30 30 30 30 30 30 30 30 0D
1779565870398,74 34 35 35 38 45 41 46 46 30 37 30 30 39 46 46 46 30 30 30 30 0D
1779565870406,74 34 35 31 38 30 30 30 30 30 30 30 30 30 30 30 30 30 30 30 30 0D
1779565870417,74 34 35 35 38 45 41 46 46 30 37 30 30 39 46 46 46 30 30 30 30 0D
1779565870430,74 34 35 30 38 30 30 30 30 30 37 30 30 30 30 30 30 45 34 30 35 0D
1779565870449,74 34 35 31 38 30 30 30 30 30 30 30 30 30 30 30 30 30 30 30 30 0D
1779565870472,74 34 35 31 38 30 30 30 30 30 30 30 30 30 30 30 30 30 30 30 30 0D
1779565870489,74 34 35 35 38 45 41 46 46 30 37 30 30 39 46 46 46 30 30 30 30 0D
1779565870500,74 34 35 31 38 30 30 30 30 30 30 30 30 30 30 30 30 30 30 30 30 0D
1779565870506,74 34 35 36 38 45 45 46 46 30 38 30 30 30 35 30 30 30 30 30 30 0D
1779565870518,74 34 35 31 38 30 30 30 30 30 30 30 30 30 30 30 30 30 30 30 30 0D
1779565870524,74 34 35 30 38 30 30 30 30 30 37 30 30 30 30 30 30 45 34 30 35 0D
1779565870538,74 34 35 31 38 30 30 30 30 30 30 30 30 30 30 30 30 30 30 30 30 0D
1779565870546,74 34 35 31 38 30 30 30 30 30 30 30 30 30 30 30 30 30 30 30 30 0D
1779565870562,74 34 35 35 38 45 41 46 46 30 37 30 30 39 46 46 46 30 30 30 30 0D
1779565870565,74 34 35 31 38 30 30 30 30 30 30 30 30 30 30 30 30 30 30 30 30 0D
1779565870574,74 34 35 35 38 45 41 46 46 30 37 30 30 39 46 46 46 30 30 30 30 0D
1779565870579,74 34 35 37 38 30 30 30 30 30 30 30 30 36 34 31 34 30 30 30 30 0D
1779565870584,74 34 35 39 38 39 45 41 34 42 45 31 36 30 42 31 42 30 33 42 37 0D
1779565870589,74 34 35 31 38 30 30 30 30 30 30 30 30 30 30 30 30 30 30 30 30 0D
1779565870594,74 34 35 35 38 45 41 46 46 30 37 30 30 39 46 46 46 30 30 30 30 0D
1779565870605,74 34 35 31 38 30 30 30 30 30 30 30 30 30 30 30 30 30 30 30 30 0D
1779565870615,74 34 35 35 38 45 41 46 46 30 37 30 30 39 46 46 46 30 30 30 30 0D
1779565870630,74 34 35 30 38 30 30 30 30 30 37 30 30 30 30 30 30 45 34 30 35 0D
1779565870637,74 34 35 31 38 30 30 30 30 30 30 30 30 30 30 30 30 30 30 30 30 0D
1779565870645,74 34 35 31 38 30 30 30 30 30 30 30 30 30 30 30 30 30 30 30 30 0D
1779565870656,74 34 35 36 38 45 45 46 46 30 38 30 30 30 35 30 30 30 30 30 30 0D
1779565870671,74 34 35 31 38 30 30 30 30 30 30 30 30 30 30 30 30 30 30 30 30 0D
1779565870690,74 34 35 35 38 45 41 46 46 30 37 30 30 39 46 46 46 30 30 30 30 0D
1779565870697,74 34 35 36 38 45 45 46 46 30 38 30 30 30 35 30 30 30 30 30 30 0D
1779565870706,74 34 35 31 38 30 30 30 30 30 30 30 30 30 30 30 30 30 30 30 30 0D
1779565870715,74 34 35 35 38 45 41 46 46 30 37 30 30 39 46 46 46 30 30 30 30 0D
1779565870719,74 34 35 36 38 45 45 46 46 30 38 30 30 30 35 30 30 30 30 30 30 0D
1779565870729,74 34 35 30 38 30 30 30 30 30 37 30 30 30 30 30 30 45 34 30 35 0D
1779565870745,74 34 35 31 38 30 30 30 30 30 30 30 30 30 30 30 30 30 30 30 30 0D
1779565870750,74 34 35 31 38 30 30 30 30 30 30 30 30 30 30 30 30 30 30 30 30 0D
1779565870769,74 34 35 31 38 30 30 30 30 30 30 30 30 30 30 30 30 30 30 30 30 0D
1779565870787,74 34 35 35 38 45 39 46 46 30 37 30 30 39 46 46 46 30 30 30 30 0D
1779565870792,74 34 35 31 38 30 30 30 30 30 30 30 30 30 30 30 30 30 30 30 30 0D
1779565870798,74 34 35 35 38 45 39 46 46 30 37 30 30 39 46 46 46 30 30 30 30 0D
1779565870805,74 34 35 31 38 30 30 30 30 30 30 30 30 30 30 30 30 30 30 30 30 0D
1779565870815,74 34 35 35 38 45 39 46 46 30 37 30 30 39 46 46 46 30 30 30 30 0D
1779565870828,74 34 35 30 38 30 30 30 30 30 37 30 30 30 30 30 30 45 34 30 35 0D
1779565870838,74 34 35 31 38 30 30 30 30 30 30 30 30 30 30 30 30 30 30 30 30 0D
1779565870848,74 34 35 31 38 30 30 30 30 30 30 30 30 30 30 30 30 30 30 30 30 0D
1779565870861,74 34 35 35 38 45 39 46 46 30 37 30 30 39 46 46 46 30 30 30 30 0D
1779565870866,74 34 35 31 38 30 30 30 30 30 30 30 30 30 30 30 30 30 30 30 30 0D
1779565870887,74 34 35 35 38 45 39 46 46 30 37 30 30 39 46 46 46 30 30 30 30 0D
1779565870892,74 34 35 31 38 30 30 30 30 30 30 30 30 30 30 30 30 30 30 30 30 0D
1779565870898,74 34 35 35 38 45 39 46 46 30 37 30 30 39 46 46 46 30 30 30 30 0D
1779565870918,74 34 35 31 38 30 30 30 30 30 30 30 30 30 30 30 30 30 30 30 30 0D
1779565870927,74 34 35 35 38 45 39 46 46 30 37 30 30 39 46 46 46 30 30 30 30 0D
1779565870934,74 34 35 31 38 30 30 30 30 30 30 30 30 30 30 30 30 30 30 30 30 0D
1779565870948,74 34 35 31 38 30 30 30 30 30 30 30 30 30 30 30 30 30 30 30 30 0D
1779565870961,74 34 35 35 38 45 41 46 46 30 37 30 30 39 46 46 46 30 30 30 30 0D
1779565870968,74 34 35 31 38 30 30 30 30 30 30 30 30 30 30 30 30 30 30 30 30 0D
1779565870981,74 34 35 35 38 45 41 46 46 30 37 30 30 39 46 46 46 30 30 30 30 0D
1779565870999,74 34 35 37 38 30 30 30 30 30 30 30 30 36 34 31 34 30 30 30 30 0D
1779565871006,74 34 35 31 38 30 30 30 30 30 30 30 30 30 30 30 30 30 30 30 30 0D
1779565871014,74 34 35 35 38 45 41 46 46 30 37 30 30 39 46 46 46 30 30 30 30 0D
1779565871028,74 34 35 30 38 30 30 30 30 30 37 30 30 30 30 30 30 45 34 30 35 0D
1779565871044,74 34 35 31 38 30 30 30 30 30 30 30 30 30 30 30 30 30 30 30 30 0D
1779565871050,74 34 35 31 38 30 30 30 30 30 30 30 30 30 30 30 30 30 30 30 30 0D
1779565871060,74 34 35 35 38 45 41 46 46 30 37 30 30 39 46 46 46 30 30 30 30 0D
1779565871065,74 34 35 31 38 30 30 30 30 30 30 30 30 30 30 30 30 30 30 30 30 0D
1779565871088,74 34 35 35 38 45 41 46 46 30 37 30 30 39 46 46 46 30 30 30 30 0D
1779565871098,74 34 35 31 38 30 30 30 30 30 30 30 30 30 30 30 30 30 30 30 30 0D
1779565871109,74 34 35 31 38 30 30 30 30 30 30 30 30 30 30 30 30 30 30 30 30 0D
1779565871113,74 34 35 35 38 45 41 46 46 30 37 30 30 39 46 46 46 30 30 30 30 0D
1779565871130,74 34 35 30 38 30 30 30 30 30 37 30 30 30 30 30 30 45 34 30 35 0D
1779565871141,74 34 35 31 38 30 30 30 30 30 30 30 30 30 30 30 30 30 30 30 30 0D
1779565871146,74 34 35 31 38 30 30 30 30 30 30 30 30 30 30 30 30 30 30 30 30 0D
1779565871155,74 34 35 35 38 45 41 46 46 30 37 30 30 39 45 46 46 30 30 30 30 0D
1779565871165,74 34 35 31 38 30 30 30 30 30 30 30 30 30 30 30 30 30 30 30 30 0D
1779565871176,74 34 35 35 38 45 41 46 46 30 37 30 30 39 45 46 46 30 30 30 30 0D
1779565871198,74 34 35 37 38 30 30 30 30 30 31 30 30 36 34 31 34 30 30 30 30 0D
1779565871214,74 34 35 31 38 30 30 30 30 30 30 30 30 30 30 30 30 30 30 30 30 0D
1779565871220,74 34 35 35 38 45 41 46 46 30 37 30 30 39 45 46 46 30 30 30 30 0D
1779565871225,74 34 35 30 38 30 30 30 30 30 37 30 30 30 30 30 30 45 34 30 35 0D
1779565871237,74 34 35 31 38 30 30 30 30 30 30 30 30 30 30 30 30 30 30 30 30 0D
1779565871246,74 34 35 31 38 30 30 30 30 30 30 30 30 30 30 30 30 30 30 30 30 0D
1779565871257,74 34 35 35 38 45 41 46 46 30 37 30 30 39 45 46 46 30 30 30 30 0D
1779565871266,74 34 35 31 38 30 30 30 30 30 30 30 30 30 30 30 30 30 30 30 30 0D
1779565871299,74 34 35 35 38 45 41 46 46 30 37 30 30 39 45 46 46 30 30 30 30 0D
1779565871309,74 34 35 31 38 30 30 30 30 30 30 30 30 30 30 30 30 30 30 30 30 0D
1779565871315,74 34 35 35 38 45 41 46 46 30 37 30 30 39 45 46 46 30 30 30 30 0D
1779565871326,74 34 35 30 38 30 30 30 30 30 37 30 30 30 30 30 30 45 34 30 35 0D
1779565871346,74 34 35 31 38 30 30 30 30 30 30 30 30 30 30 30 30 30 30 30 30 0D
1779565871353,74 34 35 31 38 30 30 30 30 30 30 30 30 30 30 30 30 30 30 30 30 0D
1779565871359,74 34 35 35 38 45 41 46 46 30 37 30 30 39 46 46 46 30 30 30 30 0D
1779565871366,74 34 35 31 38 30 30 30 30 30 30 30 30 30 30 30 30 30 30 30 30 0D
1779565871399,74 34 35 35 38 45 41 46 46 30 37 30 30 39 46 46 46 30 30 30 30 0D
1779565871409,74 34 35 31 38 30 30 30 30 30 30 30 30 30 30 30 30 30 30 30 30 0D
1779565871417,74 34 35 35 38 45 41 46 46 30 37 30 30 39 46 46 46 30 30 30 30 0D
1779565871427,74 34 35 30 38 30 30 30 30 30 37 30 30 30 30 30 30 45 34 30 35 0D
1779565871444,74 34 35 31 38 30 30 30 30 30 30 30 30 30 30 30 30 30 30 30 30 0D
1779565871449,74 34 35 31 38 30 30 30 30 30 30 30 30 30 30 30 30 30 30 30 30 0D
1779565871458,74 34 35 35 38 45 41 46 46 30 37 30 30 39 46 46 46 30 30 30 30 0D
1779565871465,74 34 35 31 38 30 30 30 30 30 30 30 30 30 30 30 30 30 30 30 30 0D
1779565871496,74 34 35 35 38 45 41 46 46 30 37 30 30 39 46 46 46 30 30 30 30 0D
1779565871508,74 34 35 31 38 30 30 30 30 30 30 30 30 30 30 30 30 30 30 30 30 0D
1779565871520,74 34 35 35 38 45 41 46 46 30 37 30 30 39 46 46 46 30 30 30 30 0D
1779565871524,74 34 35 30 38 30 30 30 30 30 37 30 30 30 30 30 30 45 34 30 35 0D
1779565871536,74 34 35 31 38 30 30 30 30 30 30 30 30 30 30 30 30 30 30 30 30 0D
1779565871551,74 34 35 31 38 30 30 30 30 30 30 30 30 30 30 30 30 30 30 30 30 0D
1779565871561,74 34 35 35 38 45 41 46 46 30 37 30 30 39 46 46 46 30 30 30 30 0D
1779565871566,74 34 35 31 38 30 30 30 30 30 30 30 30 30 30 30 30 30 30 30 30 0D
1779565871579,74 34 35 35 38 45 41 46 46 30 37 30 30 39 46 46 46 30 30 30 30 0D
1779565871596,74 34 35 39 38 39 39 41 34 42 45 31 36 30 44 31 42 30 33 42 37 0D
1779565871608,74 34 35 31 38 30 30 30 30 30 30 30 30 30 30 30 30 30 30 30 30 0D
1779565871618,74 34 35 35 38 45 41 46 46 30 37 30 30 39 46 46 46 30 30 30 30 0D
1779565871628,74 34 35 30 38 30 30 30 30 30 37 30 30 30 30 30 30 45 34 30 35 0D
1779565871643,74 34 35 31 38 30 30 30 30 30 30 30 30 30 30 30 30 30 30 30 30 0D
1779565871650,74 34 35 31 38 30 30 30 30 30 30 30 30 30 30 30 30 30 30 30 30 0D
1779565871660,74 34 35 36 38 45 44 46 46 30 37 30 30 30 34 30 30 30 30 30 30 0D
1779565871665,74 34 35 31 38 30 30 30 30 30 30 30 30 30 30 30 30 30 30 30 30 0D
1779565871687,74 34 35 35 38 45 41 46 46 30 37 30 30 39 46 46 46 30 30 30 30 0D
1779565871690,74 34 35 31 38 30 30 30 30 30 30 30 30 30 30 30 30 30 30 30 30 0D
1779565871697,74 34 35 35 38 45 41 46 46 30 37 30 30 39 46 46 46 30 30 30 30 0D
1779565871708,74 34 35 31 38 30 30 30 30 30 30 30 30 30 30 30 30 30 30 30 30 0D
1779565871715,74 34 35 35 38 45 41 46 46 30 37 30 30 39 46 46 46 30 30 30 30 0D
1779565871726,74 34 35 30 38 30 30 30 30 30 37 30 30 30 30 30 30 45 34 30 35 0D
1779565871739,74 34 35 31 38 30 30 30 30 30 30 30 30 30 30 30 30 30 30 30 30 0D
1779565871746,74 34 35 31 38 30 30 30 30 30 30 30 30 30 30 30 30 30 30 30 30 0D
1779565871757,74 34 35 35 38 45 41 46 46 30 37 30 30 39 46 46 46 30 30 30 30 0D
1779565871766,74 34 35 31 38 30 30 30 30 30 30 30 30 30 30 30 30 30 30 30 30 0D
1779565871787,74 34 35 35 38 45 41 46 46 30 37 30 30 39 46 46 46 30 30 30 30 0D
1779565871791,74 34 35 31 38 30 30 30 30 30 30 30 30 30 30 30 30 30 30 30 30 0D
1779565871807,74 34 35 31 38 30 30 30 30 30 30 30 30 30 30 30 30 30 30 30 30 0D
1779565871819,74 34 35 35 38 45 41 46 46 30 37 30 30 39 46 46 46 30 30 30 30 0D
1779565871829,74 34 35 30 38 30 30 30 30 30 37 30 30 30 30 30 30 45 34 30 35 0D
1779565871841,74 34 35 31 38 30 30 30 30 30 30 30 30 30 30 30 30 30 30 30 30 0D
1779565871849,74 34 35 31 38 30 30 30 30 30 30 30 30 30 30 30 30 30 30 30 30 0D
1779565871863,74 34 35 35 38 45 41 46 46 30 37 30 30 39 46 46 46 30 30 30 30 0D
1779565871869,74 34 35 31 38 30 30 30 30 30 30 30 30 30 30 30 30 30 30 30 30 0D
1779565871886,74 34 35 36 38 45 44 46 46 30 37 30 30 30 34 30 30 30 30 30 30 0D
1779565871893,74 34 35 31 38 30 30 30 30 30 30 30 30 30 30 30 30 30 30 30 30 0D
1779565871900,74 34 35 35 38 45 41 46 46 30 37 30 30 39 46 46 46 30 30 30 30 0D
1779565871909,74 34 35 31 38 30 30 30 30 30 30 30 30 30 30 30 30 30 30 30 30 0D
1779565871916,74 34 35 35 38 45 41 46 46 30 37 30 30 39 46 46 46 30 30 30 30 0D
1779565871928,74 34 35 30 38 30 30 30 30 30 37 30 30 30 30 30 30 45 34 30 35 0D
1779565871943,74 34 35 31 38 30 30 30 30 30 30 30 30 30 30 30 30 30 30 30 30 0D
1779565871947,74 34 35 31 38 30 30 30 30 30 30 30 30 30 30 30 30 30 30 30 30 0D
1779565871971,74 34 35 31 38 30 30 30 30 30 30 30 30 30 30 30 30 30 30 30 30 0D
1779565871977,74 34 35 35 38 45 39 46 46 30 37 30 30 39 46 46 46 30 30 30 30 0D
1779565871993,74 34 35 37 38 30 30 30 30 30 31 30 30 36 34 31 34 30 30 30 30 0D
1779565872000,74 34 35 31 38 30 30 30 30 30 30 30 30 30 30 30 30 30 30 30 30 0D
1779565872009,74 34 35 31 38 30 30 30 30 30 30 30 30 30 30 30 30 30 30 30 30 0D
1779565872017,74 34 35 35 38 45 39 46 46 30 37 30 30 39 46 46 46 30 30 30 30 0D
1779565872034,74 34 35 30 38 30 30 30 30 30 37 30 30 30 30 30 30 45 34 30 35 0D
1779565872045,74 34 35 31 38 30 30 30 30 30 30 30 30 30 30 30 30 30 30 30 30 0D
1779565872053,74 34 35 31 38 30 30 30 30 30 30 30 30 30 30 30 30 30 30 30 30 0D
1779565872063,74 34 35 35 38 45 39 46 46 30 37 30 30 39 46 46 46 30 30 30 30 0D
1779565872066,74 34 35 31 38 30 30 30 30 30 30 30 30 30 30 30 30 30 30 30 30 0D
1779565872105,74 34 35 35 38 45 39 46 46 30 37 30 30 39 46 46 46 30 30 30 30 0D
1779565872113,74 34 35 31 38 30 30 30 30 30 30 30 30 30 30 30 30 30 30 30 30 0D
1779565872117,74 34 35 35 38 45 39 46 46 30 37 30 30 39 46 46 46 30 30 30 30 0D
1779565872128,74 34 35 30 38 30 30 30 30 30 37 30 30 30 30 30 30 45 34 30 35 0D
1779565872140,74 34 35 31 38 30 30 30 30 30 30 30 30 30 30 30 30 30 30 30 30 0D
1779565872149,74 34 35 31 38 30 30 30 30 30 30 30 30 30 30 30 30 30 30 30 30 0D
1779565872157,74 34 35 35 38 45 41 46 46 30 37 30 30 39 46 46 46 30 30 30 30 0D
1779565872172,74 34 35 31 38 30 30 30 30 30 30 30 30 30 30 30 30 30 30 30 30 0D
1779565872189,74 34 35 35 38 45 41 46 46 30 37 30 30 39 46 46 46 30 30 30 30 0D
1779565872194,74 34 35 31 38 30 30 30 30 30 30 30 30 30 30 30 30 30 30 30 30 0D
1779565872199,74 34 35 36 38 45 45 46 46 30 38 30 30 30 34 30 30 30 30 30 30 0D
1779565872206,74 34 35 31 38 30 30 30 30 30 30 30 30 30 30 30 30 30 30 30 30 0D
1779565872224,74 34 35 35 38 45 41 46 46 30 37 30 30 39 46 46 46 30 30 30 30 0D
1779565872230,74 34 35 30 38 30 30 30 30 30 37 30 30 30 30 30 30 45 34 30 35 0D
1779565872240,74 34 35 31 38 30 30 30 30 30 30 30 30 30 30 30 30 30 30 30 30 0D
1779565872248,74 34 35 31 38 30 30 30 30 30 30 30 30 30 30 30 30 30 30 30 30 0D
1779565872260,74 34 35 35 38 45 41 46 46 30 37 30 30 39 46 46 46 30 30 30 30 0D
1779565872273,74 34 35 31 38 30 30 30 30 30 30 30 30 30 30 30 30 30 30 30 30 0D
1779565872285,74 34 35 35 38 45 41 46 46 30 37 30 30 39 46 46 46 30 30 30 30 0D
1779565872292,74 34 35 31 38 30 30 30 30 30 30 30 30 30 30 30 30 30 30 30 30 0D
1779565872299,74 34 35 35 38 45 41 46 46 30 37 30 30 39 46 46 46 30 30 30 30 0D
1779565872308,74 34 35 31 38 30 30 30 30 30 30 30 30 30 30 30 30 30 30 30 30 0D
1779565872321,74 34 35 35 38 45 41 46 46 30 37 30 30 39 46 46 46 30 30 30 30 0D
1779565872328,74 34 35 30 38 30 30 30 30 30 37 30 30 30 30 30 30 45 34 30 35 0D
1779565872341,74 34 35 31 38 30 30 30 30 30 30 30 30 30 30 30 30 30 30 30 30 0D
1779565872347,74 34 35 31 38 30 30 30 30 30 30 30 30 30 30 30 30 30 30 30 30 0D
1779565872359,74 34 35 35 38 45 41 46 46 30 37 30 30 39 46 46 46 30 30 30 30 0D
1779565872366,74 34 35 31 38 30 30 30 30 30 30 30 30 30 30 30 30 30 30 30 30 0D
1779565872390,74 34 35 35 38 45 41 46 46 30 37 30 30 39 46 46 46 30 30 30 30 0D
1779565872394,74 34 35 31 38 30 30 30 30 30 30 30 30 30 30 30 30 30 30 30 30 0D
1779565872405,74 34 35 35 38 45 41 46 46 30 37 30 30 39 46 46 46 30 30 30 30 0D
1779565872411,74 34 35 31 38 30 30 30 30 30 30 30 30 30 30 30 30 30 30 30 30 0D
1779565872430,74 34 35 30 38 30 30 30 30 30 37 30 30 30 30 30 30 45 34 30 35 0D
1779565872442,74 34 35 31 38 30 30 30 30 30 30 30 30 30 30 30 30 30 30 30 30 0D
1779565872446,74 34 35 31 38 30 30 30 30 30 30 30 30 30 30 30 30 30 30 30 30 0D
1779565872464,74 34 35 35 38 45 41 46 46 30 37 30 30 39 46 46 46 30 30 30 30 0D
1779565872470,74 34 35 31 38 30 30 30 30 30 30 30 30 30 30 30 30 30 30 30 30 0D
1779565872486,74 34 35 35 38 45 41 46 46 30 37 30 30 39 46 46 46 30 30 30 30 0D
1779565872493,74 34 35 31 38 30 30 30 30 30 30 30 30 30 30 30 30 30 30 30 30 0D
1779565872506,74 34 35 35 38 45 41 46 46 30 37 30 30 39 46 46 46 30 30 30 30 0D
1779565872525,74 34 35 35 38 45 41 46 46 30 37 30 30 39 46 46 46 30 30 30 30 0D
1779565872532,74 34 35 30 38 30 30 30 30 30 37 30 30 30 30 30 30 45 34 30 35 0D
1779565872537,74 34 35 31 38 30 30 30 30 30 30 30 30 30 30 30 30 30 30 30 30 0D
1779565872547,74 34 35 31 38 30 30 30 30 30 30 30 30 30 30 30 30 30 30 30 30 0D
1779565872561,74 34 35 35 38 45 41 46 46 30 37 30 30 39 46 46 46 30 30 30 30 0D
1779565872575,74 34 35 31 38 30 30 30 30 30 30 30 30 30 30 30 30 30 30 30 30 0D
1779565872584,74 34 35 35 38 45 41 46 46 30 37 30 30 39 46 46 46 30 30 30 30 0D
1779565872590,74 34 35 31 38 30 30 30 30 30 30 30 30 30 30 30 30 30 30 30 30 0D
1779565872592,74 34 35 35 38 45 41 46 46 30 37 30 30 39 46 46 46 30 30 30 30 0D
1779565872606,74 34 35 31 38 30 30 30 30 30 30 30 30 30 30 30 30 30 30 30 30 0D
1779565872621,74 34 35 35 38 45 41 46 46 30 37 30 30 39 46 46 46 30 30 30 30 0D
1779565872628,74 34 35 30 38 30 30 30 30 30 37 30 30 30 30 30 30 45 34 30 35 0D
1779565872641,74 34 35 31 38 30 30 30 30 30 30 30 30 30 30 30 30 30 30 30 30 0D
1779565872646,74 34 35 31 38 30 30 30 30 30 30 30 30 30 30 30 30 30 30 30 30 0D
1779565872659,74 34 35 35 38 45 41 46 46 30 37 30 30 39 46 46 46 30 30 30 30 0D
1779565872675,74 34 35 31 38 30 30 30 30 30 30 30 30 30 30 30 30 30 30 30 30 0D
1779565872697,74 34 35 35 38 45 41 46 46 30 37 30 30 39 46 46 46 30 30 30 30 0D
1779565872707,74 34 35 31 38 30 30 30 30 30 30 30 30 30 30 30 30 30 30 30 30 0D
1779565872719,74 34 35 35 38 45 41 46 46 30 37 30 30 39 46 46 46 30 30 30 30 0D
1779565872725,74 34 35 30 38 30 30 30 30 30 37 30 30 30 30 30 30 45 34 30 35 0D
1779565872741,74 34 35 31 38 30 30 30 30 30 30 30 30 30 30 30 30 30 30 30 30 0D
1779565872746,74 34 35 31 38 30 30 30 30 30 30 30 30 30 30 30 30 30 30 30 30 0D
1779565872761,74 34 35 35 38 45 41 46 46 30 37 30 30 39 46 46 46 30 30 30 30 0D
1779565872773,74 34 35 31 38 30 30 30 30 30 30 30 30 30 30 30 30 30 30 30 30 0D
1779565872794,74 34 35 35 38 45 41 46 46 30 37 30 30 39 46 46 46 30 30 30 30 0D
1779565872799,74 34 35 35 38 45 41 46 46 30 37 30 30 39 46 46 46 30 30 30 30 0D
1779565872808,74 34 35 31 38 30 30 30 30 30 30 30 30 30 30 30 30 30 30 30 30 0D
1779565872819,74 34 35 35 38 45 41 46 46 30 37 30 30 39 46 46 46 30 30 30 30 0D
1779565872826,74 34 35 30 38 30 30 30 30 30 37 30 30 30 30 30 30 45 34 30 35 0D
1779565872840,74 34 35 31 38 30 30 30 30 30 30 30 30 30 30 30 30 30 30 30 30 0D
1779565872846,74 34 35 31 38 30 30 30 30 30 30 30 30 30 30 30 30 30 30 30 30 0D
1779565872858,74 34 35 35 38 45 41 46 46 30 37 30 30 39 46 46 46 30 30 30 30 0D
1779565872870,74 34 35 31 38 30 30 30 30 30 30 30 30 30 30 30 30 30 30 30 30 0D
1779565872889,74 34 35 35 38 45 41 46 46 30 37 30 30 39 46 46 46 30 30 30 30 0D
1779565872895,74 34 35 31 38 30 30 30 30 30 30 30 30 30 30 30 30 30 30 30 30 0D
1779565872899,74 34 35 36 38 45 45 46 46 30 37 30 30 30 34 30 30 30 30 30 30 0D
1779565872909,74 34 35 31 38 30 30 30 30 30 30 30 30 30 30 30 30 30 30 30 30 0D
1779565872920,74 34 35 36 38 45 45 46 46 30 37 30 30 30 34 30 30 30 30 30 30 0D
1779565872928,74 34 35 30 38 30 30 30 30 30 37 30 30 30 30 30 30 45 34 30 35 0D
1779565872939,74 34 35 31 38 30 30 30 30 30 30 30 30 30 30 30 30 30 30 30 30 0D
1779565872948,74 34 35 31 38 30 30 30 30 30 30 30 30 30 30 30 30 30 30 30 30 0D
1779565872962,74 34 35 35 38 45 41 46 46 30 36 30 30 39 46 46 46 30 30 30 30 0D
1779565872971,74 34 35 31 38 30 30 30 30 30 30 30 30 30 30 30 30 30 30 30 30 0D
1779565872995,74 34 35 35 38 45 41 46 46 30 36 30 30 39 46 46 46 30 30 30 30 0D
1779565873010,74 34 35 31 38 30 30 30 30 30 30 30 30 30 30 30 30 30 30 30 30 0D
1779565873021,74 34 35 35 38 45 41 46 46 30 36 30 30 39 46 46 46 30 30 30 30 0D
1779565873025,74 34 35 30 38 30 30 30 30 30 37 30 30 30 30 30 30 45 34 30 35 0D
1779565873038,74 34 35 31 38 30 30 30 30 30 30 30 30 30 30 30 30 30 30 30 30 0D
1779565873046,74 34 35 31 38 30 30 30 30 30 30 30 30 30 30 30 30 30 30 30 30 0D
1779565873060,74 34 35 35 38 45 41 46 46 30 36 30 30 39 46 46 46 30 30 30 30 0D
1779565873072,74 34 35 31 38 30 30 30 30 30 30 30 30 30 30 30 30 30 30 30 30 0D
1779565873089,74 34 35 35 38 45 41 46 46 30 36 30 30 39 46 46 46 30 30 30 30 0D
1779565873103,74 34 35 35 38 45 41 46 46 30 36 30 30 39 46 46 46 30 30 30 30 0D
1779565873107,74 34 35 31 38 30 30 30 30 30 30 30 30 30 30 30 30 30 30 30 30 0D
1779565873118,74 34 35 35 38 45 41 46 46 30 36 30 30 39 46 46 46 30 30 30 30 0D
1779565873126,74 34 35 30 38 30 30 30 30 30 37 30 30 30 30 30 30 45 34 30 35 0D
1779565873137,74 34 35 31 38 30 30 30 30 30 30 30 30 30 30 30 30 30 30 30 30 0D
1779565873152,74 34 35 31 38 30 30 30 30 30 30 30 30 30 30 30 30 30 30 30 30 0D
1779565873160,74 34 35 35 38 45 41 46 46 30 37 30 30 39 46 46 46 30 30 30 30 0D
1779565873170,74 34 35 31 38 30 30 30 30 30 30 30 30 30 30 30 30 30 30 30 30 0D
1779565873188,74 34 35 35 38 45 41 46 46 30 37 30 30 39 46 46 46 30 30 30 30 0D
1779565873196,74 34 35 36 38 45 45 46 46 30 37 30 30 30 34 30 30 30 30 30 30 0D
1779565873208,74 34 35 31 38 30 30 30 30 30 30 30 30 30 30 30 30 30 30 30 30 0D
1779565873217,74 34 35 35 38 45 41 46 46 30 37 30 30 39 46 46 46 30 30 30 30 0D
1779565873227,74 34 35 30 38 30 30 30 30 30 37 30 30 30 30 30 30 45 34 30 35 0D
1779565873239,74 34 35 31 38 30 30 30 30 30 30 30 30 30 30 30 30 30 30 30 30 0D
1779565873250,74 34 35 31 38 30 30 30 30 30 30 30 30 30 30 30 30 30 30 30 30 0D
1779565873261,74 34 35 35 38 45 41 46 46 30 37 30 30 39 46 46 46 30 30 30 30 0D
1779565873267,74 34 35 31 38 30 30 30 30 30 30 30 30 30 30 30 30 30 30 30 30 0D
1779565873287,74 34 35 35 38 45 41 46 46 30 37 30 30 39 46 46 46 30 30 30 30 0D
1779565873296,74 34 35 35 38 45 41 46 46 30 37 30 30 39 46 46 46 30 30 30 30 0D
1779565873307,74 34 35 31 38 30 30 30 30 30 30 30 30 30 30 30 30 30 30 30 30 0D
1779565873324,74 34 35 35 38 45 41 46 46 30 37 30 30 39 46 46 46 30 30 30 30 0D
1779565873330,74 34 35 30 38 30 30 30 30 30 37 30 30 30 30 30 30 45 34 30 35 0D
1779565873343,74 34 35 31 38 30 30 30 30 30 30 30 30 30 30 30 30 30 30 30 30 0D
1779565873352,74 34 35 31 38 30 30 30 30 30 30 30 30 30 30 30 30 30 30 30 30 0D
1779565873362,74 34 35 35 38 45 41 46 46 30 37 30 30 39 46 46 46 30 30 30 30 0D
1779565873369,74 34 35 31 38 30 30 30 30 30 30 30 30 30 30 30 30 30 30 30 30 0D
1779565873390,74 34 35 35 38 45 41 46 46 30 37 30 30 39 46 46 46 30 30 30 30 0D
1779565873397,74 34 35 35 38 45 41 46 46 30 37 30 30 39 46 46 46 30 30 30 30 0D
1779565873408,74 34 35 31 38 30 30 30 30 30 30 30 30 30 30 30 30 30 30 30 30 0D
1779565873423,74 34 35 35 38 45 41 46 46 30 37 30 30 39 46 46 46 30 30 30 30 0D
1779565873429,74 34 35 30 38 30 30 30 30 30 37 30 30 30 30 30 30 45 34 30 35 0D
1779565873437,74 34 35 31 38 30 30 30 30 30 30 30 30 30 30 30 30 30 30 30 30 0D
1779565873448,74 34 35 31 38 30 30 30 30 30 30 30 30 30 30 30 30 30 30 30 30 0D
1779565873458,74 34 35 35 38 45 41 46 46 30 37 30 30 39 46 46 46 30 30 30 30 0D
1779565873466,74 34 35 31 38 30 30 30 30 30 30 30 30 30 30 30 30 30 30 30 30 0D
1779565873488,74 34 35 35 38 45 41 46 46 30 37 30 30 39 46 46 46 30 30 30 30 0D
1779565873504,74 34 35 31 38 30 30 30 30 30 30 30 30 30 30 30 30 30 30 30 30 0D
1779565873512,74 34 35 31 38 30 30 30 30 30 30 30 30 30 30 30 30 30 30 30 30 0D
1779565873527,74 34 35 35 38 45 41 46 46 30 37 30 30 39 46 46 46 30 30 30 30 0D
1779565873529,74 34 35 30 38 30 30 30 30 30 37 30 30 30 30 30 30 45 34 30 35 0D
1779565873543,74 34 35 31 38 30 30 30 30 30 30 30 30 30 30 30 30 30 30 30 30 0D
1779565873546,74 34 35 31 38 30 30 30 30 30 30 30 30 30 30 30 30 30 30 30 30 0D
1779565873562,74 34 35 35 38 45 41 46 46 30 37 30 30 39 46 46 46 30 30 30 30 0D
1779565873569,74 34 35 31 38 30 30 30 30 30 30 30 30 30 30 30 30 30 30 30 30 0D
1779565873578,74 34 35 35 38 45 41 46 46 30 37 30 30 39 46 46 46 30 30 30 30 0D
1779565873598,74 34 35 37 38 30 30 30 30 30 30 30 30 36 34 31 34 30 30 30 30 0D
1779565873605,74 34 35 31 38 30 30 30 30 30 30 30 30 30 30 30 30 30 30 30 30 0D
1779565873622,74 34 35 35 38 45 41 46 46 30 37 30 30 39 46 46 46 30 30 30 30 0D
1779565873626,74 34 35 30 38 30 30 30 30 30 37 30 30 30 30 30 30 45 34 30 35 0D
1779565873644,74 34 35 31 38 30 30 30 30 30 30 30 30 30 30 30 30 30 30 30 30 0D
1779565873652,74 34 35 31 38 30 30 30 30 30 30 30 30 30 30 30 30 30 30 30 30 0D
1779565873657,74 34 35 35 38 45 41 46 46 30 37 30 30 39 46 46 46 30 30 30 30 0D
1779565873671,74 34 35 31 38 30 30 30 30 30 30 30 30 30 30 30 30 30 30 30 30 0D
1779565873687,74 34 35 35 38 45 41 46 46 30 37 30 30 39 46 46 46 30 30 30 30 0D
1779565873691,74 34 35 31 38 30 30 30 30 30 30 30 30 30 30 30 30 30 30 30 30 0D
1779565873711,74 34 35 31 38 30 30 30 30 30 30 30 30 30 30 30 30 30 30 30 30 0D
1779565873721,74 34 35 35 38 45 41 46 46 30 37 30 30 39 46 46 46 30 30 30 30 0D
1779565873726,74 34 35 30 38 30 30 30 30 30 37 30 30 30 30 30 30 45 34 30 35 0D
1779565873748,74 34 35 31 38 30 30 30 30 30 30 30 30 30 30 30 30 30 30 30 30 0D
1779565873754,74 34 35 31 38 30 30 30 30 30 30 30 30 30 30 30 30 30 30 30 30 0D
1779565873758,74 34 35 36 38 45 44 46 46 30 37 30 30 30 35 30 30 30 30 30 30 0D
1779565873770,74 34 35 31 38 30 30 30 30 30 30 30 30 30 30 30 30 30 30 30 30 0D
1779565873786,74 34 35 35 38 45 41 46 46 30 37 30 30 39 45 46 46 30 30 30 30 0D
1779565873792,74 34 35 31 38 30 30 30 30 30 30 30 30 30 30 30 30 30 30 30 30 0D
1779565873800,74 34 35 35 38 45 41 46 46 30 37 30 30 39 45 46 46 30 30 30 30 0D
1779565873808,74 34 35 31 38 30 30 30 30 30 30 30 30 30 30 30 30 30 30 30 30 0D
1779565873818,74 34 35 35 38 45 41 46 46 30 37 30 30 39 45 46 46 30 30 30 30 0D
1779565873828,74 34 35 30 38 30 30 30 30 30 37 30 30 30 30 30 30 45 34 30 35 0D
1779565873840,74 34 35 31 38 30 30 30 30 30 30 30 30 30 30 30 30 30 30 30 30 0D
1779565873850,74 34 35 31 38 30 30 30 30 30 30 30 30 30 30 30 30 30 30 30 30 0D
1779565873866,74 34 35 35 38 45 41 46 46 30 37 30 30 39 45 46 46 30 30 30 30 0D
1779565873871,74 34 35 31 38 30 30 30 30 30 30 30 30 30 30 30 30 30 30 30 30 0D
1779565873881,74 34 35 37 38 30 30 30 30 30 30 30 30 36 34 31 34 30 31 30 30 0D
1779565873888,74 34 35 39 38 39 33 41 34 42 45 31 36 46 45 31 41 30 33 42 37 0D
1779565873892,74 34 35 31 38 30 30 30 30 30 30 30 30 30 30 30 30 30 30 30 30 0D
1779565873906,74 34 35 31 38 30 30 30 30 30 30 30 30 30 30 30 30 30 30 30 30 0D
1779565873919,74 34 35 35 38 45 41 46 46 30 37 30 30 39 45 46 46 30 30 30 30 0D
1779565873928,74 34 35 30 38 30 30 30 30 30 37 30 30 30 30 30 30 45 34 30 35 0D
1779565873942,74 34 35 31 38 30 30 30 30 30 30 30 30 30 30 30 30 30 30 30 30 0D
1779565873948,74 34 35 31 38 30 30 30 30 30 30 30 30 30 30 30 30 30 30 30 30 0D
1779565873957,74 34 35 35 38 45 41 46 46 30 37 30 30 39 46 46 46 30 30 30 30 0D
1779565873968,74 34 35 31 38 30 30 30 30 30 30 30 30 30 30 30 30 30 30 30 30 0D
1779565873985,74 34 35 35 38 45 41 46 46 30 37 30 30 39 46 46 46 30 30 30 30 0D
1779565873990,74 34 35 31 38 30 30 30 30 30 30 30 30 30 30 30 30 30 30 30 30 0D
1779565873997,74 34 35 35 38 45 41 46 46 30 37 30 30 39 46 46 46 30 30 30 30 0D
1779565874009,74 34 35 31 38 30 30 30 30 30 30 30 30 30 30 30 30 30 30 30 30 0D
1779565874018,74 34 35 35 38 45 41 46 46 30 37 30 30 39 46 46 46 30 30 30 30 0D
1779565874026,74 34 35 30 38 30 30 30 30 30 37 30 30 30 30 30 30 45 34 30 35 0D
1779565874038,74 34 35 31 38 30 30 30 30 30 30 30 30 30 30 30 30 30 30 30 30 0D
1779565874051,74 34 35 31 38 30 30 30 30 30 30 30 30 30 30 30 30 30 30 30 30 0D
1779565874065,74 34 35 35 38 45 41 46 46 30 37 30 30 39 46 46 46 30 30 30 30 0D
1779565874070,74 34 35 31 38 30 30 30 30 30 30 30 30 30 30 30 30 30 30 30 30 0D
1779565874081,74 34 35 37 38 30 30 30 30 30 31 30 30 36 34 31 34 30 30 30 30 0D
1779565874088,74 34 35 31 38 30 30 30 30 30 30 30 30 30 30 30 30 30 30 30 30 0D
1779565874111,74 34 35 31 38 30 30 30 30 30 30 30 30 30 30 30 30 30 30 30 30 0D
1779565874117,74 34 35 35 38 45 41 46 46 30 37 30 30 39 46 46 46 30 30 30 30 0D
1779565874131,74 34 35 30 38 30 30 30 30 30 37 30 30 30 30 30 30 45 34 30 35 0D
1779565874149,74 34 35 31 38 30 30 30 30 30 30 30 30 30 30 30 30 30 30 30 30 0D
1779565874167,74 34 35 31 38 30 30 30 30 30 30 30 30 30 30 30 30 30 30 30 30 0D
1779565874189,74 34 35 35 38 45 39 46 46 30 37 30 30 39 46 46 46 30 30 30 30 0D
1779565874196,74 34 35 31 38 30 30 30 30 30 30 30 30 30 30 30 30 30 30 30 30 0D
1779565874210,74 34 35 31 38 30 30 30 30 30 30 30 30 30 30 30 30 30 30 30 30 0D
1779565874219,74 34 35 35 38 45 39 46 46 30 37 30 30 39 46 46 46 30 30 30 30 0D
1779565874228,74 34 35 30 38 30 30 30 30 30 37 30 30 30 30 30 30 45 34 30 35 0D
1779565874235,74 34 35 31 38 30 30 30 30 30 30 30 30 30 30 30 30 30 30 30 30 0D
1779565874259,74 34 35 31 38 30 30 30 30 30 30 30 30 30 30 30 30 30 30 30 30 0D
1779565874271,74 34 35 35 38 45 39 46 46 30 37 30 30 39 46 46 46 30 30 30 30 0D
1779565874279,74 34 35 37 38 30 30 30 30 30 30 30 30 36 34 31 34 30 30 30 30 0D
1779565874293,74 34 35 39 38 39 33 41 34 42 45 31 36 46 42 31 41 30 33 42 37 0D
1779565874310,74 34 35 31 38 30 30 30 30 30 30 30 30 30 30 30 30 30 30 30 30 0D
1779565874321,74 34 35 35 38 45 39 46 46 30 37 30 30 39 46 46 46 30 30 30 30 0D
1779565874329,74 34 35 30 38 30 30 30 30 30 37 30 30 30 30 30 30 45 34 30 35 0D
1779565874338,74 34 35 31 38 30 30 30 30 30 30 30 30 30 30 30 30 30 30 30 30 0D
1779565874347,74 34 35 31 38 30 30 30 30 30 30 30 30 30 30 30 30 30 30 30 30 0D
1779565874357,74 34 35 35 38 45 41 46 46 30 37 30 30 39 46 46 46 30 30 30 30 0D
1779565874369,74 34 35 31 38 30 30 30 30 30 30 30 30 30 30 30 30 30 30 30 30 0D
1779565874384,74 34 35 35 38 45 41 46 46 30 37 30 30 39 46 46 46 30 30 30 30 0D
1779565874391,74 34 35 31 38 30 30 30 30 30 30 30 30 30 30 30 30 30 30 30 30 0D
1779565874396,74 34 35 36 38 45 45 46 46 30 37 30 30 30 34 30 30 30 30 30 30 0D
1779565874406,74 34 35 31 38 30 30 30 30 30 30 30 30 30 30 30 30 30 30 30 30 0D
1779565874419,74 34 35 35 38 45 41 46 46 30 37 30 30 39 46 46 46 30 30 30 30 0D
1779565874430,74 34 35 30 38 30 30 30 30 30 37 30 30 30 30 30 30 45 34 30 35 0D
1779565874448,74 34 35 31 38 30 30 30 30 30 30 30 30 30 30 30 30 30 30 30 30 0D
1779565874458,74 34 35 35 38 45 41 46 46 30 37 30 30 39 46 46 46 30 30 30 30 0D
1779565874466,74 34 35 31 38 30 30 30 30 30 30 30 30 30 30 30 30 30 30 30 30 0D
1779565874483,74 34 35 35 38 45 41 46 46 30 37 30 30 39 46 46 46 30 30 30 30 0D
1779565874489,74 34 35 31 38 30 30 30 30 30 30 30 30 30 30 30 30 30 30 30 30 0D
1779565874502,74 34 35 35 38 45 41 46 46 30 37 30 30 39 46 46 46 30 30 30 30 0D
1779565874508,74 34 35 31 38 30 30 30 30 30 30 30 30 30 30 30 30 30 30 30 30 0D
1779565874519,74 34 35 35 38 45 41 46 46 30 37 30 30 39 46 46 46 30 30 30 30 0D
1779565874529,74 34 35 30 38 30 30 30 30 30 37 30 30 30 30 30 30 45 34 30 35 0D
1779565874536,74 34 35 31 38 30 30 30 30 30 30 30 30 30 30 30 30 30 30 30 30 0D
1779565874541,74 34 35 32 38 38 43 30 30 30 30 30 30 30 30 30 30 32 37 30 30 0D
1779565874548,74 34 35 31 38 30 30 30 30 30 30 30 30 30 30 30 30 30 30 30 30 0D
1779565874562,74 34 35 35 38 45 41 46 46 30 37 30 30 39 46 46 46 30 30 30 30 0D
1779565874566,74 34 35 31 38 30 30 30 30 30 30 30 30 30 30 30 30 30 30 30 30 0D
1779565874596,74 34 35 35 38 45 41 46 46 30 37 30 30 39 46 46 46 30 30 30 30 0D
1779565874613,74 34 35 31 38 30 30 30 30 30 30 30 30 30 30 30 30 30 30 30 30 0D
1779565874621,74 34 35 35 38 45 41 46 46 30 37 30 30 39 46 46 46 30 30 30 30 0D
1779565874629,74 34 35 30 38 30 30 30 30 30 37 30 30 30 30 30 30 45 34 30 35 0D
1779565874645,74 34 35 31 38 30 30 30 30 30 30 30 30 30 30 30 30 30 30 30 30 0D
1779565874658,74 34 35 35 38 45 41 46 46 30 37 30 30 39 46 46 46 30 30 30 30 0D
1779565874670,74 34 35 31 38 30 30 30 30 30 30 30 30 30 30 30 30 30 30 30 30 0D
1779565874678,74 34 35 35 38 45 41 46 46 30 37 30 30 39 46 46 46 30 30 30 30 0D
1779565874700,74 34 35 37 38 30 30 30 30 30 31 30 30 36 34 31 34 30 30 30 30 0D
1779565874706,74 34 35 31 38 30 30 30 30 30 30 30 30 30 30 30 30 30 30 30 30 0D
1779565874716,74 34 35 35 38 45 41 46 46 30 37 30 30 39 46 46 46 30 30 30 30 0D
1779565874731,74 34 35 30 38 30 30 30 30 30 37 30 30 30 30 30 30 45 34 30 35 0D
1779565874741,74 34 35 31 38 30 30 30 30 30 30 30 30 30 30 30 30 30 30 30 30 0D
1779565874753,74 34 35 31 38 30 30 30 30 30 30 30 30 30 30 30 30 30 30 30 30 0D
1779565874764,74 34 35 35 38 45 41 46 46 30 36 30 30 39 46 46 46 30 30 30 30 0D
1779565874769,74 34 35 31 38 30 30 30 30 30 30 30 30 30 30 30 30 30 30 30 30 0D
1779565874782,74 34 35 37 38 30 30 30 30 30 30 30 30 36 34 31 34 30 30 30 30 0D
1779565874788,74 34 35 31 38 30 30 30 30 30 30 30 30 30 30 30 30 30 30 30 30 0D
1779565874811,74 34 35 31 38 30 30 30 30 30 30 30 30 30 30 30 30 30 30 30 30 0D
1779565874821,74 34 35 35 38 45 41 46 46 30 36 30 30 39 46 46 46 30 30 30 30 0D
1779565874830,74 34 35 30 38 30 30 30 30 30 37 30 30 30 30 30 30 45 34 30 35 0D
1779565874838,74 34 35 31 38 30 30 30 30 30 30 30 30 30 30 30 30 30 30 30 30 0D
1779565874846,74 34 35 31 38 30 30 30 30 30 30 30 30 30 30 30 30 30 30 30 30 0D
1779565874863,74 34 35 35 38 45 41 46 46 30 36 30 30 39 46 46 46 30 30 30 30 0D
1779565874867,74 34 35 31 38 30 30 30 30 30 30 30 30 30 30 30 30 30 30 30 30 0D
1779565874885,74 34 35 35 38 45 41 46 46 30 36 30 30 39 46 46 46 30 30 30 30 0D
1779565874891,74 34 35 31 38 30 30 30 30 30 30 30 30 30 30 30 30 30 30 30 30 0D
1779565874900,74 34 35 35 38 45 41 46 46 30 36 30 30 39 46 46 46 30 30 30 30 0D
1779565874911,74 34 35 31 38 30 30 30 30 30 30 30 30 30 30 30 30 30 30 30 30 0D
1779565874919,74 34 35 35 38 45 41 46 46 30 36 30 30 39 46 46 46 30 30 30 30 0D
1779565874929,74 34 35 30 38 30 30 30 30 30 37 30 30 30 30 30 30 45 34 30 35 0D
1779565874944,74 34 35 31 38 30 30 30 30 30 30 30 30 30 30 30 30 30 30 30 30 0D
1779565874951,74 34 35 31 38 30 30 30 30 30 30 30 30 30 30 30 30 30 30 30 30 0D
1779565874961,74 34 35 35 38 45 41 46 46 30 37 30 30 39 46 46 46 30 30 30 30 0D
1779565874969,74 34 35 31 38 30 30 30 30 30 30 30 30 30 30 30 30 30 30 30 30 0D
1779565874986,74 34 35 35 38 45 41 46 46 30 37 30 30 39 46 46 46 30 30 30 30 0D
1779565874991,74 34 35 31 38 30 30 30 30 30 30 30 30 30 30 30 30 30 30 30 30 0D
1779565875001,74 34 35 35 38 45 41 46 46 30 37 30 30 39 46 46 46 30 30 30 30 0D
1779565875008,74 34 35 31 38 30 30 30 30 30 30 30 30 30 30 30 30 30 30 30 30 0D
1779565875016,74 34 35 35 38 45 41 46 46 30 37 30 30 39 46 46 46 30 30 30 30 0D
1779565875033,74 34 35 30 38 30 30 30 30 30 37 30 30 30 30 30 30 45 34 30 35 0D
1779565875048,74 34 35 31 38 30 30 30 30 30 30 30 30 30 30 30 30 30 30 30 30 0D
1779565875054,74 34 35 31 38 30 30 30 30 30 30 30 30 30 30 30 30 30 30 30 30 0D
1779565875069,74 34 35 31 38 30 30 30 30 30 30 30 30 30 30 30 30 30 30 30 30 0D
1779565875082,74 34 35 37 38 30 30 30 30 30 30 30 30 36 34 31 34 30 30 30 30 0D
1779565875094,74 34 35 39 38 39 31 41 34 42 45 31 36 46 36 31 41 30 33 42 37 0D
1779565875109,74 34 35 31 38 30 30 30 30 30 30 30 30 30 30 30 30 30 30 30 30 0D
1779565875144,74 34 35 35 38 45 41 46 46 30 37 30 30 39 46 46 46 30 30 30 30 0D
1779565875147,74 34 35 31 38 30 30 30 30 30 30 30 30 30 30 30 30 30 30 30 30 0D
1779565875161,74 34 35 35 38 45 41 46 46 30 38 30 30 39 45 46 46 30 30 30 30 0D
1779565875167,74 34 35 31 38 30 30 30 30 30 30 30 30 30 30 30 30 30 30 30 30 0D
1779565875183,74 34 35 35 38 45 41 46 46 30 38 30 30 39 45 46 46 30 30 30 30 0D
1779565875189,74 34 35 31 38 30 30 30 30 30 30 30 30 30 30 30 30 30 30 30 30 0D
1779565875199,74 34 35 35 38 45 41 46 46 30 38 30 30 39 45 46 46 30 30 30 30 0D
1779565875212,74 34 35 31 38 30 30 30 30 30 30 30 30 30 30 30 30 30 30 30 30 0D
1779565875219,74 34 35 35 38 45 41 46 46 30 38 30 30 39 45 46 46 30 30 30 30 0D
1779565875231,74 34 35 30 38 30 30 30 30 30 37 30 30 30 30 30 30 45 34 30 35 0D
1779565875243,74 34 35 31 38 30 30 30 30 30 30 30 30 30 30 30 30 30 30 30 30 0D
1779565875250,74 34 35 31 38 30 30 30 30 30 30 30 30 30 30 30 30 30 30 30 30 0D
1779565875263,74 34 35 35 38 45 41 46 46 30 38 30 30 39 45 46 46 30 30 30 30 0D
1779565875269,74 34 35 31 38 30 30 30 30 30 30 30 30 30 30 30 30 30 30 30 30 0D
1779565875285,74 34 35 35 38 45 41 46 46 30 38 30 30 39 45 46 46 30 30 30 30 0D
1779565875292,74 34 35 31 38 30 30 30 30 30 30 30 30 30 30 30 30 30 30 30 30 0D
1779565875301,74 34 35 36 38 45 44 46 46 30 37 30 30 30 34 30 30 30 30 30 30 0D
1779565875310,74 34 35 31 38 30 30 30 30 30 30 30 30 30 30 30 30 30 30 30 30 0D
1779565875316,74 34 35 35 38 45 41 46 46 30 38 30 30 39 45 46 46 30 30 30 30 0D
1779565875328,74 34 35 30 38 30 30 30 30 30 37 30 30 30 30 30 30 45 34 30 35 0D
1779565875344,74 34 35 31 38 30 30 30 30 30 30 30 30 30 30 30 30 30 30 30 30 0D
1779565875351,74 34 35 31 38 30 30 30 30 30 30 30 30 30 30 30 30 30 30 30 30 0D
1779565875359,74 34 35 35 38 45 41 46 46 30 37 30 30 39 46 46 46 30 30 30 30 0D
1779565875368,74 34 35 31 38 30 30 30 30 30 30 30 30 30 30 30 30 30 30 30 30 0D
1779565875381,74 34 35 35 38 45 41 46 46 30 37 30 30 39 46 46 46 30 30 30 30 0D
1779565875387,74 34 35 31 38 30 30 30 30 30 30 30 30 30 30 30 30 30 30 30 30 0D
1779565875396,74 34 35 35 38 45 41 46 46 30 37 30 30 39 46 46 46 30 30 30 30 0D
1779565875409,74 34 35 31 38 30 30 30 30 30 30 30 30 30 30 30 30 30 30 30 30 0D
1779565875416,74 34 35 35 38 45 41 46 46 30 37 30 30 39 46 46 46 30 30 30 30 0D
1779565875434,74 34 35 30 38 30 30 30 30 30 37 30 30 30 30 30 30 45 34 30 35 0D
1779565875442,74 34 35 32 38 38 43 30 30 30 30 30 30 30 30 30 30 32 37 30 30 0D 74 34 35 33 38 39 45 30 30 30 30 30 30 30 30 30 30 30 30 30 30 0D 74 34 35 34 38 30 31 30 30 30 30 30 30 30 30 30 30 30 30 30
1779565875449,74 34 35 31 38 30 30 30 30 30 30 30 30 30 30 30 30 30 30 30 30 0D
1779565875472,74 34 35 31 38 30 30 30 30 30 30 30 30 30 30 30 30 30 30 30 30 0D
1779565875503,74 34 35 35 38 45 41 46 46 30 37 30 30 39 46 46 46 30 30 30 30 0D
1779565875516,74 34 35 31 38 30 30 30 30 30 30 30 30 30 30 30 30 30 30 30 30 0D
1779565875527,74 34 35 35 38 45 41 46 46 30 37 30 30 39 46 46 46 30 30 30 30 0D
1779565875543,74 34 35 31 38 30 30 30 30 30 30 30 30 30 30 30 30 30 30 30 30 0D
1779565875548,74 34 35 31 38 30 30 30 30 30 30 30 30 30 30 30 30 30 30 30 30 0D
1779565875560,74 34 35 35 38 45 41 46 46 30 37 30 30 39 46 46 46 30 30 30 30 0D
1779565875567,74 34 35 31 38 30 30 30 30 30 30 30 30 30 30 30 30 30 30 30 30 0D
1779565875586,74 34 35 35 38 45 41 46 46 30 37 30 30 39 46 46 46 30 30 30 30 0D
1779565875593,74 34 35 31 38 30 30 30 30 30 30 30 30 30 30 30 30 30 30 30 30 0D
1779565875598,74 34 35 35 38 45 41 46 46 30 37 30 30 39 46 46 46 30 30 30 30 0D
1779565875611,74 34 35 31 38 30 30 30 30 30 30 30 30 30 30 30 30 30 30 30 30 0D
1779565875627,74 34 35 35 38 45 41 46 46 30 37 30 30 39 46 46 46 30 30 30 30 0D
1779565875630,74 34 35 30 38 30 30 30 30 30 37 30 30 30 30 30 30 45 34 30 35 0D
1779565875643,74 34 35 31 38 30 30 30 30 30 30 30 30 30 30 30 30 30 30 30 30 0D
1779565875648,74 34 35 31 38 30 30 30 30 30 30 30 30 30 30 30 30 30 30 30 30 0D
1779565875670,74 34 35 31 38 30 30 30 30 30 30 30 30 30 30 30 30 30 30 30 30 0D
1779565875703,74 34 35 35 38 45 41 46 46 30 37 30 30 39 46 46 46 30 30 30 30 0D
1779565875712,74 34 35 31 38 30 30 30 30 30 30 30 30 30 30 30 30 30 30 30 30 0D
1779565875726,74 34 35 35 38 45 41 46 46 30 37 30 30 39 46 46 46 30 30 30 30 0D
1779565875733,74 34 35 30 38 30 30 30 30 30 37 30 30 30 30 30 30 45 34 30 35 0D
1779565875737,74 34 35 32 38 38 43 30 30 30 30 30 30 30 30 30 30 32 37 30 30 0D
1779565875748,74 34 35 31 38 30 30 30 30 30 30 30 30 30 30 30 30 30 30 30 30 0D
1779565875759,74 34 35 35 38 45 41 46 46 30 37 30 30 39 45 46 46 30 30 30 30 0D
1779565875768,74 34 35 31 38 30 30 30 30 30 30 30 30 30 30 30 30 30 30 30 30 0D
1779565875796,74 34 35 35 38 45 41 46 46 30 37 30 30 39 45 46 46 30 30 30 30 0D
1779565875812,74 34 35 31 38 30 30 30 30 30 30 30 30 30 30 30 30 30 30 30 30 0D
1779565875826,74 34 35 35 38 45 41 46 46 30 37 30 30 39 45 46 46 30 30 30 30 0D
1779565875853,74 34 35 30 38 30 30 30 30 30 37 30 30 30 30 30 30 45 34 30 35 0D
1779565875861,74 34 35 35 38 45 41 46 46 30 37 30 30 39 45 46 46 30 30 30 30 0D
1779565875869,74 34 35 31 38 30 30 30 30 30 30 30 30 30 30 30 30 30 30 30 30 0D
1779565875884,74 34 35 35 38 45 41 46 46 30 37 30 30 39 45 46 46 30 30 30 30 0D
1779565875892,74 34 35 31 38 30 30 30 30 30 30 30 30 30 30 30 30 30 30 30 30 0D
1779565875899,74 34 35 35 38 45 41 46 46 30 37 30 30 39 45 46 46 30 30 30 30 0D
1779565875907,74 34 35 31 38 30 30 30 30 30 30 30 30 30 30 30 30 30 30 30 30 0D
1779565875917,74 34 35 35 38 45 41 46 46 30 37 30 30 39 45 46 46 30 30 30 30 0D
1779565875929,74 34 35 30 38 30 30 30 30 30 37 30 30 30 30 30 30 45 34 30 35 0D
1779565875941,74 34 35 31 38 30 30 30 30 30 30 30 30 30 30 30 30 30 30 30 30 0D
1779565875946,74 34 35 31 38 30 30 30 30 30 30 30 30 30 30 30 30 30 30 30 30 0D
1779565875963,74 34 35 35 38 45 41 46 46 30 37 30 30 39 46 46 46 30 30 30 30 0D
1779565875966,74 34 35 31 38 30 30 30 30 30 30 30 30 30 30 30 30 30 30 30 30 0D
1779565875985,74 34 35 35 38 45 41 46 46 30 37 30 30 39 46 46 46 30 30 30 30 0D
1779565875991,74 34 35 31 38 30 30 30 30 30 30 30 30 30 30 30 30 30 30 30 30 0D
1779565875997,74 34 35 35 38 45 41 46 46 30 37 30 30 39 46 46 46 30 30 30 30 0D
1779565876007,74 34 35 31 38 30 30 30 30 30 30 30 30 30 30 30 30 30 30 30 30 0D
1779565876023,74 34 35 35 38 45 41 46 46 30 37 30 30 39 46 46 46 30 30 30 30 0D
1779565876030,74 34 35 30 38 30 30 30 30 30 37 30 30 30 30 30 30 45 34 30 35 0D
1779565876041,74 34 35 31 38 30 30 30 30 30 30 30 30 30 30 30 30 30 30 30 30 0D
1779565876048,74 34 35 31 38 30 30 30 30 30 30 30 30 30 30 30 30 30 30 30 30 0D
1779565876059,74 34 35 35 38 45 41 46 46 30 37 30 30 39 46 46 46 30 30 30 30 0D
1779565876067,74 34 35 31 38 30 30 30 30 30 30 30 30 30 30 30 30 30 30 30 30 0D
1779565876088,74 34 35 35 38 45 41 46 46 30 37 30 30 39 46 46 46 30 30 30 30 0D
1779565876093,74 34 35 31 38 30 30 30 30 30 30 30 30 30 30 30 30 30 30 30 30 0D
1779565876101,74 34 35 35 38 45 41 46 46 30 37 30 30 39 46 46 46 30 30 30 30 0D
1779565876109,74 34 35 31 38 30 30 30 30 30 30 30 30 30 30 30 30 30 30 30 30 0D
1779565876122,74 34 35 35 38 45 41 46 46 30 37 30 30 39 46 46 46 30 30 30 30 0D
1779565876126,74 34 35 30 38 30 30 30 30 30 37 30 30 30 30 30 30 45 34 30 35 0D
1779565876142,74 34 35 31 38 30 30 30 30 30 30 30 30 30 30 30 30 30 30 30 30 0D
1779565876147,74 34 35 31 38 30 30 30 30 30 30 30 30 30 30 30 30 30 30 30 30 0D
1779565876159,74 34 35 35 38 45 41 46 46 30 37 30 30 39 46 46 46 30 30 30 30 0D
1779565876168,74 34 35 31 38 30 30 30 30 30 30 30 30 30 30 30 30 30 30 30 30 0D
1779565876187,74 34 35 35 38 45 41 46 46 30 37 30 30 39 46 46 46 30 30 30 30 0D
1779565876192,74 34 35 31 38 30 30 30 30 30 30 30 30 30 30 30 30 30 30 30 30 0D
1779565876199,74 34 35 35 38 45 41 46 46 30 37 30 30 39 46 46 46 30 30 30 30 0D
1779565876214,74 34 35 31 38 30 30 30 30 30 30 30 30 30 30 30 30 30 30 30 30 0D
1779565876218,74 34 35 35 38 45 41 46 46 30 37 30 30 39 46 46 46 30 30 30 30 0D
1779565876229,74 34 35 30 38 30 30 30 30 30 37 30 30 30 30 30 30 45 34 30 35 0D
1779565876239,74 34 35 31 38 30 30 30 30 30 30 30 30 30 30 30 30 30 30 30 30 0D
1779565876248,74 34 35 31 38 30 30 30 30 30 30 30 30 30 30 30 30 30 30 30 30 0D
1779565876262,74 34 35 35 38 45 41 46 46 30 37 30 30 39 46 46 46 30 30 30 30 0D
1779565876267,74 34 35 31 38 30 30 30 30 30 30 30 30 30 30 30 30 30 30 30 30 0D
1779565876289,74 34 35 35 38 45 41 46 46 30 37 30 30 39 46 46 46 30 30 30 30 0D
1779565876297,74 34 35 31 38 30 30 30 30 30 30 30 30 30 30 30 30 30 30 30 30 0D
1779565876311,74 34 35 31 38 30 30 30 30 30 30 30 30 30 30 30 30 30 30 30 30 0D
1779565876321,74 34 35 35 38 45 41 46 46 30 37 30 30 39 46 46 46 30 30 30 30 0D
1779565876327,74 34 35 30 38 30 30 30 30 30 37 30 30 30 30 30 30 45 34 30 35 0D
1779565876341,74 34 35 31 38 30 30 30 30 30 30 30 30 30 30 30 30 30 30 30 30 0D
1779565876345,74 34 35 31 38 30 30 30 30 30 30 30 30 30 30 30 30 30 30 30 30 0D
1779565876359,74 34 35 35 38 45 41 46 46 30 37 30 30 39 46 46 46 30 30 30 30 0D
1779565876365,74 34 35 31 38 30 30 30 30 30 30 30 30 30 30 30 30 30 30 30 30 0D
1779565876400,74 34 35 35 38 45 41 46 46 30 37 30 30 39 46 46 46 30 30 30 30 0D
1779565876413,74 34 35 31 38 30 30 30 30 30 30 30 30 30 30 30 30 30 30 30 30 0D
1779565876426,74 34 35 36 38 45 45 46 46 30 37 30 30 30 34 30 30 30 30 30 30 0D
1779565876429,74 34 35 30 38 30 30 30 30 30 37 30 30 30 30 30 30 45 34 30 35 0D
1779565876442,74 34 35 32 38 38 43 30 30 30 30 30 30 30 30 30 30 30 30 30 30 0D
1779565876445,74 34 35 31 38 30 30 30 30 30 30 30 30 30 30 30 30 30 30 30 30 0D
1779565876456,74 34 35 35 38 45 41 46 46 30 37 30 30 39 46 46 46 30 30 30 30 0D
1779565876467,74 34 35 31 38 30 30 30 30 30 30 30 30 30 30 30 30 30 30 30 30 0D
1779565876479,74 34 35 35 38 45 41 46 46 30 37 30 30 39 46 46 46 30 30 30 30 0D
1779565876492,74 34 35 37 38 30 30 30 30 30 30 30 30 36 34 31 34 30 30 30 30 0D
1779565876504,74 34 35 35 38 45 41 46 46 30 37 30 30 39 46 46 46 30 30 30 30 0D
1779565876507,74 34 35 31 38 30 30 30 30 30 30 30 30 30 30 30 30 30 30 30 30 0D
1779565876515,74 34 35 35 38 45 41 46 46 30 37 30 30 39 46 46 46 30 30 30 30 0D
1779565876528,74 34 35 30 38 30 30 30 30 30 37 30 30 30 30 30 30 45 34 30 35 0D
1779565876540,74 34 35 31 38 30 30 30 30 30 30 30 30 30 30 30 30 30 30 30 30 0D
1779565876547,74 34 35 31 38 30 30 30 30 30 30 30 30 30 30 30 30 30 30 30 30 0D
1779565876560,74 34 35 35 38 45 42 46 46 30 37 30 30 39 46 46 46 30 30 30 30 0D
1779565876565,74 34 35 31 38 30 30 30 30 30 30 30 30 30 30 30 30 30 30 30 30 0D
1779565876603,74 34 35 35 38 45 42 46 46 30 37 30 30 39 46 46 46 30 30 30 30 0D
1779565876610,74 34 35 31 38 30 30 30 30 30 30 30 30 30 30 30 30 30 30 30 30 0D
1779565876624,74 34 35 35 38 45 42 46 46 30 37 30 30 39 46 46 46 30 30 30 30 0D
1779565876632,74 34 35 30 38 30 30 30 30 30 37 30 30 30 30 30 30 45 34 30 35 0D
1779565876640,74 34 35 31 38 30 30 30 30 30 30 30 30 30 30 30 30 30 30 30 30 0D
1779565876646,74 34 35 31 38 30 30 30 30 30 30 30 30 30 30 30 30 30 30 30 30 0D
1779565876659,74 34 35 35 38 45 42 46 46 30 37 30 30 39 46 46 46 30 30 30 30 0D
1779565876669,74 34 35 31 38 30 30 30 30 30 30 30 30 30 30 30 30 30 30 30 30 0D
1779565876700,74 34 35 35 38 45 42 46 46 30 37 30 30 39 46 46 46 30 30 30 30 0D
1779565876709,74 34 35 31 38 30 30 30 30 30 30 30 30 30 30 30 30 30 30 30 30 0D
1779565876720,74 34 35 35 38 45 42 46 46 30 37 30 30 39 46 46 46 30 30 30 30 0D
1779565876727,74 34 35 30 38 30 30 30 30 30 37 30 30 30 30 30 30 45 34 30 35 0D
1779565876740,74 34 35 31 38 30 30 30 30 30 30 30 30 30 30 30 30 30 30 30 30 0D
1779565876745,74 34 35 31 38 30 30 30 30 30 30 30 30 30 30 30 30 30 30 30 30 0D
1779565876764,74 34 35 35 38 45 41 46 46 30 37 30 30 41 30 46 46 30 30 30 30 0D
1779565876772,74 34 35 31 38 30 30 30 30 30 30 30 30 30 30 30 30 30 30 30 30 0D
1779565876780,74 34 35 35 38 45 41 46 46 30 37 30 30 41 30 46 46 30 30 30 30 0D
1779565876787,74 34 35 39 38 38 39 41 34 42 45 31 36 45 32 31 41 30 33 42 37 0D
1779565876796,74 34 35 31 38 30 30 30 30 30 30 30 30 30 30 30 30 30 30 30 30 0D
1779565876809,74 34 35 31 38 30 30 30 30 30 30 30 30 30 30 30 30 30 30 30 30 0D
1779565876823,74 34 35 35 38 45 41 46 46 30 37 30 30 41 30 46 46 30 30 30 30 0D
1779565876830,74 34 35 30 38 30 30 30 30 30 37 30 30 30 30 30 30 45 34 30 35 0D
1779565876842,74 34 35 31 38 30 30 30 30 30 30 30 30 30 30 30 30 30 30 30 30 0D
1779565876849,74 34 35 31 38 30 30 30 30 30 30 30 30 30 30 30 30 30 30 30 30 0D
1779565876858,74 34 35 35 38 45 41 46 46 30 37 30 30 41 30 46 46 30 30 30 30 0D
1779565876869,74 34 35 31 38 30 30 30 30 30 30 30 30 30 30 30 30 30 30 30 30 0D
1779565876886,74 34 35 35 38 45 41 46 46 30 37 30 30 41 30 46 46 30 30 30 30 0D
1779565876893,74 34 35 31 38 30 30 30 30 30 30 30 30 30 30 30 30 30 30 30 30 0D
1779565876904,74 34 35 35 38 45 41 46 46 30 37 30 30 41 30 46 46 30 30 30 30 0D
1779565876918,74 34 35 31 38 30 30 30 30 30 30 30 30 30 30 30 30 30 30 30 30 0D
1779565876928,74 34 35 30 38 30 30 30 30 30 37 30 30 30 30 30 30 45 34 30 35 0D
1779565876939,74 34 35 31 38 30 30 30 30 30 30 30 30 30 30 30 30 30 30 30 30 0D
1779565876947,74 34 35 31 38 30 30 30 30 30 30 30 30 30 30 30 30 30 30 30 30 0D
1779565876962,74 34 35 35 38 45 41 46 46 30 37 30 30 39 45 46 46 30 30 30 30 0D
1779565876968,74 34 35 31 38 30 30 30 30 30 30 30 30 30 30 30 30 30 30 30 30 0D
1779565876990,74 34 35 35 38 45 41 46 46 30 37 30 30 39 45 46 46 30 30 30 30 0D
1779565876996,74 34 35 31 38 30 30 30 30 30 30 30 30 30 30 30 30 30 30 30 30 0D
1779565877001,74 34 35 35 38 45 41 46 46 30 37 30 30 39 45 46 46 30 30 30 30 0D
1779565877008,74 34 35 31 38 30 30 30 30 30 30 30 30 30 30 30 30 30 30 30 30 0D
1779565877018,74 34 35 35 38 45 41 46 46 30 37 30 30 39 45 46 46 30 30 30 30 0D
1779565877028,74 34 35 30 38 30 30 30 30 30 37 30 30 30 30 30 30 45 34 30 35 0D
1779565877041,74 34 35 31 38 30 30 30 30 30 30 30 30 30 30 30 30 30 30 30 30 0D
1779565877046,74 34 35 31 38 30 30 30 30 30 30 30 30 30 30 30 30 30 30 30 30 0D
1779565877057,74 34 35 35 38 45 41 46 46 30 37 30 30 39 45 46 46 30 30 30 30 0D
1779565877069,74 34 35 31 38 30 30 30 30 30 30 30 30 30 30 30 30 30 30 30 30 0D
1779565877103,74 34 35 35 38 45 41 46 46 30 37 30 30 39 45 46 46 30 30 30 30 0D
1779565877110,74 34 35 31 38 30 30 30 30 30 30 30 30 30 30 30 30 30 30 30 30 0D
1779565877122,74 34 35 35 38 45 41 46 46 30 37 30 30 39 45 46 46 30 30 30 30 0D
1779565877130,74 34 35 30 38 30 30 30 30 30 37 30 30 30 30 30 30 45 34 30 35 0D
1779565877140,74 34 35 31 38 30 30 30 30 30 30 30 30 30 30 30 30 30 30 30 30 0D
1779565877146,74 34 35 31 38 30 30 30 30 30 30 30 30 30 30 30 30 30 30 30 30 0D
1779565877155,74 34 35 35 38 45 41 46 46 30 37 30 30 39 46 46 46 30 30 30 30 0D
1779565877169,74 34 35 31 38 30 30 30 30 30 30 30 30 30 30 30 30 30 30 30 30 0D
1779565877184,74 34 35 35 38 45 41 46 46 30 37 30 30 39 46 46 46 30 30 30 30 0D
1779565877194,74 34 35 35 38 45 41 46 46 30 37 30 30 39 46 46 46 30 30 30 30 0D
1779565877207,74 34 35 31 38 30 30 30 30 30 30 30 30 30 30 30 30 30 30 30 30 0D
1779565877223,74 34 35 35 38 45 41 46 46 30 37 30 30 39 46 46 46 30 30 30 30 0D
1779565877226,74 34 35 30 38 30 30 30 30 30 37 30 30 30 30 30 30 45 34 30 35 0D
1779565877239,74 34 35 31 38 30 30 30 30 30 30 30 30 30 30 30 30 30 30 30 30 0D
1779565877245,74 34 35 31 38 30 30 30 30 30 30 30 30 30 30 30 30 30 30 30 30 0D
1779565877263,74 34 35 35 38 45 41 46 46 30 37 30 30 39 46 46 46 30 30 30 30 0D
1779565877268,74 34 35 31 38 30 30 30 30 30 30 30 30 30 30 30 30 30 30 30 30 0D
1779565877286,74 34 35 35 38 45 41 46 46 30 37 30 30 39 46 46 46 30 30 30 30 0D
1779565877293,74 34 35 31 38 30 30 30 30 30 30 30 30 30 30 30 30 30 30 30 30 0D
1779565877297,74 34 35 35 38 45 41 46 46 30 37 30 30 39 46 46 46 30 30 30 30 0D
1779565877310,74 34 35 31 38 30 30 30 30 30 30 30 30 30 30 30 30 30 30 30 30 0D
1779565877322,74 34 35 35 38 45 41 46 46 30 37 30 30 39 46 46 46 30 30 30 30 0D
1779565877326,74 34 35 30 38 30 30 30 30 30 37 30 30 30 30 30 30 45 34 30 35 0D
1779565877337,74 34 35 31 38 30 30 30 30 30 30 30 30 30 30 30 30 30 30 30 30 0D
1779565877349,74 34 35 31 38 30 30 30 30 30 30 30 30 30 30 30 30 30 30 30 30 0D
1779565877360,74 34 35 35 38 45 41 46 46 30 37 30 30 39 46 46 46 30 30 30 30 0D
1779565877370,74 34 35 31 38 30 30 30 30 30 30 30 30 30 30 30 30 30 30 30 30 0D
1779565877400,74 34 35 35 38 45 41 46 46 30 37 30 30 39 46 46 46 30 30 30 30 0D
1779565877407,74 34 35 31 38 30 30 30 30 30 30 30 30 30 30 30 30 30 30 30 30 0D
1779565877422,74 34 35 35 38 45 41 46 46 30 37 30 30 39 46 46 46 30 30 30 30 0D
1779565877428,74 34 35 30 38 30 30 30 30 30 37 30 30 30 30 30 30 45 34 30 35 0D
1779565877439,74 34 35 31 38 30 30 30 30 30 30 30 30 30 30 30 30 30 30 30 30 0D
1779565877449,74 34 35 31 38 30 30 30 30 30 30 30 30 30 30 30 30 30 30 30 30 0D
1779565877468,74 34 35 35 38 45 41 46 46 30 37 30 30 39 46 46 46 30 30 30 30 0D
1779565877477,74 34 35 31 38 30 30 30 30 30 30 30 30 30 30 30 30 30 30 30 30 0D
1779565877485,74 34 35 37 38 30 30 30 30 30 30 30 30 36 34 31 34 30 30 30 30 0D
1779565877488,74 34 35 31 38 30 30 30 30 30 30 30 30 30 30 30 30 30 30 30 30 0D
1779565877503,74 34 35 35 38 45 41 46 46 30 37 30 30 39 46 46 46 30 30 30 30 0D
1779565877510,74 34 35 31 38 30 30 30 30 30 30 30 30 30 30 30 30 30 30 30 30 0D
1779565877522,74 34 35 35 38 45 41 46 46 30 37 30 30 39 46 46 46 30 30 30 30 0D
1779565877527,74 34 35 30 38 30 30 30 30 30 37 30 30 30 30 30 30 45 34 30 35 0D
1779565877541,74 34 35 31 38 30 30 30 30 30 30 30 30 30 30 30 30 30 30 30 30 0D
1779565877548,74 34 35 31 38 30 30 30 30 30 30 30 30 30 30 30 30 30 30 30 30 0D
1779565877556,74 34 35 35 38 45 41 46 46 30 37 30 30 39 46 46 46 30 30 30 30 0D
1779565877567,74 34 35 31 38 30 30 30 30 30 30 30 30 30 30 30 30 30 30 30 30 0D
1779565877596,74 34 35 35 38 45 41 46 46 30 37 30 30 39 46 46 46 30 30 30 30 0D
1779565877608,74 34 35 31 38 30 30 30 30 30 30 30 30 30 30 30 30 30 30 30 30 0D
1779565877620,74 34 35 35 38 45 41 46 46 30 37 30 30 39 46 46 46 30 30 30 30 0D
1779565877628,74 34 35 30 38 30 30 30 30 30 37 30 30 30 30 30 30 45 34 30 35 0D
1779565877636,74 34 35 31 38 30 30 30 30 30 30 30 30 30 30 30 30 30 30 30 30 0D
1779565877649,74 34 35 31 38 30 30 30 30 30 30 30 30 30 30 30 30 30 30 30 30 0D
1779565877655,74 34 35 35 38 45 41 46 46 30 37 30 30 39 46 46 46 30 30 30 30 0D
1779565877667,74 34 35 36 38 45 45 46 46 30 38 30 30 30 35 30 30 30 30 30 30 0D
1779565877672,74 34 35 31 38 30 30 30 30 30 30 30 30 30 30 30 30 30 30 30 30 0D
1779565877675,74 34 35 36 38 45 45 46 46 30 38 30 30 30 35 30 30 30 30 30 30 0D
1779565877685,74 34 35 37 38 30 30 30 30 30 31 30 30 36 34 31 34 30 30 30 30 0D
1779565877692,74 34 35 31 38 30 30 30 30 30 30 30 30 30 30 30 30 30 30 30 30 0D
1779565877695,74 34 35 35 38 45 41 46 46 30 37 30 30 39 46 46 46 30 30 30 30 0D
1779565877707,74 34 35 31 38 30 30 30 30 30 30 30 30 30 30 30 30 30 30 30 30 0D
1779565877717,74 34 35 35 38 45 41 46 46 30 37 30 30 39 46 46 46 30 30 30 30 0D
1779565877728,74 34 35 30 38 30 30 30 30 30 37 30 30 30 30 30 30 45 34 30 35 0D
1779565877742,74 34 35 31 38 30 30 30 30 30 30 30 30 30 30 30 30 30 30 30 30 0D
1779565877750,74 34 35 31 38 30 30 30 30 30 30 30 30 30 30 30 30 30 30 30 30 0D
1779565877758,74 34 35 35 38 45 41 46 46 30 37 30 30 39 46 46 46 30 30 30 30 0D
1779565877767,74 34 35 31 38 30 30 30 30 30 30 30 30 30 30 30 30 30 30 30 30 0D
1779565877776,74 34 35 35 38 45 41 46 46 30 37 30 30 39 46 46 46 30 30 30 30 0D
1779565877782,74 34 35 37 38 30 30 30 30 30 30 30 30 36 34 31 34 30 30 30 30 0D
1779565877788,74 34 35 31 38 30 30 30 30 30 30 30 30 30 30 30 30 30 30 30 30 0D
1779565877801,74 34 35 35 38 45 41 46 46 30 37 30 30 39 46 46 46 30 30 30 30 0D
1779565877807,74 34 35 31 38 30 30 30 30 30 30 30 30 30 30 30 30 30 30 30 30 0D
1779565877818,74 34 35 35 38 45 41 46 46 30 37 30 30 39 46 46 46 30 30 30 30 0D
1779565877827,74 34 35 30 38 30 30 30 30 30 37 30 30 30 30 30 30 45 34 30 35 0D
1779565877839,74 34 35 31 38 30 30 30 30 30 30 30 30 30 30 30 30 30 30 30 30 0D
1779565877850,74 34 35 31 38 30 30 30 30 30 30 30 30 30 30 30 30 30 30 30 30 0D
1779565877858,74 34 35 35 38 45 41 46 46 30 37 30 30 39 46 46 46 30 30 30 30 0D
1779565877869,74 34 35 31 38 30 30 30 30 30 30 30 30 30 30 30 30 30 30 30 30 0D
1779565877884,74 34 35 35 38 45 41 46 46 30 37 30 30 39 46 46 46 30 30 30 30 0D
1779565877891,74 34 35 31 38 30 30 30 30 30 30 30 30 30 30 30 30 30 30 30 30 0D
1779565877902,74 34 35 35 38 45 41 46 46 30 37 30 30 39 46 46 46 30 30 30 30 0D
1779565877908,74 34 35 31 38 30 30 30 30 30 30 30 30 30 30 30 30 30 30 30 30 0D
1779565877921,74 34 35 35 38 45 41 46 46 30 37 30 30 39 46 46 46 30 30 30 30 0D
1779565877926,74 34 35 30 38 30 30 30 30 30 37 30 30 30 30 30 30 45 34 30 35 0D
1779565877938,74 34 35 31 38 30 30 30 30 30 30 30 30 30 30 30 30 30 30 30 30 0D
1779565877950,74 34 35 31 38 30 30 30 30 30 30 30 30 30 30 30 30 30 30 30 30 0D
1779565877960,74 34 35 35 38 45 41 46 46 30 37 30 30 39 46 46 46 30 30 30 30 0D
1779565877969,74 34 35 31 38 30 30 30 30 30 30 30 30 30 30 30 30 30 30 30 30 0D
1779565877984,74 34 35 35 38 45 41 46 46 30 37 30 30 39 46 46 46 30 30 30 30 0D
1779565877990,74 34 35 31 38 30 30 30 30 30 30 30 30 30 30 30 30 30 30 30 30 0D
1779565877998,74 34 35 35 38 45 41 46 46 30 37 30 30 39 46 46 46 30 30 30 30 0D
1779565878006,74 34 35 31 38 30 30 30 30 30 30 30 30 30 30 30 30 30 30 30 30 0D
1779565878021,74 34 35 35 38 45 41 46 46 30 37 30 30 39 46 46 46 30 30 30 30 0D
1779565878025,74 34 35 30 38 30 30 30 30 30 37 30 30 30 30 30 30 45 34 30 35 0D
1779565878042,74 34 35 31 38 30 30 30 30 30 30 30 30 30 30 30 30 30 30 30 30 0D
1779565878049,74 34 35 31 38 30 30 30 30 30 30 30 30 30 30 30 30 30 30 30 30 0D
1779565878055,74 34 35 35 38 45 41 46 46 30 37 30 30 39 46 46 46 30 30 30 30 0D
1779565878065,74 34 35 31 38 30 30 30 30 30 30 30 30 30 30 30 30 30 30 30 30 0D
1779565878076,74 34 35 35 38 45 41 46 46 30 37 30 30 39 46 46 46 30 30 30 30 0D
1779565878084,74 34 35 37 38 30 30 30 30 30 30 30 30 36 34 31 34 30 30 30 30 0D
1779565878100,74 34 35 39 38 38 30 41 34 42 45 31 36 44 38 31 41 30 33 42 37 0D
1779565878106,74 34 35 31 38 30 30 30 30 30 30 30 30 30 30 30 30 30 30 30 30 0D
1779565878118,74 34 35 35 38 45 41 46 46 30 37 30 30 39 46 46 46 30 30 30 30 0D
1779565878125,74 34 35 30 38 30 30 30 30 30 37 30 30 30 30 30 30 45 34 30 35 0D
1779565878138,74 34 35 31 38 30 30 30 30 30 30 30 30 30 30 30 30 30 30 30 30 0D
1779565878148,74 34 35 31 38 30 30 30 30 30 30 30 30 30 30 30 30 30 30 30 30 0D
1779565878160,74 34 35 35 38 45 39 46 46 30 37 30 30 39 46 46 46 30 30 30 30 0D
1779565878171,74 34 35 31 38 30 30 30 30 30 30 30 30 30 30 30 30 30 30 30 30 0D
1779565878188,74 34 35 35 38 45 39 46 46 30 37 30 30 39 46 46 46 30 30 30 30 0D
1779565878195,74 34 35 31 38 30 30 30 30 30 30 30 30 30 30 30 30 30 30 30 30 0D
1779565878198,74 34 35 36 38 45 45 46 46 30 37 30 30 30 34 30 30 30 30 30 30 0D
1779565878206,74 34 35 31 38 30 30 30 30 30 30 30 30 30 30 30 30 30 30 30 30 0D
1779565878218,74 34 35 35 38 45 39 46 46 30 37 30 30 39 46 46 46 30 30 30 30 0D
1779565878228,74 34 35 30 38 30 30 30 30 30 37 30 30 30 30 30 30 45 34 30 35 0D
1779565878239,74 34 35 31 38 30 30 30 30 30 30 30 30 30 30 30 30 30 30 30 30 0D
1779565878262,74 34 35 31 38 30 30 30 30 30 30 30 30 30 30 30 30 30 30 30 30 0D
1779565878269,74 34 35 35 38 45 39 46 46 30 37 30 30 39 46 46 46 30 30 30 30 0D
1779565878278,74 34 35 31 38 30 30 30 30 30 30 30 30 30 30 30 30 30 30 30 30 0D
1779565878286,74 34 35 35 38 45 39 46 46 30 37 30 30 39 46 46 46 30 30 30 30 0D
1779565878291,74 34 35 31 38 30 30 30 30 30 30 30 30 30 30 30 30 30 30 30 30 0D
1779565878299,74 34 35 35 38 45 39 46 46 30 37 30 30 39 46 46 46 30 30 30 30 0D
1779565878307,74 34 35 31 38 30 30 30 30 30 30 30 30 30 30 30 30 30 30 30 30 0D
1779565878320,74 34 35 35 38 45 39 46 46 30 37 30 30 39 46 46 46 30 30 30 30 0D
1779565878327,74 34 35 30 38 30 30 30 30 30 37 30 30 30 30 30 30 45 34 30 35 0D
1779565878343,74 34 35 31 38 30 30 30 30 30 30 30 30 30 30 30 30 30 30 30 30 0D
1779565878353,74 34 35 31 38 30 30 30 30 30 30 30 30 30 30 30 30 30 30 30 30 0D
1779565878369,74 34 35 31 38 30 30 30 30 30 30 30 30 30 30 30 30 30 30 30 30 0D
1779565878376,74 34 35 35 38 45 41 46 46 30 37 30 30 39 46 46 46 30 30 30 30 0D
1779565878386,74 34 35 37 38 30 30 30 30 30 30 30 30 36 34 31 34 30 30 30 30 0D
1779565878389,74 34 35 31 38 30 30 30 30 30 30 30 30 30 30 30 30 30 30 30 30 0D
1779565878398,74 34 35 36 38 45 45 46 46 30 37 30 30 30 34 30 30 30 30 30 30 0D
1779565878407,74 34 35 31 38 30 30 30 30 30 30 30 30 30 30 30 30 30 30 30 30 0D
1779565878417,74 34 35 35 38 45 41 46 46 30 37 30 30 39 46 46 46 30 30 30 30 0D
1779565878428,74 34 35 30 38 30 30 30 30 30 37 30 30 30 30 30 30 45 34 30 35 0D
1779565878438,74 34 35 31 38 30 30 30 30 30 30 30 30 30 30 30 30 30 30 30 30 0D
1779565878447,74 34 35 31 38 30 30 30 30 30 30 30 30 30 30 30 30 30 30 30 30 0D
1779565878455,74 34 35 35 38 45 41 46 46 30 37 30 30 39 46 46 46 30 30 30 30 0D
1779565878466,74 34 35 31 38 30 30 30 30 30 30 30 30 30 30 30 30 30 30 30 30 0D
1779565878484,74 34 35 35 38 45 41 46 46 30 37 30 30 39 46 46 46 30 30 30 30 0D
1779565878489,74 34 35 31 38 30 30 30 30 30 30 30 30 30 30 30 30 30 30 30 30 0D
1779565878508,74 34 35 31 38 30 30 30 30 30 30 30 30 30 30 30 30 30 30 30 30 0D
1779565878517,74 34 35 35 38 45 41 46 46 30 37 30 30 39 46 46 46 30 30 30 30 0D
1779565878525,74 34 35 30 38 30 30 30 30 30 37 30 30 30 30 30 30 45 34 30 35 0D
1779565878550,74 34 35 31 38 30 30 30 30 30 30 30 30 30 30 30 30 30 30 30 30 0D
1779565878556,74 34 35 31 38 30 30 30 30 30 30 30 30 30 30 30 30 30 30 30 30 0D
1779565878560,74 34 35 35 38 45 41 46 46 30 37 30 30 39 45 46 46 30 30 30 30 0D
1779565878567,74 34 35 31 38 30 30 30 30 30 30 30 30 30 30 30 30 30 30 30 30 0D
1779565878580,74 34 35 35 38 45 41 46 46 30 37 30 30 39 45 46 46 30 30 30 30 0D
1779565878589,74 34 35 31 38 30 30 30 30 30 30 30 30 30 30 30 30 30 30 30 30 0D
1779565878600,74 34 35 35 38 45 41 46 46 30 37 30 30 39 45 46 46 30 30 30 30 0D
1779565878607,74 34 35 31 38 30 30 30 30 30 30 30 30 30 30 30 30 30 30 30 30 0D
1779565878615,74 34 35 35 38 45 41 46 46 30 37 30 30 39 45 46 46 30 30 30 30 0D
1779565878635,74 34 35 30 38 30 30 30 30 30 37 30 30 30 30 30 30 45 34 30 35 0D
1779565878639,74 34 35 31 38 30 30 30 30 30 30 30 30 30 30 30 30 30 30 30 30 0D
1779565878647,74 34 35 31 38 30 30 30 30 30 30 30 30 30 30 30 30 30 30 30 30 0D
1779565878663,74 34 35 35 38 45 41 46 46 30 37 30 30 39 45 46 46 30 30 30 30 0D
1779565878668,74 34 35 31 38 30 30 30 30 30 30 30 30 30 30 30 30 30 30 30 30 0D
1779565878685,74 34 35 35 38 45 41 46 46 30 37 30 30 39 45 46 46 30 30 30 30 0D
1779565878692,74 34 35 31 38 30 30 30 30 30 30 30 30 30 30 30 30 30 30 30 30 0D
1779565878697,74 34 35 36 38 45 45 46 46 30 37 30 30 30 33 30 30 30 30 30 30 0D
1779565878707,74 34 35 31 38 30 30 30 30 30 30 30 30 30 30 30 30 30 30 30 30 0D
1779565878718,74 34 35 35 38 45 41 46 46 30 37 30 30 39 45 46 46 30 30 30 30 0D
1779565878728,74 34 35 30 38 30 30 30 30 30 37 30 30 30 30 30 30 45 34 30 35 0D
1779565878739,74 34 35 31 38 30 30 30 30 30 30 30 30 30 30 30 30 30 30 30 30 0D
1779565878755,74 34 35 31 38 30 30 30 30 30 30 30 30 30 30 30 30 30 30 30 30 0D
1779565878764,74 34 35 35 38 45 41 46 46 30 37 30 30 39 46 46 46 30 30 30 30 0D
1779565878769,74 34 35 31 38 30 30 30 30 30 30 30 30 30 30 30 30 30 30 30 30 0D
1779565878785,74 34 35 35 38 45 41 46 46 30 37 30 30 39 46 46 46 30 30 30 30 0D
1779565878791,74 34 35 31 38 30 30 30 30 30 30 30 30 30 30 30 30 30 30 30 30 0D
1779565878799,74 34 35 35 38 45 41 46 46 30 37 30 30 39 46 46 46 30 30 30 30 0D
1779565878804,74 34 35 31 38 30 30 30 30 30 30 30 30 30 30 30 30 30 30 30 30 0D
1779565878819,74 34 35 35 38 45 41 46 46 30 37 30 30 39 46 46 46 30 30 30 30 0D
1779565878835,74 34 35 30 38 30 30 30 30 30 37 30 30 30 30 30 30 45 34 30 35 0D
1779565878837,74 34 35 31 38 30 30 30 30 30 30 30 30 30 30 30 30 30 30 30 30 0D
1779565878847,74 34 35 31 38 30 30 30 30 30 30 30 30 30 30 30 30 30 30 30 30 0D
1779565878860,74 34 35 35 38 45 41 46 46 30 37 30 30 39 46 46 46 30 30 30 30 0D
1779565878868,74 34 35 31 38 30 30 30 30 30 30 30 30 30 30 30 30 30 30 30 30 0D
1779565878889,74 34 35 35 38 45 41 46 46 30 37 30 30 39 46 46 46 30 30 30 30 0D
1779565878901,74 34 35 35 38 45 41 46 46 30 37 30 30 39 46 46 46 30 30 30 30 0D
1779565878906,74 34 35 31 38 30 30 30 30 30 30 30 30 30 30 30 30 30 30 30 30 0D
1779565878917,74 34 35 35 38 45 41 46 46 30 37 30 30 39 46 46 46 30 30 30 30 0D
1779565878929,74 34 35 30 38 30 30 30 30 30 37 30 30 30 30 30 30 45 34 30 35 0D
1779565878937,74 34 35 31 38 30 30 30 30 30 30 30 30 30 30 30 30 30 30 30 30 0D
1779565878948,74 34 35 31 38 30 30 30 30 30 30 30 30 30 30 30 30 30 30 30 30 0D
1779565878961,74 34 35 35 38 45 39 46 46 30 37 30 30 39 46 46 46 30 30 30 30 0D
1779565878966,74 34 35 31 38 30 30 30 30 30 30 30 30 30 30 30 30 30 30 30 30 0D
1779565878982,74 34 35 35 38 45 39 46 46 30 37 30 30 39 46 46 46 30 30 30 30 0D
1779565878987,74 34 35 37 38 30 30 30 30 30 30 30 30 36 34 31 34 30 30 30 30 0D
1779565878997,74 34 35 31 38 30 30 30 30 30 30 30 30 30 30 30 30 30 30 30 30 0D
1779565879010,74 34 35 31 38 30 30 30 30 30 30 30 30 30 30 30 30 30 30 30 30 0D
1779565879016,74 34 35 35 38 45 39 46 46 30 37 30 30 39 46 46 46 30 30 30 30 0D
1779565879033,74 34 35 30 38 30 30 30 30 30 37 30 30 30 30 30 30 45 34 30 35 0D
1779565879040,74 34 35 31 38 30 30 30 30 30 30 30 30 30 30 30 30 30 30 30 30 0D
1779565879050,74 34 35 31 38 30 30 30 30 30 30 30 30 30 30 30 30 30 30 30 30 0D
1779565879066,74 34 35 35 38 45 39 46 46 30 37 30 30 39 46 46 46 30 30 30 30 0D
1779565879071,74 34 35 31 38 30 30 30 30 30 30 30 30 30 30 30 30 30 30 30 30 0D
1779565879084,74 34 35 35 38 45 39 46 46 30 37 30 30 39 46 46 46 30 30 30 30 0D
1779565879100,74 34 35 31 38 30 30 30 30 30 30 30 30 30 30 30 30 30 30 30 30 0D
1779565879106,74 34 35 35 38 45 39 46 46 30 37 30 30 39 46 46 46 30 30 30 30 0D
1779565879112,74 34 35 31 38 30 30 30 30 30 30 30 30 30 30 30 30 30 30 30 30 0D
1779565879121,74 34 35 35 38 45 39 46 46 30 37 30 30 39 46 46 46 30 30 30 30 0D
1779565879129,74 34 35 30 38 30 30 30 30 30 37 30 30 30 30 30 30 45 34 30 35 0D
1779565879139,74 34 35 31 38 30 30 30 30 30 30 30 30 30 30 30 30 30 30 30 30 0D
1779565879149,74 34 35 31 38 30 30 30 30 30 30 30 30 30 30 30 30 30 30 30 30 0D
1779565879155,74 34 35 35 38 45 41 46 46 30 37 30 30 39 46 46 46 30 30 30 30 0D
1779565879167,74 34 35 31 38 30 30 30 30 30 30 30 30 30 30 30 30 30 30 30 30 0D
1779565879184,74 34 35 35 38 45 41 46 46 30 37 30 30 39 46 46 46 30 30 30 30 0D
1779565879186,74 34 35 31 38 30 30 30 30 30 30 30 30 30 30 30 30 30 30 30 30 0D
1779565879198,74 34 35 35 38 45 41 46 46 30 37 30 30 39 46 46 46 30 30 30 30 0D
1779565879218,74 34 35 31 38 30 30 30 30 30 30 30 30 30 30 30 30 30 30 30 30 0D
1779565879224,74 34 35 36 38 45 44 46 46 30 38 30 30 30 33 30 30 30 30 30 30 0D
1779565879231,74 34 35 30 38 30 30 30 30 30 37 30 30 30 30 30 30 45 34 30 35 0D
1779565879239,74 34 35 31 38 30 30 30 30 30 30 30 30 30 30 30 30 30 30 30 30 0D
1779565879252,74 34 35 31 38 30 30 30 30 30 30 30 30 30 30 30 30 30 30 30 30 0D
1779565879259,74 34 35 35 38 45 41 46 46 30 37 30 30 39 46 46 46 30 30 30 30 0D
1779565879268,74 34 35 31 38 30 30 30 30 30 30 30 30 30 30 30 30 30 30 30 30 0D
1779565879285,74 34 35 35 38 45 41 46 46 30 37 30 30 39 46 46 46 30 30 30 30 0D
1779565879290,74 34 35 31 38 30 30 30 30 30 30 30 30 30 30 30 30 30 30 30 30 0D
1779565879299,74 34 35 35 38 45 41 46 46 30 37 30 30 39 46 46 46 30 30 30 30 0D
1779565879312,74 34 35 31 38 30 30 30 30 30 30 30 30 30 30 30 30 30 30 30 30 0D
1779565879318,74 34 35 35 38 45 41 46 46 30 37 30 30 39 46 46 46 30 30 30 30 0D
1779565879329,74 34 35 30 38 30 30 30 30 30 37 30 30 30 30 30 30 45 34 30 35 0D
1779565879338,74 34 35 31 38 30 30 30 30 30 30 30 30 30 30 30 30 30 30 30 30 0D
1779565879348,74 34 35 31 38 30 30 30 30 30 30 30 30 30 30 30 30 30 30 30 30 0D
1779565879362,74 34 35 35 38 45 41 46 46 30 37 30 30 39 46 46 46 30 30 30 30 0D
1779565879367,74 34 35 31 38 30 30 30 30 30 30 30 30 30 30 30 30 30 30 30 30 0D
1779565879385,74 34 35 35 38 45 41 46 46 30 37 30 30 39 46 46 46 30 30 30 30 0D
1779565879390,74 34 35 31 38 30 30 30 30 30 30 30 30 30 30 30 30 30 30 30 30 0D
1779565879396,74 34 35 35 38 45 41 46 46 30 37 30 30 39 46 46 46 30 30 30 30 0D
1779565879409,74 34 35 31 38 30 30 30 30 30 30 30 30 30 30 30 30 30 30 30 30 0D
1779565879418,74 34 35 35 38 45 41 46 46 30 37 30 30 39 46 46 46 30 30 30 30 0D
1779565879429,74 34 35 30 38 30 30 30 30 30 37 30 30 30 30 30 30 45 34 30 35 0D
1779565879442,74 34 35 31 38 30 30 30 30 30 30 30 30 30 30 30 30 30 30 30 30 0D
1779565879446,74 34 35 31 38 30 30 30 30 30 30 30 30 30 30 30 30 30 30 30 30 0D
1779565879464,74 34 35 35 38 45 41 46 46 30 37 30 30 39 46 46 46 30 30 30 30 0D
1779565879468,74 34 35 31 38 30 30 30 30 30 30 30 30 30 30 30 30 30 30 30 30 0D
1779565879484,74 34 35 35 38 45 41 46 46 30 37 30 30 39 46 46 46 30 30 30 30 0D
1779565879490,74 34 35 31 38 30 30 30 30 30 30 30 30 30 30 30 30 30 30 30 30 0D
1779565879498,74 34 35 35 38 45 41 46 46 30 37 30 30 39 46 46 46 30 30 30 30 0D
1779565879508,74 34 35 31 38 30 30 30 30 30 30 30 30 30 30 30 30 30 30 30 30 0D
1779565879519,74 34 35 35 38 45 41 46 46 30 37 30 30 39 46 46 46 30 30 30 30 0D
1779565879526,74 34 35 30 38 30 30 30 30 30 37 30 30 30 30 30 30 45 34 30 35 0D
1779565879544,74 34 35 31 38 30 30 30 30 30 30 30 30 30 30 30 30 30 30 30 30 0D
1779565879548,74 34 35 31 38 30 30 30 30 30 30 30 30 30 30 30 30 30 30 30 30 0D
1779565879559,74 34 35 35 38 45 41 46 46 30 37 30 30 39 46 46 46 30 30 30 30 0D
1779565879567,74 34 35 31 38 30 30 30 30 30 30 30 30 30 30 30 30 30 30 30 30 0D
1779565879581,74 34 35 37 38 30 30 30 30 30 30 30 30 36 34 31 34 30 30 30 30 0D
1779565879599,74 34 35 39 38 37 39 41 34 42 45 31 36 44 41 31 41 30 33 42 37 0D
1779565879613,74 34 35 31 38 30 30 30 30 30 30 30 30 30 30 30 30 30 30 30 30 0D
1779565879618,74 34 35 35 38 45 41 46 46 30 37 30 30 39 46 46 46 30 30 30 30 0D
1779565879628,74 34 35 30 38 30 30 30 30 30 37 30 30 30 30 30 30 45 34 30 35 0D
1779565879641,74 34 35 31 38 30 30 30 30 30 30 30 30 30 30 30 30 30 30 30 30 0D
1779565879648,74 34 35 31 38 30 30 30 30 30 30 30 30 30 30 30 30 30 30 30 30 0D
1779565879660,74 34 35 35 38 45 41 46 46 30 37 30 30 39 46 46 46 30 30 30 30 0D
1779565879666,74 34 35 31 38 30 30 30 30 30 30 30 30 30 30 30 30 30 30 30 30 0D
1779565879684,74 34 35 35 38 45 41 46 46 30 37 30 30 39 46 46 46 30 30 30 30 0D
1779565879691,74 34 35 31 38 30 30 30 30 30 30 30 30 30 30 30 30 30 30 30 30 0D
1779565879699,74 34 35 35 38 45 41 46 46 30 37 30 30 39 46 46 46 30 30 30 30 0D
1779565879709,74 34 35 31 38 30 30 30 30 30 30 30 30 30 30 30 30 30 30 30 30 0D
1779565879719,74 34 35 35 38 45 41 46 46 30 37 30 30 39 46 46 46 30 30 30 30 0D
1779565879730,74 34 35 30 38 30 30 30 30 30 37 30 30 30 30 30 30 45 34 30 35 0D
1779565879742,74 34 35 31 38 30 30 30 30 30 30 30 30 30 30 30 30 30 30 30 30 0D
1779565879746,74 34 35 31 38 30 30 30 30 30 30 30 30 30 30 30 30 30 30 30 30 0D
1779565879757,74 34 35 35 38 45 41 46 46 30 37 30 30 39 46 46 46 30 30 30 30 0D
1779565879771,74 34 35 31 38 30 30 30 30 30 30 30 30 30 30 30 30 30 30 30 30 0D
1779565879787,74 34 35 35 38 45 41 46 46 30 37 30 30 39 46 46 46 30 30 30 30 0D
1779565879802,74 34 35 35 38 45 41 46 46 30 37 30 30 39 46 46 46 30 30 30 30 0D
1779565879806,74 34 35 31 38 30 30 30 30 30 30 30 30 30 30 30 30 30 30 30 30 0D
1779565879815,74 34 35 35 38 45 41 46 46 30 37 30 30 39 46 46 46 30 30 30 30 0D
1779565879827,74 34 35 36 38 45 44 46 46 30 37 30 30 30 34 30 30 30 30 30 30 0D
1779565879831,74 34 35 30 38 30 30 30 30 30 37 30 30 30 30 30 30 45 34 30 35 0D
1779565879836,74 34 35 31 38 30 30 30 30 30 30 30 30 30 30 30 30 30 30 30 30 0D
1779565879849,74 34 35 31 38 30 30 30 30 30 30 30 30 30 30 30 30 30 30 30 30 0D
1779565879861,74 34 35 35 38 45 41 46 46 30 37 30 30 39 46 46 46 30 30 30 30 0D
1779565879866,74 34 35 31 38 30 30 30 30 30 30 30 30 30 30 30 30 30 30 30 30 0D
1779565879882,74 34 35 35 38 45 41 46 46 30 37 30 30 39 46 46 46 30 30 30 30 0D
1779565879890,74 34 35 31 38 30 30 30 30 30 30 30 30 30 30 30 30 30 30 30 30 0D
1779565879898,74 34 35 35 38 45 41 46 46 30 37 30 30 39 46 46 46 30 30 30 30 0D
1779565879911,74 34 35 31 38 30 30 30 30 30 30 30 30 30 30 30 30 30 30 30 30 0D
1779565879925,74 34 35 35 38 45 41 46 46 30 37 30 30 39 46 46 46 30 30 30 30 0D
1779565879931,74 34 35 30 38 30 30 30 30 30 37 30 30 30 30 30 30 45 34 30 35 0D
1779565879943,74 34 35 31 38 30 30 30 30 30 30 30 30 30 30 30 30 30 30 30 30 0D
1779565879947,74 34 35 31 38 30 30 30 30 30 30 30 30 30 30 30 30 30 30 30 30 0D
1779565879962,74 34 35 35 38 45 41 46 46 30 37 30 30 39 46 46 46 30 30 30 30 0D
1779565879967,74 34 35 31 38 30 30 30 30 30 30 30 30 30 30 30 30 30 30 30 30 0D
1779565879987,74 34 35 35 38 45 41 46 46 30 37 30 30 39 46 46 46 30 30 30 30 0D
1779565879993,74 34 35 31 38 30 30 30 30 30 30 30 30 30 30 30 30 30 30 30 30 0D
1779565879996,74 34 35 35 38 45 41 46 46 30 37 30 30 39 46 46 46 30 30 30 30 0D
1779565880010,74 34 35 31 38 30 30 30 30 30 30 30 30 30 30 30 30 30 30 30 30 0D
1779565880017,74 34 35 35 38 45 41 46 46 30 37 30 30 39 46 46 46 30 30 30 30 0D
1779565880030,74 34 35 30 38 30 30 30 30 30 37 30 30 30 30 30 30 45 34 30 35 0D
1779565880041,74 34 35 31 38 30 30 30 30 30 30 30 30 30 30 30 30 30 30 30 30 0D
1779565880046,74 34 35 31 38 30 30 30 30 30 30 30 30 30 30 30 30 30 30 30 30 0D
1779565880059,74 34 35 35 38 45 41 46 46 30 37 30 30 39 46 46 46 30 30 30 30 0D
1779565880069,74 34 35 31 38 30 30 30 30 30 30 30 30 30 30 30 30 30 30 30 30 0D
1779565880090,74 34 35 35 38 45 41 46 46 30 37 30 30 39 46 46 46 30 30 30 30 0D
1779565880094,74 34 35 31 38 30 30 30 30 30 30 30 30 30 30 30 30 30 30 30 30 0D
1779565880112,74 34 35 31 38 30 30 30 30 30 30 30 30 30 30 30 30 30 30 30 30 0D
1779565880123,74 34 35 35 38 45 41 46 46 30 37 30 30 39 46 46 46 30 30 30 30 0D
1779565880130,74 34 35 30 38 30 30 30 30 30 37 30 30 30 30 30 30 45 34 30 35 0D
1779565880144,74 34 35 35 38 45 41 46 46 30 37 30 30 39 46 46 46 30 30 30 30 0D 74 34 35 36 38 45 45 46 46 30 37 30 30 30 34 30 30 30 30 30 30 0D
1779565880148,74 34 35 31 38 30 30 30 30 30 30 30 30 30 30 30 30 30 30 30 30 0D
1779565880158,74 34 35 35 38 45 41 46 46 30 37 30 30 39 46 46 46 30 30 30 30 0D
1779565880169,74 34 35 31 38 30 30 30 30 30 30 30 30 30 30 30 30 30 30 30 30 0D
1779565880185,74 34 35 35 38 45 41 46 46 30 37 30 30 39 46 46 46 30 30 30 30 0D
1779565880195,74 34 35 31 38 30 30 30 30 30 30 30 30 30 30 30 30 30 30 30 30 0D
1779565880201,74 34 35 35 38 45 41 46 46 30 37 30 30 39 46 46 46 30 30 30 30 0D
1779565880208,74 34 35 31 38 30 30 30 30 30 30 30 30 30 30 30 30 30 30 30 30 0D
1779565880224,74 34 35 35 38 45 41 46 46 30 37 30 30 39 46 46 46 30 30 30 30 0D
1779565880231,74 34 35 30 38 30 30 30 30 30 37 30 30 30 30 30 30 45 34 30 35 0D
1779565880241,74 34 35 31 38 30 30 30 30 30 30 30 30 30 30 30 30 30 30 30 30 0D
1779565880247,74 34 35 31 38 30 30 30 30 30 30 30 30 30 30 30 30 30 30 30 30 0D
1779565880264,74 34 35 35 38 45 41 46 46 30 37 30 30 39 46 46 46 30 30 30 30 0D
1779565880267,74 34 35 31 38 30 30 30 30 30 30 30 30 30 30 30 30 30 30 30 30 0D
1779565880286,74 34 35 35 38 45 41 46 46 30 37 30 30 39 46 46 46 30 30 30 30 0D
1779565880291,74 34 35 31 38 30 30 30 30 30 30 30 30 30 30 30 30 30 30 30 30 0D
1779565880297,74 34 35 35 38 45 41 46 46 30 37 30 30 39 46 46 46 30 30 30 30 0D
1779565880309,74 34 35 31 38 30 30 30 30 30 30 30 30 30 30 30 30 30 30 30 30 0D
1779565880318,74 34 35 35 38 45 41 46 46 30 37 30 30 39 46 46 46 30 30 30 30 0D
1779565880330,74 34 35 30 38 30 30 30 30 30 37 30 30 30 30 30 30 45 34 30 35 0D
1779565880342,74 34 35 31 38 30 30 30 30 30 30 30 30 30 30 30 30 30 30 30 30 0D
1779565880348,74 34 35 31 38 30 30 30 30 30 30 30 30 30 30 30 30 30 30 30 30 0D
1779565880361,74 34 35 35 38 45 41 46 46 30 37 30 30 39 46 46 46 30 30 30 30 0D
1779565880374,74 34 35 31 38 30 30 30 30 30 30 30 30 30 30 30 30 30 30 30 30 0D
1779565880389,74 34 35 35 38 45 41 46 46 30 37 30 30 39 46 46 46 30 30 30 30 0D
1779565880399,74 34 35 35 38 45 41 46 46 30 37 30 30 39 46 46 46 30 30 30 30 0D
1779565880408,74 34 35 31 38 30 30 30 30 30 30 30 30 30 30 30 30 30 30 30 30 0D
1779565880424,74 34 35 35 38 45 41 46 46 30 37 30 30 39 46 46 46 30 30 30 30 0D
1779565880429,74 34 35 30 38 30 30 30 30 30 37 30 30 30 30 30 30 45 34 30 35 0D
1779565880440,74 34 35 31 38 30 30 30 30 30 30 30 30 30 30 30 30 30 30 30 30 0D
1779565880445,74 34 35 31 38 30 30 30 30 30 30 30 30 30 30 30 30 30 30 30 30 0D
1779565880462,74 34 35 35 38 45 41 46 46 30 37 30 30 39 46 46 46 30 30 30 30 0D
1779565880466,74 34 35 31 38 30 30 30 30 30 30 30 30 30 30 30 30 30 30 30 30 0D
1779565880488,74 34 35 35 38 45 41 46 46 30 37 30 30 39 46 46 46 30 30 30 30 0D
1779565880493,74 34 35 31 38 30 30 30 30 30 30 30 30 30 30 30 30 30 30 30 30 0D
1779565880504,74 34 35 35 38 45 41 46 46 30 37 30 30 39 46 46 46 30 30 30 30 0D
1779565880511,74 34 35 31 38 30 30 30 30 30 30 30 30 30 30 30 30 30 30 30 30 0D
1779565880521,74 34 35 35 38 45 41 46 46 30 37 30 30 39 46 46 46 30 30 30 30 0D
1779565880527,74 34 35 30 38 30 30 30 30 30 37 30 30 30 30 30 30 45 34 30 35 0D
1779565880540,74 34 35 31 38 30 30 30 30 30 30 30 30 30 30 30 30 30 30 30 30 0D
1779565880548,74 34 35 31 38 30 30 30 30 30 30 30 30 30 30 30 30 30 30 30 30 0D
1779565880561,74 34 35 35 38 45 39 46 46 30 37 30 30 39 46 46 46 30 30 30 30 0D
1779565880574,74 34 35 31 38 30 30 30 30 30 30 30 30 30 30 30 30 30 30 30 30 0D
1779565880591,74 34 35 35 38 45 39 46 46 30 37 30 30 39 46 46 46 30 30 30 30 0D
1779565880605,74 34 35 35 38 45 39 46 46 30 37 30 30 39 46 46 46 30 30 30 30 0D
1779565880616,74 34 35 35 38 45 39 46 46 30 37 30 30 39 46 46 46 30 30 30 30 0D
1779565880625,74 34 35 30 38 30 30 30 30 30 37 30 30 30 30 30 30 45 34 30 35 0D
1779565880646,74 34 35 31 38 30 30 30 30 30 30 30 30 30 30 30 30 30 30 30 30 0D
1779565880652,74 34 35 31 38 30 30 30 30 30 30 30 30 30 30 30 30 30 30 30 30 0D
1779565880662,74 34 35 35 38 45 39 46 46 30 37 30 30 39 46 46 46 30 30 30 30 0D
1779565880671,74 34 35 31 38 30 30 30 30 30 30 30 30 30 30 30 30 30 30 30 30 0D
1779565880687,74 34 35 35 38 45 39 46 46 30 37 30 30 39 46 46 46 30 30 30 30 0D 74 34 35 31 38 30 30 30 30 30 30 30 30 30 30 30 30 30 30 30 30 0D
1779565880694,74 34 35 35 38 45 39 46 46 30 37 30 30 39 46 46 46 30 30 30 30 0D
1779565880706,74 34 35 36 38 45 44 46 46 30 38 30 30 30 34 30 30 30 30 30 30 0D
1779565880724,74 34 35 35 38 45 39 46 46 30 37 30 30 39 46 46 46 30 30 30 30 0D
1779565880729,74 34 35 30 38 30 30 30 30 30 37 30 30 30 30 30 30 45 34 30 35 0D
1779565880742,74 34 35 31 38 30 30 30 30 30 30 30 30 30 30 30 30 30 30 30 30 0D
1779565880749,74 34 35 31 38 30 30 30 30 30 30 30 30 30 30 30 30 30 30 30 30 0D
1779565880756,74 34 35 35 38 45 41 46 46 30 37 30 30 39 46 46 46 30 30 30 30 0D
1779565880766,74 34 35 31 38 30 30 30 30 30 30 30 30 30 30 30 30 30 30 30 30 0D
1779565880789,74 34 35 35 38 45 41 46 46 30 37 30 30 39 46 46 46 30 30 30 30 0D
1779565880793,74 34 35 31 38 30 30 30 30 30 30 30 30 30 30 30 30 30 30 30 30 0D
1779565880800,74 34 35 35 38 45 41 46 46 30 37 30 30 39 46 46 46 30 30 30 30 0D
1779565880809,74 34 35 31 38 30 30 30 30 30 30 30 30 30 30 30 30 30 30 30 30 0D
1779565880821,74 34 35 35 38 45 41 46 46 30 37 30 30 39 46 46 46 30 30 30 30 0D
1779565880826,74 34 35 30 38 30 30 30 30 30 37 30 30 30 30 30 30 45 34 30 35 0D
1779565880840,74 34 35 31 38 30 30 30 30 30 30 30 30 30 30 30 30 30 30 30 30 0D
1779565880856,74 34 35 31 38 30 30 30 30 30 30 30 30 30 30 30 30 30 30 30 30 0D
1779565880864,74 34 35 35 38 45 41 46 46 30 37 30 30 39 46 46 46 30 30 30 30 0D
1779565880867,74 34 35 31 38 30 30 30 30 30 30 30 30 30 30 30 30 30 30 30 30 0D
1779565880885,74 34 35 35 38 45 41 46 46 30 37 30 30 39 46 46 46 30 30 30 30 0D
1779565880891,74 34 35 31 38 30 30 30 30 30 30 30 30 30 30 30 30 30 30 30 30 0D
1779565880913,74 34 35 31 38 30 30 30 30 30 30 30 30 30 30 30 30 30 30 30 30 0D
1779565880919,74 34 35 35 38 45 41 46 46 30 37 30 30 39 46 46 46 30 30 30 30 0D
1779565880925,74 34 35 36 38 45 45 46 46 30 37 30 30 30 34 30 30 30 30 30 30 0D
1779565880930,74 34 35 30 38 30 30 30 30 30 37 30 30 30 30 30 30 45 34 30 35 0D
1779565880938,74 34 35 31 38 30 30 30 30 30 30 30 30 30 30 30 30 30 30 30 30 0D
1779565880946,74 34 35 31 38 30 30 30 30 30 30 30 30 30 30 30 30 30 30 30 30 0D
1779565880963,74 34 35 35 38 45 41 46 46 30 37 30 30 41 30 46 46 30 30 30 30 0D
1779565880969,74 34 35 31 38 30 30 30 30 30 30 30 30 30 30 30 30 30 30 30 30 0D
1779565880977,74 34 35 37 38 30 30 30 30 30 30 30 30 36 34 31 34 30 30 30 30 0D
1779565880987,74 34 35 31 38 30 30 30 30 30 30 30 30 30 30 30 30 30 30 30 30 0D
1779565881002,74 34 35 35 38 45 41 46 46 30 37 30 30 41 30 46 46 30 30 30 30 0D
1779565881007,74 34 35 31 38 30 30 30 30 30 30 30 30 30 30 30 30 30 30 30 30 0D
1779565881022,74 34 35 35 38 45 41 46 46 30 37 30 30 41 30 46 46 30 30 30 30 0D
1779565881027,74 34 35 30 38 30 30 30 30 30 37 30 30 30 30 30 30 45 34 30 35 0D
1779565881039,74 34 35 32 38 38 43 30 30 30 30 30 30 30 30 30 30 32 37 30 30 0D
1779565881048,74 34 35 31 38 30 30 30 30 30 30 30 30 30 30 30 30 30 30 30 30 0D
1779565881063,74 34 35 35 38 45 41 46 46 30 37 30 30 41 30 46 46 30 30 30 30 0D
1779565881071,74 34 35 31 38 30 30 30 30 30 30 30 30 30 30 30 30 30 30 30 30 0D
1779565881102,74 34 35 35 38 45 41 46 46 30 37 30 30 41 30 46 46 30 30 30 30 0D
1779565881110,74 34 35 31 38 30 30 30 30 30 30 30 30 30 30 30 30 30 30 30 30 0D
1779565881121,74 34 35 35 38 45 41 46 46 30 37 30 30 41 30 46 46 30 30 30 30 0D
1779565881126,74 34 35 30 38 30 30 30 30 30 37 30 30 30 30 30 30 45 34 30 35 0D
1779565881138,74 34 35 31 38 30 30 30 30 30 30 30 30 30 30 30 30 30 30 30 30 0D
1779565881146,74 34 35 31 38 30 30 30 30 30 30 30 30 30 30 30 30 30 30 30 30 0D
1779565881157,74 34 35 35 38 45 41 46 46 30 38 30 30 39 46 46 46 30 30 30 30 0D
1779565881171,74 34 35 31 38 30 30 30 30 30 30 30 30 30 30 30 30 30 30 30 30 0D
1779565881192,74 34 35 35 38 45 41 46 46 30 38 30 30 39 46 46 46 30 30 30 30 0D
1779565881194,74 34 35 31 38 30 30 30 30 30 30 30 30 30 30 30 30 30 30 30 30 0D
1779565881210,74 34 35 31 38 30 30 30 30 30 30 30 30 30 30 30 30 30 30 30 30 0D
1779565881218,74 34 35 35 38 45 41 46 46 30 38 30 30 39 46 46 46 30 30 30 30 0D
1779565881229,74 34 35 30 38 30 30 30 30 30 37 30 30 30 30 30 30 45 34 30 35 0D
1779565881240,74 34 35 31 38 30 30 30 30 30 30 30 30 30 30 30 30 30 30 30 30 0D
1779565881250,74 34 35 31 38 30 30 30 30 30 30 30 30 30 30 30 30 30 30 30 30 0D
1779565881258,74 34 35 35 38 45 41 46 46 30 38 30 30 39 46 46 46 30 30 30 30 0D
1779565881271,74 34 35 31 38 30 30 30 30 30 30 30 30 30 30 30 30 30 30 30 30 0D
1779565881301,74 34 35 35 38 45 41 46 46 30 38 30 30 39 46 46 46 30 30 30 30 0D
1779565881307,74 34 35 31 38 30 30 30 30 30 30 30 30 30 30 30 30 30 30 30 30 0D
1779565881319,74 34 35 35 38 45 41 46 46 30 38 30 30 39 46 46 46 30 30 30 30 0D
1779565881329,74 34 35 30 38 30 30 30 30 30 37 30 30 30 30 30 30 45 34 30 35 0D
1779565881343,74 34 35 31 38 30 30 30 30 30 30 30 30 30 30 30 30 30 30 30 30 0D
1779565881349,74 34 35 31 38 30 30 30 30 30 30 30 30 30 30 30 30 30 30 30 30 0D
1779565881359,74 34 35 35 38 45 39 46 46 30 37 30 30 39 46 46 46 30 30 30 30 0D
1779565881371,74 34 35 31 38 30 30 30 30 30 30 30 30 30 30 30 30 30 30 30 30 0D
1779565881401,74 34 35 35 38 45 39 46 46 30 37 30 30 39 46 46 46 30 30 30 30 0D
1779565881407,74 34 35 31 38 30 30 30 30 30 30 30 30 30 30 30 30 30 30 30 30 0D
1779565881422,74 34 35 35 38 45 39 46 46 30 37 30 30 39 46 46 46 30 30 30 30 0D
1779565881429,74 34 35 30 38 30 30 30 30 30 37 30 30 30 30 30 30 45 34 30 35 0D
1779565881439,74 34 35 31 38 30 30 30 30 30 30 30 30 30 30 30 30 30 30 30 30 0D
1779565881446,74 34 35 31 38 30 30 30 30 30 30 30 30 30 30 30 30 30 30 30 30 0D
1779565881460,74 34 35 35 38 45 39 46 46 30 37 30 30 39 46 46 46 30 30 30 30 0D
1779565881469,74 34 35 31 38 30 30 30 30 30 30 30 30 30 30 30 30 30 30 30 30 0D
1779565881488,74 34 35 35 38 45 39 46 46 30 37 30 30 39 46 46 46 30 30 30 30 0D
1779565881505,74 34 35 31 38 30 30 30 30 30 30 30 30 30 30 30 30 30 30 30 30 0D
1779565881509,74 34 35 31 38 30 30 30 30 30 30 30 30 30 30 30 30 30 30 30 30 0D
1779565881521,74 34 35 35 38 45 39 46 46 30 37 30 30 39 46 46 46 30 30 30 30 0D
1779565881526,74 34 35 30 38 30 30 30 30 30 37 30 30 30 30 30 30 45 34 30 35 0D
1779565881535,74 34 35 31 38 30 30 30 30 30 30 30 30 30 30 30 30 30 30 30 30 0D
1779565881546,74 34 35 31 38 30 30 30 30 30 30 30 30 30 30 30 30 30 30 30 30 0D
1779565881555,74 34 35 35 38 45 41 46 46 30 37 30 30 39 45 46 46 30 30 30 30 0D
1779565881568,74 34 35 31 38 30 30 30 30 30 30 30 30 30 30 30 30 30 30 30 30 0D
1779565881590,74 34 35 35 38 45 41 46 46 30 37 30 30 39 45 46 46 30 30 30 30 0D
1779565881594,74 34 35 31 38 30 30 30 30 30 30 30 30 30 30 30 30 30 30 30 30 0D
1779565881600,74 34 35 36 38 45 45 46 46 30 37 30 30 30 34 30 30 30 30 30 30 0D
1779565881606,74 34 35 31 38 30 30 30 30 30 30 30 30 30 30 30 30 30 30 30 30 0D
1779565881619,74 34 35 35 38 45 41 46 46 30 37 30 30 39 45 46 46 30 30 30 30 0D
1779565881628,74 34 35 30 38 30 30 30 30 30 37 30 30 30 30 30 30 45 34 30 35 0D
1779565881638,74 34 35 31 38 30 30 30 30 30 30 30 30 30 30 30 30 30 30 30 30 0D
1779565881650,74 34 35 31 38 30 30 30 30 30 30 30 30 30 30 30 30 30 30 30 30 0D
1779565881658,74 34 35 35 38 45 41 46 46 30 37 30 30 39 45 46 46 30 30 30 30 0D
1779565881670,74 34 35 31 38 30 30 30 30 30 30 30 30 30 30 30 30 30 30 30 30 0D
1779565881689,74 34 35 35 38 45 41 46 46 30 37 30 30 39 45 46 46 30 30 30 30 0D
1779565881694,74 34 35 35 38 45 41 46 46 30 37 30 30 39 45 46 46 30 30 30 30 0D
1779565881709,74 34 35 31 38 30 30 30 30 30 30 30 30 30 30 30 30 30 30 30 30 0D
1779565881724,74 34 35 35 38 45 41 46 46 30 37 30 30 39 45 46 46 30 30 30 30 0D
1779565881727,74 34 35 30 38 30 30 30 30 30 37 30 30 30 30 30 30 45 34 30 35 0D
1779565881739,74 34 35 33 38 39 45 30 30 30 30 30 30 30 30 30 30 30 30 30 30 0D
1779565881752,74 34 35 31 38 30 30 30 30 30 30 30 30 30 30 30 30 30 30 30 30 0D
1779565881759,74 34 35 35 38 45 41 46 46 30 37 30 30 39 46 46 46 30 30 30 30 0D
1779565881770,74 34 35 31 38 30 30 30 30 30 30 30 30 30 30 30 30 30 30 30 30 0D
1779565881791,74 34 35 35 38 45 41 46 46 30 37 30 30 39 46 46 46 30 30 30 30 0D
1779565881814,74 34 35 31 38 30 30 30 30 30 30 30 30 30 30 30 30 30 30 30 30 0D
1779565881820,74 34 35 35 38 45 41 46 46 30 37 30 30 39 46 46 46 30 30 30 30 0D
1779565881834,74 34 35 30 38 30 30 30 30 30 37 30 30 30 30 30 30 45 34 30 35 0D
1779565881842,74 34 35 31 38 30 30 30 30 30 30 30 30 30 30 30 30 30 30 30 30 0D
1779565881847,74 34 35 31 38 30 30 30 30 30 30 30 30 30 30 30 30 30 30 30 30 0D
1779565881858,74 34 35 35 38 45 41 46 46 30 37 30 30 39 46 46 46 30 30 30 30 0D
1779565881867,74 34 35 31 38 30 30 30 30 30 30 30 30 30 30 30 30 30 30 30 30 0D
1779565881884,74 34 35 35 38 45 41 46 46 30 37 30 30 39 46 46 46 30 30 30 30 0D
1779565881888,74 34 35 31 38 30 30 30 30 30 30 30 30 30 30 30 30 30 30 30 30 0D
1779565881898,74 34 35 35 38 45 41 46 46 30 37 30 30 39 46 46 46 30 30 30 30 0D
1779565881907,74 34 35 31 38 30 30 30 30 30 30 30 30 30 30 30 30 30 30 30 30 0D
1779565881915,74 34 35 35 38 45 41 46 46 30 37 30 30 39 46 46 46 30 30 30 30 0D
1779565881928,74 34 35 30 38 30 30 30 30 30 37 30 30 30 30 30 30 45 34 30 35 0D
1779565881941,74 34 35 31 38 30 30 30 30 30 30 30 30 30 30 30 30 30 30 30 30 0D
1779565881952,74 34 35 31 38 30 30 30 30 30 30 30 30 30 30 30 30 30 30 30 30 0D
1779565881959,74 34 35 35 38 45 39 46 46 30 37 30 30 39 46 46 46 30 30 30 30 0D
1779565881974,74 34 35 31 38 30 30 30 30 30 30 30 30 30 30 30 30 30 30 30 30 0D
1779565881992,74 34 35 35 38 45 39 46 46 30 37 30 30 39 46 46 46 30 30 30 30 0D
1779565882008,74 34 35 31 38 30 30 30 30 30 30 30 30 30 30 30 30 30 30 30 30 0D
1779565882025,74 34 35 35 38 45 39 46 46 30 37 30 30 39 46 46 46 30 30 30 30 0D
1779565882032,74 34 35 30 38 30 30 30 30 30 37 30 30 30 30 30 30 45 34 30 35 0D
1779565882041,74 34 35 31 38 30 30 30 30 30 30 30 30 30 30 30 30 30 30 30 30 0D
1779565882049,74 34 35 31 38 30 30 30 30 30 30 30 30 30 30 30 30 30 30 30 30 0D
1779565882061,74 34 35 35 38 45 39 46 46 30 37 30 30 39 46 46 46 30 30 30 30 0D
1779565882072,74 34 35 31 38 30 30 30 30 30 30 30 30 30 30 30 30 30 30 30 30 0D
1779565882093,74 34 35 35 38 45 39 46 46 30 37 30 30 39 46 46 46 30 30 30 30 0D
1779565882107,74 34 35 31 38 30 30 30 30 30 30 30 30 30 30 30 30 30 30 30 30 0D
1779565882114,74 34 35 35 38 45 39 46 46 30 37 30 30 39 46 46 46 30 30 30 30 0D
1779565882123,74 34 35 35 38 45 39 46 46 30 37 30 30 39 46 46 46 30 30 30 30 0D
1779565882126,74 34 35 30 38 30 30 30 30 30 37 30 30 30 30 30 30 45 34 30 35 0D
1779565882140,74 34 35 31 38 30 30 30 30 30 30 30 30 30 30 30 30 30 30 30 30 0D
1779565882153,74 34 35 31 38 30 30 30 30 30 30 30 30 30 30 30 30 30 30 30 30 0D
1779565882159,74 34 35 35 38 45 41 46 46 30 37 30 30 39 46 46 46 30 30 30 30 0D
1779565882168,74 34 35 31 38 30 30 30 30 30 30 30 30 30 30 30 30 30 30 30 30 0D
1779565882200,74 34 35 35 38 45 41 46 46 30 37 30 30 39 46 46 46 30 30 30 30 0D
1779565882208,74 34 35 31 38 30 30 30 30 30 30 30 30 30 30 30 30 30 30 30 30 0D
1779565882224,74 34 35 35 38 45 41 46 46 30 37 30 30 39 46 46 46 30 30 30 30 0D
1779565882229,74 34 35 30 38 30 30 30 30 30 37 30 30 30 30 30 30 45 34 30 35 0D
1779565882244,74 34 35 31 38 30 30 30 30 30 30 30 30 30 30 30 30 30 30 30 30 0D
1779565882250,74 34 35 31 38 30 30 30 30 30 30 30 30 30 30 30 30 30 30 30 30 0D
1779565882256,74 34 35 35 38 45 41 46 46 30 37 30 30 39 46 46 46 30 30 30 30 0D
1779565882261,74 34 35 36 38 45 45 46 46 30 37 30 30 30 34 30 30 30 30 30 30 0D
1779565882270,74 34 35 31 38 30 30 30 30 30 30 30 30 30 30 30 30 30 30 30 30 0D
1779565882303,74 34 35 35 38 45 41 46 46 30 37 30 30 39 46 46 46 30 30 30 30 0D
1779565882310,74 34 35 31 38 30 30 30 30 30 30 30 30 30 30 30 30 30 30 30 30 0D
1779565882317,74 34 35 35 38 45 41 46 46 30 37 30 30 39 46 46 46 30 30 30 30 0D
1779565882326,74 34 35 30 38 30 30 30 30 30 37 30 30 30 30 30 30 45 34 30 35 0D
1779565882339,74 34 35 31 38 30 30 30 30 30 30 30 30 30 30 30 30 30 30 30 30 0D
1779565882350,74 34 35 31 38 30 30 30 30 30 30 30 30 30 30 30 30 30 30 30 30 0D
1779565882368,74 34 35 35 38 45 41 46 46 30 37 30 30 39 46 46 46 30 30 30 30 0D
1779565882387,74 34 35 35 38 45 41 46 46 30 37 30 30 39 46 46 46 30 30 30 30 0D
1779565882392,74 34 35 31 38 30 30 30 30 30 30 30 30 30 30 30 30 30 30 30 30 0D
1779565882399,74 34 35 35 38 45 41 46 46 30 37 30 30 39 46 46 46 30 30 30 30 0D
1779565882409,74 34 35 31 38 30 30 30 30 30 30 30 30 30 30 30 30 30 30 30 30 0D
1779565882420,74 34 35 35 38 45 41 46 46 30 37 30 30 39 46 46 46 30 30 30 30 0D
1779565882426,74 34 35 30 38 30 30 30 30 30 37 30 30 30 30 30 30 45 34 30 35 0D
1779565882440,74 34 35 31 38 30 30 30 30 30 30 30 30 30 30 30 30 30 30 30 30 0D
1779565882449,74 34 35 31 38 30 30 30 30 30 30 30 30 30 30 30 30 30 30 30 30 0D
1779565882455,74 34 35 35 38 45 41 46 46 30 37 30 30 39 46 46 46 30 30 30 30 0D
1779565882470,74 34 35 31 38 30 30 30 30 30 30 30 30 30 30 30 30 30 30 30 30 0D
1779565882488,74 34 35 35 38 45 41 46 46 30 37 30 30 39 46 46 46 30 30 30 30 0D
1779565882494,74 34 35 31 38 30 30 30 30 30 30 30 30 30 30 30 30 30 30 30 30 0D
1779565882500,74 34 35 36 38 45 44 46 46 30 38 30 30 30 35 30 30 30 30 30 30 0D
1779565882507,74 34 35 31 38 30 30 30 30 30 30 30 30 30 30 30 30 30 30 30 30 0D
1779565882515,74 34 35 35 38 45 41 46 46 30 37 30 30 39 46 46 46 30 30 30 30 0D
1779565882525,74 34 35 30 38 30 30 30 30 30 37 30 30 30 30 30 30 45 34 30 35 0D
1779565882540,74 34 35 31 38 30 30 30 30 30 30 30 30 30 30 30 30 30 30 30 30 0D
1779565882550,74 34 35 31 38 30 30 30 30 30 30 30 30 30 30 30 30 30 30 30 30 0D
1779565882559,74 34 35 35 38 45 41 46 46 30 37 30 30 39 46 46 46 30 30 30 30 0D
1779565882573,74 34 35 31 38 30 30 30 30 30 30 30 30 30 30 30 30 30 30 30 30 0D
1779565882597,74 34 35 35 38 45 41 46 46 30 37 30 30 39 46 46 46 30 30 30 30 0D
1779565882607,74 34 35 31 38 30 30 30 30 30 30 30 30 30 30 30 30 30 30 30 30 0D
1779565882621,74 34 35 35 38 45 41 46 46 30 37 30 30 39 46 46 46 30 30 30 30 0D
1779565882630,74 34 35 30 38 30 30 30 30 30 37 30 30 30 30 30 30 45 34 30 35 0D
1779565882639,74 34 35 31 38 30 30 30 30 30 30 30 30 30 30 30 30 30 30 30 30 0D
1779565882650,74 34 35 31 38 30 30 30 30 30 30 30 30 30 30 30 30 30 30 30 30 0D
1779565882663,74 34 35 35 38 45 41 46 46 30 37 30 30 39 46 46 46 30 30 30 30 0D
1779565882669,74 34 35 31 38 30 30 30 30 30 30 30 30 30 30 30 30 30 30 30 30 0D
1779565882691,74 34 35 35 38 45 41 46 46 30 37 30 30 39 46 46 46 30 30 30 30 0D
1779565882695,74 34 35 31 38 30 30 30 30 30 30 30 30 30 30 30 30 30 30 30 30 0D
1779565882709,74 34 35 31 38 30 30 30 30 30 30 30 30 30 30 30 30 30 30 30 30 0D
1779565882717,74 34 35 35 38 45 41 46 46 30 37 30 30 39 46 46 46 30 30 30 30 0D
1779565882730,74 34 35 30 38 30 30 30 30 30 37 30 30 30 30 30 30 45 34 30 35 0D
1779565882746,74 34 35 31 38 30 30 30 30 30 30 30 30 30 30 30 30 30 30 30 30 0D
1779565882757,74 34 35 35 38 45 41 46 46 30 37 30 30 39 46 46 46 30 30 30 30 0D
1779565882774,74 34 35 31 38 30 30 30 30 30 30 30 30 30 30 30 30 30 30 30 30 0D
1779565882791,74 34 35 35 38 45 41 46 46 30 37 30 30 39 46 46 46 30 30 30 30 0D
1779565882801,74 34 35 35 38 45 41 46 46 30 37 30 30 39 46 46 46 30 30 30 30 0D
1779565882809,74 34 35 31 38 30 30 30 30 30 30 30 30 30 30 30 30 30 30 30 30 0D
1779565882824,74 34 35 35 38 45 41 46 46 30 37 30 30 39 46 46 46 30 30 30 30 0D
1779565882831,74 34 35 30 38 30 30 30 30 30 37 30 30 30 30 30 30 45 34 30 35 0D
1779565882839,74 34 35 31 38 30 30 30 30 30 30 30 30 30 30 30 30 30 30 30 30 0D
1779565882847,74 34 35 31 38 30 30 30 30 30 30 30 30 30 30 30 30 30 30 30 30 0D
1779565882862,74 34 35 35 38 45 41 46 46 30 37 30 30 39 46 46 46 30 30 30 30 0D
1779565882868,74 34 35 31 38 30 30 30 30 30 30 30 30 30 30 30 30 30 30 30 30 0D
1779565882881,74 34 35 36 38 45 44 46 46 30 37 30 30 30 35 30 30 30 30 30 30 0D
1779565882886,74 34 35 31 38 30 30 30 30 30 30 30 30 30 30 30 30 30 30 30 30 0D
1779565882896,74 34 35 35 38 45 41 46 46 30 37 30 30 39 46 46 46 30 30 30 30 0D
1779565882905,74 34 35 31 38 30 30 30 30 30 30 30 30 30 30 30 30 30 30 30 30 0D
1779565882918,74 34 35 35 38 45 41 46 46 30 37 30 30 39 46 46 46 30 30 30 30 0D
1779565882931,74 34 35 30 38 30 30 30 30 30 37 30 30 30 30 30 30 45 34 30 35 0D
1779565882939,74 34 35 31 38 30 30 30 30 30 30 30 30 30 30 30 30 30 30 30 30 0D
1779565882947,74 34 35 31 38 30 30 30 30 30 30 30 30 30 30 30 30 30 30 30 30 0D
1779565882956,74 34 35 35 38 45 41 46 46 30 37 30 30 39 46 46 46 30 30 30 30 0D
1779565882968,74 34 35 31 38 30 30 30 30 30 30 30 30 30 30 30 30 30 30 30 30 0D
1779565882982,74 34 35 35 38 45 41 46 46 30 37 30 30 39 46 46 46 30 30 30 30 0D
1779565882988,74 34 35 31 38 30 30 30 30 30 30 30 30 30 30 30 30 30 30 30 30 0D
1779565882999,74 34 35 35 38 45 41 46 46 30 37 30 30 39 46 46 46 30 30 30 30 0D
1779565883008,74 34 35 31 38 30 30 30 30 30 30 30 30 30 30 30 30 30 30 30 30 0D
1779565883017,74 34 35 35 38 45 41 46 46 30 37 30 30 39 46 46 46 30 30 30 30 0D
1779565883029,74 34 35 30 38 30 30 30 30 30 37 30 30 30 30 30 30 45 34 30 35 0D
1779565883035,74 34 35 31 38 30 30 30 30 30 30 30 30 30 30 30 30 30 30 30 30 0D
1779565883047,74 34 35 31 38 30 30 30 30 30 30 30 30 30 30 30 30 30 30 30 30 0D
1779565883064,74 34 35 35 38 45 41 46 46 30 37 30 30 39 46 46 46 30 30 30 30 0D
1779565883067,74 34 35 31 38 30 30 30 30 30 30 30 30 30 30 30 30 30 30 30 30 0D
1779565883080,74 34 35 35 38 45 41 46 46 30 37 30 30 39 46 46 46 30 30 30 30 0D 74 34 35 37 38 30 30 30 30 30 30 30 30 36 34 31 34 30 30 30 30 0D
1779565883089,74 34 35 31 38 30 30 30 30 30 30 30 30 30 30 30 30 30 30 30 30 0D
1779565883113,74 34 35 31 38 30 30 30 30 30 30 30 30 30 30 30 30 30 30 30 30 0D
1779565883116,74 34 35 35 38 45 41 46 46 30 37 30 30 39 46 46 46 30 30 30 30 0D
1779565883130,74 34 35 30 38 30 30 30 30 30 37 30 30 30 30 30 30 45 34 30 35 0D
1779565883140,74 34 35 31 38 30 30 30 30 30 30 30 30 30 30 30 30 30 30 30 30 0D
1779565883150,74 34 35 31 38 30 30 30 30 30 30 30 30 30 30 30 30 30 30 30 30 0D
1779565883157,74 34 35 35 38 45 39 46 46 30 37 30 30 39 46 46 46 30 30 30 30 0D
1779565883167,74 34 35 31 38 30 30 30 30 30 30 30 30 30 30 30 30 30 30 30 30 0D
1779565883175,74 34 35 35 38 45 39 46 46 30 37 30 30 39 46 46 46 30 30 30 30 0D
1779565883189,74 34 35 37 38 30 30 30 30 30 31 30 30 36 34 31 34 30 30 30 30 0D
1779565883194,74 34 35 31 38 30 30 30 30 30 30 30 30 30 30 30 30 30 30 30 30 0D
1779565883209,74 34 35 31 38 30 30 30 30 30 30 30 30 30 30 30 30 30 30 30 30 0D
1779565883219,74 34 35 35 38 45 39 46 46 30 37 30 30 39 46 46 46 30 30 30 30 0D
1779565883234,74 34 35 30 38 30 30 30 30 30 37 30 30 30 30 30 30 45 34 30 35 0D
1779565883239,74 34 35 31 38 30 30 30 30 30 30 30 30 30 30 30 30 30 30 30 30 0D
1779565883248,74 34 35 31 38 30 30 30 30 30 30 30 30 30 30 30 30 30 30 30 30 0D
1779565883263,74 34 35 35 38 45 39 46 46 30 37 30 30 39 46 46 46 30 30 30 30 0D
1779565883267,74 34 35 31 38 30 30 30 30 30 30 30 30 30 30 30 30 30 30 30 30 0D
1779565883300,74 34 35 35 38 45 39 46 46 30 37 30 30 39 46 46 46 30 30 30 30 0D
1779565883313,74 34 35 31 38 30 30 30 30 30 30 30 30 30 30 30 30 30 30 30 30 0D
1779565883327,74 34 35 35 38 45 39 46 46 30 37 30 30 39 46 46 46 30 30 30 30 0D
1779565883332,74 34 35 30 38 30 30 30 30 30 37 30 30 30 30 30 30 45 34 30 35 0D
1779565883339,74 34 35 31 38 30 30 30 30 30 30 30 30 30 30 30 30 30 30 30 30 0D
1779565883351,74 34 35 31 38 30 30 30 30 30 30 30 30 30 30 30 30 30 30 30 30 0D
1779565883361,74 34 35 35 38 45 41 46 46 30 37 30 30 39 45 46 46 30 30 30 30 0D
1779565883367,74 34 35 31 38 30 30 30 30 30 30 30 30 30 30 30 30 30 30 30 30 0D
1779565883387,74 34 35 35 38 45 41 46 46 30 37 30 30 39 45 46 46 30 30 30 30 0D
1779565883391,74 34 35 31 38 30 30 30 30 30 30 30 30 30 30 30 30 30 30 30 30 0D
1779565883399,74 34 35 35 38 45 41 46 46 30 37 30 30 39 45 46 46 30 30 30 30 0D
1779565883411,74 34 35 31 38 30 30 30 30 30 30 30 30 30 30 30 30 30 30 30 30 0D
1779565883416,74 34 35 35 38 45 41 46 46 30 37 30 30 39 45 46 46 30 30 30 30 0D
1779565883426,74 34 35 30 38 30 30 30 30 30 37 30 30 30 30 30 30 45 34 30 35 0D
1779565883445,74 34 35 31 38 30 30 30 30 30 30 30 30 30 30 30 30 30 30 30 30 0D
1779565883450,74 34 35 31 38 30 30 30 30 30 30 30 30 30 30 30 30 30 30 30 30 0D
1779565883453,74 34 35 35 38 45 41 46 46 30 37 30 30 39 45 46 46 30 30 30 30 0D
1779565883467,74 34 35 31 38 30 30 30 30 30 30 30 30 30 30 30 30 30 30 30 30 0D
1779565883497,74 34 35 35 38 45 41 46 46 30 37 30 30 39 45 46 46 30 30 30 30 0D
1779565883511,74 34 35 31 38 30 30 30 30 30 30 30 30 30 30 30 30 30 30 30 30 0D
1779565883518,74 34 35 35 38 45 41 46 46 30 37 30 30 39 45 46 46 30 30 30 30 0D
1779565883531,74 34 35 30 38 30 30 30 30 30 37 30 30 30 30 30 30 45 34 30 35 0D
1779565883535,74 34 35 31 38 30 30 30 30 30 30 30 30 30 30 30 30 30 30 30 30 0D
1779565883547,74 34 35 31 38 30 30 30 30 30 30 30 30 30 30 30 30 30 30 30 30 0D
1779565883560,74 34 35 35 38 45 42 46 46 30 37 30 30 39 46 46 46 30 30 30 30 0D
1779565883564,74 34 35 31 38 30 30 30 30 30 30 30 30 30 30 30 30 30 30 30 30 0D
1779565883597,74 34 35 35 38 45 42 46 46 30 37 30 30 39 46 46 46 30 30 30 30 0D
1779565883610,74 34 35 31 38 30 30 30 30 30 30 30 30 30 30 30 30 30 30 30 30 0D
1779565883615,74 34 35 35 38 45 42 46 46 30 37 30 30 39 46 46 46 30 30 30 30 0D
1779565883627,74 34 35 30 38 30 30 30 30 30 37 30 30 30 30 30 30 45 34 30 35 0D
1779565883647,74 34 35 31 38 30 30 30 30 30 30 30 30 30 30 30 30 30 30 30 30 0D
1779565883654,74 34 35 31 38 30 30 30 30 30 30 30 30 30 30 30 30 30 30 30 30 0D
1779565883661,74 34 35 35 38 45 42 46 46 30 37 30 30 39 46 46 46 30 30 30 30 0D
1779565883672,74 34 35 31 38 30 30 30 30 30 30 30 30 30 30 30 30 30 30 30 30 0D
1779565883680,74 34 35 35 38 45 42 46 46 30 37 30 30 39 46 46 46 30 30 30 30 0D
1779565883685,74 34 35 37 38 30 30 30 30 30 30 30 30 36 34 31 34 30 30 30 30 0D
1779565883700,74 34 35 39 38 36 46 41 34 42 45 31 36 42 44 31 41 30 33 42 37 0D
1779565883705,74 34 35 31 38 30 30 30 30 30 30 30 30 30 30 30 30 30 30 30 30 0D
1779565883719,74 34 35 35 38 45 42 46 46 30 37 30 30 39 46 46 46 30 30 30 30 0D
1779565883728,74 34 35 30 38 30 30 30 30 30 37 30 30 30 30 30 30 45 34 30 35 0D
1779565883741,74 34 35 31 38 30 30 30 30 30 30 30 30 30 30 30 30 30 30 30 30 0D
1779565883746,74 34 35 31 38 30 30 30 30 30 30 30 30 30 30 30 30 30 30 30 30 0D
1779565883761,74 34 35 35 38 45 41 46 46 30 37 30 30 39 46 46 46 30 30 30 30 0D
1779565883767,74 34 35 31 38 30 30 30 30 30 30 30 30 30 30 30 30 30 30 30 30 0D
1779565883779,74 34 35 35 38 45 41 46 46 30 37 30 30 39 46 46 46 30 30 30 30 0D
1779565883787,74 34 35 37 38 30 30 30 30 30 30 30 30 36 34 31 34 30 30 30 30 0D
1779565883801,74 34 35 39 38 36 46 41 34 42 45 31 36 42 45 31 41 30 33 42 37 0D
1779565883808,74 34 35 31 38 30 30 30 30 30 30 30 30 30 30 30 30 30 30 30 30 0D
1779565883819,74 34 35 35 38 45 41 46 46 30 37 30 30 39 46 46 46 30 30 30 30 0D
1779565883827,74 34 35 30 38 30 30 30 30 30 37 30 30 30 30 30 30 45 34 30 35 0D
1779565883838,74 34 35 31 38 30 30 30 30 30 30 30 30 30 30 30 30 30 30 30 30 0D
1779565883849,74 34 35 31 38 30 30 30 30 30 30 30 30 30 30 30 30 30 30 30 30 0D
1779565883860,74 34 35 35 38 45 41 46 46 30 37 30 30 39 46 46 46 30 30 30 30 0D
1779565883866,74 34 35 31 38 30 30 30 30 30 30 30 30 30 30 30 30 30 30 30 30 0D
1779565883883,74 34 35 35 38 45 41 46 46 30 37 30 30 39 46 46 46 30 30 30 30 0D
1779565883890,74 34 35 31 38 30 30 30 30 30 30 30 30 30 30 30 30 30 30 30 30 0D
1779565883896,74 34 35 35 38 45 41 46 46 30 37 30 30 39 46 46 46 30 30 30 30 0D
1779565883908,74 34 35 31 38 30 30 30 30 30 30 30 30 30 30 30 30 30 30 30 30 0D
1779565883919,74 34 35 35 38 45 41 46 46 30 37 30 30 39 46 46 46 30 30 30 30 0D
1779565883929,74 34 35 30 38 30 30 30 30 30 37 30 30 30 30 30 30 45 34 30 35 0D
1779565883943,74 34 35 31 38 30 30 30 30 30 30 30 30 30 30 30 30 30 30 30 30 0D
1779565883946,74 34 35 31 38 30 30 30 30 30 30 30 30 30 30 30 30 30 30 30 30 0D
1779565883960,74 34 35 35 38 45 41 46 46 30 37 30 30 39 46 46 46 30 30 30 30 0D
1779565883967,74 34 35 31 38 30 30 30 30 30 30 30 30 30 30 30 30 30 30 30 30 0D
1779565883985,74 34 35 35 38 45 41 46 46 30 37 30 30 39 46 46 46 30 30 30 30 0D
1779565883991,74 34 35 31 38 30 30 30 30 30 30 30 30 30 30 30 30 30 30 30 30 0D
1779565883998,74 34 35 35 38 45 41 46 46 30 37 30 30 39 46 46 46 30 30 30 30 0D
1779565884011,74 34 35 31 38 30 30 30 30 30 30 30 30 30 30 30 30 30 30 30 30 0D
1779565884017,74 34 35 35 38 45 41 46 46 30 37 30 30 39 46 46 46 30 30 30 30 0D
1779565884029,74 34 35 30 38 30 30 30 30 30 37 30 30 30 30 30 30 45 34 30 35 0D
1779565884039,74 34 35 31 38 30 30 30 30 30 30 30 30 30 30 30 30 30 30 30 30 0D
1779565884047,74 34 35 31 38 30 30 30 30 30 30 30 30 30 30 30 30 30 30 30 30 0D
1779565884063,74 34 35 35 38 45 41 46 46 30 37 30 30 39 46 46 46 30 30 30 30 0D
1779565884069,74 34 35 31 38 30 30 30 30 30 30 30 30 30 30 30 30 30 30 30 30 0D
1779565884077,74 34 35 35 38 45 41 46 46 30 37 30 30 39 46 46 46 30 30 30 30 0D
1779565884090,74 34 35 37 38 30 30 30 30 30 30 30 30 36 34 31 34 30 30 30 30 0D
1779565884094,74 34 35 31 38 30 30 30 30 30 30 30 30 30 30 30 30 30 30 30 30 0D
1779565884108,74 34 35 31 38 30 30 30 30 30 30 30 30 30 30 30 30 30 30 30 30 0D
1779565884121,74 34 35 35 38 45 41 46 46 30 37 30 30 39 46 46 46 30 30 30 30 0D
1779565884131,74 34 35 30 38 30 30 30 30 30 37 30 30 30 30 30 30 45 34 30 35 0D
1779565884142,74 34 35 31 38 30 30 30 30 30 30 30 30 30 30 30 30 30 30 30 30 0D
1779565884146,74 34 35 31 38 30 30 30 30 30 30 30 30 30 30 30 30 30 30 30 30 0D
1779565884163,74 34 35 35 38 45 41 46 46 30 37 30 30 39 46 46 46 30 30 30 30 0D
1779565884169,74 34 35 31 38 30 30 30 30 30 30 30 30 30 30 30 30 30 30 30 30 0D
1779565884198,74 34 35 35 38 45 41 46 46 30 37 30 30 39 46 46 46 30 30 30 30 0D
1779565884210,74 34 35 31 38 30 30 30 30 30 30 30 30 30 30 30 30 30 30 30 30 0D
1779565884222,74 34 35 35 38 45 41 46 46 30 37 30 30 39 46 46 46 30 30 30 30 0D
1779565884230,74 34 35 30 38 30 30 30 30 30 37 30 30 30 30 30 30 45 34 30 35 0D
1779565884242,74 34 35 31 38 30 30 30 30 30 30 30 30 30 30 30 30 30 30 30 30 0D
1779565884248,74 34 35 31 38 30 30 30 30 30 30 30 30 30 30 30 30 30 30 30 30 0D
1779565884262,74 34 35 35 38 45 41 46 46 30 37 30 30 39 46 46 46 30 30 30 30 0D
1779565884267,74 34 35 31 38 30 30 30 30 30 30 30 30 30 30 30 30 30 30 30 30 0D
1779565884289,74 34 35 35 38 45 41 46 46 30 37 30 30 39 46 46 46 30 30 30 30 0D
1779565884297,74 34 35 31 38 30 30 30 30 30 30 30 30 30 30 30 30 30 30 30 30 0D
1779565884311,74 34 35 31 38 30 30 30 30 30 30 30 30 30 30 30 30 30 30 30 30 0D
1779565884319,74 34 35 35 38 45 41 46 46 30 37 30 30 39 46 46 46 30 30 30 30 0D
1779565884329,74 34 35 30 38 30 30 30 30 30 37 30 30 30 30 30 30 45 34 30 35 0D
1779565884342,74 34 35 31 38 30 30 30 30 30 30 30 30 30 30 30 30 30 30 30 30 0D
1779565884347,74 34 35 31 38 30 30 30 30 30 30 30 30 30 30 30 30 30 30 30 30 0D
1779565884363,74 34 35 35 38 45 41 46 46 30 37 30 30 39 46 46 46 30 30 30 30 0D
1779565884370,74 34 35 31 38 30 30 30 30 30 30 30 30 30 30 30 30 30 30 30 30 0D
1779565884390,74 34 35 35 38 45 41 46 46 30 37 30 30 39 46 46 46 30 30 30 30 0D
1779565884395,74 34 35 31 38 30 30 30 30 30 30 30 30 30 30 30 30 30 30 30 30 0D
1779565884411,74 34 35 31 38 30 30 30 30 30 30 30 30 30 30 30 30 30 30 30 30 0D
1779565884417,74 34 35 35 38 45 41 46 46 30 37 30 30 39 46 46 46 30 30 30 30 0D
1779565884430,74 34 35 30 38 30 30 30 30 30 37 30 30 30 30 30 30 45 34 30 35 0D
1779565884441,74 34 35 31 38 30 30 30 30 30 30 30 30 30 30 30 30 30 30 30 30 0D
1779565884447,74 34 35 31 38 30 30 30 30 30 30 30 30 30 30 30 30 30 30 30 30 0D
1779565884459,74 34 35 35 38 45 41 46 46 30 37 30 30 39 46 46 46 30 30 30 30 0D
1779565884466,74 34 35 31 38 30 30 30 30 30 30 30 30 30 30 30 30 30 30 30 30 0D
1779565884489,74 34 35 35 38 45 41 46 46 30 37 30 30 39 46 46 46 30 30 30 30 0D
1779565884497,74 34 35 31 38 30 30 30 30 30 30 30 30 30 30 30 30 30 30 30 30 0D
1779565884500,74 34 35 35 38 45 41 46 46 30 37 30 30 39 46 46 46 30 30 30 30 0D
1779565884510,74 34 35 31 38 30 30 30 30 30 30 30 30 30 30 30 30 30 30 30 30 0D
1779565884520,74 34 35 35 38 45 41 46 46 30 37 30 30 39 46 46 46 30 30 30 30 0D
1779565884525,74 34 35 30 38 30 30 30 30 30 37 30 30 30 30 30 30 45 34 30 35 0D
1779565884539,74 34 35 31 38 30 30 30 30 30 30 30 30 30 30 30 30 30 30 30 30 0D
1779565884546,74 34 35 31 38 30 30 30 30 30 30 30 30 30 30 30 30 30 30 30 30 0D
1779565884561,74 34 35 35 38 45 41 46 46 30 37 30 30 39 46 46 46 30 30 30 30 0D
1779565884575,74 34 35 31 38 30 30 30 30 30 30 30 30 30 30 30 30 30 30 30 30 0D
1779565884590,74 34 35 37 38 30 30 30 30 30 30 30 30 36 34 31 34 30 30 30 30 0D
1779565884594,74 34 35 31 38 30 30 30 30 30 30 30 30 30 30 30 30 30 30 30 30 0D
1779565884609,74 34 35 31 38 30 30 30 30 30 30 30 30 30 30 30 30 30 30 30 30 0D
1779565884618,74 34 35 35 38 45 41 46 46 30 37 30 30 39 46 46 46 30 30 30 30 0D
1779565884627,74 34 35 30 38 30 30 30 30 30 37 30 30 30 30 30 30 45 34 30 35 0D
1779565884641,74 34 35 31 38 30 30 30 30 30 30 30 30 30 30 30 30 30 30 30 30 0D
1779565884647,74 34 35 31 38 30 30 30 30 30 30 30 30 30 30 30 30 30 30 30 30 0D
1779565884659,74 34 35 35 38 45 41 46 46 30 37 30 30 39 46 46 46 30 30 30 30 0D
1779565884668,74 34 35 31 38 30 30 30 30 30 30 30 30 30 30 30 30 30 30 30 30 0D
1779565884685,74 34 35 35 38 45 41 46 46 30 37 30 30 39 46 46 46 30 30 30 30 0D
1779565884689,74 34 35 31 38 30 30 30 30 30 30 30 30 30 30 30 30 30 30 30 30 0D
1779565884700,74 34 35 35 38 45 41 46 46 30 37 30 30 39 46 46 46 30 30 30 30 0D
1779565884713,74 34 35 31 38 30 30 30 30 30 30 30 30 30 30 30 30 30 30 30 30 0D
1779565884722,74 34 35 35 38 45 41 46 46 30 37 30 30 39 46 46 46 30 30 30 30 0D
1779565884729,74 34 35 30 38 30 30 30 30 30 37 30 30 30 30 30 30 45 34 30 35 0D
1779565884741,74 34 35 31 38 30 30 30 30 30 30 30 30 30 30 30 30 30 30 30 30 0D
1779565884747,74 34 35 31 38 30 30 30 30 30 30 30 30 30 30 30 30 30 30 30 30 0D
1779565884758,74 34 35 35 38 45 41 46 46 30 37 30 30 39 46 46 46 30 30 30 30 0D
1779565884767,74 34 35 31 38 30 30 30 30 30 30 30 30 30 30 30 30 30 30 30 30 0D
1779565884789,74 34 35 35 38 45 41 46 46 30 37 30 30 39 46 46 46 30 30 30 30 0D
1779565884795,74 34 35 31 38 30 30 30 30 30 30 30 30 30 30 30 30 30 30 30 30 0D
1779565884799,74 34 35 35 38 45 41 46 46 30 37 30 30 39 46 46 46 30 30 30 30 0D
1779565884809,74 34 35 31 38 30 30 30 30 30 30 30 30 30 30 30 30 30 30 30 30 0D
1779565884833,74 34 35 35 38 45 41 46 46 30 37 30 30 39 46 46 46 30 30 30 30 0D
1779565884840,74 34 35 31 38 30 30 30 30 30 30 30 30 30 30 30 30 30 30 30 30 0D
1779565884848,74 34 35 31 38 30 30 30 30 30 30 30 30 30 30 30 30 30 30 30 30 0D
1779565884862,74 34 35 35 38 45 41 46 46 30 37 30 30 39 46 46 46 30 30 30 30 0D
1779565884871,74 34 35 31 38 30 30 30 30 30 30 30 30 30 30 30 30 30 30 30 30 0D
1779565884888,74 34 35 35 38 45 41 46 46 30 37 30 30 39 46 46 46 30 30 30 30 0D
1779565884897,74 34 35 31 38 30 30 30 30 30 30 30 30 30 30 30 30 30 30 30 30 0D
1779565884906,74 34 35 31 38 30 30 30 30 30 30 30 30 30 30 30 30 30 30 30 30 0D
1779565884916,74 34 35 35 38 45 41 46 46 30 37 30 30 39 46 46 46 30 30 30 30 0D
1779565884928,74 34 35 30 38 30 30 30 30 30 37 30 30 30 30 30 30 45 34 30 35 0D
1779565884937,74 34 35 31 38 30 30 30 30 30 30 30 30 30 30 30 30 30 30 30 30 0D
1779565884947,74 34 35 31 38 30 30 30 30 30 30 30 30 30 30 30 30 30 30 30 30 0D
1779565884962,74 34 35 35 38 45 41 46 46 30 37 30 30 39 46 46 46 30 30 30 30 0D
1779565884969,74 34 35 31 38 30 30 30 30 30 30 30 30 30 30 30 30 30 30 30 30 0D
1779565884988,74 34 35 35 38 45 41 46 46 30 37 30 30 39 46 46 46 30 30 30 30 0D
1779565884993,74 34 35 31 38 30 30 30 30 30 30 30 30 30 30 30 30 30 30 30 30 0D
1779565885006,74 34 35 31 38 30 30 30 30 30 30 30 30 30 30 30 30 30 30 30 30 0D
1779565885016,74 34 35 35 38 45 41 46 46 30 37 30 30 39 46 46 46 30 30 30 30 0D
1779565885032,74 34 35 30 38 30 30 30 30 30 37 30 30 30 30 30 30 45 34 30 35 0D
1779565885042,74 34 35 31 38 30 30 30 30 30 30 30 30 30 30 30 30 30 30 30 30 0D
1779565885045,74 34 35 31 38 30 30 30 30 30 30 30 30 30 30 30 30 30 30 30 30 0D
1779565885058,74 34 35 35 38 45 41 46 46 30 37 30 30 39 46 46 46 30 30 30 30 0D
1779565885074,74 34 35 31 38 30 30 30 30 30 30 30 30 30 30 30 30 30 30 30 30 0D
1779565885090,74 34 35 35 38 45 41 46 46 30 37 30 30 39 46 46 46 30 30 30 30 0D
1779565885107,74 34 35 31 38 30 30 30 30 30 30 30 30 30 30 30 30 30 30 30 30 0D
1779565885120,74 34 35 35 38 45 41 46 46 30 37 30 30 39 46 46 46 30 30 30 30 0D
1779565885128,74 34 35 30 38 30 30 30 30 30 37 30 30 30 30 30 30 45 34 30 35 0D
1779565885141,74 34 35 31 38 30 30 30 30 30 30 30 30 30 30 30 30 30 30 30 30 0D
1779565885152,74 34 35 31 38 30 30 30 30 30 30 30 30 30 30 30 30 30 30 30 30 0D
1779565885156,74 34 35 35 38 45 42 46 46 30 37 30 30 39 46 46 46 30 30 30 30 0D
1779565885172,74 34 35 31 38 30 30 30 30 30 30 30 30 30 30 30 30 30 30 30 30 0D
1779565885188,74 34 35 35 38 45 42 46 46 30 37 30 30 39 46 46 46 30 30 30 30 0D
1779565885200,74 34 35 35 38 45 42 46 46 30 37 30 30 39 46 46 46 30 30 30 30 0D
1779565885208,74 34 35 31 38 30 30 30 30 30 30 30 30 30 30 30 30 30 30 30 30 0D
1779565885221,74 34 35 35 38 45 42 46 46 30 37 30 30 39 46 46 46 30 30 30 30 0D
1779565885226,74 34 35 30 38 30 30 30 30 30 37 30 30 30 30 30 30 45 34 30 35 0D
1779565885238,74 34 35 31 38 30 30 30 30 30 30 30 30 30 30 30 30 30 30 30 30 0D
1779565885248,74 34 35 31 38 30 30 30 30 30 30 30 30 30 30 30 30 30 30 30 30 0D
1779565885264,74 34 35 35 38 45 42 46 46 30 37 30 30 39 46 46 46 30 30 30 30 0D
1779565885274,74 34 35 31 38 30 30 30 30 30 30 30 30 30 30 30 30 30 30 30 30 0D
1779565885281,74 34 35 35 38 45 42 46 46 30 37 30 30 39 46 46 46 30 30 30 30 0D
1779565885288,74 34 35 31 38 30 30 30 30 30 30 30 30 30 30 30 30 30 30 30 30 0D
1779565885297,74 34 35 35 38 45 42 46 46 30 37 30 30 39 46 46 46 30 30 30 30 0D
1779565885308,74 34 35 31 38 30 30 30 30 30 30 30 30 30 30 30 30 30 30 30 30 0D
1779565885323,74 34 35 35 38 45 42 46 46 30 37 30 30 39 46 46 46 30 30 30 30 0D
1779565885328,74 34 35 30 38 30 30 30 30 30 37 30 30 30 30 30 30 45 34 30 35 0D
1779565885339,74 34 35 31 38 30 30 30 30 30 30 30 30 30 30 30 30 30 30 30 30 0D
1779565885347,74 34 35 31 38 30 30 30 30 30 30 30 30 30 30 30 30 30 30 30 30 0D
1779565885360,74 34 35 35 38 45 41 46 46 30 37 30 30 39 45 46 46 30 30 30 30 0D
1779565885370,74 34 35 31 38 30 30 30 30 30 30 30 30 30 30 30 30 30 30 30 30 0D
1779565885390,74 34 35 35 38 45 41 46 46 30 37 30 30 39 45 46 46 30 30 30 30 0D
1779565885397,74 34 35 31 38 30 30 30 30 30 30 30 30 30 30 30 30 30 30 30 30 0D
1779565885409,74 34 35 31 38 30 30 30 30 30 30 30 30 30 30 30 30 30 30 30 30 0D
1779565885419,74 34 35 35 38 45 41 46 46 30 37 30 30 39 45 46 46 30 30 30 30 0D
1779565885428,74 34 35 30 38 30 30 30 30 30 37 30 30 30 30 30 30 45 34 30 35 0D
1779565885441,74 34 35 31 38 30 30 30 30 30 30 30 30 30 30 30 30 30 30 30 30 0D
1779565885445,74 34 35 31 38 30 30 30 30 30 30 30 30 30 30 30 30 30 30 30 30 0D
1779565885457,74 34 35 35 38 45 41 46 46 30 37 30 30 39 45 46 46 30 30 30 30 0D
1779565885470,74 34 35 31 38 30 30 30 30 30 30 30 30 30 30 30 30 30 30 30 30 0D
1779565885489,74 34 35 35 38 45 41 46 46 30 37 30 30 39 45 46 46 30 30 30 30 0D
1779565885495,74 34 35 31 38 30 30 30 30 30 30 30 30 30 30 30 30 30 30 30 30 0D
1779565885509,74 34 35 31 38 30 30 30 30 30 30 30 30 30 30 30 30 30 30 30 30 0D
1779565885525,74 34 35 35 38 45 41 46 46 30 37 30 30 39 45 46 46 30 30 30 30 0D
1779565885533,74 34 35 30 38 30 30 30 30 30 37 30 30 30 30 30 30 45 34 30 35 0D
1779565885546,74 34 35 31 38 30 30 30 30 30 30 30 30 30 30 30 30 30 30 30 30 0D
1779565885560,74 34 35 35 38 45 41 46 46 30 37 30 30 39 46 46 46 30 30 30 30 0D
1779565885570,74 34 35 31 38 30 30 30 30 30 30 30 30 30 30 30 30 30 30 30 30 0D
1779565885576,74 34 35 35 38 45 41 46 46 30 37 30 30 39 46 46 46 30 30 30 30 0D
1779565885583,74 34 35 37 38 30 30 30 30 30 30 30 30 36 34 31 34 30 30 30 30 0D
1779565885586,74 34 35 31 38 30 30 30 30 30 30 30 30 30 30 30 30 30 30 30 30 0D
1779565885603,74 34 35 35 38 45 41 46 46 30 37 30 30 39 46 46 46 30 30 30 30 0D
1779565885608,74 34 35 31 38 30 30 30 30 30 30 30 30 30 30 30 30 30 30 30 30 0D
1779565885622,74 34 35 35 38 45 41 46 46 30 37 30 30 39 46 46 46 30 30 30 30 0D
1779565885627,74 34 35 30 38 30 30 30 30 30 37 30 30 30 30 30 30 45 34 30 35 0D
1779565885639,74 34 35 31 38 30 30 30 30 30 30 30 30 30 30 30 30 30 30 30 30 0D
1779565885648,74 34 35 31 38 30 30 30 30 30 30 30 30 30 30 30 30 30 30 30 30 0D
1779565885666,74 34 35 35 38 45 41 46 46 30 37 30 30 39 46 46 46 30 30 30 30 0D
1779565885673,74 34 35 31 38 30 30 30 30 30 30 30 30 30 30 30 30 30 30 30 30 0D
1779565885702,74 34 35 35 38 45 41 46 46 30 37 30 30 39 46 46 46 30 30 30 30 0D
1779565885710,74 34 35 31 38 30 30 30 30 30 30 30 30 30 30 30 30 30 30 30 30 0D
1779565885722,74 34 35 35 38 45 41 46 46 30 37 30 30 39 46 46 46 30 30 30 30 0D
1779565885728,74 34 35 30 38 30 30 30 30 30 37 30 30 30 30 30 30 45 34 30 35 0D
1779565885739,74 34 35 31 38 30 30 30 30 30 30 30 30 30 30 30 30 30 30 30 30 0D
1779565885745,74 34 35 31 38 30 30 30 30 30 30 30 30 30 30 30 30 30 30 30 30 0D
1779565885760,74 34 35 35 38 45 41 46 46 30 38 30 30 39 46 46 46 30 30 30 30 0D
1779565885769,74 34 35 31 38 30 30 30 30 30 30 30 30 30 30 30 30 30 30 30 30 0D
1779565885789,74 34 35 35 38 45 41 46 46 30 38 30 30 39 46 46 46 30 30 30 30 0D
1779565885792,74 34 35 31 38 30 30 30 30 30 30 30 30 30 30 30 30 30 30 30 30 0D
1779565885797,74 34 35 35 38 45 41 46 46 30 38 30 30 39 46 46 46 30 30 30 30 0D
1779565885808,74 34 35 31 38 30 30 30 30 30 30 30 30 30 30 30 30 30 30 30 30 0D
1779565885817,74 34 35 35 38 45 41 46 46 30 38 30 30 39 46 46 46 30 30 30 30 0D
1779565885827,74 34 35 30 38 30 30 30 30 30 37 30 30 30 30 30 30 45 34 30 35 0D
1779565885841,74 34 35 31 38 30 30 30 30 30 30 30 30 30 30 30 30 30 30 30 30 0D
1779565885846,74 34 35 31 38 30 30 30 30 30 30 30 30 30 30 30 30 30 30 30 30 0D
1779565885864,74 34 35 35 38 45 41 46 46 30 38 30 30 39 46 46 46 30 30 30 30 0D
1779565885870,74 34 35 31 38 30 30 30 30 30 30 30 30 30 30 30 30 30 30 30 30 0D
1779565885887,74 34 35 35 38 45 41 46 46 30 38 30 30 39 46 46 46 30 30 30 30 0D
1779565885892,74 34 35 31 38 30 30 30 30 30 30 30 30 30 30 30 30 30 30 30 30 0D
1779565885908,74 34 35 31 38 30 30 30 30 30 30 30 30 30 30 30 30 30 30 30 30 0D
1779565885921,74 34 35 35 38 45 41 46 46 30 38 30 30 39 46 46 46 30 30 30 30 0D
1779565885925,74 34 35 30 38 30 30 30 30 30 37 30 30 30 30 30 30 45 34 30 35 0D
1779565885938,74 34 35 31 38 30 30 30 30 30 30 30 30 30 30 30 30 30 30 30 30 0D
1779565885945,74 34 35 31 38 30 30 30 30 30 30 30 30 30 30 30 30 30 30 30 30 0D
1779565885960,74 34 35 35 38 45 41 46 46 30 38 30 30 39 46 46 46 30 30 30 30 0D
1779565885970,74 34 35 31 38 30 30 30 30 30 30 30 30 30 30 30 30 30 30 30 30 0D
1779565885986,74 34 35 35 38 45 41 46 46 30 38 30 30 39 46 46 46 30 30 30 30 0D
1779565885992,74 34 35 31 38 30 30 30 30 30 30 30 30 30 30 30 30 30 30 30 30 0D
1779565886008,74 34 35 31 38 30 30 30 30 30 30 30 30 30 30 30 30 30 30 30 30 0D
1779565886018,74 34 35 35 38 45 41 46 46 30 38 30 30 39 46 46 46 30 30 30 30 0D
1779565886027,74 34 35 30 38 30 30 30 30 30 37 30 30 30 30 30 30 45 34 30 35 0D
1779565886042,74 34 35 31 38 30 30 30 30 30 30 30 30 30 30 30 30 30 30 30 30 0D
1779565886052,74 34 35 31 38 30 30 30 30 30 30 30 30 30 30 30 30 30 30 30 30 0D
1779565886059,74 34 35 35 38 45 41 46 46 30 38 30 30 39 46 46 46 30 30 30 30 0D
1779565886068,74 34 35 31 38 30 30 30 30 30 30 30 30 30 30 30 30 30 30 30 30 0D
1779565886085,74 34 35 35 38 45 41 46 46 30 38 30 30 39 46 46 46 30 30 30 30 0D
1779565886089,74 34 35 31 38 30 30 30 30 30 30 30 30 30 30 30 30 30 30 30 30 0D
1779565886098,74 34 35 35 38 45 41 46 46 30 38 30 30 39 46 46 46 30 30 30 30 0D
1779565886108,74 34 35 31 38 30 30 30 30 30 30 30 30 30 30 30 30 30 30 30 30 0D
1779565886116,74 34 35 35 38 45 41 46 46 30 38 30 30 39 46 46 46 30 30 30 30 0D
1779565886134,74 34 35 30 38 30 30 30 30 30 37 30 30 30 30 30 30 45 34 30 35 0D
1779565886144,74 34 35 34 38 30 31 30 30 30 30 30 30 30 30 30 30 30 30 30 30 0D 74 34 35 35 38 45 41 46 46 30 37 30 30 39 46 46 46 30 30 30 30 0D
1779565886150,74 34 35 31 38 30 30 30 30 30 30 30 30 30 30 30 30 30 30 30 30 0D
1779565886156,74 34 35 35 38 45 41 46 46 30 37 30 30 39 46 46 46 30 30 30 30 0D
1779565886169,74 34 35 31 38 30 30 30 30 30 30 30 30 30 30 30 30 30 30 30 30 0D
1779565886174,74 34 35 35 38 45 41 46 46 30 37 30 30 39 46 46 46 30 30 30 30 0D
1779565886182,74 34 35 37 38 30 30 30 30 30 30 30 30 36 34 31 34 30 31 30 30 0D
1779565886188,74 34 35 31 38 30 30 30 30 30 30 30 30 30 30 30 30 30 30 30 30 0D
1779565886198,74 34 35 35 38 45 41 46 46 30 37 30 30 39 46 46 46 30 30 30 30 0D
1779565886211,74 34 35 31 38 30 30 30 30 30 30 30 30 30 30 30 30 30 30 30 30 0D
1779565886226,74 34 35 35 38 45 41 46 46 30 37 30 30 39 46 46 46 30 30 30 30 0D
1779565886230,74 34 35 30 38 30 30 30 30 30 37 30 30 30 30 30 30 45 34 30 35 0D
1779565886239,74 34 35 32 38 38 43 30 30 30 30 30 30 30 30 30 30 32 37 30 30 0D
1779565886251,74 34 35 31 38 30 30 30 30 30 30 30 30 30 30 30 30 30 30 30 30 0D
1779565886255,74 34 35 35 38 45 41 46 46 30 37 30 30 39 46 46 46 30 30 30 30 0D
1779565886273,74 34 35 31 38 30 30 30 30 30 30 30 30 30 30 30 30 30 30 30 30 0D
1779565886278,74 34 35 35 38 45 41 46 46 30 37 30 30 39 46 46 46 30 30 30 30 0D
1779565886286,74 34 35 37 38 30 30 30 30 30 30 30 30 36 34 31 34 30 30 30 30 0D
1779565886289,74 34 35 31 38 30 30 30 30 30 30 30 30 30 30 30 30 30 30 30 30 0D
1779565886300,74 34 35 35 38 45 41 46 46 30 37 30 30 39 46 46 46 30 30 30 30 0D
1779565886307,74 34 35 31 38 30 30 30 30 30 30 30 30 30 30 30 30 30 30 30 30 0D
1779565886319,74 34 35 35 38 45 41 46 46 30 37 30 30 39 46 46 46 30 30 30 30 0D
1779565886325,74 34 35 30 38 30 30 30 30 30 37 30 30 30 30 30 30 45 34 30 35 0D
1779565886345,74 34 35 31 38 30 30 30 30 30 30 30 30 30 30 30 30 30 30 30 30 0D
1779565886351,74 34 35 31 38 30 30 30 30 30 30 30 30 30 30 30 30 30 30 30 30 0D
1779565886357,74 34 35 35 38 45 41 46 46 30 37 30 30 39 46 46 46 30 30 30 30 0D
1779565886373,74 34 35 31 38 30 30 30 30 30 30 30 30 30 30 30 30 30 30 30 30 0D
1779565886406,74 34 35 35 38 45 41 46 46 30 37 30 30 39 46 46 46 30 30 30 30 0D
1779565886415,74 34 35 31 38 30 30 30 30 30 30 30 30 30 30 30 30 30 30 30 30 0D
1779565886420,74 34 35 35 38 45 41 46 46 30 37 30 30 39 46 46 46 30 30 30 30 0D
1779565886432,74 34 35 30 38 30 30 30 30 30 37 30 30 30 30 30 30 45 34 30 35 0D
1779565886443,74 34 35 31 38 30 30 30 30 30 30 30 30 30 30 30 30 30 30 30 30 0D
1779565886448,74 34 35 31 38 30 30 30 30 30 30 30 30 30 30 30 30 30 30 30 30 0D
1779565886463,74 34 35 35 38 45 41 46 46 30 37 30 30 39 46 46 46 30 30 30 30 0D
1779565886470,74 34 35 31 38 30 30 30 30 30 30 30 30 30 30 30 30 30 30 30 30 0D
1779565886488,74 34 35 35 38 45 41 46 46 30 37 30 30 39 46 46 46 30 30 30 30 0D
1779565886494,74 34 35 31 38 30 30 30 30 30 30 30 30 30 30 30 30 30 30 30 30 0D
1779565886519,74 34 35 31 38 30 30 30 30 30 30 30 30 30 30 30 30 30 30 30 30 0D
1779565886527,74 34 35 36 38 45 44 46 46 30 37 30 30 30 34 30 30 30 30 30 30 0D
1779565886534,74 34 35 30 38 30 30 30 30 30 37 30 30 30 30 30 30 45 34 30 35 0D
1779565886540,74 34 35 31 38 30 30 30 30 30 30 30 30 30 30 30 30 30 30 30 30 0D
1779565886550,74 34 35 31 38 30 30 30 30 30 30 30 30 30 30 30 30 30 30 30 30 0D
1779565886558,74 34 35 35 38 45 39 46 46 30 37 30 30 39 46 46 46 30 30 30 30 0D
1779565886572,74 34 35 31 38 30 30 30 30 30 30 30 30 30 30 30 30 30 30 30 30 0D
1779565886594,74 34 35 35 38 45 39 46 46 30 37 30 30 39 46 46 46 30 30 30 30 0D
1779565886610,74 34 35 31 38 30 30 30 30 30 30 30 30 30 30 30 30 30 30 30 30 0D
1779565886621,74 34 35 35 38 45 39 46 46 30 37 30 30 39 46 46 46 30 30 30 30 0D
1779565886629,74 34 35 30 38 30 30 30 30 30 37 30 30 30 30 30 30 45 34 30 35 0D
1779565886641,74 34 35 31 38 30 30 30 30 30 30 30 30 30 30 30 30 30 30 30 30 0D
1779565886649,74 34 35 31 38 30 30 30 30 30 30 30 30 30 30 30 30 30 30 30 30 0D
1779565886660,74 34 35 35 38 45 39 46 46 30 37 30 30 39 46 46 46 30 30 30 30 0D
1779565886670,74 34 35 31 38 30 30 30 30 30 30 30 30 30 30 30 30 30 30 30 30 0D
1779565886705,74 34 35 35 38 45 39 46 46 30 37 30 30 39 46 46 46 30 30 30 30 0D
1779565886713,74 34 35 31 38 30 30 30 30 30 30 30 30 30 30 30 30 30 30 30 30 0D
1779565886719,74 34 35 35 38 45 39 46 46 30 37 30 30 39 46 46 46 30 30 30 30 0D
1779565886732,74 34 35 30 38 30 30 30 30 30 37 30 30 30 30 30 30 45 34 30 35 0D
1779565886740,74 34 35 31 38 30 30 30 30 30 30 30 30 30 30 30 30 30 30 30 30 0D
1779565886749,74 34 35 31 38 30 30 30 30 30 30 30 30 30 30 30 30 30 30 30 30 0D
1779565886764,74 34 35 35 38 45 41 46 46 30 37 30 30 39 46 46 46 30 30 30 30 0D
1779565886769,74 34 35 31 38 30 30 30 30 30 30 30 30 30 30 30 30 30 30 30 30 0D
1779565886802,74 34 35 35 38 45 41 46 46 30 37 30 30 39 46 46 46 30 30 30 30 0D
1779565886812,74 34 35 31 38 30 30 30 30 30 30 30 30 30 30 30 30 30 30 30 30 0D
1779565886820,74 34 35 35 38 45 41 46 46 30 37 30 30 39 46 46 46 30 30 30 30 0D
1779565886830,74 34 35 30 38 30 30 30 30 30 37 30 30 30 30 30 30 45 34 30 35 0D
1779565886841,74 34 35 31 38 30 30 30 30 30 30 30 30 30 30 30 30 30 30 30 30 0D
1779565886851,74 34 35 31 38 30 30 30 30 30 30 30 30 30 30 30 30 30 30 30 30 0D
1779565886857,74 34 35 35 38 45 41 46 46 30 37 30 30 39 46 46 46 30 30 30 30 0D
1779565886867,74 34 35 31 38 30 30 30 30 30 30 30 30 30 30 30 30 30 30 30 30 0D
1779565886886,74 34 35 35 38 45 41 46 46 30 37 30 30 39 46 46 46 30 30 30 30 0D
1779565886899,74 34 35 31 38 30 30 30 30 30 30 30 30 30 30 30 30 30 30 30 30 0D
1779565886906,74 34 35 31 38 30 30 30 30 30 30 30 30 30 30 30 30 30 30 30 30 0D
1779565886921,74 34 35 35 38 45 41 46 46 30 37 30 30 39 46 46 46 30 30 30 30 0D
1779565886930,74 34 35 30 38 30 30 30 30 30 37 30 30 30 30 30 30 45 34 30 35 0D
1779565886949,74 34 35 31 38 30 30 30 30 30 30 30 30 30 30 30 30 30 30 30 30 0D
1779565886954,74 34 35 31 38 30 30 30 30 30 30 30 30 30 30 30 30 30 30 30 30 0D
1779565886961,74 34 35 35 38 45 41 46 46 30 37 30 30 39 45 46 46 30 30 30 30 0D
1779565886967,74 34 35 31 38 30 30 30 30 30 30 30 30 30 30 30 30 30 30 30 30 0D
1779565886987,74 34 35 35 38 45 41 46 46 30 37 30 30 39 45 46 46 30 30 30 30 0D
1779565887002,74 34 35 31 38 30 30 30 30 30 30 30 30 30 30 30 30 30 30 30 30 0D
1779565887012,74 34 35 31 38 30 30 30 30 30 30 30 30 30 30 30 30 30 30 30 30 0D
1779565887020,74 34 35 35 38 45 41 46 46 30 37 30 30 39 45 46 46 30 30 30 30 0D
1779565887030,74 34 35 30 38 30 30 30 30 30 37 30 30 30 30 30 30 45 34 30 35 0D
1779565887045,74 34 35 31 38 30 30 30 30 30 30 30 30 30 30 30 30 30 30 30 30 0D
1779565887049,74 34 35 31 38 30 30 30 30 30 30 30 30 30 30 30 30 30 30 30 30 0D
1779565887065,74 34 35 35 38 45 41 46 46 30 37 30 30 39 45 46 46 30 30 30 30 0D
1779565887070,74 34 35 31 38 30 30 30 30 30 30 30 30 30 30 30 30 30 30 30 30 0D
1779565887081,74 34 35 35 38 45 41 46 46 30 37 30 30 39 45 46 46 30 30 30 30 0D
1779565887087,74 34 35 31 38 30 30 30 30 30 30 30 30 30 30 30 30 30 30 30 30 0D
1779565887111,74 34 35 31 38 30 30 30 30 30 30 30 30 30 30 30 30 30 30 30 30 0D
1779565887119,74 34 35 35 38 45 41 46 46 30 37 30 30 39 45 46 46 30 30 30 30 0D
1779565887130,74 34 35 30 38 30 30 30 30 30 37 30 30 30 30 30 30 45 34 30 35 0D
1779565887140,74 34 35 31 38 30 30 30 30 30 30 30 30 30 30 30 30 30 30 30 30 0D
1779565887148,74 34 35 31 38 30 30 30 30 30 30 30 30 30 30 30 30 30 30 30 30 0D
1779565887156,74 34 35 35 38 45 39 46 46 30 37 30 30 39 46 46 46 30 30 30 30 0D
1779565887168,74 34 35 31 38 30 30 30 30 30 30 30 30 30 30 30 30 30 30 30 30 0D
1779565887201,74 34 35 35 38 45 39 46 46 30 37 30 30 39 46 46 46 30 30 30 30 0D
1779565887207,74 34 35 31 38 30 30 30 30 30 30 30 30 30 30 30 30 30 30 30 30 0D
1779565887221,74 34 35 35 38 45 39 46 46 30 37 30 30 39 46 46 46 30 30 30 30 0D
1779565887228,74 34 35 30 38 30 30 30 30 30 37 30 30 30 30 30 30 45 34 30 35 0D
1779565887241,74 34 35 31 38 30 30 30 30 30 30 30 30 30 30 30 30 30 30 30 30 0D
1779565887252,74 34 35 31 38 30 30 30 30 30 30 30 30 30 30 30 30 30 30 30 30 0D
1779565887261,74 34 35 35 38 45 39 46 46 30 37 30 30 39 46 46 46 30 30 30 30 0D
1779565887267,74 34 35 31 38 30 30 30 30 30 30 30 30 30 30 30 30 30 30 30 30 0D
1779565887290,74 34 35 35 38 45 39 46 46 30 37 30 30 39 46 46 46 30 30 30 30 0D
1779565887295,74 34 35 31 38 30 30 30 30 30 30 30 30 30 30 30 30 30 30 30 30 0D
1779565887307,74 34 35 31 38 30 30 30 30 30 30 30 30 30 30 30 30 30 30 30 30 0D
1779565887322,74 34 35 35 38 45 39 46 46 30 37 30 30 39 46 46 46 30 30 30 30 0D
1779565887330,74 34 35 30 38 30 30 30 30 30 37 30 30 30 30 30 30 45 34 30 35 0D
1779565887340,74 34 35 31 38 30 30 30 30 30 30 30 30 30 30 30 30 30 30 30 30 0D
1779565887357,74 34 35 31 38 30 30 30 30 30 30 30 30 30 30 30 30 30 30 30 30 0D
1779565887361,74 34 35 35 38 45 39 46 46 30 37 30 30 39 46 46 46 30 30 30 30 0D
1779565887370,74 34 35 31 38 30 30 30 30 30 30 30 30 30 30 30 30 30 30 30 30 0D
1779565887377,74 34 35 35 38 45 39 46 46 30 37 30 30 39 46 46 46 30 30 30 30 0D
1779565887389,74 34 35 39 38 37 36 41 34 42 45 31 36 42 39 31 41 30 33 42 37 0D
1779565887400,74 34 35 31 38 30 30 30 30 30 30 30 30 30 30 30 30 30 30 30 30 0D
1779565887412,74 34 35 31 38 30 30 30 30 30 30 30 30 30 30 30 30 30 30 30 30 0D
1779565887416,74 34 35 35 38 45 39 46 46 30 37 30 30 39 46 46 46 30 30 30 30 0D
1779565887427,74 34 35 30 38 30 30 30 30 30 37 30 30 30 30 30 30 45 34 30 35 0D
1779565887435,74 34 35 31 38 30 30 30 30 30 30 30 30 30 30 30 30 30 30 30 30 0D
1779565887448,74 34 35 31 38 30 30 30 30 30 30 30 30 30 30 30 30 30 30 30 30 0D
1779565887459,74 34 35 35 38 45 39 46 46 30 37 30 30 39 46 46 46 30 30 30 30 0D
1779565887469,74 34 35 31 38 30 30 30 30 30 30 30 30 30 30 30 30 30 30 30 30 0D
1779565887514,74 34 35 35 38 45 39 46 46 30 37 30 30 39 46 46 46 30 30 30 30 0D 74 34 35 31 38 30 30 30 30 30 30 30 30 30 30 30 30 30 30 30 30 0D
1779565887519,74 34 35 35 38 45 39 46 46 30 37 30 30 39 46 46 46 30 30 30 30 0D
1779565887531,74 34 35 30 38 30 30 30 30 30 37 30 30 30 30 30 30 45 34 30 35 0D
1779565887545,74 34 35 31 38 30 30 30 30 30 30 30 30 30 30 30 30 30 30 30 30 0D
1779565887549,74 34 35 31 38 30 30 30 30 30 30 30 30 30 30 30 30 30 30 30 30 0D
1779565887561,74 34 35 35 38 45 42 46 46 30 38 30 30 39 46 46 46 30 30 30 30 0D
1779565887566,74 34 35 31 38 30 30 30 30 30 30 30 30 30 30 30 30 30 30 30 30 0D
1779565887583,74 34 35 35 38 45 42 46 46 30 38 30 30 39 46 46 46 30 30 30 30 0D
1779565887587,74 34 35 31 38 30 30 30 30 30 30 30 30 30 30 30 30 30 30 30 30 0D
1779565887597,74 34 35 35 38 45 42 46 46 30 38 30 30 39 46 46 46 30 30 30 30 0D
1779565887613,74 34 35 31 38 30 30 30 30 30 30 30 30 30 30 30 30 30 30 30 30 0D
1779565887620,74 34 35 35 38 45 42 46 46 30 38 30 30 39 46 46 46 30 30 30 30 0D
1779565887628,74 34 35 30 38 30 30 30 30 30 37 30 30 30 30 30 30 45 34 30 35 0D
1779565887639,74 34 35 31 38 30 30 30 30 30 30 30 30 30 30 30 30 30 30 30 30 0D
1779565887648,74 34 35 31 38 30 30 30 30 30 30 30 30 30 30 30 30 30 30 30 30 0D
1779565887668,74 34 35 35 38 45 42 46 46 30 38 30 30 39 46 46 46 30 30 30 30 0D
1779565887674,74 34 35 31 38 30 30 30 30 30 30 30 30 30 30 30 30 30 30 30 30 0D
1779565887701,74 34 35 35 38 45 42 46 46 30 38 30 30 39 46 46 46 30 30 30 30 0D
1779565887713,74 34 35 31 38 30 30 30 30 30 30 30 30 30 30 30 30 30 30 30 30 0D
1779565887719,74 34 35 35 38 45 42 46 46 30 38 30 30 39 46 46 46 30 30 30 30 0D
1779565887728,74 34 35 30 38 30 30 30 30 30 37 30 30 30 30 30 30 45 34 30 35 0D
1779565887743,74 34 35 31 38 30 30 30 30 30 30 30 30 30 30 30 30 30 30 30 30 0D
1779565887748,74 34 35 31 38 30 30 30 30 30 30 30 30 30 30 30 30 30 30 30 30 0D
1779565887761,74 34 35 35 38 45 41 46 46 30 37 30 30 39 46 46 46 30 30 30 30 0D
1779565887769,74 34 35 31 38 30 30 30 30 30 30 30 30 30 30 30 30 30 30 30 30 0D
1779565887785,74 34 35 35 38 45 41 46 46 30 37 30 30 39 46 46 46 30 30 30 30 0D
1779565887791,74 34 35 31 38 30 30 30 30 30 30 30 30 30 30 30 30 30 30 30 30 0D
1779565887797,74 34 35 35 38 45 41 46 46 30 37 30 30 39 46 46 46 30 30 30 30 0D
1779565887813,74 34 35 31 38 30 30 30 30 30 30 30 30 30 30 30 30 30 30 30 30 0D
1779565887820,74 34 35 35 38 45 41 46 46 30 37 30 30 39 46 46 46 30 30 30 30 0D
1779565887831,74 34 35 30 38 30 30 30 30 30 37 30 30 30 30 30 30 45 34 30 35 0D
1779565887843,74 34 35 31 38 30 30 30 30 30 30 30 30 30 30 30 30 30 30 30 30 0D
1779565887849,74 34 35 31 38 30 30 30 30 30 30 30 30 30 30 30 30 30 30 30 30 0D
1779565887862,74 34 35 35 38 45 41 46 46 30 37 30 30 39 46 46 46 30 30 30 30 0D
1779565887868,74 34 35 31 38 30 30 30 30 30 30 30 30 30 30 30 30 30 30 30 30 0D
1779565887888,74 34 35 35 38 45 41 46 46 30 37 30 30 39 46 46 46 30 30 30 30 0D
1779565887893,74 34 35 31 38 30 30 30 30 30 30 30 30 30 30 30 30 30 30 30 30 0D
1779565887897,74 34 35 36 38 45 44 46 46 30 37 30 30 30 35 30 30 30 30 30 30 0D
1779565887911,74 34 35 31 38 30 30 30 30 30 30 30 30 30 30 30 30 30 30 30 30 0D
1779565887916,74 34 35 35 38 45 41 46 46 30 37 30 30 39 46 46 46 30 30 30 30 0D
1779565887930,74 34 35 30 38 30 30 30 30 30 37 30 30 30 30 30 30 45 34 30 35 0D
1779565887942,74 34 35 31 38 30 30 30 30 30 30 30 30 30 30 30 30 30 30 30 30 0D
1779565887947,74 34 35 31 38 30 30 30 30 30 30 30 30 30 30 30 30 30 30 30 30 0D
1779565887966,74 34 35 35 38 45 41 46 46 30 37 30 30 39 46 46 46 30 30 30 30 0D
1779565887971,74 34 35 31 38 30 30 30 30 30 30 30 30 30 30 30 30 30 30 30 30 0D
1779565887990,74 34 35 35 38 45 41 46 46 30 37 30 30 39 46 46 46 30 30 30 30 0D
1779565887995,74 34 35 31 38 30 30 30 30 30 30 30 30 30 30 30 30 30 30 30 30 0D
1779565888010,74 34 35 31 38 30 30 30 30 30 30 30 30 30 30 30 30 30 30 30 30 0D
1779565888021,74 34 35 35 38 45 41 46 46 30 37 30 30 39 46 46 46 30 30 30 30 0D
1779565888033,74 34 35 30 38 30 30 30 30 30 37 30 30 30 30 30 30 45 34 30 35 0D
1779565888041,74 34 35 31 38 30 30 30 30 30 30 30 30 30 30 30 30 30 30 30 30 0D
1779565888048,74 34 35 31 38 30 30 30 30 30 30 30 30 30 30 30 30 30 30 30 30 0D
1779565888059,74 34 35 35 38 45 41 46 46 30 37 30 30 39 46 46 46 30 30 30 30 0D
1779565888066,74 34 35 31 38 30 30 30 30 30 30 30 30 30 30 30 30 30 30 30 30 0D
1779565888100,74 34 35 35 38 45 39 46 46 30 37 30 30 39 46 46 46 30 30 30 30 0D
1779565888115,74 34 35 31 38 30 30 30 30 30 30 30 30 30 30 30 30 30 30 30 30 0D
1779565888121,74 34 35 35 38 45 39 46 46 30 37 30 30 39 46 46 46 30 30 30 30 0D
1779565888130,74 34 35 30 38 30 30 30 30 30 37 30 30 30 30 30 30 45 34 30 35 0D
1779565888142,74 34 35 31 38 30 30 30 30 30 30 30 30 30 30 30 30 30 30 30 30 0D
1779565888149,74 34 35 31 38 30 30 30 30 30 30 30 30 30 30 30 30 30 30 30 30 0D
1779565888165,74 34 35 35 38 45 39 46 46 30 37 30 30 39 46 46 46 30 30 30 30 0D
1779565888174,74 34 35 31 38 30 30 30 30 30 30 30 30 30 30 30 30 30 30 30 30 0D
1779565888180,74 34 35 37 38 30 30 30 30 30 30 30 30 36 34 31 34 30 30 30 30 0D
1779565888198,74 34 35 39 38 37 35 41 34 42 45 31 36 42 38 31 41 30 33 42 37 0D
1779565888215,74 34 35 31 38 30 30 30 30 30 30 30 30 30 30 30 30 30 30 30 30 0D
1779565888226,74 34 35 35 38 45 39 46 46 30 37 30 30 39 46 46 46 30 30 30 30 0D
1779565888232,74 34 35 30 38 30 30 30 30 30 37 30 30 30 30 30 30 45 34 30 35 0D
1779565888240,74 34 35 31 38 30 30 30 30 30 30 30 30 30 30 30 30 30 30 30 30 0D
1779565888247,74 34 35 31 38 30 30 30 30 30 30 30 30 30 30 30 30 30 30 30 30 0D
1779565888260,74 34 35 35 38 45 39 46 46 30 37 30 30 39 46 46 46 30 30 30 30 0D
1779565888268,74 34 35 31 38 30 30 30 30 30 30 30 30 30 30 30 30 30 30 30 30 0D
1779565888287,74 34 35 35 38 45 39 46 46 30 37 30 30 39 46 46 46 30 30 30 30 0D
1779565888297,74 34 35 31 38 30 30 30 30 30 30 30 30 30 30 30 30 30 30 30 30 0D
1779565888301,74 34 35 35 38 45 39 46 46 30 37 30 30 39 46 46 46 30 30 30 30 0D
1779565888309,74 34 35 31 38 30 30 30 30 30 30 30 30 30 30 30 30 30 30 30 30 0D
1779565888317,74 34 35 35 38 45 39 46 46 30 37 30 30 39 46 46 46 30 30 30 30 0D
1779565888328,74 34 35 30 38 30 30 30 30 30 37 30 30 30 30 30 30 45 34 30 35 0D
1779565888341,74 34 35 31 38 30 30 30 30 30 30 30 30 30 30 30 30 30 30 30 30 0D
1779565888346,74 34 35 31 38 30 30 30 30 30 30 30 30 30 30 30 30 30 30 30 30 0D
1779565888358,74 34 35 35 38 45 41 46 46 30 37 30 30 39 46 46 46 30 30 30 30 0D
1779565888368,74 34 35 31 38 30 30 30 30 30 30 30 30 30 30 30 30 30 30 30 30 0D
1779565888389,74 34 35 35 38 45 41 46 46 30 37 30 30 39 46 46 46 30 30 30 30 0D
1779565888394,74 34 35 31 38 30 30 30 30 30 30 30 30 30 30 30 30 30 30 30 30 0D
1779565888410,74 34 35 31 38 30 30 30 30 30 30 30 30 30 30 30 30 30 30 30 30 0D
1779565888419,74 34 35 35 38 45 41 46 46 30 37 30 30 39 46 46 46 30 30 30 30 0D
1779565888434,74 34 35 30 38 30 30 30 30 30 37 30 30 30 30 30 30 45 34 30 35 0D
1779565888446,74 34 35 31 38 30 30 30 30 30 30 30 30 30 30 30 30 30 30 30 30 0D
1779565888450,74 34 35 31 38 30 30 30 30 30 30 30 30 30 30 30 30 30 30 30 30 0D
1779565888469,74 34 35 31 38 30 30 30 30 30 30 30 30 30 30 30 30 30 30 30 30 0D
1779565888486,74 34 35 35 38 45 41 46 46 30 37 30 30 39 46 46 46 30 30 30 30 0D
1779565888492,74 34 35 31 38 30 30 30 30 30 30 30 30 30 30 30 30 30 30 30 30 0D
1779565888502,74 34 35 35 38 45 41 46 46 30 37 30 30 39 46 46 46 30 30 30 30 0D
1779565888509,74 34 35 31 38 30 30 30 30 30 30 30 30 30 30 30 30 30 30 30 30 0D
1779565888517,74 34 35 35 38 45 41 46 46 30 37 30 30 39 46 46 46 30 30 30 30 0D
1779565888529,74 34 35 30 38 30 30 30 30 30 37 30 30 30 30 30 30 45 34 30 35 0D
1779565888542,74 34 35 31 38 30 30 30 30 30 30 30 30 30 30 30 30 30 30 30 30 0D
1779565888549,74 34 35 31 38 30 30 30 30 30 30 30 30 30 30 30 30 30 30 30 30 0D
1779565888558,74 34 35 35 38 45 41 46 46 30 37 30 30 39 46 46 46 30 30 30 30 0D
1779565888568,74 34 35 31 38 30 30 30 30 30 30 30 30 30 30 30 30 30 30 30 30 0D
1779565888578,74 34 35 37 38 30 30 30 30 30 30 30 30 36 34 31 34 30 31 30 30 0D
1779565888596,74 34 35 39 38 37 35 41 34 42 45 31 36 42 38 31 41 30 33 42 37 0D
1779565888610,74 34 35 31 38 30 30 30 30 30 30 30 30 30 30 30 30 30 30 30 30 0D
1779565888624,74 34 35 35 38 45 41 46 46 30 37 30 30 39 46 46 46 30 30 30 30 0D
1779565888629,74 34 35 30 38 30 30 30 30 30 37 30 30 30 30 30 30 45 34 30 35 0D
1779565888642,74 34 35 31 38 30 30 30 30 30 30 30 30 30 30 30 30 30 30 30 30 0D
1779565888649,74 34 35 31 38 30 30 30 30 30 30 30 30 30 30 30 30 30 30 30 30 0D
1779565888660,74 34 35 35 38 45 41 46 46 30 37 30 30 39 46 46 46 30 30 30 30 0D
1779565888674,74 34 35 31 38 30 30 30 30 30 30 30 30 30 30 30 30 30 30 30 30 0D
1779565888699,74 34 35 35 38 45 41 46 46 30 37 30 30 39 45 46 46 30 30 30 30 0D
1779565888707,74 34 35 31 38 30 30 30 30 30 30 30 30 30 30 30 30 30 30 30 30 0D
1779565888726,74 34 35 35 38 45 41 46 46 30 37 30 30 39 45 46 46 30 30 30 30 0D
1779565888732,74 34 35 30 38 30 30 30 30 30 37 30 30 30 30 30 30 45 34 30 35 0D
1779565888741,74 34 35 31 38 30 30 30 30 30 30 30 30 30 30 30 30 30 30 30 30 0D
1779565888749,74 34 35 31 38 30 30 30 30 30 30 30 30 30 30 30 30 30 30 30 30 0D
1779565888761,74 34 35 35 38 45 41 46 46 30 37 30 30 39 45 46 46 30 30 30 30 0D
1779565888772,74 34 35 31 38 30 30 30 30 30 30 30 30 30 30 30 30 30 30 30 30 0D
1779565888800,74 34 35 35 38 45 41 46 46 30 37 30 30 39 45 46 46 30 30 30 30 0D
1779565888811,74 34 35 31 38 30 30 30 30 30 30 30 30 30 30 30 30 30 30 30 30 0D
1779565888818,74 34 35 35 38 45 41 46 46 30 37 30 30 39 45 46 46 30 30 30 30 0D
1779565888828,74 34 35 30 38 30 30 30 30 30 37 30 30 30 30 30 30 45 34 30 35 0D
1779565888843,74 34 35 31 38 30 30 30 30 30 30 30 30 30 30 30 30 30 30 30 30 0D
1779565888847,74 34 35 31 38 30 30 30 30 30 30 30 30 30 30 30 30 30 30 30 30 0D
1779565888861,74 34 35 35 38 45 41 46 46 30 37 30 30 39 45 46 46 30 30 30 30 0D
1779565888868,74 34 35 31 38 30 30 30 30 30 30 30 30 30 30 30 30 30 30 30 30 0D
1779565888889,74 34 35 35 38 45 41 46 46 30 37 30 30 39 45 46 46 30 30 30 30 0D
1779565888893,74 34 35 31 38 30 30 30 30 30 30 30 30 30 30 30 30 30 30 30 30 0D
1779565888898,74 34 35 36 38 45 45 46 46 30 37 30 30 30 35 30 30 30 30 30 30 0D
1779565888909,74 34 35 31 38 30 30 30 30 30 30 30 30 30 30 30 30 30 30 30 30 0D
1779565888914,74 34 35 35 38 45 41 46 46 30 37 30 30 39 45 46 46 30 30 30 30 0D
1779565888925,74 34 35 36 38 45 45 46 46 30 37 30 30 30 35 30 30 30 30 30 30 0D
1779565888929,74 34 35 30 38 30 30 30 30 30 37 30 30 30 30 30 30 45 34 30 35 0D
1779565888937,74 34 35 31 38 30 30 30 30 30 30 30 30 30 30 30 30 30 30 30 30 0D
1779565888947,74 34 35 31 38 30 30 30 30 30 30 30 30 30 30 30 30 30 30 30 30 0D
1779565888963,74 34 35 35 38 45 41 46 46 30 37 30 30 39 46 46 46 30 30 30 30 0D
1779565888967,74 34 35 31 38 30 30 30 30 30 30 30 30 30 30 30 30 30 30 30 30 0D
1779565888978,74 34 35 35 38 45 41 46 46 30 37 30 30 39 46 46 46 30 30 30 30 0D
1779565888981,74 34 35 37 38 30 30 30 30 30 30 30 30 36 34 31 34 30 30 30 30 0D
1779565888991,74 34 35 31 38 30 30 30 30 30 30 30 30 30 30 30 30 30 30 30 30 0D
1779565888997,74 34 35 35 38 45 41 46 46 30 37 30 30 39 46 46 46 30 30 30 30 0D
1779565889013,74 34 35 31 38 30 30 30 30 30 30 30 30 30 30 30 30 30 30 30 30 0D
1779565889025,74 34 35 35 38 45 41 46 46 30 37 30 30 39 46 46 46 30 30 30 30 0D
1779565889030,74 34 35 30 38 30 30 30 30 30 37 30 30 30 30 30 30 45 34 30 35 0D
1779565889040,74 34 35 31 38 30 30 30 30 30 30 30 30 30 30 30 30 30 30 30 30 0D
1779565889044,74 34 35 31 38 30 30 30 30 30 30 30 30 30 30 30 30 30 30 30 30 0D
1779565889068,74 34 35 35 38 45 41 46 46 30 37 30 30 39 46 46 46 30 30 30 30 0D
1779565889075,74 34 35 31 38 30 30 30 30 30 30 30 30 30 30 30 30 30 30 30 30 0D
1779565889078,74 34 35 37 38 30 30 30 30 30 30 30 30 36 34 31 34 30 30 30 30 0D
1779565889087,74 34 35 39 38 37 36 41 34 42 45 31 36 42 41 31 41 30 33 42 37 0D
1779565889093,74 34 35 31 38 30 30 30 30 30 30 30 30 30 30 30 30 30 30 30 30 0D
1779565889113,74 34 35 31 38 30 30 30 30 30 30 30 30 30 30 30 30 30 30 30 30 0D
1779565889138,74 34 35 35 38 45 41 46 46 30 37 30 30 39 46 46 46 30 30 30 30 0D
1779565889157,74 34 35 31 38 30 30 30 30 30 30 30 30 30 30 30 30 30 30 30 30 0D
1779565889164,74 34 35 35 38 45 41 46 46 30 37 30 30 39 45 46 46 30 30 30 30 0D
1779565889170,74 34 35 31 38 30 30 30 30 30 30 30 30 30 30 30 30 30 30 30 30 0D
1779565889176,74 34 35 35 38 45 41 46 46 30 37 30 30 39 45 46 46 30 30 30 30 0D
1779565889181,74 34 35 37 38 30 30 30 30 30 30 30 30 36 34 31 34 30 30 30 30 0D
1779565889187,74 34 35 39 38 37 36 41 34 42 45 31 36 42 41 31 41 30 33 42 37 0D
1779565889198,74 34 35 35 38 45 41 46 46 30 37 30 30 39 45 46 46 30 30 30 30 0D
1779565889214,74 34 35 31 38 30 30 30 30 30 30 30 30 30 30 30 30 30 30 30 30 0D
1779565889222,74 34 35 35 38 45 41 46 46 30 37 30 30 39 45 46 46 30 30 30 30 0D
1779565889228,74 34 35 30 38 30 30 30 30 30 37 30 30 30 30 30 30 45 34 30 35 0D
1779565889238,74 34 35 31 38 30 30 30 30 30 30 30 30 30 30 30 30 30 30 30 30 0D
1779565889249,74 34 35 31 38 30 30 30 30 30 30 30 30 30 30 30 30 30 30 30 30 0D
1779565889263,74 34 35 35 38 45 41 46 46 30 37 30 30 39 45 46 46 30 30 30 30 0D
1779565889270,74 34 35 31 38 30 30 30 30 30 30 30 30 30 30 30 30 30 30 30 30 0D
1779565889289,74 34 35 35 38 45 41 46 46 30 37 30 30 39 45 46 46 30 30 30 30 0D
1779565889298,74 34 35 36 38 45 45 46 46 30 37 30 30 30 33 30 30 30 30 30 30 0D
1779565889309,74 34 35 31 38 30 30 30 30 30 30 30 30 30 30 30 30 30 30 30 30 0D
1779565889314,74 34 35 35 38 45 41 46 46 30 37 30 30 39 45 46 46 30 30 30 30 0D
1779565889329,74 34 35 30 38 30 30 30 30 30 37 30 30 30 30 30 30 45 34 30 35 0D
1779565889342,74 34 35 31 38 30 30 30 30 30 30 30 30 30 30 30 30 30 30 30 30 0D
1779565889346,74 34 35 31 38 30 30 30 30 30 30 30 30 30 30 30 30 30 30 30 30 0D
1779565889358,74 34 35 35 38 45 39 46 46 30 37 30 30 39 46 46 46 30 30 30 30 0D
1779565889371,74 34 35 31 38 30 30 30 30 30 30 30 30 30 30 30 30 30 30 30 30 0D
1779565889391,74 34 35 35 38 45 39 46 46 30 37 30 30 39 46 46 46 30 30 30 30 0D
1779565889394,74 34 35 31 38 30 30 30 30 30 30 30 30 30 30 30 30 30 30 30 30 0D
1779565889397,74 34 35 35 38 45 39 46 46 30 37 30 30 39 46 46 46 30 30 30 30 0D
1779565889409,74 34 35 31 38 30 30 30 30 30 30 30 30 30 30 30 30 30 30 30 30 0D
1779565889429,74 34 35 35 38 45 39 46 46 30 37 30 30 39 46 46 46 30 30 30 30 0D
1779565889435,74 34 35 30 38 30 30 30 30 30 37 30 30 30 30 30 30 45 34 30 35 0D
1779565889442,74 34 35 31 38 30 30 30 30 30 30 30 30 30 30 30 30 30 30 30 30 0D
1779565889445,74 34 35 31 38 30 30 30 30 30 30 30 30 30 30 30 30 30 30 30 30 0D
1779565889458,74 34 35 35 38 45 39 46 46 30 37 30 30 39 46 46 46 30 30 30 30 0D
1779565889470,74 34 35 31 38 30 30 30 30 30 30 30 30 30 30 30 30 30 30 30 30 0D
1779565889487,74 34 35 35 38 45 39 46 46 30 37 30 30 39 46 46 46 30 30 30 30 0D
1779565889491,74 34 35 31 38 30 30 30 30 30 30 30 30 30 30 30 30 30 30 30 30 0D
1779565889503,74 34 35 35 38 45 39 46 46 30 37 30 30 39 46 46 46 30 30 30 30 0D
1779565889507,74 34 35 31 38 30 30 30 30 30 30 30 30 30 30 30 30 30 30 30 30 0D
1779565889511,74 34 35 35 38 45 39 46 46 30 37 30 30 39 46 46 46 30 30 30 30 0D
1779565889521,74 34 35 36 38 45 45 46 46 30 37 30 30 30 33 30 30 30 30 30 30 0D
1779565889526,74 34 35 30 38 30 30 30 30 30 37 30 30 30 30 30 30 45 34 30 35 0D
1779565889536,74 34 35 31 38 30 30 30 30 30 30 30 30 30 30 30 30 30 30 30 30 0D
1779565889548,74 34 35 31 38 30 30 30 30 30 30 30 30 30 30 30 30 30 30 30 30 0D
1779565889564,74 34 35 35 38 45 39 46 46 30 37 30 30 39 46 46 46 30 30 30 30 0D
1779565889570,74 34 35 31 38 30 30 30 30 30 30 30 30 30 30 30 30 30 30 30 30 0D
1779565889589,74 34 35 35 38 45 39 46 46 30 37 30 30 39 46 46 46 30 30 30 30 0D
1779565889597,74 34 35 31 38 30 30 30 30 30 30 30 30 30 30 30 30 30 30 30 30 0D
1779565889604,74 34 35 35 38 45 39 46 46 30 37 30 30 39 46 46 46 30 30 30 30 0D
1779565889611,74 34 35 31 38 30 30 30 30 30 30 30 30 30 30 30 30 30 30 30 30 0D
1779565889621,74 34 35 35 38 45 39 46 46 30 37 30 30 39 46 46 46 30 30 30 30 0D
1779565889627,74 34 35 30 38 30 30 30 30 30 37 30 30 30 30 30 30 45 34 30 35 0D
1779565889640,74 34 35 31 38 30 30 30 30 30 30 30 30 30 30 30 30 30 30 30 30 0D
1779565889647,74 34 35 31 38 30 30 30 30 30 30 30 30 30 30 30 30 30 30 30 30 0D
1779565889659,74 34 35 35 38 45 39 46 46 30 37 30 30 39 46 46 46 30 30 30 30 0D
1779565889668,74 34 35 31 38 30 30 30 30 30 30 30 30 30 30 30 30 30 30 30 30 0D
1779565889678,74 34 35 35 38 45 39 46 46 30 37 30 30 39 46 46 46 30 30 30 30 0D
1779565889688,74 34 35 37 38 30 30 30 30 30 30 30 30 36 34 31 34 30 31 30 30 0D
1779565889703,74 34 35 35 38 45 39 46 46 30 37 30 30 39 46 46 46 30 30 30 30 0D
1779565889706,74 34 35 31 38 30 30 30 30 30 30 30 30 30 30 30 30 30 30 30 30 0D
1779565889720,74 34 35 35 38 45 39 46 46 30 37 30 30 39 46 46 46 30 30 30 30 0D
1779565889726,74 34 35 30 38 30 30 30 30 30 37 30 30 30 30 30 30 45 34 30 35 0D
1779565889737,74 34 35 31 38 30 30 30 30 30 30 30 30 30 30 30 30 30 30 30 30 0D
1779565889747,74 34 35 31 38 30 30 30 30 30 30 30 30 30 30 30 30 30 30 30 30 0D
1779565889760,74 34 35 35 38 45 41 46 46 30 37 30 30 39 46 46 46 30 30 30 30 0D
1779565889772,74 34 35 31 38 30 30 30 30 30 30 30 30 30 30 30 30 30 30 30 30 0D
1779565889785,74 34 35 35 38 45 41 46 46 30 37 30 30 39 46 46 46 30 30 30 30 0D
1779565889790,74 34 35 31 38 30 30 30 30 30 30 30 30 30 30 30 30 30 30 30 30 0D
1779565889797,74 34 35 35 38 45 41 46 46 30 37 30 30 39 46 46 46 30 30 30 30 0D
1779565889810,74 34 35 31 38 30 30 30 30 30 30 30 30 30 30 30 30 30 30 30 30 0D
1779565889816,74 34 35 35 38 45 41 46 46 30 37 30 30 39 46 46 46 30 30 30 30 0D
1779565889826,74 34 35 30 38 30 30 30 30 30 37 30 30 30 30 30 30 45 34 30 35 0D
1779565889838,74 34 35 31 38 30 30 30 30 30 30 30 30 30 30 30 30 30 30 30 30 0D
1779565889850,74 34 35 31 38 30 30 30 30 30 30 30 30 30 30 30 30 30 30 30 30 0D
1779565889860,74 34 35 35 38 45 41 46 46 30 37 30 30 39 46 46 46 30 30 30 30 0D
1779565889870,74 34 35 31 38 30 30 30 30 30 30 30 30 30 30 30 30 30 30 30 30 0D
1779565889887,74 34 35 35 38 45 41 46 46 30 36 30 30 39 46 46 46 30 30 30 30 0D
1779565889892,74 34 35 31 38 30 30 30 30 30 30 30 30 30 30 30 30 30 30 30 30 0D
1779565889904,74 34 35 35 38 45 41 46 46 30 36 30 30 39 46 46 46 30 30 30 30 0D
1779565889908,74 34 35 31 38 30 30 30 30 30 30 30 30 30 30 30 30 30 30 30 30 0D
1779565889919,74 34 35 35 38 45 41 46 46 30 36 30 30 39 46 46 46 30 30 30 30 0D
1779565889927,74 34 35 30 38 30 30 30 30 30 37 30 30 30 30 30 30 45 34 30 35 0D
1779565889939,74 34 35 31 38 30 30 30 30 30 30 30 30 30 30 30 30 30 30 30 30 0D
1779565889950,74 34 35 31 38 30 30 30 30 30 30 30 30 30 30 30 30 30 30 30 30 0D
1779565889961,74 34 35 35 38 45 41 46 46 30 36 30 30 39 46 46 46 30 30 30 30 0D
1779565889969,74 34 35 31 38 30 30 30 30 30 30 30 30 30 30 30 30 30 30 30 30 0D
1779565889998,74 34 35 35 38 45 41 46 46 30 36 30 30 39 46 46 46 30 30 30 30 0D
1779565890008,74 34 35 31 38 30 30 30 30 30 30 30 30 30 30 30 30 30 30 30 30 0D
1779565890022,74 34 35 35 38 45 41 46 46 30 36 30 30 39 46 46 46 30 30 30 30 0D
1779565890026,74 34 35 30 38 30 30 30 30 30 37 30 30 30 30 30 30 45 34 30 35 0D
1779565890040,74 34 35 31 38 30 30 30 30 30 30 30 30 30 30 30 30 30 30 30 30 0D
1779565890050,74 34 35 31 38 30 30 30 30 30 30 30 30 30 30 30 30 30 30 30 30 0D
1779565890071,74 34 35 31 38 30 30 30 30 30 30 30 30 30 30 30 30 30 30 30 30 0D
1779565890086,74 34 35 35 38 45 41 46 46 30 37 30 30 39 46 46 46 30 30 30 30 0D
1779565890091,74 34 35 31 38 30 30 30 30 30 30 30 30 30 30 30 30 30 30 30 30 0D
1779565890096,74 34 35 36 38 45 44 46 46 30 37 30 30 30 34 30 30 30 30 30 30 0D
1779565890110,74 34 35 31 38 30 30 30 30 30 30 30 30 30 30 30 30 30 30 30 30 0D
1779565890119,74 34 35 35 38 45 41 46 46 30 37 30 30 39 46 46 46 30 30 30 30 0D
1779565890128,74 34 35 30 38 30 30 30 30 30 37 30 30 30 30 30 30 45 34 30 35 0D
1779565890138,74 34 35 31 38 30 30 30 30 30 30 30 30 30 30 30 30 30 30 30 30 0D
1779565890149,74 34 35 31 38 30 30 30 30 30 30 30 30 30 30 30 30 30 30 30 30 0D
1779565890160,74 34 35 35 38 45 41 46 46 30 37 30 30 39 46 46 46 30 30 30 30 0D
1779565890168,74 34 35 31 38 30 30 30 30 30 30 30 30 30 30 30 30 30 30 30 30 0D
1779565890184,74 34 35 35 38 45 41 46 46 30 37 30 30 39 46 46 46 30 30 30 30 0D
1779565890186,74 34 35 31 38 30 30 30 30 30 30 30 30 30 30 30 30 30 30 30 30 0D
1779565890197,74 34 35 35 38 45 41 46 46 30 37 30 30 39 46 46 46 30 30 30 30 0D
1779565890207,74 34 35 31 38 30 30 30 30 30 30 30 30 30 30 30 30 30 30 30 30 0D
1779565890219,74 34 35 35 38 45 41 46 46 30 37 30 30 39 46 46 46 30 30 30 30 0D
1779565890228,74 34 35 30 38 30 30 30 30 30 37 30 30 30 30 30 30 45 34 30 35 0D
1779565890245,74 34 35 31 38 30 30 30 30 30 30 30 30 30 30 30 30 30 30 30 30 0D
1779565890250,74 34 35 31 38 30 30 30 30 30 30 30 30 30 30 30 30 30 30 30 30 0D
1779565890256,74 34 35 35 38 45 41 46 46 30 37 30 30 39 46 46 46 30 30 30 30 0D
1779565890269,74 34 35 31 38 30 30 30 30 30 30 30 30 30 30 30 30 30 30 30 30 0D
1779565890286,74 34 35 35 38 45 41 46 46 30 37 30 30 39 45 46 46 30 30 30 30 0D
1779565890302,74 34 35 36 38 45 44 46 46 30 37 30 30 30 34 30 30 30 30 30 30 0D
1779565890309,74 34 35 31 38 30 30 30 30 30 30 30 30 30 30 30 30 30 30 30 30 0D
1779565890317,74 34 35 35 38 45 41 46 46 30 37 30 30 39 45 46 46 30 30 30 30 0D
1779565890328,74 34 35 30 38 30 30 30 30 30 37 30 30 30 30 30 30 45 34 30 35 0D
1779565890339,74 34 35 31 38 30 30 30 30 30 30 30 30 30 30 30 30 30 30 30 30 0D
1779565890349,74 34 35 31 38 30 30 30 30 30 30 30 30 30 30 30 30 30 30 30 30 0D
1779565890357,74 34 35 35 38 45 41 46 46 30 37 30 30 39 45 46 46 30 30 30 30 0D
1779565890368,74 34 35 31 38 30 30 30 30 30 30 30 30 30 30 30 30 30 30 30 30 0D
1779565890384,74 34 35 35 38 45 41 46 46 30 37 30 30 39 45 46 46 30 30 30 30 0D
1779565890392,74 34 35 31 38 30 30 30 30 30 30 30 30 30 30 30 30 30 30 30 30 0D
1779565890399,74 34 35 35 38 45 41 46 46 30 37 30 30 39 45 46 46 30 30 30 30 0D
1779565890406,74 34 35 31 38 30 30 30 30 30 30 30 30 30 30 30 30 30 30 30 30 0D
1779565890420,74 34 35 35 38 45 41 46 46 30 37 30 30 39 45 46 46 30 30 30 30 0D
1779565890426,74 34 35 30 38 30 30 30 30 30 37 30 30 30 30 30 30 45 34 30 35 0D
1779565890437,74 34 35 31 38 30 30 30 30 30 30 30 30 30 30 30 30 30 30 30 30 0D
1779565890448,74 34 35 31 38 30 30 30 30 30 30 30 30 30 30 30 30 30 30 30 30 0D
1779565890470,74 34 35 35 38 45 41 46 46 30 37 30 30 39 45 46 46 30 30 30 30 0D
1779565890482,74 34 35 35 38 45 41 46 46 30 37 30 30 39 45 46 46 30 30 30 30 0D
1779565890489,74 34 35 37 38 30 30 30 30 30 31 30 30 36 34 31 34 30 30 30 30 0D
1779565890502,74 34 35 31 38 30 30 30 30 30 30 30 30 30 30 30 30 30 30 30 30 0D
1779565890510,74 34 35 31 38 30 30 30 30 30 30 30 30 30 30 30 30 30 30 30 30 0D
1779565890527,74 34 35 30 38 30 30 30 30 30 37 30 30 30 30 30 30 45 34 30 35 0D
1779565890538,74 34 35 31 38 30 30 30 30 30 30 30 30 30 30 30 30 30 30 30 30 0D
1779565890550,74 34 35 31 38 30 30 30 30 30 30 30 30 30 30 30 30 30 30 30 30 0D
1779565890556,74 34 35 35 38 45 39 46 46 30 36 30 30 39 46 46 46 30 30 30 30 0D
1779565890568,74 34 35 31 38 30 30 30 30 30 30 30 30 30 30 30 30 30 30 30 30 0D
1779565890574,74 34 35 35 38 45 39 46 46 30 36 30 30 39 46 46 46 30 30 30 30 0D
1779565890587,74 34 35 36 38 45 44 46 46 30 37 30 30 30 34 30 30 30 30 30 30 0D
1779565890590,74 34 35 31 38 30 30 30 30 30 30 30 30 30 30 30 30 30 30 30 30 0D
1779565890611,74 34 35 31 38 30 30 30 30 30 30 30 30 30 30 30 30 30 30 30 30 0D
1779565890616,74 34 35 35 38 45 39 46 46 30 36 30 30 39 46 46 46 30 30 30 30 0D
1779565890634,74 34 35 30 38 30 30 30 30 30 37 30 30 30 30 30 30 45 34 30 35 0D
1779565890639,74 34 35 31 38 30 30 30 30 30 30 30 30 30 30 30 30 30 30 30 30 0D
1779565890647,74 34 35 31 38 30 30 30 30 30 30 30 30 30 30 30 30 30 30 30 30 0D
1779565890657,74 34 35 35 38 45 39 46 46 30 36 30 30 39 46 46 46 30 30 30 30 0D
1779565890669,74 34 35 31 38 30 30 30 30 30 30 30 30 30 30 30 30 30 30 30 30 0D
1779565890674,74 34 35 35 38 45 41 46 46 30 38 30 30 39 46 46 46 30 30 30 30 0D
1779565890680,74 34 35 37 38 30 30 30 30 30 31 30 30 36 34 31 34 30 30 30 30 0D
1779565890687,74 34 35 31 38 30 30 30 30 30 30 30 30 30 30 30 30 30 30 30 30 0D
1779565890698,74 34 35 35 38 45 41 46 46 30 38 30 30 39 46 46 46 30 30 30 30 0D
1779565890706,74 34 35 31 38 30 30 30 30 30 30 30 30 30 30 30 30 30 30 30 30 0D
1779565890718,74 34 35 35 38 45 41 46 46 30 38 30 30 39 46 46 46 30 30 30 30 0D
1779565890731,74 34 35 30 38 30 30 30 30 30 37 30 30 30 30 30 30 45 34 30 35 0D
1779565890738,74 34 35 31 38 30 30 30 30 30 30 30 30 30 30 30 30 30 30 30 30 0D
1779565890749,74 34 35 31 38 30 30 30 30 30 30 30 30 30 30 30 30 30 30 30 30 0D
1779565890759,74 34 35 35 38 45 41 46 46 30 38 30 30 39 46 46 46 30 30 30 30 0D
1779565890769,74 34 35 31 38 30 30 30 30 30 30 30 30 30 30 30 30 30 30 30 30 0D
1779565890797,74 34 35 35 38 45 41 46 46 30 38 30 30 39 46 46 46 30 30 30 30 0D
1779565890809,74 34 35 31 38 30 30 30 30 30 30 30 30 30 30 30 30 30 30 30 30 0D
1779565890823,74 34 35 35 38 45 41 46 46 30 38 30 30 39 46 46 46 30 30 30 30 0D
1779565890829,74 34 35 30 38 30 30 30 30 30 37 30 30 30 30 30 30 45 34 30 35 0D
1779565890842,74 34 35 31 38 30 30 30 30 30 30 30 30 30 30 30 30 30 30 30 30 0D
1779565890849,74 34 35 31 38 30 30 30 30 30 30 30 30 30 30 30 30 30 30 30 30 0D
1779565890859,74 34 35 35 38 45 41 46 46 30 38 30 30 39 46 46 46 30 30 30 30 0D
1779565890868,74 34 35 31 38 30 30 30 30 30 30 30 30 30 30 30 30 30 30 30 30 0D
1779565890877,74 34 35 35 38 45 41 46 46 30 37 30 30 39 46 46 46 30 30 30 30 0D
1779565890893,74 34 35 37 38 30 30 30 30 30 30 30 30 36 34 31 34 30 30 30 30 0D
1779565890900,74 34 35 35 38 45 41 46 46 30 37 30 30 39 46 46 46 30 30 30 30 0D
1779565890911,74 34 35 31 38 30 30 30 30 30 30 30 30 30 30 30 30 30 30 30 30 0D
1779565890916,74 34 35 35 38 45 41 46 46 30 37 30 30 39 46 46 46 30 30 30 30 0D
1779565890931,74 34 35 30 38 30 30 30 30 30 37 30 30 30 30 30 30 45 34 30 35 0D
1779565890947,74 34 35 32 38 38 43 30 30 30 30 30 30 30 30 30 30 32 37 30 30 0D 74 34 35 33 38 39 45 30 30 30 30 30 30 30 30 30 30 30 30 30 30 0D 74 34 35 34 38 30 31 30 30 30 30 30 30 30 30 30 30 30 30 30
1779565890958,74 34 35 35 38 45 41 46 46 30 37 30 30 39 46 46 46 30 30 30 30 0D
1779565890968,74 34 35 31 38 30 30 30 30 30 30 30 30 30 30 30 30 30 30 30 30 0D
1779565891002,74 34 35 35 38 45 41 46 46 30 37 30 30 39 46 46 46 30 30 30 30 0D
1779565891010,74 34 35 31 38 30 30 30 30 30 30 30 30 30 30 30 30 30 30 30 30 0D
1779565891023,74 34 35 35 38 45 41 46 46 30 37 30 30 39 46 46 46 30 30 30 30 0D
1779565891032,74 34 35 30 38 30 30 30 30 30 37 30 30 30 30 30 30 45 34 30 35 0D
1779565891036,74 34 35 31 38 30 30 30 30 30 30 30 30 30 30 30 30 30 30 30 30 0D
1779565891050,74 34 35 31 38 30 30 30 30 30 30 30 30 30 30 30 30 30 30 30 30 0D
1779565891067,74 34 35 35 38 45 41 46 46 30 37 30 30 39 46 46 46 30 30 30 30 0D
1779565891072,74 34 35 31 38 30 30 30 30 30 30 30 30 30 30 30 30 30 30 30 30 0D
1779565891105,74 34 35 35 38 45 41 46 46 30 37 30 30 39 46 46 46 30 30 30 30 0D
1779565891115,74 34 35 31 38 30 30 30 30 30 30 30 30 30 30 30 30 30 30 30 30 0D
1779565891123,74 34 35 35 38 45 41 46 46 30 37 30 30 39 46 46 46 30 30 30 30 0D
1779565891130,74 34 35 30 38 30 30 30 30 30 37 30 30 30 30 30 30 45 34 30 35 0D
1779565891141,74 34 35 31 38 30 30 30 30 30 30 30 30 30 30 30 30 30 30 30 30 0D
1779565891151,74 34 35 31 38 30 30 30 30 30 30 30 30 30 30 30 30 30 30 30 30 0D
1779565891161,74 34 35 35 38 45 41 46 46 30 37 30 30 39 46 46 46 30 30 30 30 0D
1779565891171,74 34 35 31 38 30 30 30 30 30 30 30 30 30 30 30 30 30 30 30 30 0D
1779565891179,74 34 35 35 38 45 41 46 46 30 37 30 30 39 46 46 46 30 30 30 30 0D
1779565891188,74 34 35 37 38 30 30 30 30 30 30 30 30 36 34 31 34 30 30 30 30 0D
1779565891196,74 34 35 31 38 30 30 30 30 30 30 30 30 30 30 30 30 30 30 30 30 0D
1779565891207,74 34 35 31 38 30 30 30 30 30 30 30 30 30 30 30 30 30 30 30 30 0D
1779565891218,74 34 35 36 38 45 44 46 46 30 37 30 30 30 34 30 30 30 30 30 30 0D
1779565891232,74 34 35 30 38 30 30 30 30 30 37 30 30 30 30 30 30 45 34 30 35 0D
1779565891239,74 34 35 31 38 30 30 30 30 30 30 30 30 30 30 30 30 30 30 30 30 0D
1779565891250,74 34 35 31 38 30 30 30 30 30 30 30 30 30 30 30 30 30 30 30 30 0D
1779565891262,74 34 35 35 38 45 41 46 46 30 37 30 30 39 46 46 46 30 30 30 30 0D
1779565891269,74 34 35 31 38 30 30 30 30 30 30 30 30 30 30 30 30 30 30 30 30 0D
1779565891281,74 34 35 35 38 45 41 46 46 30 37 30 30 39 46 46 46 30 30 30 30 0D
1779565891288,74 34 35 31 38 30 30 30 30 30 30 30 30 30 30 30 30 30 30 30 30 0D
1779565891301,74 34 35 35 38 45 41 46 46 30 37 30 30 39 46 46 46 30 30 30 30 0D
1779565891305,74 34 35 31 38 30 30 30 30 30 30 30 30 30 30 30 30 30 30 30 30 0D
1779565891319,74 34 35 35 38 45 41 46 46 30 37 30 30 39 46 46 46 30 30 30 30 0D
1779565891333,74 34 35 30 38 30 30 30 30 30 37 30 30 30 30 30 30 45 34 30 35 0D
1779565891346,74 34 35 31 38 30 30 30 30 30 30 30 30 30 30 30 30 30 30 30 30 0D
1779565891351,74 34 35 31 38 30 30 30 30 30 30 30 30 30 30 30 30 30 30 30 30 0D
1779565891368,74 34 35 35 38 45 41 46 46 30 37 30 30 39 46 46 46 30 30 30 30 0D
1779565891372,74 34 35 31 38 30 30 30 30 30 30 30 30 30 30 30 30 30 30 30 30 0D
1779565891388,74 34 35 35 38 45 41 46 46 30 37 30 30 39 46 46 46 30 30 30 30 0D
1779565891393,74 34 35 31 38 30 30 30 30 30 30 30 30 30 30 30 30 30 30 30 30 0D
1779565891399,74 34 35 36 38 45 44 46 46 30 37 30 30 30 33 30 30 30 30 30 30 0D
1779565891407,74 34 35 31 38 30 30 30 30 30 30 30 30 30 30 30 30 30 30 30 30 0D
1779565891420,74 34 35 35 38 45 41 46 46 30 37 30 30 39 46 46 46 30 30 30 30 0D
1779565891432,74 34 35 30 38 30 30 30 30 30 37 30 30 30 30 30 30 45 34 30 35 0D
1779565891440,74 34 35 31 38 30 30 30 30 30 30 30 30 30 30 30 30 30 30 30 30 0D
1779565891451,74 34 35 31 38 30 30 30 30 30 30 30 30 30 30 30 30 30 30 30 30 0D
1779565891455,74 34 35 35 38 45 41 46 46 30 37 30 30 39 46 46 46 30 30 30 30 0D
1779565891469,74 34 35 31 38 30 30 30 30 30 30 30 30 30 30 30 30 30 30 30 30 0D
1779565891482,74 34 35 35 38 45 41 46 46 30 37 30 30 39 46 46 46 30 30 30 30 0D
1779565891501,74 34 35 37 38 30 30 30 30 30 30 30 30 36 34 31 34 30 30 30 30 0D
1779565891509,74 34 35 31 38 30 30 30 30 30 30 30 30 30 30 30 30 30 30 30 30 0D
1779565891520,74 34 35 35 38 45 41 46 46 30 37 30 30 39 46 46 46 30 30 30 30 0D
1779565891531,74 34 35 30 38 30 30 30 30 30 37 30 30 30 30 30 30 45 34 30 35 0D
1779565891538,74 34 35 31 38 30 30 30 30 30 30 30 30 30 30 30 30 30 30 30 30 0D
1779565891549,74 34 35 31 38 30 30 30 30 30 30 30 30 30 30 30 30 30 30 30 30 0D
1779565891562,74 34 35 35 38 45 41 46 46 30 37 30 30 39 46 46 46 30 30 30 30 0D
1779565891569,74 34 35 31 38 30 30 30 30 30 30 30 30 30 30 30 30 30 30 30 30 0D
1779565891580,74 34 35 35 38 45 41 46 46 30 37 30 30 39 46 46 46 30 30 30 30 0D
1779565891587,74 34 35 31 38 30 30 30 30 30 30 30 30 30 30 30 30 30 30 30 30 0D
1779565891597,74 34 35 35 38 45 41 46 46 30 37 30 30 39 46 46 46 30 30 30 30 0D
1779565891608,74 34 35 31 38 30 30 30 30 30 30 30 30 30 30 30 30 30 30 30 30 0D
1779565891618,74 34 35 35 38 45 41 46 46 30 37 30 30 39 46 46 46 30 30 30 30 0D
1779565891630,74 34 35 30 38 30 30 30 30 30 37 30 30 30 30 30 30 45 34 30 35 0D
1779565891637,74 34 35 31 38 30 30 30 30 30 30 30 30 30 30 30 30 30 30 30 30 0D
1779565891655,74 34 35 31 38 30 30 30 30 30 30 30 30 30 30 30 30 30 30 30 30 0D
1779565891667,74 34 35 35 38 45 41 46 46 30 37 30 30 39 46 46 46 30 30 30 30 0D
1779565891671,74 34 35 31 38 30 30 30 30 30 30 30 30 30 30 30 30 30 30 30 30 0D
1779565891679,74 34 35 37 38 30 30 30 30 30 31 30 30 36 34 31 34 30 30 30 30 0D
1779565891686,74 34 35 39 38 37 30 41 34 42 45 31 36 43 35 31 41 30 33 42 37 0D
1779565891691,74 34 35 31 38 30 30 30 30 30 30 30 30 30 30 30 30 30 30 30 30 0D
1779565891712,74 34 35 31 38 30 30 30 30 30 30 30 30 30 30 30 30 30 30 30 30 0D
1779565891722,74 34 35 35 38 45 41 46 46 30 37 30 30 39 45 46 46 30 30 30 30 0D
1779565891730,74 34 35 30 38 30 30 30 30 30 37 30 30 30 30 30 30 45 34 30 35 0D
1779565891743,74 34 35 31 38 30 30 30 30 30 30 30 30 30 30 30 30 30 30 30 30 0D
1779565891751,74 34 35 31 38 30 30 30 30 30 30 30 30 30 30 30 30 30 30 30 30 0D
1779565891755,74 34 35 35 38 45 41 46 46 30 37 30 30 39 45 46 46 30 30 30 30 0D
1779565891770,74 34 35 31 38 30 30 30 30 30 30 30 30 30 30 30 30 30 30 30 30 0D
1779565891788,74 34 35 35 38 45 41 46 46 30 37 30 30 39 45 46 46 30 30 30 30 0D
1779565891802,74 34 35 31 38 30 30 30 30 30 30 30 30 30 30 30 30 30 30 30 30 0D
1779565891812,74 34 35 31 38 30 30 30 30 30 30 30 30 30 30 30 30 30 30 30 30 0D
1779565891820,74 34 35 35 38 45 41 46 46 30 37 30 30 39 45 46 46 30 30 30 30 0D
1779565891831,74 34 35 30 38 30 30 30 30 30 37 30 30 30 30 30 30 45 34 30 35 0D
1779565891847,74 34 35 31 38 30 30 30 30 30 30 30 30 30 30 30 30 30 30 30 30 0D
1779565891854,74 34 35 31 38 30 30 30 30 30 30 30 30 30 30 30 30 30 30 30 30 0D
1779565891861,74 34 35 35 38 45 41 46 46 30 37 30 30 39 45 46 46 30 30 30 30 0D
1779565891870,74 34 35 31 38 30 30 30 30 30 30 30 30 30 30 30 30 30 30 30 30 0D
1779565891898,74 34 35 35 38 45 41 46 46 30 37 30 30 39 45 46 46 30 30 30 30 0D
1779565891907,74 34 35 31 38 30 30 30 30 30 30 30 30 30 30 30 30 30 30 30 30 0D
1779565891923,74 34 35 35 38 45 41 46 46 30 37 30 30 39 45 46 46 30 30 30 30 0D
1779565891930,74 34 35 30 38 30 30 30 30 30 37 30 30 30 30 30 30 45 34 30 35 0D
1779565891951,74 34 35 31 38 30 30 30 30 30 30 30 30 30 30 30 30 30 30 30 30 0D
1779565891963,74 34 35 35 38 45 42 46 46 30 37 30 30 39 46 46 46 30 30 30 30 0D
1779565891968,74 34 35 31 38 30 30 30 30 30 30 30 30 30 30 30 30 30 30 30 30 0D
1779565891979,74 34 35 35 38 45 42 46 46 30 37 30 30 39 46 46 46 30 30 30 30 0D
1779565891994,74 34 35 31 38 30 30 30 30 30 30 30 30 30 30 30 30 30 30 30 30 0D
1779565891999,74 34 35 35 38 45 42 46 46 30 37 30 30 39 46 46 46 30 30 30 30 0D
1779565892013,74 34 35 31 38 30 30 30 30 30 30 30 30 30 30 30 30 30 30 30 30 0D
1779565892020,74 34 35 35 38 45 42 46 46 30 37 30 30 39 46 46 46 30 30 30 30 0D
1779565892031,74 34 35 30 38 30 30 30 30 30 37 30 30 30 30 30 30 45 34 30 35 0D
1779565892046,74 34 35 31 38 30 30 30 30 30 30 30 30 30 30 30 30 30 30 30 30 0D
1779565892050,74 34 35 31 38 30 30 30 30 30 30 30 30 30 30 30 30 30 30 30 30 0D
1779565892062,74 34 35 35 38 45 42 46 46 30 37 30 30 39 46 46 46 30 30 30 30 0D
1779565892068,74 34 35 31 38 30 30 30 30 30 30 30 30 30 30 30 30 30 30 30 30 0D
1779565892086,74 34 35 35 38 45 42 46 46 30 37 30 30 39 46 46 46 30 30 30 30 0D
1779565892090,74 34 35 31 38 30 30 30 30 30 30 30 30 30 30 30 30 30 30 30 30 0D
1779565892098,74 34 35 35 38 45 42 46 46 30 37 30 30 39 46 46 46 30 30 30 30 0D
1779565892110,74 34 35 31 38 30 30 30 30 30 30 30 30 30 30 30 30 30 30 30 30 0D
1779565892116,74 34 35 35 38 45 42 46 46 30 37 30 30 39 46 46 46 30 30 30 30 0D
1779565892130,74 34 35 30 38 30 30 30 30 30 37 30 30 30 30 30 30 45 34 30 35 0D
1779565892146,74 34 35 31 38 30 30 30 30 30 30 30 30 30 30 30 30 30 30 30 30 0D
1779565892151,74 34 35 31 38 30 30 30 30 30 30 30 30 30 30 30 30 30 30 30 30 0D
1779565892162,74 34 35 35 38 45 41 46 46 30 38 30 30 39 46 46 46 30 30 30 30 0D
1779565892168,74 34 35 31 38 30 30 30 30 30 30 30 30 30 30 30 30 30 30 30 30 0D
1779565892180,74 34 35 35 38 45 41 46 46 30 38 30 30 39 46 46 46 30 30 30 30 0D
1779565892196,74 34 35 31 38 30 30 30 30 30 30 30 30 30 30 30 30 30 30 30 30 0D
1779565892211,74 34 35 31 38 30 30 30 30 30 30 30 30 30 30 30 30 30 30 30 30 0D
1779565892270,74 34 35 35 38 45 41 46 46 30 38 30 30 39 46 46 46 30 30 30 30 0D
1779565892283,74 34 35 30 38 30 30 30 30 30 37 30 30 30 30 30 30 45 34 30 35 0D
1779565892288,74 34 35 31 38 30 30 30 30 30 30 30 30 30 30 30 30 30 30 30 30 0D 74 34 35 31 38 30 30 30 30 30 30 30 30 30 30 30 30 30 30 30 30 0D 74 34 35 35 38 45 41 46 46 30 38 30 30 39 46 46 46 30 30 30 30 0D 74 34 35 31 38 30 30 30 30 30 30 30 30 30 30 30 30 30 30 30 30 0D
1779565892296,74 34 35 35 38 45 41 46 46 30 38 30 30 39 46 46 46 30 30 30 30 0D
1779565892306,74 34 35 39 38 36 46 41 34 42 45 31 36 43 36 31 41 30 33 42 37 0D
1779565892314,74 34 35 31 38 30 30 30 30 30 30 30 30 30 30 30 30 30 30 30 30 0D
1779565892319,74 34 35 35 38 45 41 46 46 30 38 30 30 39 46 46 46 30 30 30 30 0D
1779565892326,74 34 35 30 38 30 30 30 30 30 37 30 30 30 30 30 30 45 34 30 35 0D
1779565892346,74 34 35 31 38 30 30 30 30 30 30 30 30 30 30 30 30 30 30 30 30 0D
1779565892350,74 34 35 31 38 30 30 30 30 30 30 30 30 30 30 30 30 30 30 30 30 0D
1779565892361,74 34 35 35 38 45 41 46 46 30 37 30 30 39 45 46 46 30 30 30 30 0D
1779565892367,74 34 35 31 38 30 30 30 30 30 30 30 30 30 30 30 30 30 30 30 30 0D
1779565892381,74 34 35 35 38 45 41 46 46 30 37 30 30 39 45 46 46 30 30 30 30 0D
1779565892394,74 34 35 37 38 30 30 30 30 30 30 30 30 36 34 31 34 30 30 30 30 0D
1779565892408,74 34 35 31 38 30 30 30 30 30 30 30 30 30 30 30 30 30 30 30 30 0D
1779565892416,74 34 35 35 38 45 41 46 46 30 37 30 30 39 45 46 46 30 30 30 30 0D
1779565892426,74 34 35 30 38 30 30 30 30 30 37 30 30 30 30 30 30 45 34 30 35 0D
1779565892444,74 34 35 31 38 30 30 30 30 30 30 30 30 30 30 30 30 30 30 30 30 0D
1779565892450,74 34 35 31 38 30 30 30 30 30 30 30 30 30 30 30 30 30 30 30 30 0D
1779565892462,74 34 35 35 38 45 41 46 46 30 37 30 30 39 45 46 46 30 30 30 30 0D
1779565892468,74 34 35 31 38 30 30 30 30 30 30 30 30 30 30 30 30 30 30 30 30 0D
1779565892488,74 34 35 35 38 45 41 46 46 30 37 30 30 39 46 46 46 30 30 30 30 0D
1779565892496,74 34 35 31 38 30 30 30 30 30 30 30 30 30 30 30 30 30 30 30 30 0D
1779565892507,74 34 35 31 38 30 30 30 30 30 30 30 30 30 30 30 30 30 30 30 30 0D
1779565892528,74 34 35 35 38 45 41 46 46 30 37 30 30 39 46 46 46 30 30 30 30 0D
1779565892536,74 34 35 31 38 30 30 30 30 30 30 30 30 30 30 30 30 30 30 30 30 0D
1779565892547,30 0D 74 34 35 36 38 45 45 46 46 30 37 30 30 30 34 30 30 30 30 30 30 0D 74 34 35 37 38 30 30 30 30 30 30 30 30 36 34 31 34 30 30 30 30 0D 74 34 35 39 38 36 45 41 34 42 45 31 36 43 36 31 41 30 74 34 35 31 38 30 30 30 30 30 30 30 30 30 30 30 30 30 30 30 30 0D
1779565892561,74 34 35 35 38 45 41 46 46 30 37 30 30 39 46 46 46 30 30 30 30 0D
1779565892568,74 34 35 31 38 30 30 30 30 30 30 30 30 30 30 30 30 30 30 30 30 0D
1779565892598,74 34 35 35 38 45 41 46 46 30 37 30 30 39 46 46 46 30 30 30 30 0D
1779565892613,74 34 35 31 38 30 30 30 30 30 30 30 30 30 30 30 30 30 30 30 30 0D
1779565892619,74 34 35 35 38 45 41 46 46 30 37 30 30 39 46 46 46 30 30 30 30 0D
1779565892632,74 34 35 30 38 30 30 30 30 30 37 30 30 30 30 30 30 45 34 30 35 0D
1779565892642,74 34 35 31 38 30 30 30 30 30 30 30 30 30 30 30 30 30 30 30 30 0D
1779565892647,74 34 35 31 38 30 30 30 30 30 30 30 30 30 30 30 30 30 30 30 30 0D
1779565892661,74 34 35 35 38 45 41 46 46 30 37 30 30 39 46 46 46 30 30 30 30 0D
1779565892677,74 34 35 31 38 30 30 30 30 30 30 30 30 30 30 30 30 30 30 30 30 0D
1779565892680,74 34 35 37 38 30 30 30 30 30 30 30 30 36 34 31 34 30 30 30 30 0D
1779565892698,74 34 35 39 38 36 45 41 34 42 45 31 36 43 36 31 41 30 33 42 37 0D
1779565892710,74 34 35 31 38 30 30 30 30 30 30 30 30 30 30 30 30 30 30 30 30 0D
1779565892716,74 34 35 35 38 45 41 46 46 30 37 30 30 39 45 46 46 30 30 30 30 0D
1779565892729,74 34 35 30 38 30 30 30 30 30 37 30 30 30 30 30 30 45 34 30 35 0D
1779565892741,74 34 35 31 38 30 30 30 30 30 30 30 30 30 30 30 30 30 30 30 30 0D
1779565892749,74 34 35 31 38 30 30 30 30 30 30 30 30 30 30 30 30 30 30 30 30 0D
1779565892761,74 34 35 35 38 45 41 46 46 30 37 30 30 39 45 46 46 30 30 30 30 0D
1779565892770,74 34 35 31 38 30 30 30 30 30 30 30 30 30 30 30 30 30 30 30 30 0D
1779565892784,74 34 35 35 38 45 41 46 46 30 37 30 30 39 45 46 46 30 30 30 30 0D
1779565892788,74 34 35 37 38 30 30 30 30 30 31 30 30 36 34 31 34 30 30 30 30 0D
1779565892801,74 34 35 39 38 36 44 41 34 42 45 31 36 43 37 31 41 30 33 42 37 0D
1779565892807,74 34 35 31 38 30 30 30 30 30 30 30 30 30 30 30 30 30 30 30 30 0D
1779565892821,74 34 35 35 38 45 41 46 46 30 37 30 30 39 45 46 46 30 30 30 30 0D
1779565892837,74 34 35 30 38 30 30 30 30 30 37 30 30 30 30 30 30 45 34 30 35 0D
1779565892850,30 30 30 0D 74 34 35 39 38 36 44 41 34 42 45 31 36 43 37 31 41 30 33 42 37 0D
1779565892861,74 34 35 35 38 45 41 46 46 30 37 30 30 39 45 46 46 30 30 30 30 0D
1779565892867,74 34 35 31 38 30 30 30 30 30 30 30 30 30 30 30 30 30 30 30 30 0D
1779565892899,74 34 35 35 38 45 41 46 46 30 37 30 30 39 46 46 46 30 30 30 30 0D
1779565892912,74 34 35 31 38 30 30 30 30 30 30 30 30 30 30 30 30 30 30 30 30 0D
1779565892928,74 34 35 35 38 45 41 46 46 30 37 30 30 39 46 46 46 30 30 30 30 0D
1779565892935,74 34 35 30 38 30 30 30 30 30 37 30 30 30 30 30 30 45 34 30 35 0D
1779565892945,74 34 35 32 38 38 43 30 30 30 30 30 30 30 30 30 30 30 30 30 30 0D 74 34 35 33 38 39 45 30 30 30 30 30 30 30 30 30 30 30 30 30 30 0D
1779565892950,74 34 35 31 38 30 30 30 30 30 30 30 30 30 30 30 30 30 30 30 30 0D
1779565892972,74 34 35 31 38 30 30 30 30 30 30 30 30 30 30 30 30 30 30 30 30 0D
1779565892994,74 34 35 35 38 45 41 46 46 30 37 30 30 39 46 46 46 30 30 30 30 0D
1779565893011,74 34 35 31 38 30 30 30 30 30 30 30 30 30 30 30 30 30 30 30 30 0D
1779565893040,74 34 35 35 38 45 41 46 46 30 37 30 30 39 46 46 46 30 30 30 30 0D
1779565893048,74 34 35 31 38 30 30 30 30 30 30 30 30 30 30 30 30 30 30 30 30 0D
1779565893065,74 34 35 35 38 45 41 46 46 30 37 30 30 39 46 46 46 30 30 30 30 0D
1779565893067,74 34 35 31 38 30 30 30 30 30 30 30 30 30 30 30 30 30 30 30 30 0D
1779565893083,74 34 35 35 38 45 41 46 46 30 37 30 30 39 46 46 46 30 30 30 30 0D
1779565893089,74 34 35 31 38 30 30 30 30 30 30 30 30 30 30 30 30 30 30 30 30 0D
1779565893097,74 34 35 35 38 45 41 46 46 30 37 30 30 39 46 46 46 30 30 30 30 0D
1779565893109,74 34 35 31 38 30 30 30 30 30 30 30 30 30 30 30 30 30 30 30 30 0D
1779565893122,74 34 35 35 38 45 41 46 46 30 37 30 30 39 46 46 46 30 30 30 30 0D
1779565893131,74 34 35 30 38 30 30 30 30 30 37 30 30 30 30 30 30 45 34 30 35 0D
1779565893142,74 34 35 31 38 30 30 30 30 30 30 30 30 30 30 30 30 30 30 30 30 0D
1779565893151,74 34 35 31 38 30 30 30 30 30 30 30 30 30 30 30 30 30 30 30 30 0D
1779565893173,74 34 35 31 38 30 30 30 30 30 30 30 30 30 30 30 30 30 30 30 30 0D
1779565893193,74 34 35 35 38 45 41 46 46 30 37 30 30 39 46 46 46 30 30 30 30 0D
1779565893199,74 34 35 36 38 45 45 46 46 30 37 30 30 30 34 30 30 30 30 30 30 0D
1779565893211,74 34 35 31 38 30 30 30 30 30 30 30 30 30 30 30 30 30 30 30 30 0D
1779565893215,74 34 35 35 38 45 41 46 46 30 37 30 30 39 46 46 46 30 30 30 30 0D
1779565893227,74 34 35 30 38 30 30 30 30 30 37 30 30 30 30 30 30 45 34 30 35 0D
1779565893242,74 34 35 31 38 30 30 30 30 30 30 30 30 30 30 30 30 30 30 30 30 0D
1779565893246,74 34 35 31 38 30 30 30 30 30 30 30 30 30 30 30 30 30 30 30 30 0D
1779565893257,74 34 35 35 38 45 41 46 46 30 37 30 30 39 46 46 46 30 30 30 30 0D
1779565893272,74 34 35 31 38 30 30 30 30 30 30 30 30 30 30 30 30 30 30 30 30 0D
1779565893288,74 34 35 35 38 45 41 46 46 30 37 30 30 39 46 46 46 30 30 30 30 0D
1779565893293,74 34 35 31 38 30 30 30 30 30 30 30 30 30 30 30 30 30 30 30 30 0D
1779565893297,74 34 35 35 38 45 41 46 46 30 37 30 30 39 46 46 46 30 30 30 30 0D
1779565893308,74 34 35 31 38 30 30 30 30 30 30 30 30 30 30 30 30 30 30 30 30 0D
1779565893317,74 34 35 35 38 45 41 46 46 30 37 30 30 39 46 46 46 30 30 30 30 0D
1779565893329,74 34 35 30 38 30 30 30 30 30 37 30 30 30 30 30 30 45 34 30 35 0D
1779565893338,74 34 35 31 38 30 30 30 30 30 30 30 30 30 30 30 30 30 30 30 30 0D
1779565893347,74 34 35 31 38 30 30 30 30 30 30 30 30 30 30 30 30 30 30 30 30 0D
1779565893359,74 34 35 35 38 45 41 46 46 30 37 30 30 39 46 46 46 30 30 30 30 0D
1779565893365,74 34 35 31 38 30 30 30 30 30 30 30 30 30 30 30 30 30 30 30 30 0D
1779565893384,74 34 35 35 38 45 41 46 46 30 37 30 30 39 46 46 46 30 30 30 30 0D
1779565893394,74 34 35 31 38 30 30 30 30 30 30 30 30 30 30 30 30 30 30 30 30 0D
1779565893400,74 34 35 35 38 45 41 46 46 30 37 30 30 39 46 46 46 30 30 30 30 0D
1779565893410,74 34 35 31 38 30 30 30 30 30 30 30 30 30 30 30 30 30 30 30 30 0D
1779565893421,74 34 35 35 38 45 41 46 46 30 37 30 30 39 46 46 46 30 30 30 30 0D
1779565893426,74 34 35 30 38 30 30 30 30 30 37 30 30 30 30 30 30 45 34 30 35 0D
1779565893441,74 34 35 31 38 30 30 30 30 30 30 30 30 30 30 30 30 30 30 30 30 0D
1779565893448,74 34 35 31 38 30 30 30 30 30 30 30 30 30 30 30 30 30 30 30 30 0D
1779565893459,74 34 35 35 38 45 41 46 46 30 37 30 30 39 46 46 46 30 30 30 30 0D
1779565893473,74 34 35 31 38 30 30 30 30 30 30 30 30 30 30 30 30 30 30 30 30 0D
1779565893504,74 34 35 37 38 30 30 30 30 30 30 30 30 36 34 31 34 30 30 30 30 0D
1779565893512,74 34 35 31 38 30 30 30 30 30 30 30 30 30 30 30 30 30 30 30 30 0D
1779565893526,74 34 35 35 38 45 41 46 46 30 37 30 30 39 46 46 46 30 30 30 30 0D
1779565893532,74 34 35 30 38 30 30 30 30 30 37 30 30 30 30 30 30 45 34 30 35 0D
1779565893540,74 34 35 31 38 30 30 30 30 30 30 30 30 30 30 30 30 30 30 30 30 0D
1779565893546,74 34 35 31 38 30 30 30 30 30 30 30 30 30 30 30 30 30 30 30 30 0D
1779565893561,74 34 35 35 38 45 41 46 46 30 37 30 30 39 46 46 46 30 30 30 30 0D
1779565893575,74 34 35 31 38 30 30 30 30 30 30 30 30 30 30 30 30 30 30 30 30 0D
1779565893588,74 34 35 35 38 45 41 46 46 30 37 30 30 39 46 46 46 30 30 30 30 0D
1779565893595,74 34 35 31 38 30 30 30 30 30 30 30 30 30 30 30 30 30 30 30 30 0D
1779565893608,74 34 35 31 38 30 30 30 30 30 30 30 30 30 30 30 30 30 30 30 30 0D
1779565893625,74 34 35 35 38 45 41 46 46 30 37 30 30 39 46 46 46 30 30 30 30 0D
1779565893627,74 34 35 30 38 30 30 30 30 30 37 30 30 30 30 30 30 45 34 30 35 0D
1779565893642,74 34 35 31 38 30 30 30 30 30 30 30 30 30 30 30 30 30 30 30 30 0D
1779565893646,74 34 35 31 38 30 30 30 30 30 30 30 30 30 30 30 30 30 30 30 30 0D
1779565893660,74 34 35 35 38 45 41 46 46 30 37 30 30 39 46 46 46 30 30 30 30 0D
1779565893670,74 34 35 31 38 30 30 30 30 30 30 30 30 30 30 30 30 30 30 30 30 0D
1779565893689,74 34 35 35 38 45 41 46 46 30 37 30 30 39 45 46 46 30 30 30 30 0D
1779565893694,74 34 35 31 38 30 30 30 30 30 30 30 30 30 30 30 30 30 30 30 30 0D
1779565893698,74 34 35 36 38 45 44 46 46 30 38 30 30 30 34 30 30 30 30 30 30 0D
1779565893710,74 34 35 31 38 30 30 30 30 30 30 30 30 30 30 30 30 30 30 30 30 0D
1779565893721,74 34 35 35 38 45 41 46 46 30 37 30 30 39 45 46 46 30 30 30 30 0D
1779565893726,74 34 35 30 38 30 30 30 30 30 37 30 30 30 30 30 30 45 34 30 35 0D
1779565893742,74 34 35 31 38 30 30 30 30 30 30 30 30 30 30 30 30 30 30 30 30 0D
1779565893754,74 34 35 31 38 30 30 30 30 30 30 30 30 30 30 30 30 30 30 30 30 0D
1779565893769,74 34 35 31 38 30 30 30 30 30 30 30 30 30 30 30 30 30 30 30 30 0D
1779565893780,74 34 35 35 38 45 41 46 46 30 37 30 30 39 45 46 46 30 30 30 30 0D
1779565893791,74 34 35 37 38 30 30 30 30 30 30 30 30 36 34 31 34 30 30 30 30 0D
1779565893798,74 34 35 31 38 30 30 30 30 30 30 30 30 30 30 30 30 30 30 30 30 0D
1779565893807,74 34 35 31 38 30 30 30 30 30 30 30 30 30 30 30 30 30 30 30 30 0D
1779565893821,74 34 35 35 38 45 41 46 46 30 37 30 30 39 45 46 46 30 30 30 30 0D
1779565893829,74 34 35 30 38 30 30 30 30 30 37 30 30 30 30 30 30 45 34 30 35 0D
1779565893840,74 34 35 31 38 30 30 30 30 30 30 30 30 30 30 30 30 30 30 30 30 0D
1779565893848,74 34 35 31 38 30 30 30 30 30 30 30 30 30 30 30 30 30 30 30 30 0D
1779565893872,74 34 35 31 38 30 30 30 30 30 30 30 30 30 30 30 30 30 30 30 30 0D
1779565893887,74 34 35 35 38 45 41 46 46 30 37 30 30 39 46 46 46 30 30 30 30 0D
1779565893898,74 34 35 35 38 45 41 46 46 30 37 30 30 39 46 46 46 30 30 30 30 0D
1779565893909,74 34 35 31 38 30 30 30 30 30 30 30 30 30 30 30 30 30 30 30 30 0D
1779565893921,74 34 35 35 38 45 41 46 46 30 37 30 30 39 46 46 46 30 30 30 30 0D
1779565893931,74 34 35 30 38 30 30 30 30 30 37 30 30 30 30 30 30 45 34 30 35 0D
1779565893940,74 34 35 31 38 30 30 30 30 30 30 30 30 30 30 30 30 30 30 30 30 0D
1779565893947,74 34 35 31 38 30 30 30 30 30 30 30 30 30 30 30 30 30 30 30 30 0D
1779565893973,74 34 35 35 38 45 41 46 46 30 37 30 30 39 46 46 46 30 30 30 30 0D
1779565893989,74 34 35 35 38 45 41 46 46 30 37 30 30 39 46 46 46 30 30 30 30 0D
1779565893993,74 34 35 31 38 30 30 30 30 30 30 30 30 30 30 30 30 30 30 30 30 0D
1779565894012,74 34 35 31 38 30 30 30 30 30 30 30 30 30 30 30 30 30 30 30 30 0D
1779565894026,74 34 35 35 38 45 41 46 46 30 37 30 30 39 46 46 46 30 30 30 30 0D
1779565894031,74 34 35 30 38 30 30 30 30 30 37 30 30 30 30 30 30 45 34 30 35 0D
1779565894043,74 34 35 33 38 39 45 30 30 30 30 30 30 30 30 30 30 30 30 30 30 0D 74 34 35 34 38 30 31 30 30 30 30 30 30 30 30 30 30 30 30 30 30 0D
1779565894049,74 34 35 31 38 30 30 30 30 30 30 30 30 30 30 30 30 30 30 30 30 0D
1779565894058,74 34 35 35 38 45 41 46 46 30 37 30 30 39 46 46 46 30 30 30 30 0D
1779565894071,74 34 35 31 38 30 30 30 30 30 30 30 30 30 30 30 30 30 30 30 30 0D
1779565894086,74 34 35 35 38 45 41 46 46 30 37 30 30 39 46 46 46 30 30 30 30 0D
1779565894095,74 34 35 35 38 45 41 46 46 30 37 30 30 39 46 46 46 30 30 30 30 0D
1779565894111,74 34 35 31 38 30 30 30 30 30 30 30 30 30 30 30 30 30 30 30 30 0D
1779565894120,74 34 35 35 38 45 41 46 46 30 37 30 30 39 46 46 46 30 30 30 30 0D
1779565894128,74 34 35 30 38 30 30 30 30 30 37 30 30 30 30 30 30 45 34 30 35 0D
1779565894142,74 34 35 31 38 30 30 30 30 30 30 30 30 30 30 30 30 30 30 30 30 0D
1779565894154,74 34 35 31 38 30 30 30 30 30 30 30 30 30 30 30 30 30 30 30 30 0D
1779565894161,74 34 35 35 38 45 41 46 46 30 37 30 30 39 46 46 46 30 30 30 30 0D
1779565894169,74 34 35 31 38 30 30 30 30 30 30 30 30 30 30 30 30 30 30 30 30 0D
1779565894195,74 34 35 35 38 45 41 46 46 30 37 30 30 39 46 46 46 30 30 30 30 0D
1779565894198,74 34 35 31 38 30 30 30 30 30 30 30 30 30 30 30 30 30 30 30 30 0D
1779565894202,74 34 35 36 38 45 44 46 46 30 38 30 30 30 34 30 30 30 30 30 30 0D
1779565894206,74 34 35 31 38 30 30 30 30 30 30 30 30 30 30 30 30 30 30 30 30 0D
1779565894221,74 34 35 35 38 45 41 46 46 30 37 30 30 39 46 46 46 30 30 30 30 0D
1779565894229,74 34 35 30 38 30 30 30 30 30 37 30 30 30 30 30 30 45 34 30 35 0D
1779565894241,74 34 35 31 38 30 30 30 30 30 30 30 30 30 30 30 30 30 30 30 30 0D
1779565894247,74 34 35 31 38 30 30 30 30 30 30 30 30 30 30 30 30 30 30 30 30 0D
1779565894260,74 34 35 35 38 45 41 46 46 30 37 30 30 39 46 46 46 30 30 30 30 0D
1779565894270,74 34 35 31 38 30 30 30 30 30 30 30 30 30 30 30 30 30 30 30 30 0D
1779565894295,74 34 35 35 38 45 41 46 46 30 37 30 30 39 46 46 46 30 30 30 30 0D
1779565894302,74 34 35 31 38 30 30 30 30 30 30 30 30 30 30 30 30 30 30 30 30 0D
1779565894309,74 34 35 31 38 30 30 30 30 30 30 30 30 30 30 30 30 30 30 30 30 0D
1779565894319,74 34 35 35 38 45 41 46 46 30 37 30 30 39 46 46 46 30 30 30 30 0D
1779565894329,74 34 35 30 38 30 30 30 30 30 37 30 30 30 30 30 30 45 34 30 35 0D
1779565894340,74 34 35 31 38 30 30 30 30 30 30 30 30 30 30 30 30 30 30 30 30 0D
1779565894352,74 34 35 31 38 30 30 30 30 30 30 30 30 30 30 30 30 30 30 30 30 0D
1779565894370,74 34 35 31 38 30 30 30 30 30 30 30 30 30 30 30 30 30 30 30 30 0D
1779565894386,74 34 35 35 38 45 41 46 46 30 37 30 30 39 46 46 46 30 30 30 30 0D
1779565894392,74 34 35 31 38 30 30 30 30 30 30 30 30 30 30 30 30 30 30 30 30 0D
1779565894400,74 34 35 36 38 45 44 46 46 30 38 30 30 30 34 30 30 30 30 30 30 0D
1779565894408,74 34 35 31 38 30 30 30 30 30 30 30 30 30 30 30 30 30 30 30 30 0D
1779565894417,74 34 35 35 38 45 41 46 46 30 37 30 30 39 46 46 46 30 30 30 30 0D
1779565894427,74 34 35 30 38 30 30 30 30 30 37 30 30 30 30 30 30 45 34 30 35 0D
1779565894438,74 34 35 31 38 30 30 30 30 30 30 30 30 30 30 30 30 30 30 30 30 0D
1779565894450,74 34 35 31 38 30 30 30 30 30 30 30 30 30 30 30 30 30 30 30 30 0D
1779565894459,74 34 35 35 38 45 41 46 46 30 37 30 30 39 46 46 46 30 30 30 30 0D
1779565894468,74 34 35 31 38 30 30 30 30 30 30 30 30 30 30 30 30 30 30 30 30 0D
1779565894475,74 34 35 35 38 45 41 46 46 30 37 30 30 39 46 46 46 30 30 30 30 0D
1779565894480,74 34 35 37 38 30 30 30 30 30 31 30 30 36 34 31 34 30 30 30 30 0D
1779565894493,74 34 35 31 38 30 30 30 30 30 30 30 30 30 30 30 30 30 30 30 30 0D
1779565894501,74 34 35 35 38 45 41 46 46 30 37 30 30 39 46 46 46 30 30 30 30 0D
1779565894508,74 34 35 31 38 30 30 30 30 30 30 30 30 30 30 30 30 30 30 30 30 0D
1779565894518,74 34 35 35 38 45 41 46 46 30 37 30 30 39 46 46 46 30 30 30 30 0D
1779565894529,74 34 35 30 38 30 30 30 30 30 37 30 30 30 30 30 30 45 34 30 35 0D
1779565894541,74 34 35 31 38 30 30 30 30 30 30 30 30 30 30 30 30 30 30 30 30 0D
1779565894550,74 34 35 31 38 30 30 30 30 30 30 30 30 30 30 30 30 30 30 30 30 0D
1779565894558,74 34 35 35 38 45 41 46 46 30 37 30 30 39 46 46 46 30 30 30 30 0D
1779565894573,74 34 35 31 38 30 30 30 30 30 30 30 30 30 30 30 30 30 30 30 30 0D
1779565894579,74 34 35 35 38 45 41 46 46 30 37 30 30 39 46 46 46 30 30 30 30 0D
1779565894585,74 34 35 37 38 30 30 30 30 30 31 30 30 36 34 31 34 30 30 30 30 0D
1779565894590,74 34 35 31 38 30 30 30 30 30 30 30 30 30 30 30 30 30 30 30 30 0D
1779565894611,74 34 35 31 38 30 30 30 30 30 30 30 30 30 30 30 30 30 30 30 30 0D
1779565894619,74 34 35 35 38 45 41 46 46 30 37 30 30 39 46 46 46 30 30 30 30 0D
1779565894627,74 34 35 30 38 30 30 30 30 30 37 30 30 30 30 30 30 45 34 30 35 0D
1779565894645,74 34 35 31 38 30 30 30 30 30 30 30 30 30 30 30 30 30 30 30 30 0D
1779565894650,74 34 35 31 38 30 30 30 30 30 30 30 30 30 30 30 30 30 30 30 30 0D
1779565894659,74 34 35 35 38 45 41 46 46 30 37 30 30 39 46 46 46 30 30 30 30 0D
1779565894671,74 34 35 31 38 30 30 30 30 30 30 30 30 30 30 30 30 30 30 30 30 0D
1779565894687,74 34 35 35 38 45 41 46 46 30 37 30 30 39 46 46 46 30 30 30 30 0D
1779565894695,74 34 35 31 38 30 30 30 30 30 30 30 30 30 30 30 30 30 30 30 30 0D
1779565894714,74 34 35 31 38 30 30 30 30 30 30 30 30 30 30 30 30 30 30 30 30 0D
1779565894718,74 34 35 35 38 45 41 46 46 30 37 30 30 39 46 46 46 30 30 30 30 0D
1779565894734,74 34 35 30 38 30 30 30 30 30 37 30 30 30 30 30 30 45 34 30 35 0D
1779565894738,74 34 35 33 38 39 45 30 30 30 30 30 30 30 30 30 30 30 30 30 30 0D 74 34 35 34 38 30 31 30 30 30 30 30 30 30 30 30 30 30 30 30 30 0D 74 34 35 35 38 45 41 46 46 30 37 30 30 39 46 46 46 30 30 30
1779565894749,74 34 35 31 38 30 30 30 30 30 30 30 30 30 30 30 30 30 30 30 30 0D
1779565894758,74 34 35 35 38 45 41 46 46 30 37 30 30 39 46 46 46 30 30 30 30 0D
1779565894767,74 34 35 31 38 30 30 30 30 30 30 30 30 30 30 30 30 30 30 30 30 0D
1779565894786,74 34 35 35 38 45 41 46 46 30 37 30 30 39 46 46 46 30 30 30 30 0D
1779565894792,74 34 35 31 38 30 30 30 30 30 30 30 30 30 30 30 30 30 30 30 30 0D
1779565894809,74 34 35 31 38 30 30 30 30 30 30 30 30 30 30 30 30 30 30 30 30 0D
1779565894820,74 34 35 35 38 45 41 46 46 30 37 30 30 39 46 46 46 30 30 30 30 0D
1779565894826,74 34 35 30 38 30 30 30 30 30 37 30 30 30 30 30 30 45 34 30 35 0D
1779565894839,74 34 35 31 38 30 30 30 30 30 30 30 30 30 30 30 30 30 30 30 30 0D
1779565894851,74 34 35 31 38 30 30 30 30 30 30 30 30 30 30 30 30 30 30 30 30 0D
1779565894860,74 34 35 35 38 45 41 46 46 30 37 30 30 39 46 46 46 30 30 30 30 0D
1779565894869,74 34 35 31 38 30 30 30 30 30 30 30 30 30 30 30 30 30 30 30 30 0D
1779565894887,74 34 35 35 38 45 41 46 46 30 37 30 30 39 46 46 46 30 30 30 30 0D
1779565894891,74 34 35 31 38 30 30 30 30 30 30 30 30 30 30 30 30 30 30 30 30 0D
1779565894896,74 34 35 36 38 45 45 46 46 30 37 30 30 30 34 30 30 30 30 30 30 0D
1779565894907,74 34 35 31 38 30 30 30 30 30 30 30 30 30 30 30 30 30 30 30 30 0D
1779565894919,74 34 35 35 38 45 41 46 46 30 37 30 30 39 46 46 46 30 30 30 30 0D
1779565894927,74 34 35 30 38 30 30 30 30 30 37 30 30 30 30 30 30 45 34 30 35 0D
1779565894943,74 34 35 31 38 30 30 30 30 30 30 30 30 30 30 30 30 30 30 30 30 0D
1779565894951,74 34 35 31 38 30 30 30 30 30 30 30 30 30 30 30 30 30 30 30 30 0D
1779565894958,74 34 35 35 38 45 41 46 46 30 37 30 30 39 46 46 46 30 30 30 30 0D
1779565894970,74 34 35 31 38 30 30 30 30 30 30 30 30 30 30 30 30 30 30 30 30 0D
1779565894995,74 34 35 35 38 45 41 46 46 30 37 30 30 39 46 46 46 30 30 30 30 0D
1779565895010,74 34 35 31 38 30 30 30 30 30 30 30 30 30 30 30 30 30 30 30 30 0D
1779565895023,74 34 35 35 38 45 41 46 46 30 37 30 30 39 46 46 46 30 30 30 30 0D
1779565895027,74 34 35 30 38 30 30 30 30 30 37 30 30 30 30 30 30 45 34 30 35 0D
1779565895046,74 34 35 31 38 30 30 30 30 30 30 30 30 30 30 30 30 30 30 30 30 0D
1779565895051,74 34 35 31 38 30 30 30 30 30 30 30 30 30 30 30 30 30 30 30 30 0D
1779565895061,74 34 35 35 38 45 41 46 46 30 37 30 30 39 46 46 46 30 30 30 30 0D
1779565895071,74 34 35 31 38 30 30 30 30 30 30 30 30 30 30 30 30 30 30 30 30 0D
1779565895086,74 34 35 35 38 45 41 46 46 30 37 30 30 39 46 46 46 30 30 30 30 0D
1779565895090,74 34 35 31 38 30 30 30 30 30 30 30 30 30 30 30 30 30 30 30 30 0D
1779565895101,74 34 35 35 38 45 41 46 46 30 37 30 30 39 46 46 46 30 30 30 30 0D
1779565895107,74 34 35 31 38 30 30 30 30 30 30 30 30 30 30 30 30 30 30 30 30 0D
1779565895118,74 34 35 35 38 45 41 46 46 30 37 30 30 39 46 46 46 30 30 30 30 0D
1779565895132,74 34 35 30 38 30 30 30 30 30 37 30 30 30 30 30 30 45 34 30 35 0D
1779565895139,74 34 35 31 38 30 30 30 30 30 30 30 30 30 30 30 30 30 30 30 30 0D
1779565895148,74 34 35 31 38 30 30 30 30 30 30 30 30 30 30 30 30 30 30 30 30 0D
1779565895160,74 34 35 35 38 45 41 46 46 30 37 30 30 39 46 46 46 30 30 30 30 0D
1779565895173,74 34 35 31 38 30 30 30 30 30 30 30 30 30 30 30 30 30 30 30 30 0D
1779565895188,74 34 35 35 38 45 41 46 46 30 37 30 30 39 46 46 46 30 30 30 30 0D
1779565895194,74 34 35 31 38 30 30 30 30 30 30 30 30 30 30 30 30 30 30 30 30 0D
1779565895209,74 34 35 31 38 30 30 30 30 30 30 30 30 30 30 30 30 30 30 30 30 0D
1779565895224,74 34 35 35 38 45 41 46 46 30 37 30 30 39 46 46 46 30 30 30 30 0D
1779565895230,74 34 35 30 38 30 30 30 30 30 37 30 30 30 30 30 30 45 34 30 35 0D
1779565895239,74 34 35 31 38 30 30 30 30 30 30 30 30 30 30 30 30 30 30 30 30 0D
1779565895249,74 34 35 31 38 30 30 30 30 30 30 30 30 30 30 30 30 30 30 30 30 0D
1779565895258,74 34 35 35 38 45 41 46 46 30 37 30 30 39 46 46 46 30 30 30 30 0D
1779565895271,74 34 35 31 38 30 30 30 30 30 30 30 30 30 30 30 30 30 30 30 30 0D
1779565895302,74 34 35 35 38 45 41 46 46 30 37 30 30 39 46 46 46 30 30 30 30 0D
1779565895307,74 34 35 31 38 30 30 30 30 30 30 30 30 30 30 30 30 30 30 30 30 0D
1779565895318,74 34 35 35 38 45 41 46 46 30 37 30 30 39 46 46 46 30 30 30 30 0D
1779565895330,74 34 35 30 38 30 30 30 30 30 37 30 30 30 30 30 30 45 34 30 35 0D
1779565895340,74 34 35 33 38 39 45 30 30 30 30 30 30 30 30 30 30 30 30 30 30 0D
1779565895350,74 34 35 31 38 30 30 30 30 30 30 30 30 30 30 30 30 30 30 30 30 0D
1779565895358,74 34 35 35 38 45 41 46 46 30 37 30 30 39 46 46 46 30 30 30 30 0D
1779565895372,74 34 35 31 38 30 30 30 30 30 30 30 30 30 30 30 30 30 30 30 30 0D
1779565895402,74 34 35 35 38 45 41 46 46 30 37 30 30 39 46 46 46 30 30 30 30 0D
1779565895408,74 34 35 31 38 30 30 30 30 30 30 30 30 30 30 30 30 30 30 30 30 0D
1779565895422,74 34 35 35 38 45 41 46 46 30 37 30 30 39 46 46 46 30 30 30 30 0D
1779565895431,74 34 35 30 38 30 30 30 30 30 37 30 30 30 30 30 30 45 34 30 35 0D
1779565895450,74 34 35 31 38 30 30 30 30 30 30 30 30 30 30 30 30 30 30 30 30 0D
1779565895465,74 34 35 35 38 45 41 46 46 30 37 30 30 39 46 46 46 30 30 30 30 0D
1779565895468,74 34 35 31 38 30 30 30 30 30 30 30 30 30 30 30 30 30 30 30 30 0D
1779565895489,74 34 35 35 38 45 41 46 46 30 37 30 30 39 46 46 46 30 30 30 30 0D
1779565895497,74 34 35 35 38 45 41 46 46 30 37 30 30 39 46 46 46 30 30 30 30 0D
1779565895508,74 34 35 31 38 30 30 30 30 30 30 30 30 30 30 30 30 30 30 30 30 0D
1779565895522,74 34 35 35 38 45 41 46 46 30 37 30 30 39 46 46 46 30 30 30 30 0D
1779565895533,74 34 35 30 38 30 30 30 30 30 37 30 30 30 30 30 30 45 34 30 35 0D
1779565895547,74 34 35 31 38 30 30 30 30 30 30 30 30 30 30 30 30 30 30 30 30 0D
1779565895557,74 34 35 31 38 30 30 30 30 30 30 30 30 30 30 30 30 30 30 30 30 0D
1779565895575,74 34 35 31 38 30 30 30 30 30 30 30 30 30 30 30 30 30 30 30 30 0D
1779565895591,74 34 35 35 38 45 41 46 46 30 37 30 30 39 46 46 46 30 30 30 30 0D
1779565895600,74 34 35 35 38 45 41 46 46 30 37 30 30 39 46 46 46 30 30 30 30 0D
1779565895611,74 34 35 31 38 30 30 30 30 30 30 30 30 30 30 30 30 30 30 30 30 0D
1779565895618,74 34 35 35 38 45 41 46 46 30 37 30 30 39 46 46 46 30 30 30 30 0D
1779565895631,74 34 35 30 38 30 30 30 30 30 37 30 30 30 30 30 30 45 34 30 35 0D
1779565895639,74 34 35 31 38 30 30 30 30 30 30 30 30 30 30 30 30 30 30 30 30 0D
1779565895652,74 34 35 31 38 30 30 30 30 30 30 30 30 30 30 30 30 30 30 30 30 0D
1779565895664,74 34 35 35 38 45 41 46 46 30 37 30 30 39 46 46 46 30 30 30 30 0D
1779565895672,74 34 35 31 38 30 30 30 30 30 30 30 30 30 30 30 30 30 30 30 30 0D
1779565895707,74 34 35 35 38 46 30 46 46 30 35 30 30 39 42 46 46 30 30 30 30 0D
1779565895716,74 34 35 31 38 30 30 30 30 30 30 30 30 30 30 30 30 30 30 30 30 0D
1779565895723,74 34 35 35 38 46 30 46 46 30 35 30 30 39 42 46 46 30 30 30 30 0D
1779565895730,74 34 35 30 38 30 30 30 30 30 37 30 30 30 30 30 30 45 34 30 35 0D
1779565895741,74 34 35 31 38 30 30 30 30 30 30 30 30 30 30 30 30 30 30 30 30 0D
1779565895748,74 34 35 31 38 30 30 30 30 30 30 30 30 30 30 30 30 30 30 30 30 0D
1779565895763,74 34 35 35 38 46 30 46 46 30 35 30 30 39 42 46 46 30 30 30 30 0D
1779565895768,74 34 35 31 38 30 30 30 30 30 30 30 30 30 30 30 30 30 30 30 30 0D
1779565895787,74 34 35 35 38 46 30 46 46 30 35 30 30 39 42 46 46 30 30 30 30 0D
1779565895793,74 34 35 31 38 30 30 30 30 30 30 30 30 30 30 30 30 30 30 30 30 0D
1779565895798,74 34 35 35 38 46 30 46 46 30 35 30 30 39 42 46 46 30 30 30 30 0D
1779565895807,74 34 35 31 38 30 30 30 30 30 30 30 30 30 30 30 30 30 30 30 30 0D
1779565895819,74 34 35 35 38 46 30 46 46 30 35 30 30 39 42 46 46 30 30 30 30 0D
1779565895829,74 34 35 30 38 30 30 30 30 30 37 30 30 30 30 30 30 45 34 30 35 0D
1779565895839,74 34 35 31 38 30 30 30 30 30 30 30 30 30 30 30 30 30 30 30 30 0D
1779565895850,74 34 35 31 38 30 30 30 30 30 30 30 30 30 30 30 30 30 30 30 30 0D
1779565895867,74 34 35 35 38 46 30 46 46 30 35 30 30 39 42 46 46 30 30 30 30 0D
1779565895873,74 34 35 31 38 30 30 30 30 30 30 30 30 30 30 30 30 30 30 30 30 0D
1779565895884,74 34 35 35 38 45 45 46 46 30 41 30 30 41 33 46 46 30 30 30 30 0D
1779565895890,74 34 35 31 38 30 30 30 30 30 30 30 30 30 30 30 30 30 30 30 30 0D
1779565895895,74 34 35 35 38 45 45 46 46 30 41 30 30 41 33 46 46 30 30 30 30 0D
1779565895914,74 34 35 31 38 30 30 30 30 30 30 30 30 30 30 30 30 30 30 30 30 0D
1779565895920,74 34 35 35 38 45 45 46 46 30 41 30 30 41 33 46 46 30 30 30 30 0D
1779565895927,74 34 35 30 38 30 30 30 30 30 37 30 30 30 30 30 30 45 34 30 35 0D
1779565895939,74 34 35 31 38 30 30 30 30 30 30 30 30 30 30 30 30 30 30 30 30 0D
1779565895947,74 34 35 31 38 30 30 30 30 30 30 30 30 30 30 30 30 30 30 30 30 0D
1779565895962,74 34 35 35 38 45 45 46 46 30 41 30 30 41 33 46 46 30 30 30 30 0D
1779565895968,74 34 35 31 38 30 30 30 30 30 30 30 30 30 30 30 30 30 30 30 30 0D
1779565895982,74 34 35 35 38 45 45 46 46 30 41 30 30 41 33 46 46 30 30 30 30 0D
1779565896002,74 34 35 39 38 35 41 41 34 42 45 31 36 42 41 31 41 30 33 42 37 0D
1779565896006,74 34 35 31 38 30 30 30 30 30 30 30 30 30 30 30 30 30 30 30 30 0D
1779565896017,74 34 35 35 38 45 45 46 46 30 41 30 30 41 33 46 46 30 30 30 30 0D
1779565896029,74 34 35 30 38 30 30 30 30 30 37 30 30 30 30 30 30 45 34 30 35 0D
1779565896037,74 34 35 31 38 30 30 30 30 30 30 30 30 30 30 30 30 30 30 30 30 0D
1779565896047,74 34 35 31 38 30 30 30 30 30 30 30 30 30 30 30 30 30 30 30 30 0D
1779565896062,74 34 35 35 38 45 45 46 46 30 41 30 30 41 33 46 46 30 30 30 30 0D
1779565896066,74 34 35 31 38 30 30 30 30 30 30 30 30 30 30 30 30 30 30 30 30 0D
1779565896087,74 34 35 35 38 45 45 46 46 30 41 30 30 41 33 46 46 30 30 30 30 0D
1779565896095,74 34 35 31 38 30 30 30 30 30 30 30 30 30 30 30 30 30 30 30 30 0D
1779565896100,74 34 35 35 38 45 45 46 46 30 41 30 30 41 33 46 46 30 30 30 30 0D
1779565896106,74 34 35 31 38 30 30 30 30 30 30 30 30 30 30 30 30 30 30 30 30 0D
1779565896119,74 34 35 35 38 45 45 46 46 30 41 30 30 41 33 46 46 30 30 30 30 0D
1779565896129,74 34 35 30 38 30 30 30 30 30 37 30 30 30 30 30 30 45 34 30 35 0D
1779565896140,74 34 35 31 38 30 30 30 30 30 30 30 30 30 30 30 30 30 30 30 30 0D
1779565896146,74 34 35 31 38 30 30 30 30 30 30 30 30 30 30 30 30 30 30 30 30 0D
1779565896162,74 34 35 35 38 46 31 46 46 30 38 30 30 41 34 46 46 30 30 30 30 0D
1779565896168,74 34 35 31 38 30 30 30 30 30 30 30 30 30 30 30 30 30 30 30 30 0D
1779565896186,74 34 35 35 38 46 31 46 46 30 38 30 30 41 34 46 46 30 30 30 30 0D
1779565896190,74 34 35 31 38 30 30 30 30 30 30 30 30 30 30 30 30 30 30 30 30 0D
1779565896199,74 34 35 35 38 46 31 46 46 30 38 30 30 41 34 46 46 30 30 30 30 0D
1779565896211,74 34 35 31 38 30 30 30 30 30 30 30 30 30 30 30 30 30 30 30 30 0D
1779565896220,74 34 35 35 38 46 31 46 46 30 38 30 30 41 34 46 46 30 30 30 30 0D
1779565896228,74 34 35 30 38 30 30 30 30 30 37 30 30 30 30 30 30 45 34 30 35 0D
1779565896245,74 34 35 31 38 30 30 30 30 30 30 30 30 30 30 30 30 30 30 30 30 0D
1779565896249,74 34 35 31 38 30 30 30 30 30 30 30 30 30 30 30 30 30 30 30 30 0D
1779565896262,74 34 35 35 38 46 31 46 46 30 38 30 30 41 34 46 46 30 30 30 30 0D
1779565896269,74 34 35 31 38 30 30 30 30 30 30 30 30 30 30 30 30 30 30 30 30 0D
1779565896288,74 34 35 35 38 46 31 46 46 30 38 30 30 41 34 46 46 30 30 30 30 0D
1779565896296,74 34 35 31 38 30 30 30 30 30 30 30 30 30 30 30 30 30 30 30 30 0D
1779565896308,74 34 35 31 38 30 30 30 30 30 30 30 30 30 30 30 30 30 30 30 30 0D
1779565896321,74 34 35 35 38 46 31 46 46 30 38 30 30 41 34 46 46 30 30 30 30 0D
1779565896334,74 34 35 30 38 30 30 30 30 30 37 30 30 30 30 30 30 45 34 30 35 0D
1779565896339,74 34 35 31 38 30 30 30 30 30 30 30 30 30 30 30 30 30 30 30 30 0D
1779565896356,74 34 35 31 38 30 30 30 30 30 30 30 30 30 30 30 30 30 30 30 30 0D
1779565896368,74 34 35 35 38 45 39 46 46 30 38 30 30 39 45 46 46 30 30 30 30 0D
1779565896405,74 34 35 35 38 45 39 46 46 30 38 30 30 39 45 46 46 30 30 30 30 0D
1779565896416,74 34 35 31 38 30 30 30 30 30 30 30 30 30 30 30 30 30 30 30 30 0D
1779565896420,74 34 35 35 38 45 39 46 46 30 38 30 30 39 45 46 46 30 30 30 30 0D
1779565896428,74 34 35 30 38 30 30 30 30 30 37 30 30 30 30 30 30 45 34 30 35 0D
1779565896441,74 34 35 31 38 30 30 30 30 30 30 30 30 30 30 30 30 30 30 30 30 0D
1779565896452,74 34 35 31 38 30 30 30 30 30 30 30 30 30 30 30 30 30 30 30 30 0D
1779565896468,74 34 35 36 38 46 31 46 46 31 30 30 30 30 35 30 30 30 30 30 30 0D
1779565896472,74 34 35 31 38 30 30 30 30 30 30 30 30 30 30 30 30 30 30 30 30 0D
1779565896485,74 34 35 35 38 45 41 46 46 30 37 30 30 39 46 46 46 30 30 30 30 0D
1779565896490,74 34 35 31 38 30 30 30 30 30 30 30 30 30 30 30 30 30 30 30 30 0D
1779565896501,74 34 35 36 38 45 46 46 46 30 36 30 30 30 36 30 30 30 30 30 30 0D
1779565896512,74 34 35 31 38 30 30 30 30 30 30 30 30 30 30 30 30 30 30 30 30 0D
1779565896518,74 34 35 35 38 45 41 46 46 30 37 30 30 39 46 46 46 30 30 30 30 0D
1779565896529,74 34 35 30 38 30 30 30 30 30 37 30 30 30 30 30 30 45 34 30 35 0D
1779565896538,74 34 35 31 38 30 30 30 30 30 30 30 30 30 30 30 30 30 30 30 30 0D
1779565896560,74 34 35 31 38 30 30 30 30 30 30 30 30 30 30 30 30 30 30 30 30 0D
1779565896571,74 34 35 35 38 45 41 46 46 30 37 30 30 39 46 46 46 30 30 30 30 0D
1779565896588,74 34 35 31 38 30 30 30 30 30 30 30 30 30 30 30 30 30 30 30 30 0D
1779565896593,74 34 35 31 38 30 30 30 30 30 30 30 30 30 30 30 30 30 30 30 30 0D
1779565896601,74 34 35 35 38 45 41 46 46 30 37 30 30 39 46 46 46 30 30 30 30 0D
1779565896609,74 34 35 31 38 30 30 30 30 30 30 30 30 30 30 30 30 30 30 30 30 0D
1779565896618,74 34 35 35 38 45 41 46 46 30 37 30 30 39 46 46 46 30 30 30 30 0D
1779565896629,74 34 35 30 38 30 30 30 30 30 37 30 30 30 30 30 30 45 34 30 35 0D
1779565896636,74 34 35 31 38 30 30 30 30 30 30 30 30 30 30 30 30 30 30 30 30 0D
1779565896652,74 34 35 31 38 30 30 30 30 30 30 30 30 30 30 30 30 30 30 30 30 0D
1779565896667,74 34 35 35 38 45 41 46 46 30 37 30 30 39 46 46 46 30 30 30 30 0D
1779565896680,74 34 35 31 38 30 30 30 30 30 30 30 30 30 30 30 30 30 30 30 30 0D
1779565896686,74 34 35 39 38 35 38 41 34 42 45 31 36 41 35 31 41 30 33 42 37 0D
1779565896692,74 34 35 31 38 30 30 30 30 30 30 30 30 30 30 30 30 30 30 30 30 0D
1779565896700,74 34 35 35 38 45 41 46 46 30 38 30 30 39 45 46 46 30 30 30 30 0D
1779565896711,74 34 35 31 38 30 30 30 30 30 30 30 30 30 30 30 30 30 30 30 30 0D
1779565896720,74 34 35 35 38 45 41 46 46 30 38 30 30 39 45 46 46 30 30 30 30 0D
1779565896730,74 34 35 30 38 30 30 30 30 30 37 30 30 30 30 30 30 45 34 30 35 0D
1779565896742,74 34 35 31 38 30 30 30 30 30 30 30 30 30 30 30 30 30 30 30 30 0D
1779565896749,74 34 35 31 38 30 30 30 30 30 30 30 30 30 30 30 30 30 30 30 30 0D
1779565896760,74 34 35 35 38 45 41 46 46 30 38 30 30 39 45 46 46 30 30 30 30 0D
1779565896767,74 34 35 31 38 30 30 30 30 30 30 30 30 30 30 30 30 30 30 30 30 0D
1779565896786,74 34 35 35 38 45 41 46 46 30 38 30 30 39 45 46 46 30 30 30 30 0D
1779565896789,74 34 35 31 38 30 30 30 30 30 30 30 30 30 30 30 30 30 30 30 30 0D
1779565896800,74 34 35 35 38 45 41 46 46 30 38 30 30 39 45 46 46 30 30 30 30 0D
1779565896814,74 34 35 31 38 30 30 30 30 30 30 30 30 30 30 30 30 30 30 30 30 0D
1779565896820,74 34 35 35 38 45 41 46 46 30 38 30 30 39 45 46 46 30 30 30 30 0D
1779565896830,74 34 35 30 38 30 30 30 30 30 37 30 30 30 30 30 30 45 34 30 35 0D
1779565896845,74 34 35 31 38 30 30 30 30 30 30 30 30 30 30 30 30 30 30 30 30 0D
1779565896849,74 34 35 31 38 30 30 30 30 30 30 30 30 30 30 30 30 30 30 30 30 0D
1779565896862,74 34 35 35 38 45 41 46 46 30 38 30 30 39 45 46 46 30 30 30 30 0D
1779565896868,74 34 35 31 38 30 30 30 30 30 30 30 30 30 30 30 30 30 30 30 30 0D
1779565896897,74 34 35 35 38 45 42 46 46 30 38 30 30 39 46 46 46 30 30 30 30 0D
1779565896917,74 34 35 31 38 30 30 30 30 30 30 30 30 30 30 30 30 30 30 30 30 0D
1779565896919,74 34 35 35 38 45 42 46 46 30 38 30 30 39 46 46 46 30 30 30 30 0D
1779565896929,74 34 35 30 38 30 30 30 30 30 37 30 30 30 30 30 30 45 34 30 35 0D
1779565896942,74 34 35 31 38 30 30 30 30 30 30 30 30 30 30 30 30 30 30 30 30 0D
1779565896950,74 34 35 31 38 30 30 30 30 30 30 30 30 30 30 30 30 30 30 30 30 0D
1779565896965,74 34 35 35 38 45 42 46 46 30 38 30 30 39 46 46 46 30 30 30 30 0D
1779565896969,74 34 35 31 38 30 30 30 30 30 30 30 30 30 30 30 30 30 30 30 30 0D
1779565896999,74 34 35 35 38 45 42 46 46 30 38 30 30 39 46 46 46 30 30 30 30 0D
1779565897012,74 34 35 31 38 30 30 30 30 30 30 30 30 30 30 30 30 30 30 30 30 0D
1779565897026,74 34 35 35 38 45 42 46 46 30 38 30 30 39 46 46 46 30 30 30 30 0D
1779565897032,74 34 35 30 38 30 30 30 30 30 37 30 30 30 30 30 30 45 34 30 35 0D
1779565897046,74 34 35 31 38 30 30 30 30 30 30 30 30 30 30 30 30 30 30 30 30 0D
1779565897056,74 34 35 31 38 30 30 30 30 30 30 30 30 30 30 30 30 30 30 30 30 0D
1779565897064,74 34 35 35 38 45 42 46 46 30 38 30 30 39 46 46 46 30 30 30 30 0D
1779565897069,74 34 35 31 38 30 30 30 30 30 30 30 30 30 30 30 30 30 30 30 30 0D
1779565897077,74 34 35 35 38 45 39 46 46 30 37 30 30 39 46 46 46 30 30 30 30 0D
1779565897081,74 34 35 37 38 30 30 30 30 30 30 30 30 36 34 31 34 30 30 30 30 0D
1779565897085,74 34 35 39 38 35 38 41 34 42 45 31 36 39 41 31 41 30 33 42 37 0D
1779565897098,74 34 35 31 38 30 30 30 30 30 30 30 30 30 30 30 30 30 30 30 30 0D
1779565897110,74 34 35 31 38 30 30 30 30 30 30 30 30 30 30 30 30 30 30 30 30 0D
1779565897121,74 34 35 35 38 45 39 46 46 30 37 30 30 39 46 46 46 30 30 30 30 0D
1779565897130,74 34 35 30 38 30 30 30 30 30 37 30 30 30 30 30 30 45 34 30 35 0D
1779565897144,74 34 35 31 38 30 30 30 30 30 30 30 30 30 30 30 30 30 30 30 30 0D
1779565897147,74 34 35 31 38 30 30 30 30 30 30 30 30 30 30 30 30 30 30 30 30 0D
1779565897163,74 34 35 35 38 45 39 46 46 30 37 30 30 39 46 46 46 30 30 30 30 0D
1779565897168,74 34 35 31 38 30 30 30 30 30 30 30 30 30 30 30 30 30 30 30 30 0D
1779565897179,74 34 35 35 38 45 39 46 46 30 37 30 30 39 46 46 46 30 30 30 30 0D
1779565897185,74 34 35 37 38 30 30 30 30 30 30 30 30 36 34 31 34 30 30 30 30 0D
1779565897197,74 34 35 39 38 35 38 41 34 42 45 31 36 39 36 31 41 30 33 42 37 0D
1779565897210,74 34 35 31 38 30 30 30 30 30 30 30 30 30 30 30 30 30 30 30 30 0D
1779565897219,74 34 35 35 38 45 39 46 46 30 37 30 30 39 46 46 46 30 30 30 30 0D
1779565897233,74 34 35 30 38 30 30 30 30 30 37 30 30 30 30 30 30 45 34 30 35 0D
1779565897241,74 34 35 31 38 30 30 30 30 30 30 30 30 30 30 30 30 30 30 30 30 0D
1779565897249,74 34 35 31 38 30 30 30 30 30 30 30 30 30 30 30 30 30 30 30 30 0D
1779565897264,74 34 35 35 38 45 39 46 46 30 37 30 30 39 46 46 46 30 30 30 30 0D
1779565897270,74 34 35 31 38 30 30 30 30 30 30 30 30 30 30 30 30 30 30 30 30 0D
1779565897282,74 34 35 37 38 30 30 30 30 30 30 30 30 36 34 31 34 30 31 30 30 0D
1779565897303,74 34 35 39 38 35 37 41 34 42 45 31 36 39 34 31 41 30 33 42 37 0D
1779565897312,74 34 35 31 38 30 30 30 30 30 30 30 30 30 30 30 30 30 30 30 30 0D
1779565897317,74 34 35 35 38 45 39 46 46 30 37 30 30 39 46 46 46 30 30 30 30 0D
1779565897328,74 34 35 30 38 30 30 30 30 30 37 30 30 30 30 30 30 45 34 30 35 0D
1779565897343,74 34 35 31 38 30 30 30 30 30 30 30 30 30 30 30 30 30 30 30 30 0D
1779565897348,74 34 35 31 38 30 30 30 30 30 30 30 30 30 30 30 30 30 30 30 30 0D
1779565897367,74 34 35 35 38 45 39 46 46 30 37 30 30 39 46 46 46 30 30 30 30 0D
1779565897376,74 34 35 31 38 30 30 30 30 30 30 30 30 30 30 30 30 30 30 30 30 0D
1779565897382,74 34 35 37 38 30 30 30 30 30 31 30 30 36 34 31 34 30 30 30 30 0D
1779565897391,74 34 35 39 38 35 36 41 34 42 45 31 36 39 33 31 41 30 33 42 37 0D
1779565897410,74 34 35 31 38 30 30 30 30 30 30 30 30 30 30 30 30 30 30 30 30 0D
1779565897419,74 34 35 35 38 45 39 46 46 30 37 30 30 39 46 46 46 30 30 30 30 0D
1779565897431,74 34 35 30 38 30 30 30 30 30 37 30 30 30 30 30 30 45 34 30 35 0D
1779565897442,74 34 35 31 38 30 30 30 30 30 30 30 30 30 30 30 30 30 30 30 30 0D
1779565897446,74 34 35 31 38 30 30 30 30 30 30 30 30 30 30 30 30 30 30 30 30 0D
1779565897460,74 34 35 35 38 45 39 46 46 30 37 30 30 39 46 46 46 30 30 30 30 0D
1779565897468,74 34 35 31 38 30 30 30 30 30 30 30 30 30 30 30 30 30 30 30 30 0D
1779565897487,74 34 35 35 38 45 41 46 46 30 38 30 30 39 45 46 46 30 30 30 30 0D
1779565897492,74 34 35 31 38 30 30 30 30 30 30 30 30 30 30 30 30 30 30 30 30 0D
1779565897512,74 34 35 31 38 30 30 30 30 30 30 30 30 30 30 30 30 30 30 30 30 0D
1779565897520,74 34 35 35 38 45 41 46 46 30 38 30 30 39 45 46 46 30 30 30 30 0D
1779565897531,74 34 35 30 38 30 30 30 30 30 37 30 30 30 30 30 30 45 34 30 35 0D
1779565897541,74 34 35 31 38 30 30 30 30 30 30 30 30 30 30 30 30 30 30 30 30 0D
1779565897549,74 34 35 31 38 30 30 30 30 30 30 30 30 30 30 30 30 30 30 30 30 0D
1779565897566,74 34 35 35 38 45 41 46 46 30 38 30 30 39 45 46 46 30 30 30 30 0D
1779565897575,74 34 35 31 38 30 30 30 30 30 30 30 30 30 30 30 30 30 30 30 30 0D
1779565897592,74 34 35 35 38 45 41 46 46 30 38 30 30 39 45 46 46 30 30 30 30 0D
1779565897599,74 34 35 35 38 45 41 46 46 30 38 30 30 39 45 46 46 30 30 30 30 0D
1779565897612,74 34 35 31 38 30 30 30 30 30 30 30 30 30 30 30 30 30 30 30 30 0D
1779565897618,74 34 35 35 38 45 41 46 46 30 38 30 30 39 45 46 46 30 30 30 30 0D
1779565897629,74 34 35 30 38 30 30 30 30 30 37 30 30 30 30 30 30 45 34 30 35 0D
1779565897645,74 34 35 31 38 30 30 30 30 30 30 30 30 30 30 30 30 30 30 30 30 0D
1779565897651,74 34 35 31 38 30 30 30 30 30 30 30 30 30 30 30 30 30 30 30 30 0D
1779565897658,74 34 35 35 38 45 41 46 46 30 38 30 30 39 45 46 46 30 30 30 30 0D
1779565897668,74 34 35 31 38 30 30 30 30 30 30 30 30 30 30 30 30 30 30 30 30 0D
1779565897680,74 34 35 35 38 45 41 46 46 30 37 30 30 39 46 46 46 30 30 30 30 0D
1779565897685,74 34 35 37 38 30 30 30 30 30 31 30 30 36 34 31 34 30 30 30 30 0D
1779565897695,74 34 35 39 38 35 35 41 34 42 45 31 36 38 43 31 41 30 33 42 37 0D
1779565897708,74 34 35 31 38 30 30 30 30 30 30 30 30 30 30 30 30 30 30 30 30 0D
1779565897724,74 34 35 35 38 45 41 46 46 30 37 30 30 39 46 46 46 30 30 30 30 0D
1779565897730,74 34 35 30 38 30 30 30 30 30 37 30 30 30 30 30 30 45 34 30 35 0D
1779565897751,74 34 35 31 38 30 30 30 30 30 30 30 30 30 30 30 30 30 30 30 30 0D
1779565897758,74 34 35 31 38 30 30 30 30 30 30 30 30 30 30 30 30 30 30 30 30 0D
1779565897763,74 34 35 35 38 45 41 46 46 30 37 30 30 39 46 46 46 30 30 30 30 0D
1779565897771,74 34 35 31 38 30 30 30 30 30 30 30 30 30 30 30 30 30 30 30 30 0D
1779565897784,74 34 35 35 38 45 41 46 46 30 37 30 30 39 46 46 46 30 30 30 30 0D
1779565897791,74 34 35 31 38 30 30 30 30 30 30 30 30 30 30 30 30 30 30 30 30 0D
1779565897800,74 34 35 35 38 45 41 46 46 30 37 30 30 39 46 46 46 30 30 30 30 0D
1779565897811,74 34 35 31 38 30 30 30 30 30 30 30 30 30 30 30 30 30 30 30 30 0D
1779565897823,74 34 35 35 38 45 41 46 46 30 37 30 30 39 46 46 46 30 30 30 30 0D
1779565897829,74 34 35 30 38 30 30 30 30 30 37 30 30 30 30 30 30 45 34 30 35 0D
1779565897837,74 34 35 31 38 30 30 30 30 30 30 30 30 30 30 30 30 30 30 30 30 0D
1779565897850,74 34 35 31 38 30 30 30 30 30 30 30 30 30 30 30 30 30 30 30 30 0D
1779565897866,74 34 35 35 38 45 41 46 46 30 37 30 30 39 46 46 46 30 30 30 30 0D
1779565897873,74 34 35 31 38 30 30 30 30 30 30 30 30 30 30 30 30 30 30 30 30 0D
1779565897878,74 34 35 35 38 45 41 46 46 30 37 30 30 39 45 46 46 30 30 30 30 0D
1779565897891,74 34 35 37 38 30 30 30 30 30 32 30 30 36 34 31 34 30 30 30 30 0D
1779565897912,74 34 35 31 38 30 30 30 30 30 30 30 30 30 30 30 30 30 30 30 30 0D
1779565897921,74 34 35 35 38 45 41 46 46 30 37 30 30 39 45 46 46 30 30 30 30 0D
1779565897930,74 34 35 30 38 30 30 30 30 30 37 30 30 30 30 30 30 45 34 30 35 0D
1779565897944,74 34 35 31 38 30 30 30 30 30 30 30 30 30 30 30 30 30 30 30 30 0D
1779565897948,74 34 35 31 38 30 30 30 30 30 30 30 30 30 30 30 30 30 30 30 30 0D
1779565897960,74 34 35 35 38 45 41 46 46 30 37 30 30 39 45 46 46 30 30 30 30 0D
1779565897971,74 34 35 31 38 30 30 30 30 30 30 30 30 30 30 30 30 30 30 30 30 0D
1779565897999,74 34 35 35 38 45 41 46 46 30 37 30 30 39 45 46 46 30 30 30 30 0D
1779565898015,74 34 35 31 38 30 30 30 30 30 30 30 30 30 30 30 30 30 30 30 30 0D
1779565898026,74 34 35 35 38 45 41 46 46 30 37 30 30 39 45 46 46 30 30 30 30 0D
1779565898035,74 34 35 30 38 30 30 30 30 30 37 30 30 30 30 30 30 45 34 30 35 0D
1779565898040,74 34 35 31 38 30 30 30 30 30 30 30 30 30 30 30 30 30 30 30 30 0D
1779565898047,74 34 35 31 38 30 30 30 30 30 30 30 30 30 30 30 30 30 30 30 30 0D
1779565898062,74 34 35 35 38 45 41 46 46 30 37 30 30 39 45 46 46 30 30 30 30 0D
1779565898071,74 34 35 31 38 30 30 30 30 30 30 30 30 30 30 30 30 30 30 30 30 0D
1779565898088,74 34 35 37 38 30 30 30 30 30 30 30 30 36 34 31 34 30 30 30 30 0D
1779565898099,74 34 35 31 38 30 30 30 30 30 30 30 30 30 30 30 30 30 30 30 30 0D
1779565898116,74 34 35 31 38 30 30 30 30 30 30 30 30 30 30 30 30 30 30 30 30 0D
1779565898125,74 34 35 35 38 45 39 46 46 30 37 30 30 39 46 46 46 30 30 30 30 0D
1779565898133,74 34 35 30 38 30 30 30 30 30 37 30 30 30 30 30 30 45 34 30 35 0D
1779565898143,74 34 35 32 38 38 43 30 30 30 30 30 30 30 30 30 30 32 37 30 30 0D 74 34 35 33 38 39 45 30 30 30 30 30 30 30 30 30 30 30 30 30 30 0D
1779565898148,74 34 35 31 38 30 30 30 30 30 30 30 30 30 30 30 30 30 30 30 30 0D
1779565898161,74 34 35 35 38 45 39 46 46 30 37 30 30 39 46 46 46 30 30 30 30 0D
1779565898174,74 34 35 31 38 30 30 30 30 30 30 30 30 30 30 30 30 30 30 30 30 0D
1779565898187,74 34 35 35 38 45 39 46 46 30 37 30 30 39 46 46 46 30 30 30 30 0D
1779565898196,74 34 35 35 38 45 39 46 46 30 37 30 30 39 46 46 46 30 30 30 30 0D
1779565898208,74 34 35 31 38 30 30 30 30 30 30 30 30 30 30 30 30 30 30 30 30 0D
1779565898220,74 34 35 35 38 45 39 46 46 30 37 30 30 39 46 46 46 30 30 30 30 0D
1779565898228,74 34 35 30 38 30 30 30 30 30 37 30 30 30 30 30 30 45 34 30 35 0D
1779565898248,74 34 35 31 38 30 30 30 30 30 30 30 30 30 30 30 30 30 30 30 30 0D
1779565898256,74 34 35 31 38 30 30 30 30 30 30 30 30 30 30 30 30 30 30 30 30 0D
1779565898267,74 34 35 31 38 30 30 30 30 30 30 30 30 30 30 30 30 30 30 30 30 0D
1779565898287,74 34 35 35 38 45 39 46 46 30 37 30 30 39 45 46 46 30 30 30 30 0D
1779565898297,74 34 35 35 38 45 39 46 46 30 37 30 30 39 45 46 46 30 30 30 30 0D
1779565898306,74 34 35 31 38 30 30 30 30 30 30 30 30 30 30 30 30 30 30 30 30 0D
1779565898323,74 34 35 35 38 45 39 46 46 30 37 30 30 39 45 46 46 30 30 30 30 0D
1779565898327,74 34 35 30 38 30 30 30 30 30 37 30 30 30 30 30 30 45 34 30 35 0D
1779565898339,74 34 35 31 38 30 30 30 30 30 30 30 30 30 30 30 30 30 30 30 30 0D
1779565898348,74 34 35 33 38 39 45 30 30 30 30 30 30 30 30 30 30 30 30 30 30 0D 74 34 35 34 38 30 31 30 30 30 30 30 30 30 30 30 30 30 30 30 30 0D 74 34 35 35 38 45 39 46 46 30 37 30 30 39 45 46 46 30 30 30
1779565898360,74 34 35 31 38 30 30 30 30 30 30 30 30 30 30 30 30 30 30 30 30 0D
1779565898369,74 34 35 31 38 30 30 30 30 30 30 30 30 30 30 30 30 30 30 30 30 0D
1779565898377,74 34 35 35 38 45 39 46 46 30 37 30 30 39 45 46 46 30 30 30 30 0D
1779565898385,74 34 35 37 38 30 30 30 30 30 30 30 30 36 34 31 34 30 30 30 30 0D
1779565898391,74 34 35 31 38 30 30 30 30 30 30 30 30 30 30 30 30 30 30 30 30 0D
1779565898397,74 34 35 35 38 45 39 46 46 30 37 30 30 39 45 46 46 30 30 30 30 0D
1779565898407,74 34 35 31 38 30 30 30 30 30 30 30 30 30 30 30 30 30 30 30 30 0D
1779565898422,74 34 35 35 38 45 39 46 46 30 37 30 30 39 45 46 46 30 30 30 30 0D
1779565898427,74 34 35 30 38 30 30 30 30 30 37 30 30 30 30 30 30 45 34 30 35 0D
1779565898440,74 34 35 31 38 30 30 30 30 30 30 30 30 30 30 30 30 30 30 30 30 0D
1779565898448,74 34 35 31 38 30 30 30 30 30 30 30 30 30 30 30 30 30 30 30 30 0D
1779565898462,74 34 35 35 38 45 39 46 46 30 37 30 30 39 45 46 46 30 30 30 30 0D
1779565898469,74 34 35 31 38 30 30 30 30 30 30 30 30 30 30 30 30 30 30 30 30 0D
1779565898476,74 34 35 35 38 45 41 46 46 30 37 30 30 39 46 46 46 30 30 30 30 0D
1779565898490,74 34 35 37 38 30 30 30 30 30 30 30 30 36 34 31 34 30 30 30 30 0D
1779565898496,74 34 35 31 38 30 30 30 30 30 30 30 30 30 30 30 30 30 30 30 30 0D
1779565898504,74 34 35 35 38 45 41 46 46 30 37 30 30 39 46 46 46 30 30 30 30 0D
1779565898510,74 34 35 31 38 30 30 30 30 30 30 30 30 30 30 30 30 30 30 30 30 0D
1779565898520,74 34 35 35 38 45 41 46 46 30 37 30 30 39 46 46 46 30 30 30 30 0D
1779565898528,74 34 35 30 38 30 30 30 30 30 37 30 30 30 30 30 30 45 34 30 35 0D
1779565898546,74 34 35 32 38 38 43 30 30 30 30 30 30 30 30 30 30 32 37 30 30 0D 74 34 35 33 38 39 45 30 30 30 30 30 30 30 30 30 30 30 30 30 30 0D
1779565898550,74 34 35 31 38 30 30 30 30 30 30 30 30 30 30 30 30 30 30 30 30 0D
1779565898555,74 34 35 36 38 45 44 46 46 30 37 30 30 30 34 30 30 30 30 30 30 0D
1779565898569,74 34 35 31 38 30 30 30 30 30 30 30 30 30 30 30 30 30 30 30 30 0D
1779565898598,74 34 35 35 38 45 41 46 46 30 37 30 30 39 46 46 46 30 30 30 30 0D
1779565898609,74 34 35 31 38 30 30 30 30 30 30 30 30 30 30 30 30 30 30 30 30 0D
1779565898619,74 34 35 35 38 45 41 46 46 30 37 30 30 39 46 46 46 30 30 30 30 0D
1779565898629,74 34 35 30 38 30 30 30 30 30 37 30 30 30 30 30 30 45 34 30 35 0D
1779565898644,74 34 35 32 38 38 43 30 30 30 30 30 30 30 30 30 30 32 37 30 30 0D
1779565898651,74 34 35 31 38 30 30 30 30 30 30 30 30 30 30 30 30 30 30 30 30 0D
1779565898658,74 34 35 35 38 45 41 46 46 30 37 30 30 39 46 46 46 30 30 30 30 0D
1779565898669,74 34 35 31 38 30 30 30 30 30 30 30 30 30 30 30 30 30 30 30 30 0D
1779565898695,74 34 35 35 38 45 41 46 46 30 37 30 30 39 45 46 46 30 30 30 30 0D
1779565898708,74 34 35 31 38 30 30 30 30 30 30 30 30 30 30 30 30 30 30 30 30 0D
1779565898718,74 34 35 35 38 45 41 46 46 30 37 30 30 39 45 46 46 30 30 30 30 0D
1779565898728,74 34 35 30 38 30 30 30 30 30 37 30 30 30 30 30 30 45 34 30 35 0D
1779565898741,74 34 35 31 38 30 30 30 30 30 30 30 30 30 30 30 30 30 30 30 30 0D
1779565898752,74 34 35 31 38 30 30 30 30 30 30 30 30 30 30 30 30 30 30 30 30 0D
1779565898771,74 34 35 31 38 30 30 30 30 30 30 30 30 30 30 30 30 30 30 30 30 0D
1779565898788,74 34 35 35 38 45 41 46 46 30 37 30 30 39 45 46 46 30 30 30 30 0D
1779565898795,74 34 35 31 38 30 30 30 30 30 30 30 30 30 30 30 30 30 30 30 30 0D
1779565898810,74 34 35 31 38 30 30 30 30 30 30 30 30 30 30 30 30 30 30 30 30 0D
1779565898820,74 34 35 35 38 45 41 46 46 30 37 30 30 39 45 46 46 30 30 30 30 0D
1779565898828,74 34 35 30 38 30 30 30 30 30 37 30 30 30 30 30 30 45 34 30 35 0D
1779565898840,74 34 35 31 38 30 30 30 30 30 30 30 30 30 30 30 30 30 30 30 30 0D
1779565898850,74 34 35 31 38 30 30 30 30 30 30 30 30 30 30 30 30 30 30 30 30 0D
1779565898862,74 34 35 35 38 45 41 46 46 30 37 30 30 39 45 46 46 30 30 30 30 0D
1779565898868,74 34 35 31 38 30 30 30 30 30 30 30 30 30 30 30 30 30 30 30 30 0D
1779565898885,74 34 35 35 38 45 42 46 46 30 37 30 30 39 45 46 46 30 30 30 30 0D
1779565898890,74 34 35 31 38 30 30 30 30 30 30 30 30 30 30 30 30 30 30 30 30 0D
1779565898904,74 34 35 35 38 45 42 46 46 30 37 30 30 39 45 46 46 30 30 30 30 0D
1779565898908,74 34 35 31 38 30 30 30 30 30 30 30 30 30 30 30 30 30 30 30 30 0D
1779565898922,74 34 35 35 38 45 42 46 46 30 37 30 30 39 45 46 46 30 30 30 30 0D
1779565898927,74 34 35 30 38 30 30 30 30 30 37 30 30 30 30 30 30 45 34 30 35 0D
1779565898940,74 34 35 31 38 30 30 30 30 30 30 30 30 30 30 30 30 30 30 30 30 0D
1779565898947,74 34 35 31 38 30 30 30 30 30 30 30 30 30 30 30 30 30 30 30 30 0D
1779565898961,74 34 35 35 38 45 42 46 46 30 37 30 30 39 45 46 46 30 30 30 30 0D
1779565898969,74 34 35 31 38 30 30 30 30 30 30 30 30 30 30 30 30 30 30 30 30 0D
1779565898991,74 34 35 35 38 45 42 46 46 30 37 30 30 39 45 46 46 30 30 30 30 0D
1779565899002,74 34 35 31 38 30 30 30 30 30 30 30 30 30 30 30 30 30 30 30 30 0D
1779565899006,74 34 35 31 38 30 30 30 30 30 30 30 30 30 30 30 30 30 30 30 30 0D
1779565899019,74 34 35 35 38 45 42 46 46 30 37 30 30 39 45 46 46 30 30 30 30 0D
1779565899026,74 34 35 30 38 30 30 30 30 30 37 30 30 30 30 30 30 45 34 30 35 0D
1779565899041,74 34 35 31 38 30 30 30 30 30 30 30 30 30 30 30 30 30 30 30 30 0D
1779565899052,74 34 35 31 38 30 30 30 30 30 30 30 30 30 30 30 30 30 30 30 30 0D
1779565899059,74 34 35 35 38 45 42 46 46 30 37 30 30 39 45 46 46 30 30 30 30 0D
1779565899070,74 34 35 31 38 30 30 30 30 30 30 30 30 30 30 30 30 30 30 30 30 0D
1779565899098,74 34 35 35 38 45 41 46 46 30 37 30 30 41 30 46 46 30 30 30 30 0D
1779565899107,74 34 35 31 38 30 30 30 30 30 30 30 30 30 30 30 30 30 30 30 30 0D
1779565899126,74 34 35 35 38 45 41 46 46 30 37 30 30 41 30 46 46 30 30 30 30 0D
1779565899132,74 34 35 30 38 30 30 30 30 30 37 30 30 30 30 30 30 45 34 30 35 0D
1779565899140,74 34 35 31 38 30 30 30 30 30 30 30 30 30 30 30 30 30 30 30 30 0D
1779565899151,74 34 35 31 38 30 30 30 30 30 30 30 30 30 30 30 30 30 30 30 30 0D
1779565899167,74 34 35 36 38 45 44 46 46 30 37 30 30 30 34 30 30 30 30 30 30 0D
1779565899173,74 34 35 31 38 30 30 30 30 30 30 30 30 30 30 30 30 30 30 30 30 0D
1779565899175,74 34 35 35 38 45 41 46 46 30 37 30 30 41 30 46 46 30 30 30 30 0D
1779565899182,74 34 35 37 38 30 30 30 30 30 30 30 30 36 34 31 34 30 30 30 30 0D
1779565899187,74 34 35 39 38 35 42 41 34 42 45 31 36 36 32 31 41 30 33 42 37 0D
1779565899192,74 34 35 31 38 30 30 30 30 30 30 30 30 30 30 30 30 30 30 30 30 0D
1779565899201,74 34 35 35 38 45 41 46 46 30 37 30 30 41 30 46 46 30 30 30 30 0D
1779565899208,74 34 35 31 38 30 30 30 30 30 30 30 30 30 30 30 30 30 30 30 30 0D
1779565899218,74 34 35 35 38 45 41 46 46 30 37 30 30 41 30 46 46 30 30 30 30 0D
1779565899228,74 34 35 30 38 30 30 30 30 30 37 30 30 30 30 30 30 45 34 30 35 0D
1779565899241,74 34 35 31 38 30 30 30 30 30 30 30 30 30 30 30 30 30 30 30 30 0D
1779565899256,74 34 35 31 38 30 30 30 30 30 30 30 30 30 30 30 30 30 30 30 30 0D
1779565899260,74 34 35 35 38 45 41 46 46 30 37 30 30 41 30 46 46 30 30 30 30 0D
1779565899269,74 34 35 31 38 30 30 30 30 30 30 30 30 30 30 30 30 30 30 30 30 0D
1779565899292,74 34 35 35 38 45 42 46 46 30 38 30 30 39 46 46 46 30 30 30 30 0D
1779565899304,74 34 35 31 38 30 30 30 30 30 30 30 30 30 30 30 30 30 30 30 30 0D
1779565899308,74 34 35 31 38 30 30 30 30 30 30 30 30 30 30 30 30 30 30 30 30 0D
1779565899318,74 34 35 35 38 45 42 46 46 30 38 30 30 39 46 46 46 30 30 30 30 0D
1779565899327,74 34 35 30 38 30 30 30 30 30 37 30 30 30 30 30 30 45 34 30 35 0D
1779565899340,74 34 35 31 38 30 30 30 30 30 30 30 30 30 30 30 30 30 30 30 30 0D
1779565899350,74 34 35 31 38 30 30 30 30 30 30 30 30 30 30 30 30 30 30 30 30 0D
1779565899359,74 34 35 35 38 45 42 46 46 30 38 30 30 39 46 46 46 30 30 30 30 0D
1779565899368,74 34 35 31 38 30 30 30 30 30 30 30 30 30 30 30 30 30 30 30 30 0D
1779565899377,74 34 35 35 38 45 42 46 46 30 38 30 30 39 46 46 46 30 30 30 30 0D
1779565899388,74 34 35 39 38 35 43 41 34 42 45 31 36 35 46 31 41 30 33 42 37 0D
1779565899402,74 34 35 31 38 30 30 30 30 30 30 30 30 30 30 30 30 30 30 30 30 0D
1779565899410,74 34 35 31 38 30 30 30 30 30 30 30 30 30 30 30 30 30 30 30 30 0D
1779565899423,74 34 35 35 38 45 42 46 46 30 38 30 30 39 46 46 46 30 30 30 30 0D
1779565899426,74 34 35 30 38 30 30 30 30 30 37 30 30 30 30 30 30 45 34 30 35 0D
1779565899437,74 34 35 31 38 30 30 30 30 30 30 30 30 30 30 30 30 30 30 30 30 0D
1779565899450,74 34 35 31 38 30 30 30 30 30 30 30 30 30 30 30 30 30 30 30 30 0D
1779565899466,74 34 35 35 38 45 42 46 46 30 38 30 30 39 46 46 46 30 30 30 30 0D
1779565899476,74 34 35 35 38 45 42 46 46 30 37 30 30 39 46 46 46 30 30 30 30 0D
1779565899483,74 34 35 37 38 30 30 30 30 30 30 30 30 36 34 31 34 30 30 30 30 0D
1779565899491,74 34 35 31 38 30 30 30 30 30 30 30 30 30 30 30 30 30 30 30 30 0D
1779565899501,74 34 35 35 38 45 42 46 46 30 37 30 30 39 46 46 46 30 30 30 30 0D
1779565899508,74 34 35 31 38 30 30 30 30 30 30 30 30 30 30 30 30 30 30 30 30 0D
1779565899518,74 34 35 35 38 45 42 46 46 30 37 30 30 39 46 46 46 30 30 30 30 0D
1779565899532,74 34 35 30 38 30 30 30 30 30 37 30 30 30 30 30 30 45 34 30 35 0D
1779565899541,74 34 35 31 38 30 30 30 30 30 30 30 30 30 30 30 30 30 30 30 30 0D
1779565899549,74 34 35 31 38 30 30 30 30 30 30 30 30 30 30 30 30 30 30 30 30 0D
1779565899555,74 34 35 35 38 45 42 46 46 30 37 30 30 39 46 46 46 30 30 30 30 0D
1779565899566,74 34 35 31 38 30 30 30 30 30 30 30 30 30 30 30 30 30 30 30 30 0D
1779565899587,74 34 35 35 38 45 42 46 46 30 37 30 30 39 46 46 46 30 30 30 30 0D
1779565899592,74 34 35 31 38 30 30 30 30 30 30 30 30 30 30 30 30 30 30 30 30 0D
1779565899601,74 34 35 35 38 45 42 46 46 30 37 30 30 39 46 46 46 30 30 30 30 0D
1779565899608,74 34 35 31 38 30 30 30 30 30 30 30 30 30 30 30 30 30 30 30 30 0D
1779565899621,74 34 35 35 38 45 42 46 46 30 37 30 30 39 46 46 46 30 30 30 30 0D
1779565899626,74 34 35 30 38 30 30 30 30 30 37 30 30 30 30 30 30 45 34 30 35 0D
1779565899640,74 34 35 31 38 30 30 30 30 30 30 30 30 30 30 30 30 30 30 30 30 0D
1779565899648,74 34 35 31 38 30 30 30 30 30 30 30 30 30 30 30 30 30 30 30 30 0D
1779565899658,74 34 35 35 38 45 42 46 46 30 37 30 30 39 46 46 46 30 30 30 30 0D
1779565899668,74 34 35 31 38 30 30 30 30 30 30 30 30 30 30 30 30 30 30 30 30 0D
1779565899685,74 34 35 35 38 45 42 46 46 30 37 30 30 39 46 46 46 30 30 30 30 0D
1779565899693,74 34 35 31 38 30 30 30 30 30 30 30 30 30 30 30 30 30 30 30 30 0D
1779565899698,74 34 35 35 38 45 42 46 46 30 37 30 30 39 46 46 46 30 30 30 30 0D
1779565899707,74 34 35 31 38 30 30 30 30 30 30 30 30 30 30 30 30 30 30 30 30 0D
1779565899719,74 34 35 35 38 45 42 46 46 30 37 30 30 39 46 46 46 30 30 30 30 0D
1779565899729,74 34 35 30 38 30 30 30 30 30 37 30 30 30 30 30 30 45 34 30 35 0D
1779565899740,74 34 35 31 38 30 30 30 30 30 30 30 30 30 30 30 30 30 30 30 30 0D
1779565899748,74 34 35 31 38 30 30 30 30 30 30 30 30 30 30 30 30 30 30 30 30 0D
1779565899761,74 34 35 35 38 45 42 46 46 30 37 30 30 39 46 46 46 30 30 30 30 0D
1779565899775,74 34 35 31 38 30 30 30 30 30 30 30 30 30 30 30 30 30 30 30 30 0D
1779565899799,74 34 35 35 38 45 42 46 46 30 37 30 30 39 46 46 46 30 30 30 30 0D
1779565899815,74 34 35 31 38 30 30 30 30 30 30 30 30 30 30 30 30 30 30 30 30 0D
1779565899824,74 34 35 35 38 45 42 46 46 30 37 30 30 39 46 46 46 30 30 30 30 0D
1779565899830,74 34 35 30 38 30 30 30 30 30 37 30 30 30 30 30 30 45 34 30 35 0D
1779565899837,74 34 35 31 38 30 30 30 30 30 30 30 30 30 30 30 30 30 30 30 30 0D
1779565899848,74 34 35 31 38 30 30 30 30 30 30 30 30 30 30 30 30 30 30 30 30 0D
1779565899863,74 34 35 35 38 45 42 46 46 30 37 30 30 39 46 46 46 30 30 30 30 0D
1779565899867,74 34 35 31 38 30 30 30 30 30 30 30 30 30 30 30 30 30 30 30 30 0D
1779565899880,74 34 35 35 38 45 41 46 46 30 37 30 30 39 46 46 46 30 30 30 30 0D
1779565899890,74 34 35 37 38 30 30 30 30 30 31 30 30 36 34 31 34 30 30 30 30 0D
1779565899901,74 34 35 31 38 30 30 30 30 30 30 30 30 30 30 30 30 30 30 30 30 0D
1779565899906,74 34 35 31 38 30 30 30 30 30 30 30 30 30 30 30 30 30 30 30 30 0D
1779565899920,74 34 35 36 38 45 45 46 46 30 37 30 30 30 34 30 30 30 30 30 30 0D
1779565899933,74 34 35 30 38 30 30 30 30 30 37 30 30 30 30 30 30 45 34 30 35 0D
1779565899942,74 34 35 31 38 30 30 30 30 30 30 30 30 30 30 30 30 30 30 30 30 0D
1779565899947,74 34 35 31 38 30 30 30 30 30 30 30 30 30 30 30 30 30 30 30 30 0D
1779565899962,74 34 35 35 38 45 41 46 46 30 37 30 30 39 46 46 46 30 30 30 30 0D
1779565899968,74 34 35 31 38 30 30 30 30 30 30 30 30 30 30 30 30 30 30 30 30 0D
1779565899981,74 34 35 35 38 45 41 46 46 30 37 30 30 39 46 46 46 30 30 30 30 0D
1779565899988,74 34 35 31 38 30 30 30 30 30 30 30 30 30 30 30 30 30 30 30 30 0D
1779565900000,74 34 35 35 38 45 41 46 46 30 37 30 30 39 46 46 46 30 30 30 30 0D
1779565900009,74 34 35 31 38 30 30 30 30 30 30 30 30 30 30 30 30 30 30 30 30 0D
1779565900021,74 34 35 35 38 45 41 46 46 30 37 30 30 39 46 46 46 30 30 30 30 0D
1779565900040,74 34 35 30 38 30 30 30 30 30 37 30 30 30 30 30 30 45 34 30 35 0D
1779565900053,74 34 35 31 38 30 30 30 30 30 30 30 30 30 30 30 30 30 30 30 30 0D
1779565900078,74 34 35 31 38 30 30 30 30 30 30 30 30 30 30 30 30 30 30 30 30 0D
1779565900087,74 34 35 35 38 45 41 46 46 30 37 30 30 39 46 46 46 30 30 30 30 0D
1779565900100,74 34 35 31 38 30 30 30 30 30 30 30 30 30 30 30 30 30 30 30 30 0D
1779565900110,74 34 35 31 38 30 30 30 30 30 30 30 30 30 30 30 30 30 30 30 30 0D
1779565900119,74 34 35 35 38 45 41 46 46 30 37 30 30 39 46 46 46 30 30 30 30 0D
1779565900128,74 34 35 30 38 30 30 30 30 30 37 30 30 30 30 30 30 45 34 30 35 0D
1779565900145,74 34 35 31 38 30 30 30 30 30 30 30 30 30 30 30 30 30 30 30 30 0D
1779565900152,74 34 35 31 38 30 30 30 30 30 30 30 30 30 30 30 30 30 30 30 30 0D
1779565900157,74 34 35 35 38 45 41 46 46 30 37 30 30 39 46 46 46 30 30 30 30 0D
1779565900170,74 34 35 31 38 30 30 30 30 30 30 30 30 30 30 30 30 30 30 30 30 0D
1779565900189,74 34 35 35 38 45 41 46 46 30 37 30 30 39 46 46 46 30 30 30 30 0D
1779565900201,74 34 35 35 38 45 41 46 46 30 37 30 30 39 46 46 46 30 30 30 30 0D
1779565900208,74 34 35 31 38 30 30 30 30 30 30 30 30 30 30 30 30 30 30 30 30 0D
1779565900220,74 34 35 35 38 45 41 46 46 30 37 30 30 39 46 46 46 30 30 30 30 0D
1779565900231,74 34 35 30 38 30 30 30 30 30 37 30 30 30 30 30 30 45 34 30 35 0D
1779565900238,74 34 35 31 38 30 30 30 30 30 30 30 30 30 30 30 30 30 30 30 30 0D
1779565900249,74 34 35 31 38 30 30 30 30 30 30 30 30 30 30 30 30 30 30 30 30 0D
1779565900264,74 34 35 35 38 45 41 46 46 30 37 30 30 39 46 46 46 30 30 30 30 0D
1779565900272,74 34 35 31 38 30 30 30 30 30 30 30 30 30 30 30 30 30 30 30 30 0D
1779565900299,74 34 35 35 38 45 41 46 46 30 37 30 30 39 46 46 46 30 30 30 30 0D
1779565900308,74 34 35 31 38 30 30 30 30 30 30 30 30 30 30 30 30 30 30 30 30 0D
1779565900322,74 34 35 35 38 45 41 46 46 30 37 30 30 39 46 46 46 30 30 30 30 0D
1779565900329,74 34 35 30 38 30 30 30 30 30 37 30 30 30 30 30 30 45 34 30 35 0D
1779565900340,74 34 35 31 38 30 30 30 30 30 30 30 30 30 30 30 30 30 30 30 30 0D
1779565900348,74 34 35 31 38 30 30 30 30 30 30 30 30 30 30 30 30 30 30 30 30 0D
1779565900363,74 34 35 35 38 45 39 46 46 30 37 30 30 39 45 46 46 30 30 30 30 0D
1779565900368,74 34 35 31 38 30 30 30 30 30 30 30 30 30 30 30 30 30 30 30 30 0D
1779565900402,74 34 35 35 38 45 39 46 46 30 37 30 30 39 45 46 46 30 30 30 30 0D
1779565900410,74 34 35 31 38 30 30 30 30 30 30 30 30 30 30 30 30 30 30 30 30 0D
1779565900418,74 34 35 35 38 45 39 46 46 30 37 30 30 39 45 46 46 30 30 30 30 0D
1779565900429,74 34 35 30 38 30 30 30 30 30 37 30 30 30 30 30 30 45 34 30 35 0D
1779565900443,74 34 35 31 38 30 30 30 30 30 30 30 30 30 30 30 30 30 30 30 30 0D
1779565900448,74 34 35 31 38 30 30 30 30 30 30 30 30 30 30 30 30 30 30 30 30 0D
1779565900471,74 34 35 31 38 30 30 30 30 30 30 30 30 30 30 30 30 30 30 30 30 0D
1779565900486,74 34 35 35 38 45 41 46 46 30 37 30 30 39 45 46 46 30 30 30 30 0D
1779565900491,74 34 35 31 38 30 30 30 30 30 30 30 30 30 30 30 30 30 30 30 30 0D
1779565900513,74 34 35 31 38 30 30 30 30 30 30 30 30 30 30 30 30 30 30 30 30 0D
1779565900520,74 34 35 35 38 45 41 46 46 30 37 30 30 39 45 46 46 30 30 30 30 0D
1779565900531,74 34 35 30 38 30 30 30 30 30 37 30 30 30 30 30 30 45 34 30 35 0D
1779565900539,74 34 35 31 38 30 30 30 30 30 30 30 30 30 30 30 30 30 30 30 30 0D
1779565900551,74 34 35 31 38 30 30 30 30 30 30 30 30 30 30 30 30 30 30 30 30 0D
1779565900561,74 34 35 35 38 45 41 46 46 30 37 30 30 39 45 46 46 30 30 30 30 0D
1779565900569,74 34 35 31 38 30 30 30 30 30 30 30 30 30 30 30 30 30 30 30 30 0D
1779565900599,74 34 35 35 38 45 41 46 46 30 37 30 30 39 45 46 46 30 30 30 30 0D
1779565900613,74 34 35 31 38 30 30 30 30 30 30 30 30 30 30 30 30 30 30 30 30 0D
1779565900619,74 34 35 35 38 45 41 46 46 30 37 30 30 39 45 46 46 30 30 30 30 0D
1779565900629,74 34 35 30 38 30 30 30 30 30 37 30 30 30 30 30 30 45 34 30 35 0D
1779565900643,74 34 35 31 38 30 30 30 30 30 30 30 30 30 30 30 30 30 30 30 30 0D
1779565900647,74 34 35 31 38 30 30 30 30 30 30 30 30 30 30 30 30 30 30 30 30 0D
1779565900656,74 34 35 35 38 45 41 46 46 30 37 30 30 39 45 46 46 30 30 30 30 0D
1779565900670,74 34 35 31 38 30 30 30 30 30 30 30 30 30 30 30 30 30 30 30 30 0D
1779565900687,74 34 35 35 38 45 41 46 46 30 37 30 30 39 46 46 46 30 30 30 30 0D
1779565900694,74 34 35 31 38 30 30 30 30 30 30 30 30 30 30 30 30 30 30 30 30 0D
1779565900701,74 34 35 35 38 45 41 46 46 30 37 30 30 39 46 46 46 30 30 30 30 0D
1779565900706,74 34 35 31 38 30 30 30 30 30 30 30 30 30 30 30 30 30 30 30 30 0D
1779565900719,74 34 35 35 38 45 41 46 46 30 37 30 30 39 46 46 46 30 30 30 30 0D
1779565900728,74 34 35 30 38 30 30 30 30 30 37 30 30 30 30 30 30 45 34 30 35 0D
1779565900745,74 34 35 31 38 30 30 30 30 30 30 30 30 30 30 30 30 30 30 30 30 0D
1779565900751,74 34 35 31 38 30 30 30 30 30 30 30 30 30 30 30 30 30 30 30 30 0D
1779565900765,74 34 35 35 38 45 41 46 46 30 37 30 30 39 46 46 46 30 30 30 30 0D
1779565900768,74 34 35 31 38 30 30 30 30 30 30 30 30 30 30 30 30 30 30 30 30 0D
1779565900800,74 34 35 35 38 45 41 46 46 30 37 30 30 39 46 46 46 30 30 30 30 0D
1779565900814,74 34 35 31 38 30 30 30 30 30 30 30 30 30 30 30 30 30 30 30 30 0D
1779565900819,74 34 35 35 38 45 41 46 46 30 37 30 30 39 46 46 46 30 30 30 30 0D
1779565900827,74 34 35 30 38 30 30 30 30 30 37 30 30 30 30 30 30 45 34 30 35 0D
1779565900844,74 34 35 31 38 30 30 30 30 30 30 30 30 30 30 30 30 30 30 30 30 0D
1779565900848,74 34 35 31 38 30 30 30 30 30 30 30 30 30 30 30 30 30 30 30 30 0D
1779565900861,74 34 35 35 38 45 41 46 46 30 37 30 30 39 46 46 46 30 30 30 30 0D
1779565900870,74 34 35 31 38 30 30 30 30 30 30 30 30 30 30 30 30 30 30 30 30 0D
1779565900897,74 34 35 35 38 45 41 46 46 30 37 30 30 39 46 46 46 30 30 30 30 0D
1779565900911,74 34 35 31 38 30 30 30 30 30 30 30 30 30 30 30 30 30 30 30 30 0D
1779565900929,74 34 35 35 38 45 41 46 46 30 37 30 30 39 46 46 46 30 30 30 30 0D
1779565900934,74 34 35 30 38 30 30 30 30 30 37 30 30 30 30 30 30 45 34 30 35 0D
1779565900944,74 34 35 32 38 38 43 30 30 30 30 30 30 30 30 30 30 32 37 30 30 0D
1779565900950,74 34 35 31 38 30 30 30 30 30 30 30 30 30 30 30 30 30 30 30 30 0D
1779565900956,74 34 35 35 38 45 41 46 46 30 37 30 30 39 46 46 46 30 30 30 30 0D
1779565900968,74 34 35 31 38 30 30 30 30 30 30 30 30 30 30 30 30 30 30 30 30 0D
1779565900987,74 34 35 35 38 45 41 46 46 30 37 30 30 39 46 46 46 30 30 30 30 0D
1779565900994,74 34 35 31 38 30 30 30 30 30 30 30 30 30 30 30 30 30 30 30 30 0D
1779565901012,74 34 35 31 38 30 30 30 30 30 30 30 30 30 30 30 30 30 30 30 30 0D
1779565901028,74 34 35 35 38 45 41 46 46 30 37 30 30 39 46 46 46 30 30 30 30 0D
1779565901045,74 34 35 31 38 30 30 30 30 30 30 30 30 30 30 30 30 30 30 30 30 0D
1779565901050,74 34 35 31 38 30 30 30 30 30 30 30 30 30 30 30 30 30 30 30 30 0D
1779565901061,74 34 35 35 38 45 41 46 46 30 37 30 30 39 46 46 46 30 30 30 30 0D
1779565901069,74 34 35 31 38 30 30 30 30 30 30 30 30 30 30 30 30 30 30 30 30 0D
1779565901080,74 34 35 35 38 45 41 46 46 30 37 30 30 39 46 46 46 30 30 30 30 0D
1779565901085,74 34 35 37 38 30 30 30 30 30 30 30 30 36 34 31 34 30 30 30 30 0D
1779565901091,74 34 35 31 38 30 30 30 30 30 30 30 30 30 30 30 30 30 30 30 30 0D
1779565901111,74 34 35 31 38 30 30 30 30 30 30 30 30 30 30 30 30 30 30 30 30 0D
1779565901127,74 34 35 35 38 45 41 46 46 30 37 30 30 39 46 46 46 30 30 30 30 0D
1779565901132,74 34 35 30 38 30 30 30 30 30 37 30 30 30 30 30 30 45 34 30 35 0D
1779565901138,74 34 35 31 38 30 30 30 30 30 30 30 30 30 30 30 30 30 30 30 30 0D
1779565901148,74 34 35 31 38 30 30 30 30 30 30 30 30 30 30 30 30 30 30 30 30 0D
1779565901161,74 34 35 35 38 45 41 46 46 30 37 30 30 39 46 46 46 30 30 30 30 0D
1779565901169,74 34 35 31 38 30 30 30 30 30 30 30 30 30 30 30 30 30 30 30 30 0D
1779565901190,74 34 35 35 38 45 41 46 46 30 37 30 30 39 46 46 46 30 30 30 30 0D
1779565901200,74 34 35 31 38 30 30 30 30 30 30 30 30 30 30 30 30 30 30 30 30 0D
1779565901204,74 34 35 36 38 45 44 46 46 30 37 30 30 30 34 30 30 30 30 30 30 0D
1779565901210,74 34 35 31 38 30 30 30 30 30 30 30 30 30 30 30 30 30 30 30 30 0D
1779565901228,74 34 35 35 38 45 41 46 46 30 37 30 30 39 46 46 46 30 30 30 30 0D
1779565901236,74 34 35 30 38 30 30 30 30 30 37 30 30 30 30 30 30 45 34 30 35 0D
1779565901239,74 34 35 31 38 30 30 30 30 30 30 30 30 30 30 30 30 30 30 30 30 0D
1779565901249,74 34 35 31 38 30 30 30 30 30 30 30 30 30 30 30 30 30 30 30 30 0D
1779565901260,74 34 35 35 38 45 41 46 46 30 37 30 30 39 46 46 46 30 30 30 30 0D
1779565901269,74 34 35 31 38 30 30 30 30 30 30 30 30 30 30 30 30 30 30 30 30 0D
1779565901291,74 34 35 35 38 45 41 46 46 30 37 30 30 39 45 46 46 30 30 30 30 0D
1779565901299,74 34 35 31 38 30 30 30 30 30 30 30 30 30 30 30 30 30 30 30 30 0D
1779565901310,74 34 35 31 38 30 30 30 30 30 30 30 30 30 30 30 30 30 30 30 30 0D
1779565901317,74 34 35 35 38 45 41 46 46 30 37 30 30 39 45 46 46 30 30 30 30 0D
1779565901327,74 34 35 30 38 30 30 30 30 30 37 30 30 30 30 30 30 45 34 30 35 0D
1779565901347,74 34 35 31 38 30 30 30 30 30 30 30 30 30 30 30 30 30 30 30 30 0D
1779565901350,74 34 35 31 38 30 30 30 30 30 30 30 30 30 30 30 30 30 30 30 30 0D
1779565901358,74 34 35 35 38 45 41 46 46 30 37 30 30 39 45 46 46 30 30 30 30 0D
1779565901369,74 34 35 31 38 30 30 30 30 30 30 30 30 30 30 30 30 30 30 30 30 0D
1779565901406,74 34 35 35 38 45 41 46 46 30 37 30 30 39 45 46 46 30 30 30 30 0D
1779565901411,74 34 35 31 38 30 30 30 30 30 30 30 30 30 30 30 30 30 30 30 30 0D
1779565901415,74 34 35 35 38 45 41 46 46 30 37 30 30 39 45 46 46 30 30 30 30 0D
1779565901428,74 34 35 30 38 30 30 30 30 30 37 30 30 30 30 30 30 45 34 30 35 0D
1779565901443,74 34 35 31 38 30 30 30 30 30 30 30 30 30 30 30 30 30 30 30 30 0D
1779565901449,74 34 35 31 38 30 30 30 30 30 30 30 30 30 30 30 30 30 30 30 30 0D
1779565901460,74 34 35 35 38 45 41 46 46 30 37 30 30 39 45 46 46 30 30 30 30 0D
1779565901467,74 34 35 31 38 30 30 30 30 30 30 30 30 30 30 30 30 30 30 30 30 0D
1779565901508,74 34 35 35 38 45 41 46 46 30 37 30 30 39 46 46 46 30 30 30 30 0D
1779565901513,74 34 35 31 38 30 30 30 30 30 30 30 30 30 30 30 30 30 30 30 30 0D
1779565901522,74 34 35 35 38 45 41 46 46 30 37 30 30 39 46 46 46 30 30 30 30 0D
1779565901529,74 34 35 30 38 30 30 30 30 30 37 30 30 30 30 30 30 45 34 30 35 0D
1779565901541,74 34 35 31 38 30 30 30 30 30 30 30 30 30 30 30 30 30 30 30 30 0D
1779565901547,74 34 35 31 38 30 30 30 30 30 30 30 30 30 30 30 30 30 30 30 30 0D
1779565901564,74 34 35 35 38 45 41 46 46 30 37 30 30 39 46 46 46 30 30 30 30 0D
1779565901573,74 34 35 31 38 30 30 30 30 30 30 30 30 30 30 30 30 30 30 30 30 0D
1779565901592,74 34 35 37 38 30 30 30 30 30 30 30 30 36 34 31 34 30 30 30 30 0D
1779565901608,74 34 35 31 38 30 30 30 30 30 30 30 30 30 30 30 30 30 30 30 30 0D
1779565901616,74 34 35 35 38 45 41 46 46 30 37 30 30 39 46 46 46 30 30 30 30 0D
1779565901635,74 34 35 30 38 30 30 30 30 30 37 30 30 30 30 30 30 45 34 30 35 0D
1779565901644,74 34 35 31 38 30 30 30 30 30 30 30 30 30 30 30 30 30 30 30 30 0D
1779565901650,74 34 35 31 38 30 30 30 30 30 30 30 30 30 30 30 30 30 30 30 30 0D
1779565901655,74 34 35 35 38 45 41 46 46 30 37 30 30 39 46 46 46 30 30 30 30 0D
1779565901670,74 34 35 31 38 30 30 30 30 30 30 30 30 30 30 30 30 30 30 30 30 0D
1779565901676,74 34 35 37 38 30 30 30 30 30 31 30 30 36 34 31 34 30 30 30 30 0D
1779565901681,74 34 35 39 38 36 32 41 34 42 45 31 36 34 30 31 41 30 33 42 37 0D
1779565901695,74 34 35 31 38 30 30 30 30 30 30 30 30 30 30 30 30 30 30 30 30 0D
1779565901710,74 34 35 31 38 30 30 30 30 30 30 30 30 30 30 30 30 30 30 30 30 0D
1779565901717,74 34 35 35 38 45 42 46 46 30 36 30 30 39 46 46 46 30 30 30 30 0D
1779565901743,74 34 35 30 38 30 30 30 30 30 37 30 30 30 30 30 30 45 34 30 35 0D
1779565901755,74 34 35 31 38 30 30 30 30 30 30 30 30 30 30 30 30 30 30 30 30 0D
1779565901764,74 34 35 35 38 45 42 46 46 30 36 30 30 39 46 46 46 30 30 30 30 0D
1779565901768,74 34 35 31 38 30 30 30 30 30 30 30 30 30 30 30 30 30 30 30 30 0D
1779565901772,74 34 35 35 38 45 42 46 46 30 36 30 30 39 46 46 46 30 30 30 30 0D
1779565901777,74 34 35 37 38 30 30 30 30 30 30 30 30 36 34 31 34 30 30 30 30 0D
1779565901781,74 34 35 39 38 36 32 41 34 42 45 31 36 33 45 31 41 30 33 42 37 0D
1779565901788,74 34 35 31 38 30 30 30 30 30 30 30 30 30 30 30 30 30 30 30 30 0D
1779565901793,74 34 35 36 38 45 44 46 46 30 38 30 30 30 34 30 30 30 30 30 30 0D
1779565901810,74 34 35 31 38 30 30 30 30 30 30 30 30 30 30 30 30 30 30 30 30 0D
1779565901813,74 34 35 35 38 45 42 46 46 30 36 30 30 39 46 46 46 30 30 30 30 0D
1779565901830,74 34 35 30 38 30 30 30 30 30 37 30 30 30 30 30 30 45 34 30 35 0D
1779565901835,74 34 35 31 38 30 30 30 30 30 30 30 30 30 30 30 30 30 30 30 30 0D
1779565901852,74 34 35 31 38 30 30 30 30 30 30 30 30 30 30 30 30 30 30 30 30 0D
1779565901859,74 34 35 35 38 45 42 46 46 30 36 30 30 39 46 46 46 30 30 30 30 0D
1779565901875,74 34 35 31 38 30 30 30 30 30 30 30 30 30 30 30 30 30 30 30 30 0D
1779565901882,74 34 35 35 38 45 41 46 46 30 37 30 30 39 45 46 46 30 30 30 30 0D
1779565901892,74 34 35 31 38 30 30 30 30 30 30 30 30 30 30 30 30 30 30 30 30 0D
1779565901898,74 34 35 36 38 45 44 46 46 30 38 30 30 30 34 30 30 30 30 30 30 0D
1779565901916,74 34 35 31 38 30 30 30 30 30 30 30 30 30 30 30 30 30 30 30 30 0D
1779565901923,74 34 35 35 38 45 41 46 46 30 37 30 30 39 45 46 46 30 30 30 30 0D
1779565901932,74 34 35 30 38 30 30 30 30 30 37 30 30 30 30 30 30 45 34 30 35 0D
1779565901940,74 34 35 31 38 30 30 30 30 30 30 30 30 30 30 30 30 30 30 30 30 0D
1779565901948,74 34 35 31 38 30 30 30 30 30 30 30 30 30 30 30 30 30 30 30 30 0D
1779565901957,74 34 35 35 38 45 41 46 46 30 37 30 30 39 45 46 46 30 30 30 30 0D
1779565901976,74 34 35 31 38 30 30 30 30 30 30 30 30 30 30 30 30 30 30 30 30 0D
1779565901982,74 34 35 35 38 45 41 46 46 30 37 30 30 39 45 46 46 30 30 30 30 0D
1779565901987,74 34 35 37 38 30 30 30 30 30 30 30 30 36 34 31 34 30 30 30 30 0D
1779565901990,74 34 35 31 38 30 30 30 30 30 30 30 30 30 30 30 30 30 30 30 30 0D
1779565902011,74 34 35 31 38 30 30 30 30 30 30 30 30 30 30 30 30 30 30 30 30 0D
1779565902015,74 34 35 35 38 45 41 46 46 30 37 30 30 39 45 46 46 30 30 30 30 0D
1779565902027,74 34 35 30 38 30 30 30 30 30 37 30 30 30 30 30 30 45 34 30 35 0D
1779565902039,74 34 35 31 38 30 30 30 30 30 30 30 30 30 30 30 30 30 30 30 30 0D
1779565902048,74 34 35 31 38 30 30 30 30 30 30 30 30 30 30 30 30 30 30 30 30 0D
1779565902058,74 34 35 35 38 45 41 46 46 30 37 30 30 39 45 46 46 30 30 30 30 0D
1779565902072,74 34 35 31 38 30 30 30 30 30 30 30 30 30 30 30 30 30 30 30 30 0D
1779565902078,74 34 35 37 38 30 30 30 30 30 31 30 30 36 34 31 34 30 30 30 30 0D
1779565902091,74 34 35 39 38 36 31 41 34 42 45 31 36 33 41 31 41 30 33 42 37 0D
1779565902113,74 34 35 31 38 30 30 30 30 30 30 30 30 30 30 30 30 30 30 30 30 0D
1779565902121,74 34 35 35 38 45 42 46 46 30 37 30 30 39 46 46 46 30 30 30 30 0D
1779565902128,74 34 35 30 38 30 30 30 30 30 37 30 30 30 30 30 30 45 34 30 35 0D
1779565902133,74 34 35 31 38 30 30 30 30 30 30 30 30 30 30 30 30 30 30 30 30 0D
1779565902151,74 34 35 31 38 30 30 30 30 30 30 30 30 30 30 30 30 30 30 30 30 0D
1779565902158,74 34 35 35 38 45 42 46 46 30 37 30 30 39 46 46 46 30 30 30 30 0D
1779565902174,74 34 35 31 38 30 30 30 30 30 30 30 30 30 30 30 30 30 30 30 30 0D
1779565902179,74 34 35 36 38 45 45 46 46 30 38 30 30 30 34 30 30 30 30 30 30 0D
1779565902191,74 34 35 37 38 30 30 30 30 30 30 30 30 36 34 31 34 30 30 30 30 0D
1779565902195,74 34 35 35 38 45 42 46 46 30 37 30 30 39 46 46 46 30 30 30 30 0D
1779565902209,74 34 35 31 38 30 30 30 30 30 30 30 30 30 30 30 30 30 30 30 30 0D
1779565902216,74 34 35 35 38 45 42 46 46 30 37 30 30 39 46 46 46 30 30 30 30 0D
1779565902231,74 34 35 30 38 30 30 30 30 30 37 30 30 30 30 30 30 45 34 30 35 0D
1779565902240,74 34 35 31 38 30 30 30 30 30 30 30 30 30 30 30 30 30 30 30 30 0D
1779565902253,74 34 35 31 38 30 30 30 30 30 30 30 30 30 30 30 30 30 30 30 30 0D
1779565902255,74 34 35 35 38 45 42 46 46 30 37 30 30 39 46 46 46 30 30 30 30 0D
1779565902275,74 34 35 31 38 30 30 30 30 30 30 30 30 30 30 30 30 30 30 30 30 0D
1779565902282,74 34 35 37 38 30 30 30 30 30 30 30 30 36 34 31 34 30 30 30 30 0D
1779565902288,74 34 35 39 38 36 30 41 34 42 45 31 36 33 37 31 41 30 33 42 37 0D
1779565902292,74 34 35 31 38 30 30 30 30 30 30 30 30 30 30 30 30 30 30 30 30 0D
1779565902307,74 34 35 31 38 30 30 30 30 30 30 30 30 30 30 30 30 30 30 30 30 0D
1779565902315,74 34 35 35 38 45 41 46 46 30 37 30 30 39 45 46 46 30 30 30 30 0D
1779565902334,74 34 35 30 38 30 30 30 30 30 37 30 30 30 30 30 30 45 34 30 35 0D
1779565902341,74 34 35 31 38 30 30 30 30 30 30 30 30 30 30 30 30 30 30 30 30 0D
1779565902349,74 34 35 31 38 30 30 30 30 30 30 30 30 30 30 30 30 30 30 30 30 0D
1779565902356,74 34 35 36 38 45 45 46 46 30 38 30 30 30 34 30 30 30 30 30 30 0D
1779565902374,74 34 35 31 38 30 30 30 30 30 30 30 30 30 30 30 30 30 30 30 30 0D
1779565902378,74 34 35 37 38 30 30 30 30 30 30 30 30 36 34 31 34 30 30 30 30 0D
1779565902390,74 34 35 39 38 36 30 41 34 42 45 31 36 33 36 31 41 30 33 42 37 0D
1779565902410,74 34 35 31 38 30 30 30 30 30 30 30 30 30 30 30 30 30 30 30 30 0D
1779565902414,74 34 35 35 38 45 41 46 46 30 37 30 30 39 45 46 46 30 30 30 30 0D
1779565902431,74 34 35 30 38 30 30 30 30 30 37 30 30 30 30 30 30 45 34 30 35 0D
1779565902440,74 34 35 31 38 30 30 30 30 30 30 30 30 30 30 30 30 30 30 30 30 0D
1779565902450,74 34 35 31 38 30 30 30 30 30 30 30 30 30 30 30 30 30 30 30 30 0D
1779565902459,74 34 35 35 38 45 41 46 46 30 37 30 30 39 45 46 46 30 30 30 30 0D
1779565902477,74 34 35 31 38 30 30 30 30 30 30 30 30 30 30 30 30 30 30 30 30 0D
1779565902481,74 34 35 36 38 45 45 46 46 30 37 30 30 30 34 30 30 30 30 30 30 0D
1779565902485,74 34 35 37 38 30 30 30 30 30 30 30 30 36 34 31 34 30 30 30 30 0D
1779565902491,74 34 35 31 38 30 30 30 30 30 30 30 30 30 30 30 30 30 30 30 30 0D
1779565902496,74 34 35 36 38 45 45 46 46 30 37 30 30 30 34 30 30 30 30 30 30 0D
1779565902513,74 34 35 31 38 30 30 30 30 30 30 30 30 30 30 30 30 30 30 30 30 0D
1779565902527,74 34 35 35 38 45 41 46 46 30 37 30 30 39 45 46 46 30 30 30 30 0D
1779565902533,74 34 35 30 38 30 30 30 30 30 37 30 30 30 30 30 30 45 34 30 35 0D
1779565902539,74 34 35 31 38 30 30 30 30 30 30 30 30 30 30 30 30 30 30 30 30 0D
1779565902554,74 34 35 31 38 30 30 30 30 30 30 30 30 30 30 30 30 30 30 30 30 0D
1779565902558,74 34 35 35 38 45 41 46 46 30 37 30 30 39 45 46 46 30 30 30 30 0D
1779565902573,74 34 35 31 38 30 30 30 30 30 30 30 30 30 30 30 30 30 30 30 30 0D
1779565902579,74 34 35 37 38 30 30 30 30 30 31 30 30 36 34 31 34 30 30 30 30 0D
1779565902592,74 34 35 39 38 36 31 41 34 42 45 31 36 33 34 31 41 30 33 42 37 0D
1779565902595,74 34 35 35 38 45 41 46 46 30 37 30 30 39 45 46 46 30 30 30 30 0D
1779565902609,74 34 35 31 38 30 30 30 30 30 30 30 30 30 30 30 30 30 30 30 30 0D
1779565902620,74 34 35 35 38 45 41 46 46 30 37 30 30 39 45 46 46 30 30 30 30 0D
1779565902630,74 34 35 30 38 30 30 30 30 30 37 30 30 30 30 30 30 45 34 30 35 0D
1779565902638,74 34 35 31 38 30 30 30 30 30 30 30 30 30 30 30 30 30 30 30 30 0D
1779565902647,74 34 35 31 38 30 30 30 30 30 30 30 30 30 30 30 30 30 30 30 30 0D
1779565902653,74 34 35 35 38 45 41 46 46 30 37 30 30 39 45 46 46 30 30 30 30 0D
1779565902672,74 34 35 31 38 30 30 30 30 30 30 30 30 30 30 30 30 30 30 30 30 0D
1779565902679,74 34 35 37 38 30 30 30 30 30 31 30 30 36 34 31 34 30 30 30 30 0D
1779565902688,74 34 35 39 38 36 32 41 34 42 45 31 36 33 33 31 41 30 33 42 37 0D
1779565902690,74 34 35 31 38 30 30 30 30 30 30 30 30 30 30 30 30 30 30 30 30 0D
1779565902708,74 34 35 31 38 30 30 30 30 30 30 30 30 30 30 30 30 30 30 30 30 0D
1779565902713,74 34 35 35 38 45 41 46 46 30 37 30 30 39 46 46 46 30 30 30 30 0D
1779565902728,74 34 35 30 38 30 30 30 30 30 37 30 30 30 30 30 30 45 34 30 35 0D
1779565902738,74 34 35 31 38 30 30 30 30 30 30 30 30 30 30 30 30 30 30 30 30 0D
1779565902750,74 34 35 31 38 30 30 30 30 30 30 30 30 30 30 30 30 30 30 30 30 0D
1779565902756,74 34 35 35 38 45 41 46 46 30 37 30 30 39 46 46 46 30 30 30 30 0D
1779565902771,74 34 35 31 38 30 30 30 30 30 30 30 30 30 30 30 30 30 30 30 30 0D
1779565902796,74 34 35 37 38 30 30 30 30 30 31 30 30 36 34 31 34 30 30 30 30 0D
1779565902813,74 34 35 39 38 36 32 41 34 42 45 31 36 33 33 31 41 30 33 42 37 0D
1779565902821,74 34 35 31 38 30 30 30 30 30 30 30 30 30 30 30 30 30 30 30 30 0D
1779565902826,74 34 35 31 38 30 30 30 30 30 30 30 30 30 30 30 30 30 30 30 30 0D 74 34 35 35 38 45 41 46 46 30 37 30 30 39 46 46 46 30 30 30 30 0D
1779565902828,74 34 35 30 38 30 30 30 30 30 37 30 30 30 30 30 30 45 34 30 35 0D
1779565902838,74 34 35 31 38 30 30 30 30 30 30 30 30 30 30 30 30 30 30 30 30 0D
1779565902850,74 34 35 31 38 30 30 30 30 30 30 30 30 30 30 30 30 30 30 30 30 0D
1779565902870,74 34 35 31 38 30 30 30 30 30 30 30 30 30 30 30 30 30 30 30 30 0D
1779565902875,74 34 35 35 38 45 41 46 46 30 37 30 30 39 45 46 46 30 30 30 30 0D
1779565902878,74 34 35 37 38 30 30 30 30 30 30 30 30 36 34 31 34 30 30 30 30 0D
1779565902893,74 34 35 31 38 30 30 30 30 30 30 30 30 30 30 30 30 30 30 30 30 0D
1779565902898,74 34 35 35 38 45 41 46 46 30 37 30 30 39 45 46 46 30 30 30 30 0D
1779565902908,74 34 35 31 38 30 30 30 30 30 30 30 30 30 30 30 30 30 30 30 30 0D
1779565902914,74 34 35 35 38 45 41 46 46 30 37 30 30 39 45 46 46 30 30 30 30 0D
1779565902929,74 34 35 30 38 30 30 30 30 30 37 30 30 30 30 30 30 45 34 30 35 0D
1779565902941,74 34 35 31 38 30 30 30 30 30 30 30 30 30 30 30 30 30 30 30 30 0D
1779565902951,74 34 35 31 38 30 30 30 30 30 30 30 30 30 30 30 30 30 30 30 30 0D
1779565902972,74 34 35 31 38 30 30 30 30 30 30 30 30 30 30 30 30 30 30 30 30 0D
1779565902978,74 34 35 35 38 45 41 46 46 30 37 30 30 39 45 46 46 30 30 30 30 0D
1779565902983,74 34 35 37 38 30 30 30 30 30 30 30 30 36 34 31 34 30 30 30 30 0D
1779565902989,74 34 35 31 38 30 30 30 30 30 30 30 30 30 30 30 30 30 30 30 30 0D
1779565902995,74 34 35 35 38 45 41 46 46 30 37 30 30 39 45 46 46 30 30 30 30 0D
1779565903009,74 34 35 31 38 30 30 30 30 30 30 30 30 30 30 30 30 30 30 30 30 0D
1779565903017,74 34 35 35 38 45 41 46 46 30 37 30 30 39 45 46 46 30 30 30 30 0D
1779565903033,74 34 35 30 38 30 30 30 30 30 37 30 30 30 30 30 30 45 34 30 35 0D
1779565903036,74 34 35 31 38 30 30 30 30 30 30 30 30 30 30 30 30 30 30 30 30 0D
1779565903054,74 34 35 31 38 30 30 30 30 30 30 30 30 30 30 30 30 30 30 30 30 0D
1779565903070,74 34 35 31 38 30 30 30 30 30 30 30 30 30 30 30 30 30 30 30 30 0D
1779565903074,74 34 35 36 38 45 45 46 46 30 37 30 30 30 34 30 30 30 30 30 30 0D
1779565903085,74 34 35 37 38 30 30 30 30 30 30 30 30 36 34 31 34 30 30 30 30 0D
1779565903091,74 34 35 31 38 30 30 30 30 30 30 30 30 30 30 30 30 30 30 30 30 0D
1779565903100,74 34 35 35 38 45 41 46 46 30 37 30 30 39 46 46 46 30 30 30 30 0D
1779565903106,74 34 35 31 38 30 30 30 30 30 30 30 30 30 30 30 30 30 30 30 30 0D
1779565903117,74 34 35 35 38 45 41 46 46 30 37 30 30 39 46 46 46 30 30 30 30 0D
1779565903138,74 34 35 30 38 30 30 30 30 30 37 30 30 30 30 30 30 45 34 30 35 0D
1779565903143,74 34 35 31 38 30 30 30 30 30 30 30 30 30 30 30 30 30 30 30 30 0D
1779565903162,74 34 35 31 38 30 30 30 30 30 30 30 30 30 30 30 30 30 30 30 30 0D
1779565903170,74 34 35 31 38 30 30 30 30 30 30 30 30 30 30 30 30 30 30 30 30 0D
1779565903181,74 34 35 35 38 45 41 46 46 30 37 30 30 39 46 46 46 30 30 30 30 0D
1779565903186,74 34 35 31 38 30 30 30 30 30 30 30 30 30 30 30 30 30 30 30 30 0D
1779565903195,74 34 35 35 38 45 41 46 46 30 37 30 30 39 46 46 46 30 30 30 30 0D
1779565903210,74 34 35 31 38 30 30 30 30 30 30 30 30 30 30 30 30 30 30 30 30 0D
1779565903217,74 34 35 35 38 45 41 46 46 30 37 30 30 39 46 46 46 30 30 30 30 0D
1779565903227,74 34 35 30 38 30 30 30 30 30 37 30 30 30 30 30 30 45 34 30 35 0D
1779565903237,74 34 35 32 38 38 43 30 30 30 30 30 30 30 30 30 30 32 37 30 30 0D
1779565903252,74 34 35 31 38 30 30 30 30 30 30 30 30 30 30 30 30 30 30 30 30 0D
1779565903271,74 34 35 31 38 30 30 30 30 30 30 30 30 30 30 30 30 30 30 30 30 0D
1779565903275,74 34 35 35 38 45 41 46 46 30 36 30 30 39 46 46 46 30 30 30 30 0D
1779565903285,74 34 35 37 38 30 30 30 30 30 30 30 30 36 34 31 34 30 30 30 30 0D
1779565903289,74 34 35 31 38 30 30 30 30 30 30 30 30 30 30 30 30 30 30 30 30 0D
1779565903295,74 34 35 35 38 45 41 46 46 30 36 30 30 39 46 46 46 30 30 30 30 0D
1779565903309,74 34 35 31 38 30 30 30 30 30 30 30 30 30 30 30 30 30 30 30 30 0D
1779565903320,74 34 35 35 38 45 41 46 46 30 36 30 30 39 46 46 46 30 30 30 30 0D
1779565903333,74 34 35 30 38 30 30 30 30 30 37 30 30 30 30 30 30 45 34 30 35 0D
1779565903338,74 34 35 31 38 30 30 30 30 30 30 30 30 30 30 30 30 30 30 30 30 0D
1779565903353,74 34 35 31 38 30 30 30 30 30 30 30 30 30 30 30 30 30 30 30 30 0D
1779565903372,74 34 35 31 38 30 30 30 30 30 30 30 30 30 30 30 30 30 30 30 30 0D
1779565903377,74 34 35 35 38 45 41 46 46 30 36 30 30 39 46 46 46 30 30 30 30 0D
1779565903384,74 34 35 37 38 30 30 30 30 30 30 30 30 36 34 31 34 30 30 30 30 0D
1779565903393,74 34 35 31 38 30 30 30 30 30 30 30 30 30 30 30 30 30 30 30 30 0D
1779565903398,74 34 35 35 38 45 41 46 46 30 36 30 30 39 46 46 46 30 30 30 30 0D
1779565903414,74 34 35 31 38 30 30 30 30 30 30 30 30 30 30 30 30 30 30 30 30 0D
1779565903420,74 34 35 35 38 45 41 46 46 30 36 30 30 39 46 46 46 30 30 30 30 0D
1779565903438,74 34 35 30 38 30 30 30 30 30 37 30 30 30 30 30 30 45 34 30 35 0D
1779565903451,74 34 35 31 38 30 30 30 30 30 30 30 30 30 30 30 30 30 30 30 30 0D
1779565903474,74 34 35 31 38 30 30 30 30 30 30 30 30 30 30 30 30 30 30 30 30 0D
1779565903480,74 34 35 35 38 45 41 46 46 30 37 30 30 39 46 46 46 30 30 30 30 0D
1779565903486,74 34 35 37 38 30 30 30 30 30 30 30 30 36 34 31 34 30 30 30 30 0D
1779565903500,74 34 35 31 38 30 30 30 30 30 30 30 30 30 30 30 30 30 30 30 30 0D
1779565903511,74 34 35 31 38 30 30 30 30 30 30 30 30 30 30 30 30 30 30 30 30 0D
1779565903517,74 34 35 35 38 45 41 46 46 30 37 30 30 39 46 46 46 30 30 30 30 0D
1779565903533,74 34 35 30 38 30 30 30 30 30 37 30 30 30 30 30 30 45 34 30 35 0D
1779565903539,74 34 35 31 38 30 30 30 30 30 30 30 30 30 30 30 30 30 30 30 30 0D
1779565903554,74 34 35 31 38 30 30 30 30 30 30 30 30 30 30 30 30 30 30 30 30 0D
1779565903575,74 34 35 31 38 30 30 30 30 30 30 30 30 30 30 30 30 30 30 30 30 0D
1779565903579,74 34 35 35 38 45 41 46 46 30 37 30 30 39 46 46 46 30 30 30 30 0D
1779565903586,74 34 35 37 38 30 30 30 30 30 31 30 30 36 34 31 34 30 30 30 30 0D
1779565903599,74 34 35 31 38 30 30 30 30 30 30 30 30 30 30 30 30 30 30 30 30 0D
1779565903611,74 34 35 31 38 30 30 30 30 30 30 30 30 30 30 30 30 30 30 30 30 0D
1779565903618,74 34 35 35 38 45 41 46 46 30 37 30 30 39 46 46 46 30 30 30 30 0D
1779565903629,74 34 35 30 38 30 30 30 30 30 37 30 30 30 30 30 30 45 34 30 35 0D
1779565903633,74 34 35 31 38 30 30 30 30 30 30 30 30 30 30 30 30 30 30 30 30 0D
1779565903659,74 34 35 31 38 30 30 30 30 30 30 30 30 30 30 30 30 30 30 30 30 0D
1779565903680,74 34 35 31 38 30 30 30 30 30 30 30 30 30 30 30 30 30 30 30 30 0D
1779565903684,74 34 35 37 38 30 30 30 30 30 30 30 30 36 34 31 34 30 30 30 30 0D 74 34 35 39 38 36 36 41 34 42 45 31 36 33 35 31 41 30 33 42 37 0D
1779565903691,74 34 35 31 38 30 30 30 30 30 30 30 30 30 30 30 30 30 30 30 30 0D
1779565903708,74 34 35 31 38 30 30 30 30 30 30 30 30 30 30 30 30 30 30 30 30 0D
1779565903715,74 34 35 35 38 45 41 46 46 30 37 30 30 39 45 46 46 30 30 30 30 0D
1779565903736,74 34 35 30 38 30 30 30 30 30 37 30 30 30 30 30 30 45 34 30 35 0D
1779565903751,74 34 35 31 38 30 30 30 30 30 30 30 30 30 30 30 30 30 30 30 30 0D
1779565903757,74 34 35 36 38 45 44 46 46 30 37 30 30 30 34 30 30 30 30 30 30 0D
1779565903768,74 34 35 31 38 30 30 30 30 30 30 30 30 30 30 30 30 30 30 30 30 0D
1779565903775,74 34 35 35 38 45 41 46 46 30 37 30 30 39 45 46 46 30 30 30 30 0D
1779565903784,74 34 35 37 38 30 30 30 30 30 30 30 30 36 34 31 34 30 30 30 30 0D
1779565903787,74 34 35 31 38 30 30 30 30 30 30 30 30 30 30 30 30 30 30 30 30 0D
1779565903800,74 34 35 35 38 45 41 46 46 30 37 30 30 39 45 46 46 30 30 30 30 0D
1779565903810,74 34 35 31 38 30 30 30 30 30 30 30 30 30 30 30 30 30 30 30 30 0D
1779565903819,74 34 35 35 38 45 41 46 46 30 37 30 30 39 45 46 46 30 30 30 30 0D
1779565903827,74 34 35 30 38 30 30 30 30 30 37 30 30 30 30 30 30 45 34 30 35 0D
1779565903836,74 34 35 31 38 30 30 30 30 30 30 30 30 30 30 30 30 30 30 30 30 0D
1779565903849,74 34 35 31 38 30 30 30 30 30 30 30 30 30 30 30 30 30 30 30 30 0D
1779565903857,74 34 35 35 38 45 41 46 46 30 37 30 30 39 45 46 46 30 30 30 30 0D
1779565903873,74 34 35 31 38 30 30 30 30 30 30 30 30 30 30 30 30 30 30 30 30 0D
1779565903882,74 34 35 35 38 45 42 46 46 30 37 30 30 39 46 46 46 30 30 30 30 0D
1779565903888,74 34 35 39 38 36 36 41 34 42 45 31 36 33 36 31 41 30 33 42 37 0D
1779565903893,74 34 35 35 38 45 42 46 46 30 37 30 30 39 46 46 46 30 30 30 30 0D
1779565903912,74 34 35 31 38 30 30 30 30 30 30 30 30 30 30 30 30 30 30 30 30 0D
1779565903917,74 34 35 35 38 45 42 46 46 30 37 30 30 39 46 46 46 30 30 30 30 0D
1779565903933,74 34 35 30 38 30 30 30 30 30 37 30 30 30 30 30 30 45 34 30 35 0D
1779565903938,74 34 35 31 38 30 30 30 30 30 30 30 30 30 30 30 30 30 30 30 30 0D
1779565903950,74 34 35 31 38 30 30 30 30 30 30 30 30 30 30 30 30 30 30 30 30 0D
1779565903955,74 34 35 35 38 45 42 46 46 30 37 30 30 39 46 46 46 30 30 30 30 0D
1779565903971,74 34 35 31 38 30 30 30 30 30 30 30 30 30 30 30 30 30 30 30 30 0D
1779565903981,74 34 35 35 38 45 42 46 46 30 37 30 30 39 46 46 46 30 30 30 30 0D
1779565903985,74 34 35 39 38 36 36 41 34 42 45 31 36 33 36 31 41 30 33 42 37 0D
1779565903992,74 34 35 31 38 30 30 30 30 30 30 30 30 30 30 30 30 30 30 30 30 0D
1779565903995,74 34 35 35 38 45 42 46 46 30 37 30 30 39 46 46 46 30 30 30 30 0D
1779565904013,74 34 35 31 38 30 30 30 30 30 30 30 30 30 30 30 30 30 30 30 30 0D
1779565904020,74 34 35 35 38 45 42 46 46 30 37 30 30 39 46 46 46 30 30 30 30 0D
1779565904026,74 34 35 30 38 30 30 30 30 30 37 30 30 30 30 30 30 45 34 30 35 0D
1779565904036,74 34 35 31 38 30 30 30 30 30 30 30 30 30 30 30 30 30 30 30 30 0D
1779565904052,74 34 35 31 38 30 30 30 30 30 30 30 30 30 30 30 30 30 30 30 30 0D
1779565904058,74 34 35 35 38 45 42 46 46 30 37 30 30 39 46 46 46 30 30 30 30 0D
1779565904072,74 34 35 31 38 30 30 30 30 30 30 30 30 30 30 30 30 30 30 30 30 0D
1779565904076,74 34 35 35 38 45 41 46 46 30 37 30 30 41 30 46 46 30 30 30 30 0D
1779565904085,74 34 35 37 38 30 30 30 30 30 30 30 30 36 34 31 34 30 30 30 30 0D
1779565904091,74 34 35 31 38 30 30 30 30 30 30 30 30 30 30 30 30 30 30 30 30 0D
1779565904098,74 34 35 35 38 45 41 46 46 30 37 30 30 41 30 46 46 30 30 30 30 0D
1779565904109,74 34 35 31 38 30 30 30 30 30 30 30 30 30 30 30 30 30 30 30 30 0D
1779565904119,74 34 35 36 38 45 44 46 46 30 38 30 30 30 34 30 30 30 30 30 30 0D
1779565904130,74 34 35 30 38 30 30 30 30 30 37 30 30 30 30 30 30 45 34 30 35 0D
1779565904135,74 34 35 31 38 30 30 30 30 30 30 30 30 30 30 30 30 30 30 30 30 0D
1779565904153,74 34 35 31 38 30 30 30 30 30 30 30 30 30 30 30 30 30 30 30 30 0D
1779565904158,74 34 35 35 38 45 41 46 46 30 37 30 30 41 30 46 46 30 30 30 30 0D
1779565904169,74 34 35 31 38 30 30 30 30 30 30 30 30 30 30 30 30 30 30 30 30 0D
1779565904174,74 34 35 35 38 45 41 46 46 30 37 30 30 41 30 46 46 30 30 30 30 0D
1779565904181,74 34 35 37 38 30 30 30 30 30 30 30 30 36 34 31 34 30 30 30 30 0D
1779565904187,74 34 35 39 38 36 36 41 34 42 45 31 36 33 36 31 41 30 33 42 37 0D
1779565904190,74 34 35 31 38 30 30 30 30 30 30 30 30 30 30 30 30 30 30 30 30 0D
1779565904194,74 34 35 35 38 45 41 46 46 30 37 30 30 41 30 46 46 30 30 30 30 0D
1779565904210,74 34 35 31 38 30 30 30 30 30 30 30 30 30 30 30 30 30 30 30 30 0D
1779565904221,74 34 35 35 38 45 41 46 46 30 37 30 30 41 30 46 46 30 30 30 30 0D
1779565904234,74 34 35 30 38 30 30 30 30 30 37 30 30 30 30 30 30 45 34 30 35 0D
1779565904241,74 34 35 31 38 30 30 30 30 30 30 30 30 30 30 30 30 30 30 30 30 0D
1779565904248,74 34 35 31 38 30 30 30 30 30 30 30 30 30 30 30 30 30 30 30 30 0D
1779565904253,74 34 35 35 38 45 41 46 46 30 37 30 30 41 30 46 46 30 30 30 30 0D
1779565904272,74 34 35 31 38 30 30 30 30 30 30 30 30 30 30 30 30 30 30 30 30 0D
1779565904281,74 34 35 35 38 45 41 46 46 30 37 30 30 39 46 46 46 30 30 30 30 0D
1779565904287,74 34 35 39 38 36 37 41 34 42 45 31 36 33 34 31 41 30 33 42 37 0D
1779565904292,74 34 35 31 38 30 30 30 30 30 30 30 30 30 30 30 30 30 30 30 30 0D
1779565904315,74 34 35 31 38 30 30 30 30 30 30 30 30 30 30 30 30 30 30 30 30 0D
1779565904322,74 34 35 35 38 45 41 46 46 30 37 30 30 39 46 46 46 30 30 30 30 0D
1779565904332,74 34 35 30 38 30 30 30 30 30 37 30 30 30 30 30 30 45 34 30 35 0D
1779565904336,74 34 35 31 38 30 30 30 30 30 30 30 30 30 30 30 30 30 30 30 30 0D
1779565904347,74 34 35 31 38 30 30 30 30 30 30 30 30 30 30 30 30 30 30 30 30 0D
1779565904356,74 34 35 35 38 45 41 46 46 30 37 30 30 39 46 46 46 30 30 30 30 0D
1779565904375,74 34 35 31 38 30 30 30 30 30 30 30 30 30 30 30 30 30 30 30 30 0D
1779565904388,74 34 35 35 38 45 41 46 46 30 37 30 30 39 46 46 46 30 30 30 30 0D
1779565904397,74 34 35 35 38 45 41 46 46 30 37 30 30 39 46 46 46 30 30 30 30 0D
1779565904413,74 34 35 31 38 30 30 30 30 30 30 30 30 30 30 30 30 30 30 30 30 0D
1779565904418,74 34 35 36 38 45 44 46 46 30 38 30 30 30 34 30 30 30 30 30 30 0D
1779565904430,74 34 35 30 38 30 30 30 30 30 37 30 30 30 30 30 30 45 34 30 35 0D
1779565904440,74 34 35 31 38 30 30 30 30 30 30 30 30 30 30 30 30 30 30 30 30 0D
1779565904451,74 34 35 31 38 30 30 30 30 30 30 30 30 30 30 30 30 30 30 30 30 0D
1779565904457,74 34 35 35 38 45 41 46 46 30 37 30 30 39 46 46 46 30 30 30 30 0D
1779565904479,74 34 35 31 38 30 30 30 30 30 30 30 30 30 30 30 30 30 30 30 30 0D
1779565904482,74 34 35 35 38 45 41 46 46 30 37 30 30 39 46 46 46 30 30 30 30 0D
1779565904486,74 34 35 31 38 30 30 30 30 30 30 30 30 30 30 30 30 30 30 30 30 0D
1779565904496,74 34 35 35 38 45 41 46 46 30 37 30 30 39 46 46 46 30 30 30 30 0D
1779565904512,74 34 35 31 38 30 30 30 30 30 30 30 30 30 30 30 30 30 30 30 30 0D
1779565904516,74 34 35 35 38 45 41 46 46 30 37 30 30 39 46 46 46 30 30 30 30 0D
1779565904536,74 34 35 30 38 30 30 30 30 30 37 30 30 30 30 30 30 45 34 30 35 0D
1779565904545,74 34 35 31 38 30 30 30 30 30 30 30 30 30 30 30 30 30 30 30 30 0D
1779565904550,74 34 35 31 38 30 30 30 30 30 30 30 30 30 30 30 30 30 30 30 30 0D
1779565904555,74 34 35 35 38 45 41 46 46 30 37 30 30 39 46 46 46 30 30 30 30 0D
1779565904568,74 34 35 31 38 30 30 30 30 30 30 30 30 30 30 30 30 30 30 30 30 0D
1779565904578,74 34 35 35 38 45 41 46 46 30 37 30 30 39 46 46 46 30 30 30 30 0D
1779565904580,74 34 35 37 38 30 30 30 30 30 30 30 30 36 34 31 34 30 30 30 30 0D
1779565904585,74 34 35 39 38 36 36 41 34 42 45 31 36 33 34 31 41 30 33 42 37 0D
1779565904589,74 34 35 31 38 30 30 30 30 30 30 30 30 30 30 30 30 30 30 30 30 0D
1779565904596,74 34 35 35 38 45 41 46 46 30 37 30 30 39 46 46 46 30 30 30 30 0D
1779565904617,74 34 35 31 38 30 30 30 30 30 30 30 30 30 30 30 30 30 30 30 30 0D
1779565904628,74 34 35 30 38 30 30 30 30 30 37 30 30 30 30 30 30 45 34 30 35 0D
1779565904639,74 34 35 31 38 30 30 30 30 30 30 30 30 30 30 30 30 30 30 30 30 0D
1779565904650,74 34 35 31 38 30 30 30 30 30 30 30 30 30 30 30 30 30 30 30 30 0D
1779565904656,74 34 35 35 38 45 41 46 46 30 37 30 30 39 46 46 46 30 30 30 30 0D
1779565904674,74 34 35 31 38 30 30 30 30 30 30 30 30 30 30 30 30 30 30 30 30 0D
1779565904682,74 34 35 35 38 45 39 46 46 30 37 30 30 39 46 46 46 30 30 30 30 0D
1779565904687,74 34 35 39 38 36 36 41 34 42 45 31 36 33 34 31 41 30 33 42 37 0D
1779565904693,74 34 35 31 38 30 30 30 30 30 30 30 30 30 30 30 30 30 30 30 30 0D
1779565904700,74 34 35 35 38 45 39 46 46 30 37 30 30 39 46 46 46 30 30 30 30 0D
1779565904713,74 34 35 31 38 30 30 30 30 30 30 30 30 30 30 30 30 30 30 30 30 0D
1779565904722,74 34 35 35 38 45 39 46 46 30 37 30 30 39 46 46 46 30 30 30 30 0D
1779565904729,74 34 35 30 38 30 30 30 30 30 37 30 30 30 30 30 30 45 34 30 35 0D
1779565904750,74 34 35 33 38 39 45 30 30 30 30 30 30 30 30 30 30 30 30 30 30 0D
1779565904753,74 34 35 31 38 30 30 30 30 30 30 30 30 30 30 30 30 30 30 30 30 0D
1779565904760,74 34 35 35 38 45 39 46 46 30 37 30 30 39 46 46 46 30 30 30 30 0D
1779565904774,74 34 35 31 38 30 30 30 30 30 30 30 30 30 30 30 30 30 30 30 30 0D
1779565904805,74 34 35 35 38 45 39 46 46 30 37 30 30 39 46 46 46 30 30 30 30 0D
1779565904814,74 34 35 31 38 30 30 30 30 30 30 30 30 30 30 30 30 30 30 30 30 0D
1779565904821,74 34 35 35 38 45 39 46 46 30 37 30 30 39 46 46 46 30 30 30 30 0D
1779565904830,74 34 35 30 38 30 30 30 30 30 37 30 30 30 30 30 30 45 34 30 35 0D
1779565904836,74 34 35 31 38 30 30 30 30 30 30 30 30 30 30 30 30 30 30 30 30 0D
1779565904849,74 34 35 31 38 30 30 30 30 30 30 30 30 30 30 30 30 30 30 30 30 0D
1779565904863,74 34 35 35 38 45 39 46 46 30 37 30 30 39 46 46 46 30 30 30 30 0D
1779565904869,74 34 35 31 38 30 30 30 30 30 30 30 30 30 30 30 30 30 30 30 30 0D
1779565904885,74 34 35 35 38 45 41 46 46 30 37 30 30 39 46 46 46 30 30 30 30 0D
1779565904891,74 34 35 31 38 30 30 30 30 30 30 30 30 30 30 30 30 30 30 30 30 0D
1779565904897,74 34 35 35 38 45 41 46 46 30 37 30 30 39 46 46 46 30 30 30 30 0D
1779565904912,74 34 35 31 38 30 30 30 30 30 30 30 30 30 30 30 30 30 30 30 30 0D
1779565904920,74 34 35 35 38 45 41 46 46 30 37 30 30 39 46 46 46 30 30 30 30 0D
1779565904931,74 34 35 30 38 30 30 30 30 30 37 30 30 30 30 30 30 45 34 30 35 0D
1779565904939,74 34 35 31 38 30 30 30 30 30 30 30 30 30 30 30 30 30 30 30 30 0D
1779565904954,74 34 35 31 38 30 30 30 30 30 30 30 30 30 30 30 30 30 30 30 30 0D
1779565904970,74 34 35 31 38 30 30 30 30 30 30 30 30 30 30 30 30 30 30 30 30 0D
1779565904979,74 34 35 35 38 45 41 46 46 30 37 30 30 39 46 46 46 30 30 30 30 0D
1779565904984,74 34 35 39 38 36 34 41 34 42 45 31 36 33 35 31 41 30 33 42 37 0D
1779565904989,74 34 35 31 38 30 30 30 30 30 30 30 30 30 30 30 30 30 30 30 30 0D
1779565904993,74 34 35 35 38 45 41 46 46 30 37 30 30 39 46 46 46 30 30 30 30 0D
1779565905014,74 34 35 31 38 30 30 30 30 30 30 30 30 30 30 30 30 30 30 30 30 0D
1779565905019,74 34 35 35 38 45 41 46 46 30 37 30 30 39 46 46 46 30 30 30 30 0D
1779565905029,74 34 35 30 38 30 30 30 30 30 37 30 30 30 30 30 30 45 34 30 35 0D
1779565905035,74 34 35 31 38 30 30 30 30 30 30 30 30 30 30 30 30 30 30 30 30 0D
1779565905050,74 34 35 31 38 30 30 30 30 30 30 30 30 30 30 30 30 30 30 30 30 0D
1779565905054,74 34 35 35 38 45 41 46 46 30 37 30 30 39 46 46 46 30 30 30 30 0D
1779565905070,74 34 35 31 38 30 30 30 30 30 30 30 30 30 30 30 30 30 30 30 30 0D
1779565905078,74 34 35 35 38 45 39 46 46 30 36 30 30 39 46 46 46 30 30 30 30 0D
1779565905082,74 34 35 37 38 30 30 30 30 30 31 30 30 36 34 31 34 30 30 30 30 0D
1779565905085,74 34 35 39 38 36 33 41 34 42 45 31 36 33 34 31 41 30 33 42 37 0D
1779565905095,74 34 35 31 38 30 30 30 30 30 30 30 30 30 30 30 30 30 30 30 30 0D
1779565905111,74 34 35 31 38 30 30 30 30 30 30 30 30 30 30 30 30 30 30 30 30 0D
1779565905116,74 34 35 35 38 45 39 46 46 30 36 30 30 39 46 46 46 30 30 30 30 0D
1779565905130,74 34 35 30 38 30 30 30 30 30 37 30 30 30 30 30 30 45 34 30 35 0D
1779565905134,74 34 35 31 38 30 30 30 30 30 30 30 30 30 30 30 30 30 30 30 30 0D
1779565905150,74 34 35 31 38 30 30 30 30 30 30 30 30 30 30 30 30 30 30 30 30 0D
1779565905158,74 34 35 35 38 45 39 46 46 30 36 30 30 39 46 46 46 30 30 30 30 0D
1779565905169,74 34 35 31 38 30 30 30 30 30 30 30 30 30 30 30 30 30 30 30 30 0D
1779565905178,74 34 35 35 38 45 39 46 46 30 36 30 30 39 46 46 46 30 30 30 30 0D
1779565905182,74 34 35 37 38 30 30 30 30 30 30 30 30 36 34 31 34 30 31 30 30 0D
1779565905184,74 34 35 39 38 36 32 41 34 42 45 31 36 33 36 31 41 30 33 42 37 0D
1779565905190,74 34 35 31 38 30 30 30 30 30 30 30 30 30 30 30 30 30 30 30 30 0D
1779565905195,74 34 35 35 38 45 39 46 46 30 36 30 30 39 46 46 46 30 30 30 30 0D
1779565905208,74 34 35 31 38 30 30 30 30 30 30 30 30 30 30 30 30 30 30 30 30 0D
1779565905216,74 34 35 35 38 45 39 46 46 30 36 30 30 39 46 46 46 30 30 30 30 0D
1779565905228,74 34 35 30 38 30 30 30 30 30 37 30 30 30 30 30 30 45 34 30 35 0D
1779565905233,74 34 35 31 38 30 30 30 30 30 30 30 30 30 30 30 30 30 30 30 30 0D
1779565905248,74 34 35 31 38 30 30 30 30 30 30 30 30 30 30 30 30 30 30 30 30 0D
1779565905265,74 34 35 35 38 45 39 46 46 30 36 30 30 39 46 46 46 30 30 30 30 0D
1779565905279,74 34 35 31 38 30 30 30 30 30 30 30 30 30 30 30 30 30 30 30 30 0D
1779565905288,74 34 35 35 38 45 41 46 46 30 37 30 30 39 46 46 46 30 30 30 30 0D
1779565905290,74 34 35 31 38 30 30 30 30 30 30 30 30 30 30 30 30 30 30 30 30 0D
1779565905299,74 34 35 35 38 45 41 46 46 30 37 30 30 39 46 46 46 30 30 30 30 0D
1779565905316,74 34 35 31 38 30 30 30 30 30 30 30 30 30 30 30 30 30 30 30 30 0D
1779565905318,74 34 35 35 38 45 41 46 46 30 37 30 30 39 46 46 46 30 30 30 30 0D
1779565905331,74 34 35 30 38 30 30 30 30 30 37 30 30 30 30 30 30 45 34 30 35 0D
1779565905342,74 34 35 31 38 30 30 30 30 30 30 30 30 30 30 30 30 30 30 30 30 0D
1779565905350,74 34 35 31 38 30 30 30 30 30 30 30 30 30 30 30 30 30 30 30 30 0D
1779565905358,74 34 35 35 38 45 41 46 46 30 37 30 30 39 46 46 46 30 30 30 30 0D
1779565905368,74 34 35 31 38 30 30 30 30 30 30 30 30 30 30 30 30 30 30 30 30 0D
1779565905376,74 34 35 35 38 45 41 46 46 30 37 30 30 39 46 46 46 30 30 30 30 0D
1779565905380,74 34 35 37 38 30 30 30 30 30 30 30 30 36 34 31 34 30 30 30 30 0D
1779565905398,74 34 35 39 38 36 30 41 34 42 45 31 36 33 36 31 41 30 33 42 37 0D
1779565905412,74 34 35 31 38 30 30 30 30 30 30 30 30 30 30 30 30 30 30 30 30 0D
1779565905419,74 34 35 35 38 45 41 46 46 30 37 30 30 39 46 46 46 30 30 30 30 0D
1779565905428,74 34 35 30 38 30 30 30 30 30 37 30 30 30 30 30 30 45 34 30 35 0D
1779565905443,74 34 35 31 38 30 30 30 30 30 30 30 30 30 30 30 30 30 30 30 30 0D
1779565905448,74 34 35 31 38 30 30 30 30 30 30 30 30 30 30 30 30 30 30 30 30 0D
1779565905453,74 34 35 35 38 45 41 46 46 30 37 30 30 39 46 46 46 30 30 30 30 0D
1779565905471,74 34 35 31 38 30 30 30 30 30 30 30 30 30 30 30 30 30 30 30 30 0D
1779565905482,74 34 35 35 38 45 42 46 46 30 37 30 30 39 46 46 46 30 30 30 30 0D
1779565905486,74 34 35 39 38 36 30 41 34 42 45 31 36 33 36 31 41 30 33 42 37 0D
1779565905491,74 34 35 31 38 30 30 30 30 30 30 30 30 30 30 30 30 30 30 30 30 0D
1779565905497,74 34 35 35 38 45 42 46 46 30 37 30 30 39 46 46 46 30 30 30 30 0D
1779565905509,74 34 35 31 38 30 30 30 30 30 30 30 30 30 30 30 30 30 30 30 30 0D
1779565905516,74 34 35 35 38 45 42 46 46 30 37 30 30 39 46 46 46 30 30 30 30 0D
1779565905531,74 34 35 30 38 30 30 30 30 30 37 30 30 30 30 30 30 45 34 30 35 0D
1779565905537,74 34 35 31 38 30 30 30 30 30 30 30 30 30 30 30 30 30 30 30 30 0D
1779565905550,74 34 35 31 38 30 30 30 30 30 30 30 30 30 30 30 30 30 30 30 30 0D
1779565905558,74 34 35 35 38 45 42 46 46 30 37 30 30 39 46 46 46 30 30 30 30 0D
1779565905577,74 34 35 31 38 30 30 30 30 30 30 30 30 30 30 30 30 30 30 30 30 0D
1779565905588,74 34 35 36 38 45 44 46 46 30 37 30 30 30 35 30 30 30 30 30 30 0D
1779565905597,74 34 35 31 38 30 30 30 30 30 30 30 30 30 30 30 30 30 30 30 30 0D
1779565905610,74 34 35 31 38 30 30 30 30 30 30 30 30 30 30 30 30 30 30 30 30 0D
1779565905615,74 34 35 35 38 45 42 46 46 30 37 30 30 39 46 46 46 30 30 30 30 0D
1779565905629,74 34 35 30 38 30 30 30 30 30 37 30 30 30 30 30 30 45 34 30 35 0D
1779565905636,74 34 35 31 38 30 30 30 30 30 30 30 30 30 30 30 30 30 30 30 30 0D
1779565905650,74 34 35 31 38 30 30 30 30 30 30 30 30 30 30 30 30 30 30 30 30 0D
1779565905661,74 34 35 35 38 45 42 46 46 30 37 30 30 39 46 46 46 30 30 30 30 0D
1779565905668,74 34 35 31 38 30 30 30 30 30 30 30 30 30 30 30 30 30 30 30 30 0D
1779565905676,74 34 35 37 38 30 30 30 30 30 30 30 30 36 34 31 34 30 30 30 30 0D
1779565905683,74 34 35 39 38 35 46 41 34 42 45 31 36 33 35 31 41 30 33 42 37 0D
1779565905691,74 34 35 31 38 30 30 30 30 30 30 30 30 30 30 30 30 30 30 30 30 0D
1779565905695,74 34 35 35 38 45 41 46 46 30 37 30 30 39 46 46 46 30 30 30 30 0D
1779565905709,74 34 35 31 38 30 30 30 30 30 30 30 30 30 30 30 30 30 30 30 30 0D
1779565905715,74 34 35 35 38 45 41 46 46 30 37 30 30 39 46 46 46 30 30 30 30 0D
1779565905730,74 34 35 30 38 30 30 30 30 30 37 30 30 30 30 30 30 45 34 30 35 0D
1779565905743,74 34 35 31 38 30 30 30 30 30 30 30 30 30 30 30 30 30 30 30 30 0D
1779565905750,74 34 35 31 38 30 30 30 30 30 30 30 30 30 30 30 30 30 30 30 30 0D
1779565905759,74 34 35 35 38 45 41 46 46 30 37 30 30 39 46 46 46 30 30 30 30 0D
1779565905767,74 34 35 31 38 30 30 30 30 30 30 30 30 30 30 30 30 30 30 30 30 0D
1779565905779,74 34 35 35 38 45 41 46 46 30 37 30 30 39 46 46 46 30 30 30 30 0D
1779565905784,74 34 35 37 38 30 30 30 30 30 31 30 30 36 34 31 34 30 30 30 30 0D
1779565905789,74 34 35 39 38 35 45 41 34 42 45 31 36 33 34 31 41 30 33 42 37 0D
1779565905795,74 34 35 31 38 30 30 30 30 30 30 30 30 30 30 30 30 30 30 30 30 0D
1779565905809,74 34 35 31 38 30 30 30 30 30 30 30 30 30 30 30 30 30 30 30 30 0D
1779565905815,74 34 35 35 38 45 41 46 46 30 37 30 30 39 46 46 46 30 30 30 30 0D
1779565905827,74 34 35 30 38 30 30 30 30 30 37 30 30 30 30 30 30 45 34 30 35 0D
1779565905844,74 34 35 31 38 30 30 30 30 30 30 30 30 30 30 30 30 30 30 30 30 0D
1779565905852,74 34 35 31 38 30 30 30 30 30 30 30 30 30 30 30 30 30 30 30 30 0D
1779565905858,74 34 35 35 38 45 41 46 46 30 37 30 30 39 46 46 46 30 30 30 30 0D
1779565905868,74 34 35 31 38 30 30 30 30 30 30 30 30 30 30 30 30 30 30 30 30 0D
1779565905878,74 34 35 35 38 45 41 46 46 30 37 30 30 39 45 46 46 30 30 30 30 0D
1779565905883,74 34 35 39 38 35 45 41 34 42 45 31 36 33 35 31 41 30 33 42 37 0D
1779565905890,74 34 35 31 38 30 30 30 30 30 30 30 30 30 30 30 30 30 30 30 30 0D
1779565905897,74 34 35 35 38 45 41 46 46 30 37 30 30 39 45 46 46 30 30 30 30 0D
1779565905909,74 34 35 31 38 30 30 30 30 30 30 30 30 30 30 30 30 30 30 30 30 0D
1779565905912,74 34 35 35 38 45 41 46 46 30 37 30 30 39 45 46 46 30 30 30 30 0D
1779565905933,74 34 35 30 38 30 30 30 30 30 37 30 30 30 30 30 30 45 34 30 35 0D
1779565905945,74 34 35 31 38 30 30 30 30 30 30 30 30 30 30 30 30 30 30 30 30 0D
1779565905947,74 34 35 31 38 30 30 30 30 30 30 30 30 30 30 30 30 30 30 30 30 0D
1779565905958,74 34 35 35 38 45 41 46 46 30 37 30 30 39 45 46 46 30 30 30 30 0D
1779565905969,74 34 35 31 38 30 30 30 30 30 30 30 30 30 30 30 30 30 30 30 30 0D
1779565905980,74 34 35 35 38 45 41 46 46 30 37 30 30 39 45 46 46 30 30 30 30 0D
1779565905985,74 34 35 39 38 35 45 41 34 42 45 31 36 33 35 31 41 30 33 42 37 0D
1779565905995,74 34 35 31 38 30 30 30 30 30 30 30 30 30 30 30 30 30 30 30 30 0D
1779565906010,74 34 35 31 38 30 30 30 30 30 30 30 30 30 30 30 30 30 30 30 30 0D
1779565906015,74 34 35 35 38 45 41 46 46 30 37 30 30 39 45 46 46 30 30 30 30 0D
1779565906030,74 34 35 30 38 30 30 30 30 30 37 30 30 30 30 30 30 45 34 30 35 0D
1779565906043,74 34 35 31 38 30 30 30 30 30 30 30 30 30 30 30 30 30 30 30 30 0D
1779565906049,74 34 35 31 38 30 30 30 30 30 30 30 30 30 30 30 30 30 30 30 30 0D
1779565906053,74 34 35 35 38 45 41 46 46 30 37 30 30 39 45 46 46 30 30 30 30 0D
1779565906073,74 34 35 31 38 30 30 30 30 30 30 30 30 30 30 30 30 30 30 30 30 0D
1779565906079,74 34 35 35 38 45 41 46 46 30 37 30 30 39 46 46 46 30 30 30 30 0D
1779565906086,74 34 35 37 38 30 30 30 30 30 30 30 30 36 34 31 34 30 30 30 30 0D
1779565906093,74 34 35 39 38 35 45 41 34 42 45 31 36 33 34 31 41 30 33 42 37 0D
1779565906096,74 34 35 35 38 45 41 46 46 30 37 30 30 39 46 46 46 30 30 30 30 0D
1779565906110,74 34 35 31 38 30 30 30 30 30 30 30 30 30 30 30 30 30 30 30 30 0D
1779565906115,74 34 35 35 38 45 41 46 46 30 37 30 30 39 46 46 46 30 30 30 30 0D
1779565906132,74 34 35 30 38 30 30 30 30 30 37 30 30 30 30 30 30 45 34 30 35 0D
1779565906141,74 34 35 31 38 30 30 30 30 30 30 30 30 30 30 30 30 30 30 30 30 0D
1779565906149,74 34 35 31 38 30 30 30 30 30 30 30 30 30 30 30 30 30 30 30 30 0D
1779565906160,74 34 35 35 38 45 41 46 46 30 37 30 30 39 46 46 46 30 30 30 30 0D
1779565906175,74 34 35 31 38 30 30 30 30 30 30 30 30 30 30 30 30 30 30 30 30 0D
1779565906180,74 34 35 37 38 30 30 30 30 30 30 30 30 36 34 31 34 30 30 30 30 0D
1779565906189,74 34 35 39 38 35 44 41 34 42 45 31 36 33 34 31 41 30 33 42 37 0D
1779565906196,74 34 35 35 38 45 41 46 46 30 37 30 30 39 46 46 46 30 30 30 30 0D
1779565906210,74 34 35 31 38 30 30 30 30 30 30 30 30 30 30 30 30 30 30 30 30 0D
1779565906214,74 34 35 35 38 45 41 46 46 30 37 30 30 39 46 46 46 30 30 30 30 0D
1779565906233,74 34 35 30 38 30 30 30 30 30 37 30 30 30 30 30 30 45 34 30 35 0D
1779565906242,74 34 35 31 38 30 30 30 30 30 30 30 30 30 30 30 30 30 30 30 30 0D
1779565906249,74 34 35 31 38 30 30 30 30 30 30 30 30 30 30 30 30 30 30 30 30 0D
1779565906256,74 34 35 35 38 45 41 46 46 30 37 30 30 39 46 46 46 30 30 30 30 0D
1779565906314,74 34 35 31 38 30 30 30 30 30 30 30 30 30 30 30 30 30 30 30 30 0D
1779565906318,74 34 35 31 38 30 30 30 30 30 30 30 30 30 30 30 30 30 30 30 30 0D
1779565906327,74 34 35 30 38 30 30 30 30 30 37 30 30 30 30 30 30 45 34 30 35 0D
1779565906339,74 34 35 31 38 30 30 30 30 30 30 30 30 30 30 30 30 30 30 30 30 0D
1779565906345,74 34 35 31 38 30 30 30 30 30 30 30 30 30 30 30 30 30 30 30 30 0D
1779565906358,74 34 35 35 38 45 41 46 46 30 37 30 30 39 46 46 46 30 30 30 30 0D
1779565906372,74 34 35 31 38 30 30 30 30 30 30 30 30 30 30 30 30 30 30 30 30 0D
1779565906379,74 34 35 35 38 45 41 46 46 30 37 30 30 39 46 46 46 30 30 30 30 0D
1779565906382,74 34 35 37 38 30 30 30 30 30 30 30 30 36 34 31 34 30 30 30 30 0D
1779565906388,74 34 35 39 38 35 43 41 34 42 45 31 36 33 32 31 41 30 33 42 37 0D
1779565906394,74 34 35 31 38 30 30 30 30 30 30 30 30 30 30 30 30 30 30 30 30 0D
1779565906409,74 34 35 31 38 30 30 30 30 30 30 30 30 30 30 30 30 30 30 30 30 0D
1779565906415,74 34 35 35 38 45 41 46 46 30 37 30 30 39 46 46 46 30 30 30 30 0D
1779565906434,74 34 35 30 38 30 30 30 30 30 37 30 30 30 30 30 30 45 34 30 35 0D
1779565906461,74 34 35 31 38 30 30 30 30 30 30 30 30 30 30 30 30 30 30 30 30 0D
1779565906467,74 34 35 31 38 30 30 30 30 30 30 30 30 30 30 30 30 30 30 30 30 0D
1779565906479,74 34 35 35 38 45 41 46 46 30 37 30 30 39 46 46 46 30 30 30 30 0D
1779565906491,74 34 35 37 38 30 30 30 30 30 30 30 30 36 34 31 34 30 30 30 30 0D
1779565906502,74 34 35 36 38 45 45 46 46 30 37 30 30 30 34 30 30 30 30 30 30 0D
1779565906508,74 34 35 31 38 30 30 30 30 30 30 30 30 30 30 30 30 30 30 30 30 0D
1779565906516,74 34 35 35 38 45 41 46 46 30 37 30 30 39 46 46 46 30 30 30 30 0D
1779565906532,74 34 35 30 38 30 30 30 30 30 37 30 30 30 30 30 30 45 34 30 35 0D
1779565906539,74 34 35 31 38 30 30 30 30 30 30 30 30 30 30 30 30 30 30 30 30 0D
1779565906548,74 34 35 31 38 30 30 30 30 30 30 30 30 30 30 30 30 30 30 30 30 0D
1779565906561,74 34 35 35 38 45 41 46 46 30 37 30 30 39 46 46 46 30 30 30 30 0D
1779565906572,74 34 35 31 38 30 30 30 30 30 30 30 30 30 30 30 30 30 30 30 30 0D
1779565906603,74 34 35 36 38 45 45 46 46 30 38 30 30 30 34 30 30 30 30 30 30 0D
1779565906608,74 34 35 31 38 30 30 30 30 30 30 30 30 30 30 30 30 30 30 30 30 0D
1779565906624,74 34 35 35 38 45 41 46 46 30 37 30 30 39 46 46 46 30 30 30 30 0D
1779565906630,74 34 35 30 38 30 30 30 30 30 37 30 30 30 30 30 30 45 34 30 35 0D
1779565906638,74 34 35 31 38 30 30 30 30 30 30 30 30 30 30 30 30 30 30 30 30 0D
1779565906648,74 34 35 31 38 30 30 30 30 30 30 30 30 30 30 30 30 30 30 30 30 0D
1779565906660,74 34 35 35 38 45 41 46 46 30 37 30 30 39 46 46 46 30 30 30 30 0D
1779565906672,74 34 35 31 38 30 30 30 30 30 30 30 30 30 30 30 30 30 30 30 30 0D
1779565906704,74 34 35 35 38 45 41 46 46 30 37 30 30 39 46 46 46 30 30 30 30 0D
1779565906710,74 34 35 31 38 30 30 30 30 30 30 30 30 30 30 30 30 30 30 30 30 0D
1779565906725,74 34 35 35 38 45 41 46 46 30 37 30 30 39 46 46 46 30 30 30 30 0D
1779565906732,74 34 35 30 38 30 30 30 30 30 37 30 30 30 30 30 30 45 34 30 35 0D
1779565906741,74 34 35 31 38 30 30 30 30 30 30 30 30 30 30 30 30 30 30 30 30 0D
1779565906747,74 34 35 31 38 30 30 30 30 30 30 30 30 30 30 30 30 30 30 30 30 0D
1779565906757,74 34 35 35 38 45 41 46 46 30 37 30 30 39 46 46 46 30 30 30 30 0D
1779565906775,74 34 35 31 38 30 30 30 30 30 30 30 30 30 30 30 30 30 30 30 30 0D
1779565906780,74 34 35 37 38 30 30 30 30 30 31 30 30 36 34 31 34 30 30 30 30 0D
1779565906788,74 34 35 39 38 35 42 41 34 42 45 31 36 33 32 31 41 30 33 42 37 0D
1779565906794,74 34 35 31 38 30 30 30 30 30 30 30 30 30 30 30 30 30 30 30 30 0D
1779565906808,74 34 35 31 38 30 30 30 30 30 30 30 30 30 30 30 30 30 30 30 30 0D
1779565906815,74 34 35 35 38 45 41 46 46 30 37 30 30 39 46 46 46 30 30 30 30 0D
1779565906830,74 34 35 30 38 30 30 30 30 30 37 30 30 30 30 30 30 45 34 30 35 0D
1779565906845,74 34 35 31 38 30 30 30 30 30 30 30 30 30 30 30 30 30 30 30 30 0D
1779565906848,74 34 35 31 38 30 30 30 30 30 30 30 30 30 30 30 30 30 30 30 30 0D
1779565906861,74 34 35 36 38 45 45 46 46 30 38 30 30 30 34 30 30 30 30 30 30 0D
1779565906871,74 34 35 31 38 30 30 30 30 30 30 30 30 30 30 30 30 30 30 30 30 0D
1779565906878,74 34 35 35 38 45 39 46 46 30 37 30 30 39 45 46 46 30 30 30 30 0D
1779565906889,74 34 35 37 38 30 30 30 30 30 31 30 30 36 34 31 34 30 30 30 30 0D
1779565906899,74 34 35 39 38 35 41 41 34 42 45 31 36 33 31 31 41 30 33 42 37 0D
1779565906915,74 34 35 31 38 30 30 30 30 30 30 30 30 30 30 30 30 30 30 30 30 0D
1779565906922,74 34 35 35 38 45 39 46 46 30 37 30 30 39 45 46 46 30 30 30 30 0D
1779565906930,74 34 35 30 38 30 30 30 30 30 37 30 30 30 30 30 30 45 34 30 35 0D
1779565906950,74 34 35 31 38 30 30 30 30 30 30 30 30 30 30 30 30 30 30 30 30 0D
1779565906957,74 34 35 31 38 30 30 30 30 30 30 30 30 30 30 30 30 30 30 30 30 0D
1779565906969,74 34 35 31 38 30 30 30 30 30 30 30 30 30 30 30 30 30 30 30 30 0D
