1779567652554,74 34 35 31 38 30 30 30 30 30 30 30 30 30 30 30 30 30 30 30 30 0D
1779567652584,74 34 35 31 38 30 30 30 30 30 30 30 30 30 30 30 30 30 30 30 30 0D
1779567652599,74 34 35 31 38 30 30 30 30 30 30 30 30 30 30 30 30 30 30 30 30 0D
1779567652604,74 34 35 35 38 45 41 46 46 30 37 30 30 39 46 46 46 30 30 30 30 0D
1779567652619,74 34 35 30 38 30 30 30 30 30 37 30 30 30 30 30 30 45 34 30 35 0D
1779567652629,74 34 35 31 38 30 30 30 30 30 30 30 30 30 30 30 30 30 30 30 30 0D
1779567652640,74 34 35 31 38 30 30 30 30 30 30 30 30 30 30 30 30 30 30 30 30 0D
1779567652656,74 34 35 31 38 30 30 30 30 30 30 30 30 30 30 30 30 30 30 30 30 0D
1779567652661,74 34 35 35 38 45 41 46 46 30 37 30 30 39 46 46 46 30 30 30 30 0D
1779567652664,74 34 35 37 38 30 30 30 30 30 30 30 30 36 34 31 34 30 30 30 30 0D
1779567652673,74 34 35 39 38 46 30 41 34 42 45 31 36 34 46 31 41 30 33 42 37 0D
1779567652679,74 34 35 31 38 30 30 30 30 30 30 30 30 30 30 30 30 30 30 30 30 0D
1779567652682,74 34 35 36 38 45 44 46 46 30 38 30 30 30 34 30 30 30 30 30 30 0D
1779567652699,74 34 35 31 38 30 30 30 30 30 30 30 30 30 30 30 30 30 30 30 30 0D
1779567652705,74 34 35 35 38 45 41 46 46 30 37 30 30 39 46 46 46 30 30 30 30 0D
1779567652716,74 34 35 30 38 30 30 30 30 30 37 30 30 30 30 30 30 45 34 30 35 0D
1779567652723,74 34 35 31 38 30 30 30 30 30 30 30 30 30 30 30 30 30 30 30 30 0D
1779567652736,74 34 35 31 38 30 30 30 30 30 30 30 30 30 30 30 30 30 30 30 30 0D
1779567652740,74 34 35 35 38 45 41 46 46 30 37 30 30 39 46 46 46 30 30 30 30 0D
1779567652760,74 34 35 31 38 30 30 30 30 30 30 30 30 30 30 30 30 30 30 30 30 0D
1779567652766,74 34 35 37 38 30 30 30 30 30 30 30 30 36 34 31 34 30 30 30 30 0D
1779567652773,74 34 35 39 38 46 30 41 34 42 45 31 36 35 30 31 41 30 33 42 37 0D
1779567652777,74 34 35 31 38 30 30 30 30 30 30 30 30 30 30 30 30 30 30 30 30 0D
1779567652783,74 34 35 36 38 45 44 46 46 30 38 30 30 30 34 30 30 30 30 30 30 0D
1779567652798,74 34 35 31 38 30 30 30 30 30 30 30 30 30 30 30 30 30 30 30 30 0D
1779567652805,74 34 35 35 38 45 41 46 46 30 37 30 30 39 46 46 46 30 30 30 30 0D
1779567652817,74 34 35 30 38 30 30 30 30 30 37 30 30 30 30 30 30 45 34 30 35 0D
1779567652825,74 34 35 31 38 30 30 30 30 30 30 30 30 30 30 30 30 30 30 30 30 0D
1779567652838,74 34 35 31 38 30 30 30 30 30 30 30 30 30 30 30 30 30 30 30 30 0D
1779567652847,74 34 35 35 38 45 41 46 46 30 37 30 30 39 46 46 46 30 30 30 30 0D
1779567652860,74 34 35 31 38 30 30 30 30 30 30 30 30 30 30 30 30 30 30 30 30 0D
1779567652871,74 34 35 37 38 30 30 30 30 30 30 30 30 36 34 31 34 30 30 30 30 0D
1779567652884,74 34 35 39 38 46 30 41 34 42 45 31 36 35 31 31 41 30 33 42 37 0D
1779567652897,74 34 35 31 38 30 30 30 30 30 30 30 30 30 30 30 30 30 30 30 30 0D
1779567652904,74 34 35 35 38 45 41 46 46 30 37 30 30 39 46 46 46 30 30 30 30 0D
1779567652907,74 34 35 36 38 45 45 46 46 30 37 30 30 30 34 30 30 30 30 30 30 0D
1779567652920,74 34 35 30 38 30 30 30 30 30 37 30 30 30 30 30 30 45 34 30 35 0D
1779567652923,74 34 35 31 38 30 30 30 30 30 30 30 30 30 30 30 30 30 30 30 30 0D
1779567652940,74 34 35 31 38 30 30 30 30 30 30 30 30 30 30 30 30 30 30 30 30 0D
1779567652946,74 34 35 35 38 45 41 46 46 30 37 30 30 39 46 46 46 30 30 30 30 0D
1779567652966,74 34 35 31 38 30 30 30 30 30 30 30 30 30 30 30 30 30 30 30 30 0D
1779567652980,74 34 35 37 38 30 30 30 30 30 30 30 30 36 34 31 34 30 30 30 30 0D
1779567652988,74 34 35 35 38 45 41 46 46 30 37 30 30 39 46 46 46 30 30 30 30 0D
1779567653002,74 34 35 31 38 30 30 30 30 30 30 30 30 30 30 30 30 30 30 30 30 0D
1779567653012,74 34 35 35 38 45 41 46 46 30 37 30 30 39 46 46 46 30 30 30 30 0D
1779567653018,74 34 35 30 38 30 30 30 30 30 37 30 30 30 30 30 30 45 34 30 35 0D
1779567653023,74 34 35 31 38 30 30 30 30 30 30 30 30 30 30 30 30 30 30 30 30 0D
1779567653039,74 34 35 31 38 30 30 30 30 30 30 30 30 30 30 30 30 30 30 30 30 0D
1779567653044,74 34 35 35 38 45 41 46 46 30 37 30 30 39 46 46 46 30 30 30 30 0D
1779567653067,74 34 35 31 38 30 30 30 30 30 30 30 30 30 30 30 30 30 30 30 30 0D
1779567653081,74 34 35 37 38 30 30 30 30 30 30 30 30 36 34 31 34 30 30 30 30 0D
1779567653086,74 34 35 36 38 45 45 46 46 30 37 30 30 30 34 30 30 30 30 30 30 0D
1779567653099,74 34 35 31 38 30 30 30 30 30 30 30 30 30 30 30 30 30 30 30 30 0D
1779567653104,74 34 35 35 38 45 41 46 46 30 37 30 30 39 46 46 46 30 30 30 30 0D
1779567653122,74 34 35 30 38 30 30 30 30 30 37 30 30 30 30 30 30 45 34 30 35 0D
1779567653128,74 34 35 31 38 30 30 30 30 30 30 30 30 30 30 30 30 30 30 30 30 0D
1779567653138,74 34 35 31 38 30 30 30 30 30 30 30 30 30 30 30 30 30 30 30 30 0D
1779567653143,74 34 35 35 38 45 41 46 46 30 37 30 30 39 46 46 46 30 30 30 30 0D
1779567653159,74 34 35 31 38 30 30 30 30 30 30 30 30 30 30 30 30 30 30 30 30 0D
1779567653169,74 34 35 35 38 45 41 46 46 30 37 30 30 39 46 46 46 30 30 30 30 0D
1779567653177,74 34 35 37 38 30 30 30 30 30 30 30 30 36 34 31 34 30 30 30 30 0D
1779567653182,74 34 35 35 38 45 41 46 46 30 37 30 30 39 46 46 46 30 30 30 30 0D
1779567653200,74 34 35 31 38 30 30 30 30 30 30 30 30 30 30 30 30 30 30 30 30 0D
1779567653208,74 34 35 35 38 45 41 46 46 30 37 30 30 39 46 46 46 30 30 30 30 0D
1779567653221,74 34 35 30 38 30 30 30 30 30 37 30 30 30 30 30 30 45 34 30 35 0D
1779567653223,74 34 35 31 38 30 30 30 30 30 30 30 30 30 30 30 30 30 30 30 30 0D
1779567653238,74 34 35 31 38 30 30 30 30 30 30 30 30 30 30 30 30 30 30 30 30 0D
1779567653246,74 34 35 35 38 45 41 46 46 30 37 30 30 39 46 46 46 30 30 30 30 0D
1779567653263,74 34 35 31 38 30 30 30 30 30 30 30 30 30 30 30 30 30 30 30 30 0D
1779567653273,74 34 35 37 38 30 30 30 30 30 30 30 30 36 34 31 34 30 30 30 30 0D
1779567653280,74 34 35 31 38 30 30 30 30 30 30 30 30 30 30 30 30 30 30 30 30 0D
1779567653287,74 34 35 35 38 45 41 46 46 30 37 30 30 39 46 46 46 30 30 30 30 0D
1779567653319,74 34 35 31 38 30 30 30 30 30 30 30 30 30 30 30 30 30 30 30 30 0D
1779567653324,74 34 35 31 38 30 30 30 30 30 30 30 30 30 30 30 30 30 30 30 30 0D
1779567653336,74 34 35 31 38 30 30 30 30 30 30 30 30 30 30 30 30 30 30 30 30 0D
1779567653341,74 34 35 35 38 45 39 46 46 30 37 30 30 39 46 46 46 30 30 30 30 0D
1779567653359,74 34 35 31 38 30 30 30 30 30 30 30 30 30 30 30 30 30 30 30 30 0D
1779567653362,74 34 35 36 38 45 44 46 46 30 38 30 30 30 34 30 30 30 30 30 30 0D
1779567653369,74 34 35 37 38 30 30 30 30 30 30 30 30 36 34 31 34 30 30 30 30 0D
1779567653379,74 34 35 39 38 46 32 41 34 42 45 31 36 35 34 31 41 30 33 42 37 0D
1779567653404,74 34 35 31 38 30 30 30 30 30 30 30 30 30 30 30 30 30 30 30 30 0D
1779567653410,74 34 35 35 38 45 39 46 46 30 37 30 30 39 46 46 46 30 30 30 30 0D
1779567653423,74 34 35 30 38 30 30 30 30 30 37 30 30 30 30 30 30 45 34 30 35 0D
1779567653430,30 0D 74 34 35 35 38 45 39 46 46 30 37 30 30 39 46 46 46 30 30 30 30 0D 74 34 35 36 38 45 44 46 46 30 38 30 30 30 34 30 30 30 30 30 30 0D 74 34 35 37 38 30 30 30 30 30 30 30 30 36 34 31 34 30
1779567653442,74 34 35 31 38 30 30 30 30 30 30 30 30 30 30 30 30 30 30 30 30 0D
1779567653464,74 34 35 31 38 30 30 30 30 30 30 30 30 30 30 30 30 30 30 30 30 0D
1779567653474,74 34 35 35 38 45 39 46 46 30 37 30 30 39 46 46 46 30 30 30 30 0D
1779567653482,74 34 35 31 38 30 30 30 30 30 30 30 30 30 30 30 30 30 30 30 30 0D
1779567653507,74 34 35 31 38 30 30 30 30 30 30 30 30 30 30 30 30 30 30 30 30 0D
1779567653518,74 34 35 30 38 30 30 30 30 30 37 30 30 30 30 30 30 45 34 30 35 0D
1779567653526,74 34 35 31 38 30 30 30 30 30 30 30 30 30 30 30 30 30 30 30 30 0D
1779567653540,74 34 35 31 38 30 30 30 30 30 30 30 30 30 30 30 30 30 30 30 30 0D
1779567653546,74 34 35 35 38 45 39 46 46 30 37 30 30 39 46 46 46 30 30 30 30 0D
1779567653566,74 34 35 31 38 30 30 30 30 30 30 30 30 30 30 30 30 30 30 30 30 0D
1779567653573,74 34 35 37 38 30 30 30 30 30 30 30 30 36 34 31 34 30 30 30 30 0D
1779567653581,74 34 35 39 38 46 32 41 34 42 45 31 36 35 35 31 41 30 33 42 37 0D
1779567653601,74 34 35 31 38 30 30 30 30 30 30 30 30 30 30 30 30 30 30 30 30 0D
1779567653607,74 34 35 35 38 45 39 46 46 30 37 30 30 39 46 46 46 30 30 30 30 0D
1779567653622,74 34 35 30 38 30 30 30 30 30 37 30 30 30 30 30 30 45 34 30 35 0D
1779567653628,74 34 35 32 38 38 43 30 30 30 30 30 30 30 30 30 30 30 30 30 30 0D
1779567653639,74 34 35 31 38 30 30 30 30 30 30 30 30 30 30 30 30 30 30 30 30 0D
1779567653645,74 34 35 35 38 45 39 46 46 30 37 30 30 39 46 46 46 30 30 30 30 0D
1779567653658,74 34 35 31 38 30 30 30 30 30 30 30 30 30 30 30 30 30 30 30 30 0D
1779567653664,74 34 35 35 38 45 39 46 46 30 37 30 30 39 46 46 46 30 30 30 30 0D
1779567653672,74 34 35 37 38 30 30 30 30 30 31 30 30 36 34 31 34 30 30 30 30 0D
1779567653678,74 34 35 31 38 30 30 30 30 30 30 30 30 30 30 30 30 30 30 30 30 0D
1779567653685,74 34 35 35 38 45 39 46 46 30 37 30 30 39 46 46 46 30 30 30 30 0D
1779567653701,74 34 35 31 38 30 30 30 30 30 30 30 30 30 30 30 30 30 30 30 30 0D
1779567653707,74 34 35 35 38 45 39 46 46 30 37 30 30 39 46 46 46 30 30 30 30 0D
1779567653720,74 34 35 30 38 30 30 30 30 30 37 30 30 30 30 30 30 45 34 30 35 0D
1779567653725,74 34 35 31 38 30 30 30 30 30 30 30 30 30 30 30 30 30 30 30 30 0D
1779567653746,74 34 35 31 38 30 30 30 30 30 30 30 30 30 30 30 30 30 30 30 30 0D
1779567653761,74 34 35 31 38 30 30 30 30 30 30 30 30 30 30 30 30 30 30 30 30 0D
1779567653774,74 34 35 36 38 45 44 46 46 30 37 30 30 30 34 30 30 30 30 30 30 0D
1779567653780,74 34 35 31 38 30 30 30 30 30 30 30 30 30 30 30 30 30 30 30 30 0D
1779567653786,74 34 35 35 38 45 41 46 46 30 36 30 30 39 46 46 46 30 30 30 30 0D
1779567653802,74 34 35 31 38 30 30 30 30 30 30 30 30 30 30 30 30 30 30 30 30 0D
1779567653809,74 34 35 35 38 45 41 46 46 30 36 30 30 39 46 46 46 30 30 30 30 0D
1779567653824,74 34 35 30 38 30 30 30 30 30 37 30 30 30 30 30 30 45 34 30 35 0D
1779567653830,74 34 35 31 38 30 30 30 30 30 30 30 30 30 30 30 30 30 30 30 30 0D
1779567653841,74 34 35 31 38 30 30 30 30 30 30 30 30 30 30 30 30 30 30 30 30 0D
1779567653845,74 34 35 35 38 45 41 46 46 30 36 30 30 39 46 46 46 30 30 30 30 0D
1779567653861,74 34 35 31 38 30 30 30 30 30 30 30 30 30 30 30 30 30 30 30 30 0D
1779567653866,74 34 35 36 38 45 44 46 46 30 37 30 30 30 34 30 30 30 30 30 30 0D
1779567653872,74 34 35 37 38 30 30 30 30 30 30 30 30 36 34 31 34 30 30 30 30 0D
1779567653876,74 34 35 31 38 30 30 30 30 30 30 30 30 30 30 30 30 30 30 30 30 0D
1779567653885,74 34 35 35 38 45 41 46 46 30 36 30 30 39 46 46 46 30 30 30 30 0D
1779567653907,74 34 35 31 38 30 30 30 30 30 30 30 30 30 30 30 30 30 30 30 30 0D
1779567653920,74 34 35 30 38 30 30 30 30 30 37 30 30 30 30 30 30 45 34 30 35 0D
1779567653926,74 34 35 31 38 30 30 30 30 30 30 30 30 30 30 30 30 30 30 30 30 0D
1779567653938,74 34 35 31 38 30 30 30 30 30 30 30 30 30 30 30 30 30 30 30 30 0D
1779567653958,74 34 35 31 38 30 30 30 30 30 30 30 30 30 30 30 30 30 30 30 30 0D
1779567653967,74 34 35 35 38 45 41 46 46 30 36 30 30 39 45 46 46 30 30 30 30 0D
1779567653975,74 34 35 37 38 30 30 30 30 30 30 30 30 36 34 31 34 30 30 30 30 0D
1779567653993,74 34 35 31 38 30 30 30 30 30 30 30 30 30 30 30 30 30 30 30 30 0D
1779567654003,74 34 35 31 38 30 30 30 30 30 30 30 30 30 30 30 30 30 30 30 30 0D
1779567654009,74 34 35 35 38 45 41 46 46 30 36 30 30 39 45 46 46 30 30 30 30 0D
1779567654019,74 34 35 30 38 30 30 30 30 30 37 30 30 30 30 30 30 45 34 30 35 0D
1779567654042,74 34 35 31 38 30 30 30 30 30 30 30 30 30 30 30 30 30 30 30 30 0D
1779567654060,74 34 35 31 38 30 30 30 30 30 30 30 30 30 30 30 30 30 30 30 30 0D
1779567654069,74 34 35 35 38 45 41 46 46 30 36 30 30 39 45 46 46 30 30 30 30 0D
1779567654073,74 34 35 37 38 30 30 30 30 30 30 30 30 36 34 31 34 30 30 30 30 0D
1779567654080,74 34 35 31 38 30 30 30 30 30 30 30 30 30 30 30 30 30 30 30 30 0D
1779567654086,74 34 35 35 38 45 41 46 46 30 36 30 30 39 45 46 46 30 30 30 30 0D
1779567654100,74 34 35 31 38 30 30 30 30 30 30 30 30 30 30 30 30 30 30 30 30 0D
1779567654128,74 34 35 30 38 30 30 30 30 30 37 30 30 30 30 30 30 45 34 30 35 0D
1779567654139,74 34 35 32 38 38 43 30 30 30 30 30 30 30 30 30 30 30 30 30 30 0D 74 34 35 33 38 39 45 30 30 30 30 30 30 30 30 30 30 30 30 30 30 0D 74 34 35 34 38 30 31 30 30 30 30 30 30 30 30 30 30 30 30 30
1779567654145,74 34 35 35 38 45 39 46 46 30 37 30 30 39 45 46 46 30 30 30 30 0D
1779567654158,74 34 35 31 38 30 30 30 30 30 30 30 30 30 30 30 30 30 30 30 30 0D
1779567654162,74 34 35 35 38 45 39 46 46 30 37 30 30 39 45 46 46 30 30 30 30 0D
1779567654170,74 34 35 37 38 30 30 30 30 30 30 30 30 36 34 31 34 30 30 30 30 0D
1779567654176,74 34 35 31 38 30 30 30 30 30 30 30 30 30 30 30 30 30 30 30 30 0D
1779567654183,74 34 35 35 38 45 39 46 46 30 37 30 30 39 45 46 46 30 30 30 30 0D
1779567654200,74 34 35 31 38 30 30 30 30 30 30 30 30 30 30 30 30 30 30 30 30 0D
1779567654219,74 34 35 30 38 30 30 30 30 30 37 30 30 30 30 30 30 45 34 30 35 0D
1779567654224,74 34 35 32 38 38 43 30 30 30 30 30 30 30 30 30 30 30 30 30 30 0D 74 34 35 33 38 39 45 30 30 30 30 30 30 30 30 30 30 30 30 30 30 0D
1779567654240,74 34 35 31 38 30 30 30 30 30 30 30 30 30 30 30 30 30 30 30 30 0D
1779567654247,74 34 35 35 38 45 39 46 46 30 37 30 30 39 45 46 46 30 30 30 30 0D
1779567654258,74 34 35 31 38 30 30 30 30 30 30 30 30 30 30 30 30 30 30 30 30 0D
1779567654266,74 34 35 35 38 45 39 46 46 30 37 30 30 39 45 46 46 30 30 30 30 0D
1779567654274,74 34 35 37 38 30 30 30 30 30 30 30 30 36 34 31 34 30 30 30 30 0D
1779567654283,74 34 35 31 38 30 30 30 30 30 30 30 30 30 30 30 30 30 30 30 30 0D
1779567654288,74 34 35 35 38 45 39 46 46 30 37 30 30 39 45 46 46 30 30 30 30 0D
1779567654301,74 34 35 31 38 30 30 30 30 30 30 30 30 30 30 30 30 30 30 30 30 0D
1779567654307,74 34 35 35 38 45 39 46 46 30 37 30 30 39 45 46 46 30 30 30 30 0D
1779567654319,74 34 35 30 38 30 30 30 30 30 37 30 30 30 30 30 30 45 34 30 35 0D
1779567654336,30 0D 74 34 35 35 38 45 41 46 46 30 37 30 30 39 46 46 46 30 30 30 30 0D 74 34 35 36 38 45 44 46 46 30 37 30 30 30 35 30 30 30 30 30 30 0D 74 34 35 37 38 30 30 30 30 30 30 30 30 36 34 31 34 30
1779567654341,74 34 35 31 38 30 30 30 30 30 30 30 30 30 30 30 30 30 30 30 30 0D
1779567654342,74 34 35 35 38 45 41 46 46 30 37 30 30 39 46 46 46 30 30 30 30 0D
1779567654357,74 34 35 31 38 30 30 30 30 30 30 30 30 30 30 30 30 30 30 30 30 0D
1779567654362,74 34 35 35 38 45 41 46 46 30 37 30 30 39 46 46 46 30 30 30 30 0D
1779567654367,74 34 35 37 38 30 30 30 30 30 30 30 30 36 34 31 34 30 30 30 30 0D
1779567654376,74 34 35 31 38 30 30 30 30 30 30 30 30 30 30 30 30 30 30 30 30 0D
1779567654386,74 34 35 35 38 45 41 46 46 30 37 30 30 39 46 46 46 30 30 30 30 0D
1779567654399,74 34 35 31 38 30 30 30 30 30 30 30 30 30 30 30 30 30 30 30 30 0D
1779567654405,74 34 35 35 38 45 41 46 46 30 37 30 30 39 46 46 46 30 30 30 30 0D
1779567654424,74 34 35 30 38 30 30 30 30 30 37 30 30 30 30 30 30 45 34 30 35 0D
1779567654428,74 34 35 31 38 30 30 30 30 30 30 30 30 30 30 30 30 30 30 30 30 0D
1779567654436,74 34 35 31 38 30 30 30 30 30 30 30 30 30 30 30 30 30 30 30 30 0D
1779567654441,74 34 35 35 38 45 41 46 46 30 37 30 30 39 46 46 46 30 30 30 30 0D
1779567654458,74 34 35 31 38 30 30 30 30 30 30 30 30 30 30 30 30 30 30 30 30 0D
1779567654466,74 34 35 35 38 45 41 46 46 30 37 30 30 39 46 46 46 30 30 30 30 0D
1779567654470,74 34 35 37 38 30 30 30 30 30 30 30 30 36 34 31 34 30 31 30 30 0D
1779567654482,74 34 35 31 38 30 30 30 30 30 30 30 30 30 30 30 30 30 30 30 30 0D
1779567654489,74 34 35 35 38 45 41 46 46 30 37 30 30 39 46 46 46 30 30 30 30 0D
1779567654500,74 34 35 31 38 30 30 30 30 30 30 30 30 30 30 30 30 30 30 30 30 0D
1779567654505,74 34 35 35 38 45 41 46 46 30 37 30 30 39 46 46 46 30 30 30 30 0D
1779567654522,74 34 35 30 38 30 30 30 30 30 37 30 30 30 30 30 30 45 34 30 35 0D
1779567654526,74 34 35 31 38 30 30 30 30 30 30 30 30 30 30 30 30 30 30 30 30 0D
1779567654540,74 34 35 31 38 30 30 30 30 30 30 30 30 30 30 30 30 30 30 30 30 0D
1779567654558,74 34 35 31 38 30 30 30 30 30 30 30 30 30 30 30 30 30 30 30 30 0D
1779567654567,74 34 35 35 38 45 41 46 46 30 37 30 30 39 46 46 46 30 30 30 30 0D
1779567654574,74 34 35 37 38 30 30 30 30 30 31 30 30 36 34 31 34 30 30 30 30 0D
1779567654575,74 34 35 31 38 30 30 30 30 30 30 30 30 30 30 30 30 30 30 30 30 0D
1779567654582,74 34 35 35 38 45 41 46 46 30 37 30 30 39 46 46 46 30 30 30 30 0D
1779567654600,74 34 35 31 38 30 30 30 30 30 30 30 30 30 30 30 30 30 30 30 30 0D
1779567654606,74 34 35 35 38 45 41 46 46 30 37 30 30 39 46 46 46 30 30 30 30 0D
1779567654625,74 34 35 30 38 30 30 30 30 30 37 30 30 30 30 30 30 45 34 30 35 0D
1779567654628,30 0D 74 34 35 35 38 45 41 46 46 30 37 30 30 39 46 46 46 30 30 30 30 0D 74 34 35 36 38 45 44 46 46 30 38 30 30 30 33 30 30 30 30 30 30 0D 74 34 35 37 38 30 30 30 30 30 31 30 30 36 34 31 34 30
1779567654634,30 30 30 0D 74 34 35 39 38 46 30 41 34 42 45 31 36 35 36 31 41 30 33 42 37 0D
1779567654641,74 34 35 31 38 30 30 30 30 30 30 30 30 30 30 30 30 30 30 30 30 0D
1779567654658,74 34 35 31 38 30 30 30 30 30 30 30 30 30 30 30 30 30 30 30 30 0D
1779567654665,74 34 35 35 38 45 41 46 46 30 37 30 30 39 46 46 46 30 30 30 30 0D
1779567654673,74 34 35 37 38 30 30 30 30 30 30 30 30 36 34 31 34 30 30 30 30 0D
1779567654682,74 34 35 31 38 30 30 30 30 30 30 30 30 30 30 30 30 30 30 30 30 0D
1779567654699,74 34 35 31 38 30 30 30 30 30 30 30 30 30 30 30 30 30 30 30 30 0D
1779567654705,74 34 35 35 38 45 41 46 46 30 37 30 30 39 46 46 46 30 30 30 30 0D
1779567654727,74 34 35 30 38 30 30 30 30 30 37 30 30 30 30 30 30 45 34 30 35 0D
1779567654740,74 34 35 31 38 30 30 30 30 30 30 30 30 30 30 30 30 30 30 30 30 0D
1779567654749,74 34 35 35 38 45 41 46 46 30 37 30 30 39 46 46 46 30 30 30 30 0D
1779567654762,74 34 35 31 38 30 30 30 30 30 30 30 30 30 30 30 30 30 30 30 30 0D
1779567654771,74 34 35 35 38 45 41 46 46 30 37 30 30 39 46 46 46 30 30 30 30 0D
1779567654780,74 34 35 31 38 30 30 30 30 30 30 30 30 30 30 30 30 30 30 30 30 0D
1779567654786,74 34 35 35 38 45 41 46 46 30 37 30 30 39 46 46 46 30 30 30 30 0D
1779567654797,74 34 35 31 38 30 30 30 30 30 30 30 30 30 30 30 30 30 30 30 30 0D
1779567654805,74 34 35 35 38 45 41 46 46 30 37 30 30 39 46 46 46 30 30 30 30 0D
1779567654822,74 34 35 30 38 30 30 30 30 30 37 30 30 30 30 30 30 45 34 30 35 0D
1779567654840,74 34 35 31 38 30 30 30 30 30 30 30 30 30 30 30 30 30 30 30 30 0D
1779567654846,74 34 35 35 38 45 41 46 46 30 37 30 30 39 46 46 46 30 30 30 30 0D
1779567654862,74 34 35 31 38 30 30 30 30 30 30 30 30 30 30 30 30 30 30 30 30 0D
1779567654872,74 34 35 35 38 45 41 46 46 30 37 30 30 39 46 46 46 30 30 30 30 0D
1779567654883,74 34 35 31 38 30 30 30 30 30 30 30 30 30 30 30 30 30 30 30 30 0D
1779567654903,74 34 35 31 38 30 30 30 30 30 30 30 30 30 30 30 30 30 30 30 30 0D
1779567654917,74 34 35 30 38 30 30 30 30 30 37 30 30 30 30 30 30 45 34 30 35 0D
1779567654923,74 34 35 31 38 30 30 30 30 30 30 30 30 30 30 30 30 30 30 30 30 0D
1779567654929,74 34 35 32 38 38 43 30 30 30 30 30 30 30 30 30 30 32 37 30 30 0D 74 34 35 33 38 39 45 30 30 30 30 30 30 30 30 30 30 30 30 30 30 0D 74 34 35 34 38 30 31 30 30 30 30 30 30 30 30 30 30 30 30 30
1779567654936,74 34 35 31 38 30 30 30 30 30 30 30 30 30 30 30 30 30 30 30 30 0D
1779567654941,74 34 35 35 38 45 39 46 46 30 37 30 30 39 46 46 46 30 30 30 30 0D
1779567654956,74 34 35 31 38 30 30 30 30 30 30 30 30 30 30 30 30 30 30 30 30 0D
1779567654965,74 34 35 35 38 45 39 46 46 30 37 30 30 39 46 46 46 30 30 30 30 0D
1779567654977,74 34 35 37 38 30 30 30 30 30 30 30 30 36 34 31 34 30 30 30 30 0D
1779567654984,74 34 35 35 38 45 39 46 46 30 37 30 30 39 46 46 46 30 30 30 30 0D
1779567654998,74 34 35 31 38 30 30 30 30 30 30 30 30 30 30 30 30 30 30 30 30 0D
1779567655002,74 34 35 35 38 45 39 46 46 30 37 30 30 39 46 46 46 30 30 30 30 0D
1779567655019,74 34 35 30 38 30 30 30 30 30 37 30 30 30 30 30 30 45 34 30 35 0D
1779567655024,74 34 35 37 38 30 30 30 30 30 30 30 30 36 34 31 34 30 30 30 30 0D 74 34 35 39 38 45 45 41 34 42 45 31 36 35 35 31 41 30 33 42 37 0D
1779567655038,74 34 35 31 38 30 30 30 30 30 30 30 30 30 30 30 30 30 30 30 30 0D
1779567655046,74 34 35 35 38 45 39 46 46 30 37 30 30 39 46 46 46 30 30 30 30 0D
1779567655063,74 34 35 31 38 30 30 30 30 30 30 30 30 30 30 30 30 30 30 30 30 0D
1779567655071,74 34 35 35 38 45 39 46 46 30 37 30 30 39 46 46 46 30 30 30 30 0D
1779567655076,74 34 35 31 38 30 30 30 30 30 30 30 30 30 30 30 30 30 30 30 30 0D
1779567655084,74 34 35 35 38 45 39 46 46 30 37 30 30 39 46 46 46 30 30 30 30 0D
1779567655100,74 34 35 31 38 30 30 30 30 30 30 30 30 30 30 30 30 30 30 30 30 0D
1779567655102,74 34 35 35 38 45 39 46 46 30 37 30 30 39 46 46 46 30 30 30 30 0D
1779567655119,74 34 35 30 38 30 30 30 30 30 37 30 30 30 30 30 30 45 34 30 35 0D
1779567655125,74 34 35 31 38 30 30 30 30 30 30 30 30 30 30 30 30 30 30 30 30 0D
1779567655131,30 30 30 0D 74 34 35 39 38 45 44 41 34 42 45 31 36 35 34 31 41 30 33 42 37 0D
1779567655138,74 34 35 31 38 30 30 30 30 30 30 30 30 30 30 30 30 30 30 30 30 0D
1779567655142,74 34 35 36 38 45 44 46 46 30 37 30 30 30 34 30 30 30 30 30 30 0D
1779567655159,74 34 35 31 38 30 30 30 30 30 30 30 30 30 30 30 30 30 30 30 30 0D
1779567655164,74 34 35 35 38 45 41 46 46 30 37 30 30 39 46 46 46 30 30 30 30 0D
1779567655167,74 34 35 37 38 30 30 30 30 30 31 30 30 36 34 31 34 30 30 30 30 0D
1779567655181,74 34 35 31 38 30 30 30 30 30 30 30 30 30 30 30 30 30 30 30 30 0D
1779567655201,74 34 35 31 38 30 30 30 30 30 30 30 30 30 30 30 30 30 30 30 30 0D
1779567655209,74 34 35 35 38 45 41 46 46 30 37 30 30 39 46 46 46 30 30 30 30 0D
1779567655222,74 34 35 30 38 30 30 30 30 30 37 30 30 30 30 30 30 45 34 30 35 0D
1779567655233,74 34 35 31 38 30 30 30 30 30 30 30 30 30 30 30 30 30 30 30 30 0D
1779567655239,74 34 35 31 38 30 30 30 30 30 30 30 30 30 30 30 30 30 30 30 30 0D
1779567655244,74 34 35 35 38 45 41 46 46 30 37 30 30 39 46 46 46 30 30 30 30 0D
1779567655261,74 34 35 31 38 30 30 30 30 30 30 30 30 30 30 30 30 30 30 30 30 0D
1779567655269,74 34 35 35 38 45 41 46 46 30 37 30 30 39 46 46 46 30 30 30 30 0D
1779567655274,74 34 35 31 38 30 30 30 30 30 30 30 30 30 30 30 30 30 30 30 30 0D
1779567655283,74 34 35 36 38 45 45 46 46 30 37 30 30 30 35 30 30 30 30 30 30 0D
1779567655301,74 34 35 31 38 30 30 30 30 30 30 30 30 30 30 30 30 30 30 30 30 0D
1779567655309,74 34 35 35 38 45 41 46 46 30 37 30 30 39 46 46 46 30 30 30 30 0D
1779567655323,74 34 35 30 38 30 30 30 30 30 37 30 30 30 30 30 30 45 34 30 35 0D
1779567655329,74 34 35 31 38 30 30 30 30 30 30 30 30 30 30 30 30 30 30 30 30 0D
1779567655338,74 34 35 31 38 30 30 30 30 30 30 30 30 30 30 30 30 30 30 30 30 0D
1779567655347,74 34 35 35 38 45 41 46 46 30 37 30 30 39 46 46 46 30 30 30 30 0D
1779567655363,74 34 35 31 38 30 30 30 30 30 30 30 30 30 30 30 30 30 30 30 30 0D
1779567655371,74 34 35 35 38 45 41 46 46 30 37 30 30 39 46 46 46 30 30 30 30 0D
1779567655378,74 34 35 31 38 30 30 30 30 30 30 30 30 30 30 30 30 30 30 30 30 0D
1779567655386,74 34 35 35 38 45 41 46 46 30 37 30 30 39 46 46 46 30 30 30 30 0D
1779567655398,74 34 35 31 38 30 30 30 30 30 30 30 30 30 30 30 30 30 30 30 30 0D
1779567655401,74 34 35 35 38 45 41 46 46 30 37 30 30 39 46 46 46 30 30 30 30 0D
1779567655448,74 34 35 30 38 30 30 30 30 30 37 30 30 30 30 30 30 45 34 30 35 0D
1779567655461,74 34 35 31 38 30 30 30 30 30 30 30 30 30 30 30 30 30 30 30 30 0D
1779567655467,74 34 35 35 38 45 41 46 46 30 37 30 30 39 46 46 46 30 30 30 30 0D
1779567655472,74 34 35 37 38 30 30 30 30 30 31 30 30 36 34 31 34 30 30 30 30 0D
1779567655478,74 34 35 31 38 30 30 30 30 30 30 30 30 30 30 30 30 30 30 30 30 0D
1779567655500,74 34 35 31 38 30 30 30 30 30 30 30 30 30 30 30 30 30 30 30 30 0D
1779567655506,74 34 35 35 38 45 41 46 46 30 37 30 30 39 46 46 46 30 30 30 30 0D
1779567655518,74 34 35 30 38 30 30 30 30 30 37 30 30 30 30 30 30 45 34 30 35 0D
1779567655530,74 34 35 31 38 30 30 30 30 30 30 30 30 30 30 30 30 30 30 30 30 0D
1779567655534,74 34 35 31 38 30 30 30 30 30 30 30 30 30 30 30 30 30 30 30 30 0D
1779567655545,74 34 35 35 38 45 41 46 46 30 37 30 30 39 46 46 46 30 30 30 30 0D
1779567655561,74 34 35 31 38 30 30 30 30 30 30 30 30 30 30 30 30 30 30 30 30 0D
1779567655566,74 34 35 37 38 30 30 30 30 30 32 30 30 36 34 31 34 30 30 30 30 0D
1779567655570,74 34 35 39 38 45 38 41 34 42 45 31 36 35 36 31 41 30 33 42 37 0D
1779567655581,74 34 35 31 38 30 30 30 30 30 30 30 30 30 30 30 30 30 30 30 30 0D
1779567655606,74 34 35 31 38 30 30 30 30 30 30 30 30 30 30 30 30 30 30 30 30 0D
1779567655621,74 34 35 30 38 30 30 30 30 30 37 30 30 30 30 30 30 45 34 30 35 0D
1779567655630,74 34 35 31 38 30 30 30 30 30 30 30 30 30 30 30 30 30 30 30 30 0D
1779567655638,74 34 35 31 38 30 30 30 30 30 30 30 30 30 30 30 30 30 30 30 30 0D
1779567655644,74 34 35 35 38 45 41 46 46 30 37 30 30 39 46 46 46 30 30 30 30 0D
1779567655662,74 34 35 31 38 30 30 30 30 30 30 30 30 30 30 30 30 30 30 30 30 0D
1779567655669,74 34 35 35 38 45 41 46 46 30 37 30 30 39 46 46 46 30 30 30 30 0D
1779567655686,74 34 35 31 38 30 30 30 30 30 30 30 30 30 30 30 30 30 30 30 30 0D
1779567655699,74 34 35 31 38 30 30 30 30 30 30 30 30 30 30 30 30 30 30 30 30 0D
1779567655705,74 34 35 36 38 45 44 46 46 30 37 30 30 30 34 30 30 30 30 30 30 0D
1779567655720,74 34 35 30 38 30 30 30 30 30 37 30 30 30 30 30 30 45 34 30 35 0D
1779567655725,74 34 35 31 38 30 30 30 30 30 30 30 30 30 30 30 30 30 30 30 30 0D
1779567655739,74 34 35 31 38 30 30 30 30 30 30 30 30 30 30 30 30 30 30 30 30 0D
1779567655747,74 34 35 35 38 45 42 46 46 30 37 30 30 39 45 46 46 30 30 30 30 0D
1779567655759,74 34 35 31 38 30 30 30 30 30 30 30 30 30 30 30 30 30 30 30 30 0D
1779567655766,74 34 35 35 38 45 42 46 46 30 37 30 30 39 45 46 46 30 30 30 30 0D
1779567655772,74 34 35 37 38 30 30 30 30 30 32 30 30 36 34 31 34 30 30 30 30 0D
1779567655788,74 34 35 31 38 30 30 30 30 30 30 30 30 30 30 30 30 30 30 30 30 0D
1779567655797,74 34 35 31 38 30 30 30 30 30 30 30 30 30 30 30 30 30 30 30 30 0D
1779567655816,74 34 35 30 38 30 30 30 30 30 37 30 30 30 30 30 30 45 34 30 35 0D
1779567655820,74 34 35 31 38 30 30 30 30 30 30 30 30 30 30 30 30 30 30 30 30 0D
1779567655844,74 34 35 31 38 30 30 30 30 30 30 30 30 30 30 30 30 30 30 30 30 0D
1779567655864,74 34 35 31 38 30 30 30 30 30 30 30 30 30 30 30 30 30 30 30 30 0D
1779567655878,74 34 35 35 38 45 42 46 46 30 37 30 30 39 45 46 46 30 30 30 30 0D
1779567655893,74 34 35 35 38 45 42 46 46 30 37 30 30 39 45 46 46 30 30 30 30 0D
1779567655899,74 34 35 31 38 30 30 30 30 30 30 30 30 30 30 30 30 30 30 30 30 0D
1779567655910,74 34 35 35 38 45 42 46 46 30 37 30 30 39 45 46 46 30 30 30 30 0D
1779567655916,74 34 35 30 38 30 30 30 30 30 37 30 30 30 30 30 30 45 34 30 35 0D
1779567655927,74 34 35 31 38 30 30 30 30 30 30 30 30 30 30 30 30 30 30 30 30 0D
1779567655945,74 34 35 31 38 30 30 30 30 30 30 30 30 30 30 30 30 30 30 30 30 0D
1779567655951,74 34 35 35 38 45 41 46 46 30 37 30 30 39 46 46 46 30 30 30 30 0D
1779567655956,74 34 35 31 38 30 30 30 30 30 30 30 30 30 30 30 30 30 30 30 30 0D
1779567655976,74 34 35 35 38 45 41 46 46 30 37 30 30 39 46 46 46 30 30 30 30 0D
1779567655983,74 34 35 31 38 30 30 30 30 30 30 30 30 30 30 30 30 30 30 30 30 0D
1779567655996,74 34 35 31 38 30 30 30 30 30 30 30 30 30 30 30 30 30 30 30 30 0D
1779567656010,74 34 35 35 38 45 41 46 46 30 37 30 30 39 46 46 46 30 30 30 30 0D
1779567656019,74 34 35 30 38 30 30 30 30 30 37 30 30 30 30 30 30 45 34 30 35 0D
1779567656031,74 34 35 31 38 30 30 30 30 30 30 30 30 30 30 30 30 30 30 30 30 0D
1779567656036,74 34 35 31 38 30 30 30 30 30 30 30 30 30 30 30 30 30 30 30 30 0D
1779567656044,74 34 35 36 38 45 45 46 46 30 37 30 30 30 33 30 30 30 30 30 30 0D
1779567656060,74 34 35 31 38 30 30 30 30 30 30 30 30 30 30 30 30 30 30 30 30 0D
1779567656080,74 34 35 35 38 45 41 46 46 30 37 30 30 39 46 46 46 30 30 30 30 0D
1779567656094,74 34 35 31 38 30 30 30 30 30 30 30 30 30 30 30 30 30 30 30 30 0D
1779567656100,74 34 35 31 38 30 30 30 30 30 30 30 30 30 30 30 30 30 30 30 30 0D
1779567656110,74 34 35 35 38 45 41 46 46 30 37 30 30 39 46 46 46 30 30 30 30 0D
1779567656118,74 34 35 30 38 30 30 30 30 30 37 30 30 30 30 30 30 45 34 30 35 0D
1779567656133,74 34 35 31 38 30 30 30 30 30 30 30 30 30 30 30 30 30 30 30 30 0D
1779567656140,74 34 35 31 38 30 30 30 30 30 30 30 30 30 30 30 30 30 30 30 30 0D
1779567656146,74 34 35 35 38 45 39 46 46 30 37 30 30 39 46 46 46 30 30 30 30 0D
1779567656154,74 34 35 31 38 30 30 30 30 30 30 30 30 30 30 30 30 30 30 30 30 0D
1779567656175,74 34 35 35 38 45 39 46 46 30 37 30 30 39 46 46 46 30 30 30 30 0D
1779567656184,74 34 35 31 38 30 30 30 30 30 30 30 30 30 30 30 30 30 30 30 30 0D
1779567656189,74 34 35 35 38 45 39 46 46 30 37 30 30 39 46 46 46 30 30 30 30 0D
1779567656197,74 34 35 31 38 30 30 30 30 30 30 30 30 30 30 30 30 30 30 30 30 0D
1779567656209,74 34 35 35 38 45 39 46 46 30 37 30 30 39 46 46 46 30 30 30 30 0D
1779567656230,74 34 35 30 38 30 30 30 30 30 37 30 30 30 30 30 30 45 34 30 35 0D
1779567656241,74 34 35 31 38 30 30 30 30 30 30 30 30 30 30 30 30 30 30 30 30 0D
1779567656250,74 34 35 31 38 30 30 30 30 30 30 30 30 30 30 30 30 30 30 30 30 0D
1779567656262,74 34 35 31 38 30 30 30 30 30 30 30 30 30 30 30 30 30 30 30 30 0D
1779567656275,74 34 35 35 38 45 39 46 46 30 37 30 30 39 46 46 46 30 30 30 30 0D
1779567656280,74 34 35 31 38 30 30 30 30 30 30 30 30 30 30 30 30 30 30 30 30 0D
1779567656301,74 34 35 31 38 30 30 30 30 30 30 30 30 30 30 30 30 30 30 30 30 0D
1779567656312,74 34 35 35 38 45 39 46 46 30 37 30 30 39 46 46 46 30 30 30 30 0D
1779567656316,74 34 35 30 38 30 30 30 30 30 37 30 30 30 30 30 30 45 34 30 35 0D
1779567656340,74 34 35 31 38 30 30 30 30 30 30 30 30 30 30 30 30 30 30 30 30 0D
1779567656346,74 34 35 31 38 30 30 30 30 30 30 30 30 30 30 30 30 30 30 30 30 0D
1779567656366,74 34 35 31 38 30 30 30 30 30 30 30 30 30 30 30 30 30 30 30 30 0D
1779567656372,74 34 35 37 38 30 30 30 30 30 31 30 30 36 34 31 34 30 30 30 30 0D
1779567656386,74 34 35 39 38 45 30 41 34 42 45 31 36 35 46 31 41 30 33 42 37 0D
1779567656399,74 34 35 31 38 30 30 30 30 30 30 30 30 30 30 30 30 30 30 30 30 0D
1779567656411,74 34 35 35 38 45 41 46 46 30 37 30 30 39 46 46 46 30 30 30 30 0D
1779567656417,74 34 35 30 38 30 30 30 30 30 37 30 30 30 30 30 30 45 34 30 35 0D
1779567656429,74 34 35 31 38 30 30 30 30 30 30 30 30 30 30 30 30 30 30 30 30 0D
1779567656441,74 34 35 31 38 30 30 30 30 30 30 30 30 30 30 30 30 30 30 30 30 0D
1779567656450,74 34 35 35 38 45 41 46 46 30 37 30 30 39 46 46 46 30 30 30 30 0D
1779567656460,74 34 35 31 38 30 30 30 30 30 30 30 30 30 30 30 30 30 30 30 30 0D
1779567656466,74 34 35 35 38 45 41 46 46 30 37 30 30 39 46 46 46 30 30 30 30 0D
1779567656477,74 34 35 37 38 30 30 30 30 30 30 30 30 36 34 31 34 30 30 30 30 0D
1779567656484,74 34 35 31 38 30 30 30 30 30 30 30 30 30 30 30 30 30 30 30 30 0D
1779567656499,74 34 35 31 38 30 30 30 30 30 30 30 30 30 30 30 30 30 30 30 30 0D
1779567656512,74 34 35 35 38 45 41 46 46 30 37 30 30 39 46 46 46 30 30 30 30 0D
1779567656516,74 34 35 30 38 30 30 30 30 30 37 30 30 30 30 30 30 45 34 30 35 0D
1779567656527,74 34 35 31 38 30 30 30 30 30 30 30 30 30 30 30 30 30 30 30 30 0D
1779567656537,74 34 35 31 38 30 30 30 30 30 30 30 30 30 30 30 30 30 30 30 30 0D
1779567656548,74 34 35 35 38 45 41 46 46 30 37 30 30 39 46 46 46 30 30 30 30 0D
1779567656551,74 34 35 31 38 30 30 30 30 30 30 30 30 30 30 30 30 30 30 30 30 0D
1779567656564,74 34 35 35 38 45 41 46 46 30 37 30 30 39 46 46 46 30 30 30 30 0D
1779567656570,74 34 35 37 38 30 30 30 30 30 31 30 30 36 34 31 34 30 30 30 30 0D
1779567656576,74 34 35 39 38 44 46 41 34 42 45 31 36 36 31 31 41 30 33 42 37 0D
1779567656582,74 34 35 31 38 30 30 30 30 30 30 30 30 30 30 30 30 30 30 30 30 0D
1779567656600,74 34 35 31 38 30 30 30 30 30 30 30 30 30 30 30 30 30 30 30 30 0D
1779567656609,74 34 35 35 38 45 41 46 46 30 37 30 30 39 46 46 46 30 30 30 30 0D
1779567656620,74 34 35 30 38 30 30 30 30 30 37 30 30 30 30 30 30 45 34 30 35 0D
1779567656631,74 34 35 31 38 30 30 30 30 30 30 30 30 30 30 30 30 30 30 30 30 0D
1779567656638,74 34 35 31 38 30 30 30 30 30 30 30 30 30 30 30 30 30 30 30 30 0D
1779567656645,74 34 35 35 38 45 41 46 46 30 37 30 30 39 46 46 46 30 30 30 30 0D
1779567656658,74 34 35 31 38 30 30 30 30 30 30 30 30 30 30 30 30 30 30 30 30 0D
1779567656684,74 34 35 35 38 45 41 46 46 30 37 30 30 39 46 46 46 30 30 30 30 0D
1779567656698,74 34 35 31 38 30 30 30 30 30 30 30 30 30 30 30 30 30 30 30 30 0D
1779567656709,74 34 35 35 38 45 41 46 46 30 37 30 30 39 46 46 46 30 30 30 30 0D
1779567656715,74 34 35 30 38 30 30 30 30 30 37 30 30 30 30 30 30 45 34 30 35 0D
1779567656730,74 34 35 31 38 30 30 30 30 30 30 30 30 30 30 30 30 30 30 30 30 0D
1779567656736,74 34 35 31 38 30 30 30 30 30 30 30 30 30 30 30 30 30 30 30 30 0D
1779567656747,74 34 35 35 38 45 41 46 46 30 37 30 30 39 46 46 46 30 30 30 30 0D
1779567656760,74 34 35 31 38 30 30 30 30 30 30 30 30 30 30 30 30 30 30 30 30 0D
1779567656765,74 34 35 35 38 45 41 46 46 30 37 30 30 39 46 46 46 30 30 30 30 0D
1779567656769,74 34 35 37 38 30 30 30 30 30 31 30 30 36 34 31 34 30 30 30 30 0D
1779567656788,74 34 35 39 38 44 44 41 34 42 45 31 36 36 33 31 41 30 33 42 37 0D
1779567656794,74 34 35 31 38 30 30 30 30 30 30 30 30 30 30 30 30 30 30 30 30 0D
1779567656809,74 34 35 35 38 45 41 46 46 30 37 30 30 39 46 46 46 30 30 30 30 0D
1779567656817,74 34 35 30 38 30 30 30 30 30 37 30 30 30 30 30 30 45 34 30 35 0D
1779567656829,74 34 35 31 38 30 30 30 30 30 30 30 30 30 30 30 30 30 30 30 30 0D
1779567656834,74 34 35 31 38 30 30 30 30 30 30 30 30 30 30 30 30 30 30 30 30 0D
1779567656851,74 34 35 35 38 45 41 46 46 30 37 30 30 39 46 46 46 30 30 30 30 0D
1779567656855,74 34 35 31 38 30 30 30 30 30 30 30 30 30 30 30 30 30 30 30 30 0D
1779567656866,74 34 35 35 38 45 41 46 46 30 37 30 30 39 46 46 46 30 30 30 30 0D
1779567656892,74 34 35 37 38 30 30 30 30 30 30 30 30 36 34 31 34 30 30 30 30 0D
1779567656896,74 34 35 31 38 30 30 30 30 30 30 30 30 30 30 30 30 30 30 30 30 0D
1779567656905,74 34 35 35 38 45 41 46 46 30 37 30 30 39 46 46 46 30 30 30 30 0D
1779567656914,74 34 35 30 38 30 30 30 30 30 37 30 30 30 30 30 30 45 34 30 35 0D
1779567656928,74 34 35 31 38 30 30 30 30 30 30 30 30 30 30 30 30 30 30 30 30 0D
1779567656939,74 34 35 31 38 30 30 30 30 30 30 30 30 30 30 30 30 30 30 30 30 0D
1779567656949,74 34 35 35 38 45 39 46 46 30 37 30 30 39 45 46 46 30 30 30 30 0D
1779567656959,74 34 35 31 38 30 30 30 30 30 30 30 30 30 30 30 30 30 30 30 30 0D
1779567656969,74 34 35 37 38 30 30 30 30 30 30 30 30 36 34 31 34 30 30 30 30 0D
1779567656989,74 34 35 39 38 44 42 41 34 42 45 31 36 36 34 31 41 30 33 42 37 0D
1779567656994,74 34 35 31 38 30 30 30 30 30 30 30 30 30 30 30 30 30 30 30 30 0D
1779567657008,74 34 35 35 38 45 39 46 46 30 37 30 30 39 45 46 46 30 30 30 30 0D
1779567657015,74 34 35 30 38 30 30 30 30 30 37 30 30 30 30 30 30 45 34 30 35 0D
1779567657030,74 34 35 31 38 30 30 30 30 30 30 30 30 30 30 30 30 30 30 30 30 0D
1779567657038,74 34 35 31 38 30 30 30 30 30 30 30 30 30 30 30 30 30 30 30 30 0D
1779567657045,74 34 35 35 38 45 39 46 46 30 37 30 30 39 45 46 46 30 30 30 30 0D
1779567657061,74 34 35 31 38 30 30 30 30 30 30 30 30 30 30 30 30 30 30 30 30 0D
1779567657076,74 34 35 36 38 45 44 46 46 30 37 30 30 30 34 30 30 30 30 30 30 0D
1779567657085,74 34 35 36 38 45 44 46 46 30 37 30 30 30 34 30 30 30 30 30 30 0D
1779567657095,74 34 35 31 38 30 30 30 30 30 30 30 30 30 30 30 30 30 30 30 30 0D
1779567657105,74 34 35 35 38 45 39 46 46 30 37 30 30 39 45 46 46 30 30 30 30 0D
1779567657116,74 34 35 30 38 30 30 30 30 30 37 30 30 30 30 30 30 45 34 30 35 0D
1779567657126,74 34 35 31 38 30 30 30 30 30 30 30 30 30 30 30 30 30 30 30 30 0D
1779567657141,74 34 35 31 38 30 30 30 30 30 30 30 30 30 30 30 30 30 30 30 30 0D
1779567657155,74 34 35 35 38 45 41 46 46 30 37 30 30 39 46 46 46 30 30 30 30 0D
1779567657158,74 34 35 31 38 30 30 30 30 30 30 30 30 30 30 30 30 30 30 30 30 0D
1779567657166,74 34 35 37 38 30 30 30 30 30 31 30 30 36 34 31 34 30 30 30 30 0D
1779567657186,74 34 35 39 38 44 39 41 34 42 45 31 36 36 34 31 41 30 33 42 37 0D
1779567657197,74 34 35 31 38 30 30 30 30 30 30 30 30 30 30 30 30 30 30 30 30 0D
1779567657214,74 34 35 35 38 45 41 46 46 30 37 30 30 39 46 46 46 30 30 30 30 0D
1779567657220,74 34 35 30 38 30 30 30 30 30 37 30 30 30 30 30 30 45 34 30 35 0D
1779567657226,74 34 35 31 38 30 30 30 30 30 30 30 30 30 30 30 30 30 30 30 30 0D
1779567657238,74 34 35 31 38 30 30 30 30 30 30 30 30 30 30 30 30 30 30 30 30 0D
1779567657250,74 34 35 35 38 45 41 46 46 30 37 30 30 39 46 46 46 30 30 30 30 0D
1779567657265,74 34 35 31 38 30 30 30 30 30 30 30 30 30 30 30 30 30 30 30 30 0D
1779567657274,74 34 35 35 38 45 41 46 46 30 37 30 30 39 46 46 46 30 30 30 30 0D
1779567657281,74 34 35 31 38 30 30 30 30 30 30 30 30 30 30 30 30 30 30 30 30 0D
1779567657291,74 34 35 36 38 45 44 46 46 30 38 30 30 30 34 30 30 30 30 30 30 0D
1779567657297,74 34 35 31 38 30 30 30 30 30 30 30 30 30 30 30 30 30 30 30 30 0D
1779567657306,74 34 35 35 38 45 41 46 46 30 37 30 30 39 46 46 46 30 30 30 30 0D
1779567657317,74 34 35 30 38 30 30 30 30 30 37 30 30 30 30 30 30 45 34 30 35 0D
1779567657328,74 34 35 31 38 30 30 30 30 30 30 30 30 30 30 30 30 30 30 30 30 0D
1779567657338,74 34 35 31 38 30 30 30 30 30 30 30 30 30 30 30 30 30 30 30 30 0D
1779567657345,74 34 35 35 38 45 41 46 46 30 36 30 30 39 46 46 46 30 30 30 30 0D
1779567657360,74 34 35 31 38 30 30 30 30 30 30 30 30 30 30 30 30 30 30 30 30 0D
1779567657370,74 34 35 36 38 45 44 46 46 30 38 30 30 30 34 30 30 30 30 30 30 0D
1779567657375,74 34 35 37 38 30 30 30 30 30 33 30 30 36 34 31 34 30 30 30 30 0D
1779567657378,74 34 35 31 38 30 30 30 30 30 30 30 30 30 30 30 30 30 30 30 30 0D
1779567657399,74 34 35 31 38 30 30 30 30 30 30 30 30 30 30 30 30 30 30 30 30 0D
1779567657412,74 34 35 35 38 45 41 46 46 30 36 30 30 39 46 46 46 30 30 30 30 0D
1779567657420,74 34 35 30 38 30 30 30 30 30 37 30 30 30 30 30 30 45 34 30 35 0D
1779567657430,74 34 35 31 38 30 30 30 30 30 30 30 30 30 30 30 30 30 30 30 30 0D
1779567657439,74 34 35 31 38 30 30 30 30 30 30 30 30 30 30 30 30 30 30 30 30 0D
1779567657453,74 34 35 35 38 45 41 46 46 30 36 30 30 39 46 46 46 30 30 30 30 0D
1779567657459,74 34 35 31 38 30 30 30 30 30 30 30 30 30 30 30 30 30 30 30 30 0D
1779567657468,74 34 35 37 38 30 30 30 30 30 32 30 30 36 34 31 34 30 30 30 30 0D
1779567657484,74 34 35 39 38 44 37 41 34 42 45 31 36 36 35 31 41 30 33 42 37 0D
1779567657497,74 34 35 31 38 30 30 30 30 30 30 30 30 30 30 30 30 30 30 30 30 0D
1779567657513,74 34 35 35 38 45 41 46 46 30 36 30 30 39 46 46 46 30 30 30 30 0D
1779567657519,74 34 35 30 38 30 30 30 30 30 37 30 30 30 30 30 30 45 34 30 35 0D
1779567657527,74 34 35 31 38 30 30 30 30 30 30 30 30 30 30 30 30 30 30 30 30 0D
1779567657551,74 34 35 31 38 30 30 30 30 30 30 30 30 30 30 30 30 30 30 30 30 0D
1779567657557,74 34 35 31 38 30 30 30 30 30 30 30 30 30 30 30 30 30 30 30 30 0D
1779567657566,74 34 35 35 38 45 41 46 46 30 37 30 30 39 45 46 46 30 30 30 30 0D
1779567657573,74 34 35 37 38 30 30 30 30 30 31 30 30 36 34 31 34 30 30 30 30 0D
1779567657581,74 34 35 31 38 30 30 30 30 30 30 30 30 30 30 30 30 30 30 30 30 0D
1779567657587,74 34 35 35 38 45 41 46 46 30 37 30 30 39 45 46 46 30 30 30 30 0D
1779567657601,74 34 35 31 38 30 30 30 30 30 30 30 30 30 30 30 30 30 30 30 30 0D
1779567657614,74 34 35 35 38 45 41 46 46 30 37 30 30 39 45 46 46 30 30 30 30 0D
1779567657617,74 34 35 30 38 30 30 30 30 30 37 30 30 30 30 30 30 45 34 30 35 0D
1779567657622,74 34 35 31 38 30 30 30 30 30 30 30 30 30 30 30 30 30 30 30 30 0D
1779567657639,74 34 35 31 38 30 30 30 30 30 30 30 30 30 30 30 30 30 30 30 30 0D
1779567657660,74 34 35 31 38 30 30 30 30 30 30 30 30 30 30 30 30 30 30 30 30 0D
1779567657670,74 34 35 37 38 30 30 30 30 30 30 30 30 36 34 31 34 30 30 30 30 0D
1779567657673,74 34 35 39 38 44 37 41 34 42 45 31 36 36 37 31 41 30 33 42 37 0D
1779567657682,74 34 35 31 38 30 30 30 30 30 30 30 30 30 30 30 30 30 30 30 30 0D
1779567657687,74 34 35 35 38 45 41 46 46 30 37 30 30 39 45 46 46 30 30 30 30 0D
1779567657701,74 34 35 31 38 30 30 30 30 30 30 30 30 30 30 30 30 30 30 30 30 0D
1779567657708,74 34 35 35 38 45 41 46 46 30 37 30 30 39 45 46 46 30 30 30 30 0D
1779567657721,74 34 35 30 38 30 30 30 30 30 37 30 30 30 30 30 30 45 34 30 35 0D
1779567657739,74 34 35 31 38 30 30 30 30 30 30 30 30 30 30 30 30 30 30 30 30 0D
1779567657745,74 34 35 35 38 45 41 46 46 30 37 30 30 39 46 46 46 30 30 30 30 0D
1779567657759,74 34 35 31 38 30 30 30 30 30 30 30 30 30 30 30 30 30 30 30 30 0D
1779567657768,74 34 35 37 38 30 30 30 30 30 30 30 30 36 34 31 34 30 30 30 30 0D
1779567657772,74 34 35 39 38 44 37 41 34 42 45 31 36 36 39 31 41 30 33 42 37 0D
1779567657779,74 34 35 31 38 30 30 30 30 30 30 30 30 30 30 30 30 30 30 30 30 0D
1779567657796,74 34 35 31 38 30 30 30 30 30 30 30 30 30 30 30 30 30 30 30 30 0D
1779567657804,74 34 35 35 38 45 41 46 46 30 37 30 30 39 46 46 46 30 30 30 30 0D
1779567657827,74 34 35 30 38 30 30 30 30 30 37 30 30 30 30 30 30 45 34 30 35 0D
1779567657838,74 34 35 31 38 30 30 30 30 30 30 30 30 30 30 30 30 30 30 30 30 0D
1779567657841,74 34 35 35 38 45 41 46 46 30 37 30 30 39 46 46 46 30 30 30 30 0D
1779567657859,74 34 35 31 38 30 30 30 30 30 30 30 30 30 30 30 30 30 30 30 30 0D
1779567657864,74 34 35 37 38 30 30 30 30 30 30 30 30 36 34 31 34 30 30 30 30 0D
1779567657873,74 34 35 39 38 44 37 41 34 42 45 31 36 36 41 31 41 30 33 42 37 0D
1779567657877,74 34 35 31 38 30 30 30 30 30 30 30 30 30 30 30 30 30 30 30 30 0D
1779567657904,74 34 35 31 38 30 30 30 30 30 30 30 30 30 30 30 30 30 30 30 30 0D
1779567657911,74 34 35 35 38 45 41 46 46 30 37 30 30 39 46 46 46 30 30 30 30 0D
1779567657921,74 34 35 30 38 30 30 30 30 30 37 30 30 30 30 30 30 45 34 30 35 0D
1779567657930,74 34 35 31 38 30 30 30 30 30 30 30 30 30 30 30 30 30 30 30 30 0D
1779567657942,74 34 35 31 38 30 30 30 30 30 30 30 30 30 30 30 30 30 30 30 30 0D
1779567657960,74 34 35 31 38 30 30 30 30 30 30 30 30 30 30 30 30 30 30 30 30 0D
1779567657971,74 34 35 35 38 45 41 46 46 30 36 30 30 39 45 46 46 30 30 30 30 0D
1779567657980,74 34 35 39 38 44 36 41 34 42 45 31 36 36 44 31 41 30 33 42 37 0D
1779567658006,74 34 35 31 38 30 30 30 30 30 30 30 30 30 30 30 30 30 30 30 30 0D
1779567658012,74 34 35 35 38 45 41 46 46 30 36 30 30 39 45 46 46 30 30 30 30 0D
1779567658020,74 34 35 30 38 30 30 30 30 30 37 30 30 30 30 30 30 45 34 30 35 0D
1779567658022,74 34 35 31 38 30 30 30 30 30 30 30 30 30 30 30 30 30 30 30 30 0D
1779567658038,74 34 35 31 38 30 30 30 30 30 30 30 30 30 30 30 30 30 30 30 30 0D
1779567658044,74 34 35 35 38 45 41 46 46 30 36 30 30 39 45 46 46 30 30 30 30 0D
1779567658060,74 34 35 31 38 30 30 30 30 30 30 30 30 30 30 30 30 30 30 30 30 0D
1779567658066,74 34 35 35 38 45 41 46 46 30 36 30 30 39 45 46 46 30 30 30 30 0D
1779567658071,74 34 35 37 38 30 30 30 30 30 32 30 30 36 34 31 34 30 30 30 30 0D
1779567658078,74 34 35 31 38 30 30 30 30 30 30 30 30 30 30 30 30 30 30 30 30 0D
1779567658087,74 34 35 35 38 45 41 46 46 30 36 30 30 39 45 46 46 30 30 30 30 0D
1779567658104,74 34 35 31 38 30 30 30 30 30 30 30 30 30 30 30 30 30 30 30 30 0D
1779567658119,74 34 35 30 38 30 30 30 30 30 37 30 30 30 30 30 30 45 34 30 35 0D
1779567658124,74 34 35 31 38 30 30 30 30 30 30 30 30 30 30 30 30 30 30 30 30 0D
1779567658137,74 34 35 31 38 30 30 30 30 30 30 30 30 30 30 30 30 30 30 30 30 0D
1779567658143,74 34 35 35 38 45 41 46 46 30 38 30 30 41 30 46 46 30 30 30 30 0D
1779567658158,74 34 35 31 38 30 30 30 30 30 30 30 30 30 30 30 30 30 30 30 30 0D
1779567658164,74 34 35 35 38 45 41 46 46 30 38 30 30 41 30 46 46 30 30 30 30 0D
1779567658173,74 34 35 37 38 30 30 30 30 30 31 30 30 36 34 31 34 30 30 30 30 0D
1779567658177,74 34 35 31 38 30 30 30 30 30 30 30 30 30 30 30 30 30 30 30 30 0D
1779567658187,74 34 35 35 38 45 41 46 46 30 38 30 30 41 30 46 46 30 30 30 30 0D
1779567658202,74 34 35 31 38 30 30 30 30 30 30 30 30 30 30 30 30 30 30 30 30 0D
1779567658208,74 34 35 35 38 45 41 46 46 30 38 30 30 41 30 46 46 30 30 30 30 0D
1779567658220,74 34 35 30 38 30 30 30 30 30 37 30 30 30 30 30 30 45 34 30 35 0D
1779567658228,74 34 35 31 38 30 30 30 30 30 30 30 30 30 30 30 30 30 30 30 30 0D
1779567658240,74 34 35 31 38 30 30 30 30 30 30 30 30 30 30 30 30 30 30 30 30 0D
1779567658258,74 34 35 31 38 30 30 30 30 30 30 30 30 30 30 30 30 30 30 30 30 0D
1779567658266,74 34 35 35 38 45 41 46 46 30 38 30 30 41 30 46 46 30 30 30 30 0D
1779567658273,74 34 35 37 38 30 30 30 30 30 31 30 30 36 34 31 34 30 30 30 30 0D
1779567658278,74 34 35 31 38 30 30 30 30 30 30 30 30 30 30 30 30 30 30 30 30 0D
1779567658280,74 34 35 35 38 45 41 46 46 30 38 30 30 41 30 46 46 30 30 30 30 0D
1779567658297,74 34 35 31 38 30 30 30 30 30 30 30 30 30 30 30 30 30 30 30 30 0D
1779567658305,74 34 35 35 38 45 41 46 46 30 38 30 30 41 30 46 46 30 30 30 30 0D
1779567658319,74 34 35 30 38 30 30 30 30 30 37 30 30 30 30 30 30 45 34 30 35 0D
1779567658327,74 34 35 31 38 30 30 30 30 30 30 30 30 30 30 30 30 30 30 30 30 0D
1779567658339,74 34 35 31 38 30 30 30 30 30 30 30 30 30 30 30 30 30 30 30 30 0D
1779567658344,74 34 35 36 38 45 45 46 46 30 37 30 30 30 33 30 30 30 30 30 30 0D
1779567658361,74 34 35 31 38 30 30 30 30 30 30 30 30 30 30 30 30 30 30 30 30 0D
1779567658370,74 34 35 35 38 45 41 46 46 30 37 30 30 39 46 46 46 30 30 30 30 0D
1779567658377,74 34 35 37 38 30 30 30 30 30 30 30 30 36 34 31 34 30 30 30 30 0D
1779567658381,74 34 35 35 38 45 41 46 46 30 37 30 30 39 46 46 46 30 30 30 30 0D
1779567658396,74 34 35 31 38 30 30 30 30 30 30 30 30 30 30 30 30 30 30 30 30 0D
1779567658401,74 34 35 35 38 45 41 46 46 30 37 30 30 39 46 46 46 30 30 30 30 0D
1779567658423,74 34 35 30 38 30 30 30 30 30 37 30 30 30 30 30 30 45 34 30 35 0D
1779567658432,74 34 35 31 38 30 30 30 30 30 30 30 30 30 30 30 30 30 30 30 30 0D
1779567658440,74 34 35 31 38 30 30 30 30 30 30 30 30 30 30 30 30 30 30 30 30 0D
1779567658458,74 34 35 31 38 30 30 30 30 30 30 30 30 30 30 30 30 30 30 30 30 0D
1779567658464,74 34 35 35 38 45 41 46 46 30 37 30 30 39 46 46 46 30 30 30 30 0D
1779567658475,74 34 35 37 38 30 30 30 30 30 30 30 30 36 34 31 34 30 30 30 30 0D
1779567658480,74 34 35 31 38 30 30 30 30 30 30 30 30 30 30 30 30 30 30 30 30 0D
1779567658484,74 34 35 35 38 45 41 46 46 30 37 30 30 39 46 46 46 30 30 30 30 0D
1779567658496,74 34 35 31 38 30 30 30 30 30 30 30 30 30 30 30 30 30 30 30 30 0D
1779567658501,74 34 35 35 38 45 41 46 46 30 37 30 30 39 46 46 46 30 30 30 30 0D
1779567658520,74 34 35 30 38 30 30 30 30 30 37 30 30 30 30 30 30 45 34 30 35 0D
1779567658525,74 34 35 31 38 30 30 30 30 30 30 30 30 30 30 30 30 30 30 30 30 0D
1779567658537,74 34 35 31 38 30 30 30 30 30 30 30 30 30 30 30 30 30 30 30 30 0D
1779567658559,74 34 35 31 38 30 30 30 30 30 30 30 30 30 30 30 30 30 30 30 30 0D
1779567658567,74 34 35 35 38 45 41 46 46 30 37 30 30 39 46 46 46 30 30 30 30 0D
1779567658577,74 34 35 31 38 30 30 30 30 30 30 30 30 30 30 30 30 30 30 30 30 0D
1779567658583,74 34 35 35 38 45 41 46 46 30 37 30 30 39 46 46 46 30 30 30 30 0D
1779567658598,74 34 35 31 38 30 30 30 30 30 30 30 30 30 30 30 30 30 30 30 30 0D
1779567658602,74 34 35 35 38 45 41 46 46 30 37 30 30 39 46 46 46 30 30 30 30 0D
1779567658617,74 34 35 30 38 30 30 30 30 30 37 30 30 30 30 30 30 45 34 30 35 0D
1779567658622,74 34 35 31 38 30 30 30 30 30 30 30 30 30 30 30 30 30 30 30 30 0D
1779567658637,74 34 35 31 38 30 30 30 30 30 30 30 30 30 30 30 30 30 30 30 30 0D
1779567658641,74 34 35 35 38 45 41 46 46 30 37 30 30 39 46 46 46 30 30 30 30 0D
1779567658659,74 34 35 31 38 30 30 30 30 30 30 30 30 30 30 30 30 30 30 30 30 0D
1779567658668,74 34 35 35 38 45 41 46 46 30 37 30 30 39 46 46 46 30 30 30 30 0D
1779567658673,74 34 35 37 38 30 30 30 30 30 31 30 30 36 34 31 34 30 30 30 30 0D
1779567658686,74 34 35 31 38 30 30 30 30 30 30 30 30 30 30 30 30 30 30 30 30 0D
1779567658706,74 34 35 31 38 30 30 30 30 30 30 30 30 30 30 30 30 30 30 30 30 0D
1779567658718,74 34 35 30 38 30 30 30 30 30 37 30 30 30 30 30 30 45 34 30 35 0D
1779567658724,74 34 35 34 38 30 31 30 30 30 30 30 30 30 30 30 30 30 30 30 30 0D 74 34 35 35 38 45 41 46 46 30 37 30 30 39 46 46 46 30 30 30 30 0D
1779567658742,74 34 35 31 38 30 30 30 30 30 30 30 30 30 30 30 30 30 30 30 30 0D
1779567658748,74 34 35 36 38 45 44 46 46 30 38 30 30 30 34 30 30 30 30 30 30 0D
1779567658756,74 34 35 31 38 30 30 30 30 30 30 30 30 30 30 30 30 30 30 30 30 0D
1779567658762,74 34 35 35 38 45 41 46 46 30 37 30 30 39 46 46 46 30 30 30 30 0D
1779567658769,74 34 35 37 38 30 30 30 30 30 31 30 30 36 34 31 34 30 30 30 30 0D
1779567658776,74 34 35 31 38 30 30 30 30 30 30 30 30 30 30 30 30 30 30 30 30 0D
1779567658783,74 34 35 35 38 45 41 46 46 30 37 30 30 39 46 46 46 30 30 30 30 0D
1779567658801,74 34 35 31 38 30 30 30 30 30 30 30 30 30 30 30 30 30 30 30 30 0D
1779567658806,74 34 35 35 38 45 41 46 46 30 37 30 30 39 46 46 46 30 30 30 30 0D
1779567658816,74 34 35 30 38 30 30 30 30 30 37 30 30 30 30 30 30 45 34 30 35 0D
1779567658826,74 34 35 31 38 30 30 30 30 30 30 30 30 30 30 30 30 30 30 30 30 0D
1779567658839,74 34 35 31 38 30 30 30 30 30 30 30 30 30 30 30 30 30 30 30 30 0D
1779567658856,74 34 35 31 38 30 30 30 30 30 30 30 30 30 30 30 30 30 30 30 30 0D
1779567658866,74 34 35 35 38 45 41 46 46 30 37 30 30 39 46 46 46 30 30 30 30 0D
1779567658870,74 34 35 37 38 30 30 30 30 30 30 30 30 36 34 31 34 30 30 30 30 0D
1779567658877,74 34 35 31 38 30 30 30 30 30 30 30 30 30 30 30 30 30 30 30 30 0D
1779567658881,74 34 35 35 38 45 41 46 46 30 37 30 30 39 46 46 46 30 30 30 30 0D
1779567658898,74 34 35 31 38 30 30 30 30 30 30 30 30 30 30 30 30 30 30 30 30 0D
1779567658911,74 34 35 35 38 45 41 46 46 30 37 30 30 39 46 46 46 30 30 30 30 0D
1779567658919,74 34 35 30 38 30 30 30 30 30 37 30 30 30 30 30 30 45 34 30 35 0D
1779567658929,74 34 35 32 38 38 43 30 30 30 30 30 30 30 30 30 30 30 30 30 30 0D
1779567658941,74 34 35 31 38 30 30 30 30 30 30 30 30 30 30 30 30 30 30 30 30 0D
1779567658944,74 34 35 35 38 45 39 46 46 30 38 30 30 39 46 46 46 30 30 30 30 0D
1779567658958,74 34 35 31 38 30 30 30 30 30 30 30 30 30 30 30 30 30 30 30 30 0D
1779567658968,74 34 35 35 38 45 39 46 46 30 38 30 30 39 46 46 46 30 30 30 30 0D
1779567658977,74 34 35 39 38 44 34 41 34 42 45 31 36 37 45 31 41 30 33 42 37 0D
1779567658979,74 34 35 35 38 45 39 46 46 30 38 30 30 39 46 46 46 30 30 30 30 0D
1779567658998,74 34 35 31 38 30 30 30 30 30 30 30 30 30 30 30 30 30 30 30 30 0D
1779567659006,74 34 35 35 38 45 39 46 46 30 38 30 30 39 46 46 46 30 30 30 30 0D
1779567659022,74 34 35 30 38 30 30 30 30 30 37 30 30 30 30 30 30 45 34 30 35 0D
1779567659033,30 0D 74 34 35 35 38 45 39 46 46 30 38 30 30 39 46 46 46 30 30 30 30 0D 74 34 35 36 38 45 44 46 46 30 37 30 30 30 34 30 30 30 30 30 30 0D 74 34 35 37 38 30 30 30 30 30 31 30 30 36 34 31 34 30
1779567659040,74 34 35 31 38 30 30 30 30 30 30 30 30 30 30 30 30 30 30 30 30 0D
1779567659052,74 34 35 35 38 45 39 46 46 30 38 30 30 39 46 46 46 30 30 30 30 0D
1779567659059,74 34 35 31 38 30 30 30 30 30 30 30 30 30 30 30 30 30 30 30 30 0D
1779567659066,74 34 35 35 38 45 39 46 46 30 38 30 30 39 46 46 46 30 30 30 30 0D
1779567659071,74 34 35 37 38 30 30 30 30 30 30 30 30 36 34 31 34 30 30 30 30 0D
1779567659076,74 34 35 39 38 44 33 41 34 42 45 31 36 38 31 31 41 30 33 42 37 0D
1779567659079,74 34 35 31 38 30 30 30 30 30 30 30 30 30 30 30 30 30 30 30 30 0D
1779567659082,74 34 35 35 38 45 39 46 46 30 38 30 30 39 46 46 46 30 30 30 30 0D
1779567659105,74 34 35 31 38 30 30 30 30 30 30 30 30 30 30 30 30 30 30 30 30 0D
1779567659111,74 34 35 35 38 45 39 46 46 30 38 30 30 39 46 46 46 30 30 30 30 0D
1779567659120,74 34 35 30 38 30 30 30 30 30 37 30 30 30 30 30 30 45 34 30 35 0D
1779567659127,74 34 35 37 38 30 30 30 30 30 30 30 30 36 34 31 34 30 30 30 30 0D
1779567659137,74 34 35 31 38 30 30 30 30 30 30 30 30 30 30 30 30 30 30 30 30 0D
1779567659143,74 34 35 35 38 45 41 46 46 30 37 30 30 41 30 46 46 30 30 30 30 0D
1779567659158,74 34 35 31 38 30 30 30 30 30 30 30 30 30 30 30 30 30 30 30 30 0D
1779567659167,74 34 35 35 38 45 41 46 46 30 37 30 30 41 30 46 46 30 30 30 30 0D
1779567659173,74 34 35 37 38 30 30 30 30 30 31 30 30 36 34 31 34 30 30 30 30 0D
1779567659182,74 34 35 31 38 30 30 30 30 30 30 30 30 30 30 30 30 30 30 30 30 0D
1779567659189,74 34 35 35 38 45 41 46 46 30 37 30 30 41 30 46 46 30 30 30 30 0D
1779567659203,74 34 35 31 38 30 30 30 30 30 30 30 30 30 30 30 30 30 30 30 30 0D
1779567659206,74 34 35 36 38 45 44 46 46 30 37 30 30 30 34 30 30 30 30 30 30 0D
1779567659221,74 34 35 30 38 30 30 30 30 30 37 30 30 30 30 30 30 45 34 30 35 0D
1779567659228,74 34 35 32 38 38 43 30 30 30 30 30 30 30 30 30 30 30 30 30 30 0D 74 34 35 33 38 39 45 30 30 30 30 30 30 30 30 30 30 30 30 30 30 0D 74 34 35 34 38 30 31 30 30 30 30 30 30 30 30 30 30 30 30 30
1779567659238,74 34 35 31 38 30 30 30 30 30 30 30 30 30 30 30 30 30 30 30 30 0D
1779567659243,74 34 35 35 38 45 41 46 46 30 37 30 30 41 30 46 46 30 30 30 30 0D
1779567659256,74 34 35 31 38 30 30 30 30 30 30 30 30 30 30 30 30 30 30 30 30 0D
1779567659267,74 34 35 35 38 45 41 46 46 30 37 30 30 41 30 46 46 30 30 30 30 0D
1779567659272,74 34 35 37 38 30 30 30 30 30 31 30 30 36 34 31 34 30 30 30 30 0D
1779567659276,74 34 35 31 38 30 30 30 30 30 30 30 30 30 30 30 30 30 30 30 30 0D
1779567659282,74 34 35 35 38 45 41 46 46 30 37 30 30 41 30 46 46 30 30 30 30 0D
1779567659299,74 34 35 31 38 30 30 30 30 30 30 30 30 30 30 30 30 30 30 30 30 0D
1779567659303,74 34 35 35 38 45 41 46 46 30 37 30 30 41 30 46 46 30 30 30 30 0D
1779567659321,74 34 35 30 38 30 30 30 30 30 37 30 30 30 30 30 30 45 34 30 35 0D
1779567659333,74 34 35 32 38 38 43 30 30 30 30 30 30 30 30 30 30 30 30 30 30 0D 74 34 35 33 38 39 45 30 30 30 30 30 30 30 30 30 30 30 30 30 30 0D 74 34 35 34 38 30 31 30 30 30 30 30 30 30 30 30 30 30 30 30
1779567659335,74 34 35 31 38 30 30 30 30 30 30 30 30 30 30 30 30 30 30 30 30 0D
1779567659340,74 34 35 35 38 45 39 46 46 30 37 30 30 39 46 46 46 30 30 30 30 0D
1779567659364,74 34 35 31 38 30 30 30 30 30 30 30 30 30 30 30 30 30 30 30 30 0D
1779567659373,74 34 35 35 38 45 39 46 46 30 37 30 30 39 46 46 46 30 30 30 30 0D
1779567659384,74 34 35 31 38 30 30 30 30 30 30 30 30 30 30 30 30 30 30 30 30 0D
1779567659390,74 34 35 35 38 45 39 46 46 30 37 30 30 39 46 46 46 30 30 30 30 0D
1779567659401,74 34 35 31 38 30 30 30 30 30 30 30 30 30 30 30 30 30 30 30 30 0D
1779567659407,74 34 35 35 38 45 39 46 46 30 37 30 30 39 46 46 46 30 30 30 30 0D
1779567659422,74 34 35 30 38 30 30 30 30 30 37 30 30 30 30 30 30 45 34 30 35 0D
1779567659428,74 34 35 31 38 30 30 30 30 30 30 30 30 30 30 30 30 30 30 30 30 0D
1779567659440,74 34 35 31 38 30 30 30 30 30 30 30 30 30 30 30 30 30 30 30 30 0D
1779567659445,74 34 35 35 38 45 39 46 46 30 37 30 30 39 46 46 46 30 30 30 30 0D
1779567659468,74 34 35 31 38 30 30 30 30 30 30 30 30 30 30 30 30 30 30 30 30 0D
1779567659474,74 34 35 35 38 45 39 46 46 30 37 30 30 39 46 46 46 30 30 30 30 0D
1779567659481,74 34 35 31 38 30 30 30 30 30 30 30 30 30 30 30 30 30 30 30 30 0D
1779567659488,74 34 35 35 38 45 39 46 46 30 37 30 30 39 46 46 46 30 30 30 30 0D
1779567659499,74 34 35 31 38 30 30 30 30 30 30 30 30 30 30 30 30 30 30 30 30 0D
1779567659506,74 34 35 35 38 45 39 46 46 30 37 30 30 39 46 46 46 30 30 30 30 0D
1779567659519,74 34 35 30 38 30 30 30 30 30 37 30 30 30 30 30 30 45 34 30 35 0D
1779567659527,74 34 35 31 38 30 30 30 30 30 30 30 30 30 30 30 30 30 30 30 30 0D
1779567659541,74 34 35 31 38 30 30 30 30 30 30 30 30 30 30 30 30 30 30 30 30 0D
1779567659549,74 34 35 35 38 45 41 46 46 30 37 30 30 39 46 46 46 30 30 30 30 0D
1779567659565,74 34 35 31 38 30 30 30 30 30 30 30 30 30 30 30 30 30 30 30 30 0D
1779567659575,74 34 35 35 38 45 41 46 46 30 37 30 30 39 46 46 46 30 30 30 30 0D
1779567659585,74 34 35 31 38 30 30 30 30 30 30 30 30 30 30 30 30 30 30 30 30 0D
1779567659603,74 34 35 31 38 30 30 30 30 30 30 30 30 30 30 30 30 30 30 30 30 0D
1779567659620,74 34 35 30 38 30 30 30 30 30 37 30 30 30 30 30 30 45 34 30 35 0D
1779567659629,74 34 35 31 38 30 30 30 30 30 30 30 30 30 30 30 30 30 30 30 30 0D
1779567659637,74 34 35 31 38 30 30 30 30 30 30 30 30 30 30 30 30 30 30 30 30 0D
1779567659649,74 34 35 35 38 45 41 46 46 30 37 30 30 39 46 46 46 30 30 30 30 0D
1779567659663,74 34 35 31 38 30 30 30 30 30 30 30 30 30 30 30 30 30 30 30 30 0D
1779567659669,74 34 35 35 38 45 41 46 46 30 37 30 30 39 46 46 46 30 30 30 30 0D
1779567659671,74 34 35 37 38 30 30 30 30 30 30 30 30 36 34 31 34 30 30 30 30 0D
1779567659681,74 34 35 31 38 30 30 30 30 30 30 30 30 30 30 30 30 30 30 30 30 0D
1779567659705,74 34 35 31 38 30 30 30 30 30 30 30 30 30 30 30 30 30 30 30 30 0D
1779567659718,74 34 35 30 38 30 30 30 30 30 37 30 30 30 30 30 30 45 34 30 35 0D
1779567659722,74 34 35 31 38 30 30 30 30 30 30 30 30 30 30 30 30 30 30 30 30 0D
1779567659738,74 34 35 31 38 30 30 30 30 30 30 30 30 30 30 30 30 30 30 30 30 0D
1779567659747,74 34 35 35 38 45 41 46 46 30 36 30 30 39 46 46 46 30 30 30 30 0D
1779567659764,74 34 35 31 38 30 30 30 30 30 30 30 30 30 30 30 30 30 30 30 30 0D
1779567659769,74 34 35 35 38 45 41 46 46 30 36 30 30 39 46 46 46 30 30 30 30 0D
1779567659779,74 34 35 37 38 30 30 30 30 30 30 30 30 36 34 31 34 46 46 46 46 0D
1779567659785,74 34 35 35 38 45 41 46 46 30 36 30 30 39 46 46 46 30 30 30 30 0D
1779567659798,74 34 35 31 38 30 30 30 30 30 30 30 30 30 30 30 30 30 30 30 30 0D
1779567659804,74 34 35 35 38 45 41 46 46 30 36 30 30 39 46 46 46 30 30 30 30 0D
1779567659819,74 34 35 30 38 30 30 30 30 30 37 30 30 30 30 30 30 45 34 30 35 0D
1779567659828,74 34 35 31 38 30 30 30 30 30 30 30 30 30 30 30 30 30 30 30 30 0D
1779567659837,74 34 35 31 38 30 30 30 30 30 30 30 30 30 30 30 30 30 30 30 30 0D
1779567659846,74 34 35 35 38 45 41 46 46 30 36 30 30 39 46 46 46 30 30 30 30 0D
1779567659861,74 34 35 31 38 30 30 30 30 30 30 30 30 30 30 30 30 30 30 30 30 0D
1779567659864,74 34 35 35 38 45 41 46 46 30 36 30 30 39 46 46 46 30 30 30 30 0D
1779567659871,74 34 35 37 38 30 30 30 30 30 30 30 30 36 34 31 34 30 30 30 30 0D
1779567659880,74 34 35 31 38 30 30 30 30 30 30 30 30 30 30 30 30 30 30 30 30 0D
1779567659900,74 34 35 31 38 30 30 30 30 30 30 30 30 30 30 30 30 30 30 30 30 0D
1779567659904,74 34 35 35 38 45 41 46 46 30 36 30 30 39 46 46 46 30 30 30 30 0D
1779567659919,74 34 35 30 38 30 30 30 30 30 37 30 30 30 30 30 30 45 34 30 35 0D
1779567659922,74 34 35 31 38 30 30 30 30 30 30 30 30 30 30 30 30 30 30 30 30 0D
1779567659939,74 34 35 31 38 30 30 30 30 30 30 30 30 30 30 30 30 30 30 30 30 0D
1779567659946,74 34 35 35 38 45 41 46 46 30 37 30 30 39 46 46 46 30 30 30 30 0D
1779567659960,74 34 35 31 38 30 30 30 30 30 30 30 30 30 30 30 30 30 30 30 30 0D
1779567659967,74 34 35 35 38 45 41 46 46 30 37 30 30 39 46 46 46 30 30 30 30 0D
1779567659972,74 34 35 37 38 30 30 30 30 30 30 30 30 36 34 31 34 46 46 46 46 0D
1779567659978,74 34 35 31 38 30 30 30 30 30 30 30 30 30 30 30 30 30 30 30 30 0D
1779567659984,74 34 35 35 38 45 41 46 46 30 37 30 30 39 46 46 46 30 30 30 30 0D
1779567659998,74 34 35 31 38 30 30 30 30 30 30 30 30 30 30 30 30 30 30 30 30 0D
1779567660004,74 34 35 35 38 45 41 46 46 30 37 30 30 39 46 46 46 30 30 30 30 0D
1779567660020,74 34 35 30 38 30 30 30 30 30 37 30 30 30 30 30 30 45 34 30 35 0D
1779567660027,74 34 35 31 38 30 30 30 30 30 30 30 30 30 30 30 30 30 30 30 30 0D
1779567660038,74 34 35 31 38 30 30 30 30 30 30 30 30 30 30 30 30 30 30 30 30 0D
1779567660043,74 34 35 35 38 45 41 46 46 30 37 30 30 39 46 46 46 30 30 30 30 0D
1779567660057,74 34 35 31 38 30 30 30 30 30 30 30 30 30 30 30 30 30 30 30 30 0D
1779567660064,74 34 35 35 38 45 41 46 46 30 37 30 30 39 46 46 46 30 30 30 30 0D
1779567660072,74 34 35 37 38 30 30 30 30 30 30 30 30 36 34 31 34 30 30 30 30 0D
1779567660119,74 34 35 31 38 30 30 30 30 30 30 30 30 30 30 30 30 30 30 30 30 0D
1779567660131,74 34 35 30 38 30 30 30 30 30 37 30 30 30 30 30 30 45 34 30 35 0D
1779567660138,74 34 35 31 38 30 30 30 30 30 30 30 30 30 30 30 30 30 30 30 30 0D
1779567660156,74 34 35 31 38 30 30 30 30 30 30 30 30 30 30 30 30 30 30 30 30 0D
1779567660165,74 34 35 35 38 45 41 46 46 30 37 30 30 39 46 46 46 30 30 30 30 0D
1779567660171,74 34 35 37 38 30 30 30 30 30 31 30 30 36 34 31 34 30 30 30 30 0D
1779567660179,74 34 35 31 38 30 30 30 30 30 30 30 30 30 30 30 30 30 30 30 30 0D
1779567660186,74 34 35 36 38 45 45 46 46 30 37 30 30 30 34 30 30 30 30 30 30 0D
1779567660197,74 34 35 31 38 30 30 30 30 30 30 30 30 30 30 30 30 30 30 30 30 0D
1779567660202,74 34 35 35 38 45 41 46 46 30 37 30 30 39 46 46 46 30 30 30 30 0D
1779567660216,74 34 35 30 38 30 30 30 30 30 37 30 30 30 30 30 30 45 34 30 35 0D
1779567660231,74 34 35 31 38 30 30 30 30 30 30 30 30 30 30 30 30 30 30 30 30 0D
1779567660237,74 34 35 31 38 30 30 30 30 30 30 30 30 30 30 30 30 30 30 30 30 0D
1779567660247,74 34 35 35 38 45 41 46 46 30 37 30 30 39 46 46 46 30 30 30 30 0D
1779567660256,74 34 35 31 38 30 30 30 30 30 30 30 30 30 30 30 30 30 30 30 30 0D
1779567660275,74 34 35 35 38 45 41 46 46 30 37 30 30 39 46 46 46 30 30 30 30 0D
1779567660286,74 34 35 31 38 30 30 30 30 30 30 30 30 30 30 30 30 30 30 30 30 0D
1779567660293,74 34 35 36 38 45 45 46 46 30 37 30 30 30 34 30 30 30 30 30 30 0D
1779567660297,74 34 35 31 38 30 30 30 30 30 30 30 30 30 30 30 30 30 30 30 30 0D
1779567660306,74 34 35 35 38 45 41 46 46 30 37 30 30 39 46 46 46 30 30 30 30 0D
1779567660321,74 34 35 30 38 30 30 30 30 30 37 30 30 30 30 30 30 45 34 30 35 0D
1779567660331,74 34 35 31 38 30 30 30 30 30 30 30 30 30 30 30 30 30 30 30 30 0D
1779567660340,74 34 35 31 38 30 30 30 30 30 30 30 30 30 30 30 30 30 30 30 30 0D
1779567660350,74 34 35 35 38 45 41 46 46 30 37 30 30 39 46 46 46 30 30 30 30 0D
1779567660360,74 34 35 31 38 30 30 30 30 30 30 30 30 30 30 30 30 30 30 30 30 0D
1779567660379,74 34 35 35 38 45 41 46 46 30 37 30 30 39 46 46 46 30 30 30 30 0D
1779567660397,74 34 35 31 38 30 30 30 30 30 30 30 30 30 30 30 30 30 30 30 30 0D
1779567660411,74 34 35 35 38 45 41 46 46 30 37 30 30 39 46 46 46 30 30 30 30 0D
1779567660416,74 34 35 30 38 30 30 30 30 30 37 30 30 30 30 30 30 45 34 30 35 0D
1779567660430,74 34 35 31 38 30 30 30 30 30 30 30 30 30 30 30 30 30 30 30 30 0D
1779567660439,74 34 35 31 38 30 30 30 30 30 30 30 30 30 30 30 30 30 30 30 30 0D
1779567660456,74 34 35 35 38 45 41 46 46 30 37 30 30 39 46 46 46 30 30 30 30 0D
1779567660469,74 34 35 31 38 30 30 30 30 30 30 30 30 30 30 30 30 30 30 30 30 0D
1779567660476,74 34 35 37 38 30 30 30 30 30 30 30 30 36 34 31 34 30 30 30 30 0D
1779567660482,74 34 35 31 38 30 30 30 30 30 30 30 30 30 30 30 30 30 30 30 30 0D
1779567660489,74 34 35 35 38 45 41 46 46 30 37 30 30 39 46 46 46 30 30 30 30 0D
1779567660500,74 34 35 31 38 30 30 30 30 30 30 30 30 30 30 30 30 30 30 30 30 0D
1779567660520,74 34 35 30 38 30 30 30 30 30 37 30 30 30 30 30 30 45 34 30 35 0D
1779567660535,74 34 35 31 38 30 30 30 30 30 30 30 30 30 30 30 30 30 30 30 30 0D
1779567660538,74 34 35 31 38 30 30 30 30 30 30 30 30 30 30 30 30 30 30 30 30 0D
1779567660550,74 34 35 35 38 45 41 46 46 30 37 30 30 39 46 46 46 30 30 30 30 0D
1779567660561,74 34 35 31 38 30 30 30 30 30 30 30 30 30 30 30 30 30 30 30 30 0D
1779567660577,74 34 35 35 38 45 41 46 46 30 37 30 30 39 46 46 46 30 30 30 30 0D
1779567660584,74 34 35 31 38 30 30 30 30 30 30 30 30 30 30 30 30 30 30 30 30 0D
1779567660586,74 34 35 35 38 45 41 46 46 30 37 30 30 39 46 46 46 30 30 30 30 0D
1779567660597,74 34 35 31 38 30 30 30 30 30 30 30 30 30 30 30 30 30 30 30 30 0D
1779567660605,74 34 35 35 38 45 41 46 46 30 37 30 30 39 46 46 46 30 30 30 30 0D
1779567660616,74 34 35 30 38 30 30 30 30 30 37 30 30 30 30 30 30 45 34 30 35 0D
1779567660641,74 34 35 31 38 30 30 30 30 30 30 30 30 30 30 30 30 30 30 30 30 0D
1779567660651,74 34 35 31 38 30 30 30 30 30 30 30 30 30 30 30 30 30 30 30 30 0D
1779567660661,74 34 35 31 38 30 30 30 30 30 30 30 30 30 30 30 30 30 30 30 30 0D
1779567660678,74 34 35 35 38 45 41 46 46 30 37 30 30 39 46 46 46 30 30 30 30 0D
1779567660687,74 34 35 31 38 30 30 30 30 30 30 30 30 30 30 30 30 30 30 30 30 0D
1779567660697,74 34 35 31 38 30 30 30 30 30 30 30 30 30 30 30 30 30 30 30 30 0D
1779567660704,74 34 35 35 38 45 41 46 46 30 37 30 30 39 46 46 46 30 30 30 30 0D
1779567660719,74 34 35 30 38 30 30 30 30 30 37 30 30 30 30 30 30 45 34 30 35 0D
1779567660727,74 34 35 31 38 30 30 30 30 30 30 30 30 30 30 30 30 30 30 30 30 0D
1779567660734,74 34 35 31 38 30 30 30 30 30 30 30 30 30 30 30 30 30 30 30 30 0D
1779567660750,74 34 35 35 38 45 41 46 46 30 37 30 30 39 46 46 46 30 30 30 30 0D
1779567660754,74 34 35 31 38 30 30 30 30 30 30 30 30 30 30 30 30 30 30 30 30 0D
1779567660778,74 34 35 35 38 45 41 46 46 30 37 30 30 39 46 46 46 30 30 30 30 0D
1779567660783,74 34 35 31 38 30 30 30 30 30 30 30 30 30 30 30 30 30 30 30 30 0D
1779567660800,74 34 35 31 38 30 30 30 30 30 30 30 30 30 30 30 30 30 30 30 30 0D
1779567660809,74 34 35 35 38 45 41 46 46 30 37 30 30 39 46 46 46 30 30 30 30 0D
1779567660819,74 34 35 30 38 30 30 30 30 30 37 30 30 30 30 30 30 45 34 30 35 0D
1779567660827,74 34 35 31 38 30 30 30 30 30 30 30 30 30 30 30 30 30 30 30 30 0D
1779567660837,74 34 35 31 38 30 30 30 30 30 30 30 30 30 30 30 30 30 30 30 30 0D
1779567660848,74 34 35 35 38 45 41 46 46 30 37 30 30 39 46 46 46 30 30 30 30 0D
1779567660859,74 34 35 31 38 30 30 30 30 30 30 30 30 30 30 30 30 30 30 30 30 0D
1779567660883,74 34 35 35 38 45 41 46 46 30 37 30 30 39 46 46 46 30 30 30 30 0D
1779567660890,74 34 35 31 38 30 30 30 30 30 30 30 30 30 30 30 30 30 30 30 30 0D
1779567660895,74 34 35 31 38 30 30 30 30 30 30 30 30 30 30 30 30 30 30 30 30 0D
1779567660911,74 34 35 35 38 45 41 46 46 30 37 30 30 39 46 46 46 30 30 30 30 0D
1779567660916,74 34 35 30 38 30 30 30 30 30 37 30 30 30 30 30 30 45 34 30 35 0D
1779567660934,74 34 35 31 38 30 30 30 30 30 30 30 30 30 30 30 30 30 30 30 30 0D
1779567660941,74 34 35 31 38 30 30 30 30 30 30 30 30 30 30 30 30 30 30 30 30 0D
1779567660948,74 34 35 35 38 45 39 46 46 30 38 30 30 39 46 46 46 30 30 30 30 0D
1779567660959,74 34 35 31 38 30 30 30 30 30 30 30 30 30 30 30 30 30 30 30 30 0D
1779567660969,74 34 35 35 38 45 39 46 46 30 38 30 30 39 46 46 46 30 30 30 30 0D
1779567660986,74 34 35 37 38 30 30 30 30 30 30 30 30 36 34 31 34 30 30 30 30 0D
1779567661000,74 34 35 31 38 30 30 30 30 30 30 30 30 30 30 30 30 30 30 30 30 0D
1779567661014,74 34 35 35 38 45 39 46 46 30 38 30 30 39 46 46 46 30 30 30 30 0D
1779567661026,74 34 35 30 38 30 30 30 30 30 37 30 30 30 30 30 30 45 34 30 35 0D
1779567661033,74 34 35 31 38 30 30 30 30 30 30 30 30 30 30 30 30 30 30 30 30 0D
1779567661041,74 34 35 31 38 30 30 30 30 30 30 30 30 30 30 30 30 30 30 30 30 0D
1779567661046,74 34 35 35 38 45 39 46 46 30 38 30 30 39 46 46 46 30 30 30 30 0D
1779567661059,74 34 35 31 38 30 30 30 30 30 30 30 30 30 30 30 30 30 30 30 30 0D
1779567661075,74 34 35 35 38 45 39 46 46 30 38 30 30 39 46 46 46 30 30 30 30 0D
1779567661080,74 34 35 31 38 30 30 30 30 30 30 30 30 30 30 30 30 30 30 30 30 0D
1779567661090,74 34 35 35 38 45 39 46 46 30 38 30 30 39 46 46 46 30 30 30 30 0D
1779567661097,74 34 35 31 38 30 30 30 30 30 30 30 30 30 30 30 30 30 30 30 30 0D
1779567661107,74 34 35 35 38 45 39 46 46 30 38 30 30 39 46 46 46 30 30 30 30 0D
1779567661116,74 34 35 30 38 30 30 30 30 30 37 30 30 30 30 30 30 45 34 30 35 0D
1779567661133,74 34 35 31 38 30 30 30 30 30 30 30 30 30 30 30 30 30 30 30 30 0D
1779567661137,74 34 35 31 38 30 30 30 30 30 30 30 30 30 30 30 30 30 30 30 30 0D
1779567661150,74 34 35 35 38 45 41 46 46 30 37 30 30 39 46 46 46 30 30 30 30 0D
1779567661159,74 34 35 31 38 30 30 30 30 30 30 30 30 30 30 30 30 30 30 30 30 0D
1779567661167,74 34 35 35 38 45 41 46 46 30 37 30 30 39 46 46 46 30 30 30 30 0D
1779567661175,74 34 35 37 38 30 30 30 30 30 30 30 30 36 34 31 34 30 30 30 30 0D
1779567661202,74 34 35 31 38 30 30 30 30 30 30 30 30 30 30 30 30 30 30 30 30 0D
1779567661212,74 34 35 35 38 45 41 46 46 30 37 30 30 39 46 46 46 30 30 30 30 0D
1779567661218,74 34 35 30 38 30 30 30 30 30 37 30 30 30 30 30 30 45 34 30 35 0D
1779567661232,74 34 35 31 38 30 30 30 30 30 30 30 30 30 30 30 30 30 30 30 30 0D
1779567661241,74 34 35 31 38 30 30 30 30 30 30 30 30 30 30 30 30 30 30 30 30 0D
1779567661252,74 34 35 35 38 45 41 46 46 30 37 30 30 39 46 46 46 30 30 30 30 0D
1779567661260,74 34 35 31 38 30 30 30 30 30 30 30 30 30 30 30 30 30 30 30 30 0D
1779567661284,74 34 35 35 38 45 41 46 46 30 37 30 30 39 46 46 46 30 30 30 30 0D 74 34 35 31 38 30 30 30 30 30 30 30 30 30 30 30 30 30 30 30 30 0D
1779567661303,74 34 35 31 38 30 30 30 30 30 30 30 30 30 30 30 30 30 30 30 30 0D
1779567661310,74 34 35 35 38 45 41 46 46 30 37 30 30 39 46 46 46 30 30 30 30 0D
1779567661316,74 34 35 30 38 30 30 30 30 30 37 30 30 30 30 30 30 45 34 30 35 0D
1779567661328,74 34 35 31 38 30 30 30 30 30 30 30 30 30 30 30 30 30 30 30 30 0D
1779567661336,74 34 35 31 38 30 30 30 30 30 30 30 30 30 30 30 30 30 30 30 30 0D
1779567661351,74 34 35 35 38 45 41 46 46 30 37 30 30 39 46 46 46 30 30 30 30 0D
1779567661357,74 34 35 31 38 30 30 30 30 30 30 30 30 30 30 30 30 30 30 30 30 0D
1779567661369,74 34 35 35 38 45 41 46 46 30 37 30 30 39 46 46 46 30 30 30 30 0D
1779567661383,74 34 35 37 38 30 30 30 30 30 30 30 30 36 34 31 34 30 30 30 30 0D
1779567661392,74 34 35 36 38 45 44 46 46 30 37 30 30 30 34 30 30 30 30 30 30 0D
1779567661398,74 34 35 31 38 30 30 30 30 30 30 30 30 30 30 30 30 30 30 30 30 0D
1779567661408,74 34 35 35 38 45 41 46 46 30 37 30 30 39 46 46 46 30 30 30 30 0D
1779567661426,74 34 35 30 38 30 30 30 30 30 37 30 30 30 30 30 30 45 34 30 35 0D
1779567661434,74 34 35 31 38 30 30 30 30 30 30 30 30 30 30 30 30 30 30 30 30 0D
1779567661439,74 34 35 31 38 30 30 30 30 30 30 30 30 30 30 30 30 30 30 30 30 0D
1779567661450,74 34 35 35 38 45 41 46 46 30 37 30 30 39 46 46 46 30 30 30 30 0D
1779567661457,74 34 35 31 38 30 30 30 30 30 30 30 30 30 30 30 30 30 30 30 30 0D
1779567661477,74 34 35 35 38 45 41 46 46 30 37 30 30 39 46 46 46 30 30 30 30 0D
1779567661484,74 34 35 31 38 30 30 30 30 30 30 30 30 30 30 30 30 30 30 30 30 0D
1779567661498,74 34 35 31 38 30 30 30 30 30 30 30 30 30 30 30 30 30 30 30 30 0D
1779567661508,74 34 35 35 38 45 41 46 46 30 37 30 30 39 46 46 46 30 30 30 30 0D
1779567661516,74 34 35 30 38 30 30 30 30 30 37 30 30 30 30 30 30 45 34 30 35 0D
1779567661528,74 34 35 31 38 30 30 30 30 30 30 30 30 30 30 30 30 30 30 30 30 0D
1779567661543,74 34 35 31 38 30 30 30 30 30 30 30 30 30 30 30 30 30 30 30 30 0D
1779567661552,74 34 35 35 38 45 41 46 46 30 37 30 30 39 46 46 46 30 30 30 30 0D
1779567661564,74 34 35 31 38 30 30 30 30 30 30 30 30 30 30 30 30 30 30 30 30 0D
1779567661566,74 34 35 35 38 45 41 46 46 30 37 30 30 39 46 46 46 30 30 30 30 0D
1779567661571,74 34 35 37 38 30 30 30 30 30 30 30 30 36 34 31 34 30 30 30 30 0D
1779567661588,74 34 35 39 38 43 32 41 34 42 45 31 36 43 36 31 41 30 33 42 37 0D
1779567661600,74 34 35 31 38 30 30 30 30 30 30 30 30 30 30 30 30 30 30 30 30 0D
1779567661607,74 34 35 35 38 45 41 46 46 30 37 30 30 39 46 46 46 30 30 30 30 0D
1779567661623,74 34 35 30 38 30 30 30 30 30 37 30 30 30 30 30 30 45 34 30 35 0D
1779567661637,74 34 35 31 38 30 30 30 30 30 30 30 30 30 30 30 30 30 30 30 30 0D
1779567661655,74 34 35 35 38 45 41 46 46 30 37 30 30 39 46 46 46 30 30 30 30 0D
1779567661663,74 34 35 31 38 30 30 30 30 30 30 30 30 30 30 30 30 30 30 30 30 0D
1779567661666,74 34 35 37 38 30 30 30 30 30 30 30 30 36 34 31 34 30 30 30 30 0D
1779567661684,74 34 35 39 38 43 31 41 34 42 45 31 36 43 38 31 41 30 33 42 37 0D
1779567661700,74 34 35 31 38 30 30 30 30 30 30 30 30 30 30 30 30 30 30 30 30 0D
1779567661708,74 34 35 35 38 45 41 46 46 30 37 30 30 39 46 46 46 30 30 30 30 0D
1779567661716,74 34 35 30 38 30 30 30 30 30 37 30 30 30 30 30 30 45 34 30 35 0D
1779567661728,74 34 35 31 38 30 30 30 30 30 30 30 30 30 30 30 30 30 30 30 30 0D
1779567661739,74 34 35 31 38 30 30 30 30 30 30 30 30 30 30 30 30 30 30 30 30 0D
1779567661749,74 34 35 35 38 45 41 46 46 30 37 30 30 39 46 46 46 30 30 30 30 0D
1779567661756,74 34 35 31 38 30 30 30 30 30 30 30 30 30 30 30 30 30 30 30 30 0D
1779567661776,74 34 35 35 38 45 41 46 46 30 37 30 30 39 46 46 46 30 30 30 30 0D
1779567661788,74 34 35 31 38 30 30 30 30 30 30 30 30 30 30 30 30 30 30 30 30 0D
1779567661795,74 34 35 31 38 30 30 30 30 30 30 30 30 30 30 30 30 30 30 30 30 0D
1779567661804,74 34 35 35 38 45 41 46 46 30 37 30 30 39 46 46 46 30 30 30 30 0D
1779567661818,74 34 35 30 38 30 30 30 30 30 37 30 30 30 30 30 30 45 34 30 35 0D
1779567661835,74 34 35 31 38 30 30 30 30 30 30 30 30 30 30 30 30 30 30 30 30 0D
1779567661842,74 34 35 31 38 30 30 30 30 30 30 30 30 30 30 30 30 30 30 30 30 0D
1779567661857,74 34 35 31 38 30 30 30 30 30 30 30 30 30 30 30 30 30 30 30 30 0D
1779567661874,74 34 35 35 38 45 41 46 46 30 37 30 30 39 46 46 46 30 30 30 30 0D
1779567661881,74 34 35 31 38 30 30 30 30 30 30 30 30 30 30 30 30 30 30 30 30 0D
1779567661891,74 34 35 35 38 45 41 46 46 30 37 30 30 39 46 46 46 30 30 30 30 0D
1779567661898,74 34 35 31 38 30 30 30 30 30 30 30 30 30 30 30 30 30 30 30 30 0D
1779567661910,74 34 35 35 38 45 41 46 46 30 37 30 30 39 46 46 46 30 30 30 30 0D
1779567661918,74 34 35 30 38 30 30 30 30 30 37 30 30 30 30 30 30 45 34 30 35 0D
1779567661929,74 34 35 31 38 30 30 30 30 30 30 30 30 30 30 30 30 30 30 30 30 0D
1779567661941,74 34 35 31 38 30 30 30 30 30 30 30 30 30 30 30 30 30 30 30 30 0D
1779567661946,74 34 35 35 38 45 41 46 46 30 37 30 30 39 46 46 46 30 30 30 30 0D
1779567661956,74 34 35 31 38 30 30 30 30 30 30 30 30 30 30 30 30 30 30 30 30 0D
1779567661987,74 34 35 35 38 45 41 46 46 30 37 30 30 39 46 46 46 30 30 30 30 0D
1779567662008,74 34 35 31 38 30 30 30 30 30 30 30 30 30 30 30 30 30 30 30 30 0D
1779567662037,74 34 35 35 38 45 41 46 46 30 37 30 30 39 46 46 46 30 30 30 30 0D
1779567662049,74 34 35 31 38 30 30 30 30 30 30 30 30 30 30 30 30 30 30 30 30 0D
1779567662059,74 34 35 31 38 30 30 30 30 30 30 30 30 30 30 30 30 30 30 30 30 0D
1779567662074,74 34 35 35 38 45 41 46 46 30 37 30 30 39 46 46 46 30 30 30 30 0D
1779567662080,74 34 35 37 38 30 30 30 30 30 31 30 30 36 34 31 34 30 30 30 30 0D
1779567662082,74 34 35 31 38 30 30 30 30 30 30 30 30 30 30 30 30 30 30 30 30 0D
1779567662105,74 34 35 31 38 30 30 30 30 30 30 30 30 30 30 30 30 30 30 30 30 0D
1779567662134,74 34 35 35 38 45 41 46 46 30 37 30 30 39 46 46 46 30 30 30 30 0D
1779567662141,74 34 35 31 38 30 30 30 30 30 30 30 30 30 30 30 30 30 30 30 30 0D
1779567662148,74 34 35 35 38 45 41 46 46 30 37 30 30 39 46 46 46 30 30 30 30 0D
1779567662158,74 34 35 31 38 30 30 30 30 30 30 30 30 30 30 30 30 30 30 30 30 0D
1779567662176,74 34 35 35 38 45 41 46 46 30 37 30 30 39 46 46 46 30 30 30 30 0D
1779567662179,74 34 35 31 38 30 30 30 30 30 30 30 30 30 30 30 30 30 30 30 30 0D
1779567662189,74 34 35 35 38 45 41 46 46 30 37 30 30 39 46 46 46 30 30 30 30 0D
1779567662209,74 34 35 31 38 30 30 30 30 30 30 30 30 30 30 30 30 30 30 30 30 0D
1779567662237,74 34 35 35 38 45 41 46 46 30 37 30 30 39 46 46 46 30 30 30 30 0D
1779567662245,74 34 35 30 38 30 30 30 30 30 37 30 30 30 30 30 30 45 34 30 35 0D
1779567662258,74 34 35 35 38 45 41 46 46 30 37 30 30 39 46 46 46 30 30 30 30 0D
1779567662276,74 34 35 35 38 45 41 46 46 30 37 30 30 39 46 46 46 30 30 30 30 0D
1779567662283,74 34 35 31 38 30 30 30 30 30 30 30 30 30 30 30 30 30 30 30 30 0D
1779567662289,74 34 35 35 38 45 41 46 46 30 37 30 30 39 46 46 46 30 30 30 30 0D
1779567662305,74 34 35 31 38 30 30 30 30 30 30 30 30 30 30 30 30 30 30 30 30 0D
1779567662313,74 34 35 35 38 45 41 46 46 30 37 30 30 39 46 46 46 30 30 30 30 0D
1779567662317,74 34 35 30 38 30 30 30 30 30 37 30 30 30 30 30 30 45 34 30 35 0D
1779567662325,74 34 35 31 38 30 30 30 30 30 30 30 30 30 30 30 30 30 30 30 30 0D
1779567662338,74 34 35 31 38 30 30 30 30 30 30 30 30 30 30 30 30 30 30 30 30 0D
1779567662344,74 34 35 35 38 45 41 46 46 30 37 30 30 39 45 46 46 30 30 30 30 0D
1779567662358,74 34 35 31 38 30 30 30 30 30 30 30 30 30 30 30 30 30 30 30 30 0D
1779567662378,74 34 35 35 38 45 41 46 46 30 37 30 30 39 45 46 46 30 30 30 30 0D
1779567662380,74 34 35 31 38 30 30 30 30 30 30 30 30 30 30 30 30 30 30 30 30 0D
1779567662400,74 34 35 31 38 30 30 30 30 30 30 30 30 30 30 30 30 30 30 30 30 0D
1779567662411,74 34 35 35 38 45 41 46 46 30 37 30 30 39 45 46 46 30 30 30 30 0D
1779567662416,74 34 35 30 38 30 30 30 30 30 37 30 30 30 30 30 30 45 34 30 35 0D
1779567662431,74 34 35 31 38 30 30 30 30 30 30 30 30 30 30 30 30 30 30 30 30 0D
1779567662439,74 34 35 31 38 30 30 30 30 30 30 30 30 30 30 30 30 30 30 30 30 0D
1779567662452,74 34 35 35 38 45 41 46 46 30 37 30 30 39 45 46 46 30 30 30 30 0D
1779567662455,74 34 35 31 38 30 30 30 30 30 30 30 30 30 30 30 30 30 30 30 30 0D
1779567662474,74 34 35 35 38 45 41 46 46 30 37 30 30 39 45 46 46 30 30 30 30 0D
1779567662479,74 34 35 31 38 30 30 30 30 30 30 30 30 30 30 30 30 30 30 30 30 0D
1779567662485,74 34 35 35 38 45 41 46 46 30 37 30 30 39 45 46 46 30 30 30 30 0D
1779567662496,74 34 35 31 38 30 30 30 30 30 30 30 30 30 30 30 30 30 30 30 30 0D
1779567662511,74 34 35 35 38 45 41 46 46 30 37 30 30 39 45 46 46 30 30 30 30 0D
1779567662518,74 34 35 30 38 30 30 30 30 30 37 30 30 30 30 30 30 45 34 30 35 0D
1779567662534,74 34 35 31 38 30 30 30 30 30 30 30 30 30 30 30 30 30 30 30 30 0D
1779567662540,74 34 35 31 38 30 30 30 30 30 30 30 30 30 30 30 30 30 30 30 30 0D
1779567662557,74 34 35 35 38 45 41 46 46 30 37 30 30 39 46 46 46 30 30 30 30 0D
1779567662559,74 34 35 31 38 30 30 30 30 30 30 30 30 30 30 30 30 30 30 30 30 0D
1779567662572,74 34 35 35 38 45 41 46 46 30 37 30 30 39 46 46 46 30 30 30 30 0D
1779567662577,74 34 35 31 38 30 30 30 30 30 30 30 30 30 30 30 30 30 30 30 30 0D
1779567662599,74 34 35 31 38 30 30 30 30 30 30 30 30 30 30 30 30 30 30 30 30 0D
1779567662610,74 34 35 35 38 45 41 46 46 30 37 30 30 39 46 46 46 30 30 30 30 0D
1779567662615,74 34 35 30 38 30 30 30 30 30 37 30 30 30 30 30 30 45 34 30 35 0D
1779567662630,74 34 35 31 38 30 30 30 30 30 30 30 30 30 30 30 30 30 30 30 30 0D
1779567662639,74 34 35 31 38 30 30 30 30 30 30 30 30 30 30 30 30 30 30 30 30 0D
1779567662651,74 34 35 35 38 45 41 46 46 30 37 30 30 39 46 46 46 30 30 30 30 0D
1779567662656,74 34 35 31 38 30 30 30 30 30 30 30 30 30 30 30 30 30 30 30 30 0D
1779567662686,74 34 35 35 38 45 41 46 46 30 37 30 30 39 46 46 46 30 30 30 30 0D
1779567662706,74 34 35 31 38 30 30 30 30 30 30 30 30 30 30 30 30 30 30 30 30 0D
1779567662713,74 34 35 35 38 45 41 46 46 30 37 30 30 39 46 46 46 30 30 30 30 0D
1779567662715,74 34 35 30 38 30 30 30 30 30 37 30 30 30 30 30 30 45 34 30 35 0D
1779567662732,74 34 35 31 38 30 30 30 30 30 30 30 30 30 30 30 30 30 30 30 30 0D
1779567662738,74 34 35 31 38 30 30 30 30 30 30 30 30 30 30 30 30 30 30 30 30 0D
1779567662750,74 34 35 36 38 45 45 46 46 30 38 30 30 30 35 30 30 30 30 30 30 0D
1779567662755,74 34 35 31 38 30 30 30 30 30 30 30 30 30 30 30 30 30 30 30 30 0D
1779567662777,74 34 35 35 38 45 39 46 46 30 36 30 30 39 46 46 46 30 30 30 30 0D
1779567662785,74 34 35 31 38 30 30 30 30 30 30 30 30 30 30 30 30 30 30 30 30 0D
1779567662789,74 34 35 36 38 45 45 46 46 30 38 30 30 30 35 30 30 30 30 30 30 0D
1779567662798,74 34 35 31 38 30 30 30 30 30 30 30 30 30 30 30 30 30 30 30 30 0D
1779567662805,74 34 35 35 38 45 39 46 46 30 36 30 30 39 46 46 46 30 30 30 30 0D
1779567662819,74 34 35 30 38 30 30 30 30 30 37 30 30 30 30 30 30 45 34 30 35 0D
1779567662834,74 34 35 31 38 30 30 30 30 30 30 30 30 30 30 30 30 30 30 30 30 0D
1779567662839,74 34 35 31 38 30 30 30 30 30 30 30 30 30 30 30 30 30 30 30 30 0D
1779567662860,74 34 35 31 38 30 30 30 30 30 30 30 30 30 30 30 30 30 30 30 30 0D
1779567662877,74 34 35 35 38 45 39 46 46 30 36 30 30 39 46 46 46 30 30 30 30 0D
1779567662884,74 34 35 31 38 30 30 30 30 30 30 30 30 30 30 30 30 30 30 30 30 0D
1779567662888,74 34 35 35 38 45 39 46 46 30 36 30 30 39 46 46 46 30 30 30 30 0D
1779567662902,74 34 35 31 38 30 30 30 30 30 30 30 30 30 30 30 30 30 30 30 30 0D
1779567662911,74 34 35 35 38 45 39 46 46 30 36 30 30 39 46 46 46 30 30 30 30 0D
1779567662918,74 34 35 30 38 30 30 30 30 30 37 30 30 30 30 30 30 45 34 30 35 0D
1779567662932,74 34 35 31 38 30 30 30 30 30 30 30 30 30 30 30 30 30 30 30 30 0D
1779567662939,74 34 35 31 38 30 30 30 30 30 30 30 30 30 30 30 30 30 30 30 30 0D
1779567662947,74 34 35 35 38 45 41 46 46 30 37 30 30 39 46 46 46 30 30 30 30 0D
1779567662956,74 34 35 31 38 30 30 30 30 30 30 30 30 30 30 30 30 30 30 30 30 0D
1779567662963,74 34 35 35 38 45 41 46 46 30 37 30 30 39 46 46 46 30 30 30 30 0D
1779567662971,74 34 35 37 38 30 30 30 30 30 30 30 30 36 34 31 34 30 30 30 30 0D
1779567662975,74 34 35 31 38 30 30 30 30 30 30 30 30 30 30 30 30 30 30 30 30 0D
1779567662984,74 34 35 35 38 45 41 46 46 30 37 30 30 39 46 46 46 30 30 30 30 0D
1779567662996,74 34 35 31 38 30 30 30 30 30 30 30 30 30 30 30 30 30 30 30 30 0D
1779567663005,74 34 35 35 38 45 41 46 46 30 37 30 30 39 46 46 46 30 30 30 30 0D
1779567663018,74 34 35 30 38 30 30 30 30 30 37 30 30 30 30 30 30 45 34 30 35 0D
1779567663030,74 34 35 31 38 30 30 30 30 30 30 30 30 30 30 30 30 30 30 30 30 0D
1779567663039,74 34 35 31 38 30 30 30 30 30 30 30 30 30 30 30 30 30 30 30 30 0D
1779567663051,74 34 35 35 38 45 41 46 46 30 37 30 30 39 46 46 46 30 30 30 30 0D
1779567663058,74 34 35 31 38 30 30 30 30 30 30 30 30 30 30 30 30 30 30 30 30 0D
1779567663077,74 34 35 35 38 45 41 46 46 30 37 30 30 39 46 46 46 30 30 30 30 0D
1779567663083,74 34 35 31 38 30 30 30 30 30 30 30 30 30 30 30 30 30 30 30 30 0D
1779567663100,74 34 35 31 38 30 30 30 30 30 30 30 30 30 30 30 30 30 30 30 30 0D
1779567663106,74 34 35 35 38 45 41 46 46 30 37 30 30 39 46 46 46 30 30 30 30 0D
1779567663117,74 34 35 30 38 30 30 30 30 30 37 30 30 30 30 30 30 45 34 30 35 0D
1779567663127,74 34 35 31 38 30 30 30 30 30 30 30 30 30 30 30 30 30 30 30 30 0D
1779567663137,74 34 35 31 38 30 30 30 30 30 30 30 30 30 30 30 30 30 30 30 30 0D
1779567663151,74 34 35 35 38 45 41 46 46 30 37 30 30 39 45 46 46 30 30 30 30 0D
1779567663158,74 34 35 31 38 30 30 30 30 30 30 30 30 30 30 30 30 30 30 30 30 0D
1779567663177,74 34 35 35 38 45 41 46 46 30 37 30 30 39 45 46 46 30 30 30 30 0D
1779567663183,74 34 35 31 38 30 30 30 30 30 30 30 30 30 30 30 30 30 30 30 30 0D
1779567663199,74 34 35 31 38 30 30 30 30 30 30 30 30 30 30 30 30 30 30 30 30 0D
1779567663219,74 34 35 35 38 45 41 46 46 30 37 30 30 39 45 46 46 30 30 30 30 0D
1779567663231,74 34 35 37 38 30 30 30 30 30 31 30 30 36 34 31 34 30 31 30 30 0D
1779567663242,74 34 35 31 38 30 30 30 30 30 30 30 30 30 30 30 30 30 30 30 30 0D
1779567663245,74 34 35 35 38 45 41 46 46 30 37 30 30 39 45 46 46 30 30 30 30 0D
1779567663255,74 34 35 31 38 30 30 30 30 30 30 30 30 30 30 30 30 30 30 30 30 0D
1779567663269,74 34 35 35 38 45 41 46 46 30 37 30 30 39 45 46 46 30 30 30 30 0D
1779567663289,74 34 35 37 38 30 30 30 30 30 30 30 30 36 34 31 34 30 30 30 30 0D
1779567663303,74 34 35 31 38 30 30 30 30 30 30 30 30 30 30 30 30 30 30 30 30 0D
1779567663309,74 34 35 35 38 45 41 46 46 30 37 30 30 39 45 46 46 30 30 30 30 0D
1779567663317,74 34 35 30 38 30 30 30 30 30 37 30 30 30 30 30 30 45 34 30 35 0D
1779567663326,74 34 35 31 38 30 30 30 30 30 30 30 30 30 30 30 30 30 30 30 30 0D
1779567663336,74 34 35 31 38 30 30 30 30 30 30 30 30 30 30 30 30 30 30 30 30 0D
1779567663345,74 34 35 35 38 45 41 46 46 30 37 30 30 39 45 46 46 30 30 30 30 0D
1779567663356,74 34 35 31 38 30 30 30 30 30 30 30 30 30 30 30 30 30 30 30 30 0D
1779567663374,74 34 35 35 38 45 41 46 46 30 37 30 30 39 45 46 46 30 30 30 30 0D
1779567663379,74 34 35 31 38 30 30 30 30 30 30 30 30 30 30 30 30 30 30 30 30 0D
1779567663385,74 34 35 35 38 45 41 46 46 30 37 30 30 39 45 46 46 30 30 30 30 0D
1779567663398,74 34 35 31 38 30 30 30 30 30 30 30 30 30 30 30 30 30 30 30 30 0D
1779567663408,74 34 35 35 38 45 41 46 46 30 37 30 30 39 45 46 46 30 30 30 30 0D
1779567663421,74 34 35 30 38 30 30 30 30 30 37 30 30 30 30 30 30 45 34 30 35 0D
1779567663427,74 34 35 31 38 30 30 30 30 30 30 30 30 30 30 30 30 30 30 30 30 0D
1779567663435,74 34 35 31 38 30 30 30 30 30 30 30 30 30 30 30 30 30 30 30 30 0D
1779567663451,74 34 35 35 38 45 41 46 46 30 37 30 30 39 45 46 46 30 30 30 30 0D
1779567663456,74 34 35 31 38 30 30 30 30 30 30 30 30 30 30 30 30 30 30 30 30 0D
1779567663477,74 34 35 35 38 45 41 46 46 30 37 30 30 39 45 46 46 30 30 30 30 0D
1779567663484,74 34 35 31 38 30 30 30 30 30 30 30 30 30 30 30 30 30 30 30 30 0D
1779567663487,74 34 35 36 38 45 45 46 46 30 37 30 30 30 34 30 30 30 30 30 30 0D
1779567663497,74 34 35 31 38 30 30 30 30 30 30 30 30 30 30 30 30 30 30 30 30 0D
1779567663513,74 34 35 35 38 45 41 46 46 30 37 30 30 39 45 46 46 30 30 30 30 0D
1779567663522,74 34 35 30 38 30 30 30 30 30 37 30 30 30 30 30 30 45 34 30 35 0D
1779567663528,74 34 35 31 38 30 30 30 30 30 30 30 30 30 30 30 30 30 30 30 30 0D
1779567663538,74 34 35 31 38 30 30 30 30 30 30 30 30 30 30 30 30 30 30 30 30 0D
1779567663547,74 34 35 35 38 45 41 46 46 30 37 30 30 39 46 46 46 30 30 30 30 0D
1779567663557,74 34 35 31 38 30 30 30 30 30 30 30 30 30 30 30 30 30 30 30 30 0D
1779567663580,74 34 35 35 38 45 41 46 46 30 37 30 30 39 46 46 46 30 30 30 30 0D
1779567663596,74 34 35 31 38 30 30 30 30 30 30 30 30 30 30 30 30 30 30 30 30 0D
1779567663604,74 34 35 31 38 30 30 30 30 30 30 30 30 30 30 30 30 30 30 30 30 0D
1779567663608,74 34 35 35 38 45 41 46 46 30 37 30 30 39 46 46 46 30 30 30 30 0D
1779567663617,74 34 35 30 38 30 30 30 30 30 37 30 30 30 30 30 30 45 34 30 35 0D
1779567663631,74 34 35 31 38 30 30 30 30 30 30 30 30 30 30 30 30 30 30 30 30 0D
1779567663636,74 34 35 31 38 30 30 30 30 30 30 30 30 30 30 30 30 30 30 30 30 0D
1779567663647,74 34 35 35 38 45 41 46 46 30 37 30 30 39 46 46 46 30 30 30 30 0D
1779567663658,74 34 35 31 38 30 30 30 30 30 30 30 30 30 30 30 30 30 30 30 30 0D
1779567663679,74 34 35 35 38 45 41 46 46 30 37 30 30 39 46 46 46 30 30 30 30 0D
1779567663684,74 34 35 31 38 30 30 30 30 30 30 30 30 30 30 30 30 30 30 30 30 0D
1779567663692,74 34 35 35 38 45 41 46 46 30 37 30 30 39 46 46 46 30 30 30 30 0D
1779567663698,74 34 35 31 38 30 30 30 30 30 30 30 30 30 30 30 30 30 30 30 30 0D
1779567663708,74 34 35 35 38 45 41 46 46 30 37 30 30 39 46 46 46 30 30 30 30 0D
1779567663717,74 34 35 30 38 30 30 30 30 30 37 30 30 30 30 30 30 45 34 30 35 0D
1779567663727,74 34 35 31 38 30 30 30 30 30 30 30 30 30 30 30 30 30 30 30 30 0D
1779567663736,74 34 35 31 38 30 30 30 30 30 30 30 30 30 30 30 30 30 30 30 30 0D
1779567663762,74 34 35 35 38 45 41 46 46 30 38 30 30 39 46 46 46 30 30 30 30 0D
1779567663768,74 34 35 31 38 30 30 30 30 30 30 30 30 30 30 30 30 30 30 30 30 0D
1779567663776,74 34 35 35 38 45 41 46 46 30 38 30 30 39 46 46 46 30 30 30 30 0D
1779567663781,74 34 35 31 38 30 30 30 30 30 30 30 30 30 30 30 30 30 30 30 30 0D
1779567663786,74 34 35 35 38 45 41 46 46 30 38 30 30 39 46 46 46 30 30 30 30 0D
1779567663798,74 34 35 31 38 30 30 30 30 30 30 30 30 30 30 30 30 30 30 30 30 0D
1779567663807,74 34 35 35 38 45 41 46 46 30 38 30 30 39 46 46 46 30 30 30 30 0D
1779567663818,74 34 35 30 38 30 30 30 30 30 37 30 30 30 30 30 30 45 34 30 35 0D
1779567663825,74 34 35 31 38 30 30 30 30 30 30 30 30 30 30 30 30 30 30 30 30 0D
1779567663835,74 34 35 31 38 30 30 30 30 30 30 30 30 30 30 30 30 30 30 30 30 0D
1779567663852,74 34 35 35 38 45 41 46 46 30 38 30 30 39 46 46 46 30 30 30 30 0D
1779567663856,74 34 35 31 38 30 30 30 30 30 30 30 30 30 30 30 30 30 30 30 30 0D
1779567663869,74 34 35 35 38 45 41 46 46 30 38 30 30 39 46 46 46 30 30 30 30 0D
1779567663876,74 34 35 37 38 30 30 30 30 30 31 30 30 36 34 31 34 30 30 30 30 0D
1779567663882,74 34 35 31 38 30 30 30 30 30 30 30 30 30 30 30 30 30 30 30 30 0D
1779567663888,74 34 35 35 38 45 41 46 46 30 38 30 30 39 46 46 46 30 30 30 30 0D
1779567663899,74 34 35 31 38 30 30 30 30 30 30 30 30 30 30 30 30 30 30 30 30 0D
1779567663908,74 34 35 35 38 45 41 46 46 30 38 30 30 39 46 46 46 30 30 30 30 0D
1779567663915,74 34 35 30 38 30 30 30 30 30 37 30 30 30 30 30 30 45 34 30 35 0D
1779567663935,74 34 35 31 38 30 30 30 30 30 30 30 30 30 30 30 30 30 30 30 30 0D
1779567663948,74 34 35 35 38 45 41 46 46 30 37 30 30 39 46 46 46 30 30 30 30 0D
1779567663966,74 34 35 31 38 30 30 30 30 30 30 30 30 30 30 30 30 30 30 30 30 0D
1779567663990,74 34 35 35 38 45 41 46 46 30 37 30 30 39 46 46 46 30 30 30 30 0D
1779567664000,74 34 35 31 38 30 30 30 30 30 30 30 30 30 30 30 30 30 30 30 30 0D
1779567664006,74 34 35 35 38 45 41 46 46 30 37 30 30 39 46 46 46 30 30 30 30 0D
1779567664019,74 34 35 30 38 30 30 30 30 30 37 30 30 30 30 30 30 45 34 30 35 0D
1779567664033,74 34 35 31 38 30 30 30 30 30 30 30 30 30 30 30 30 30 30 30 30 0D
1779567664040,74 34 35 31 38 30 30 30 30 30 30 30 30 30 30 30 30 30 30 30 30 0D
1779567664049,74 34 35 35 38 45 41 46 46 30 37 30 30 39 46 46 46 30 30 30 30 0D
1779567664058,74 34 35 31 38 30 30 30 30 30 30 30 30 30 30 30 30 30 30 30 30 0D
1779567664069,74 34 35 37 38 30 30 30 30 30 30 30 30 36 34 31 34 30 30 30 30 0D
1779567664089,74 34 35 39 38 41 42 41 34 42 45 31 36 46 39 31 41 30 33 42 37 0D
1779567664099,74 34 35 31 38 30 30 30 30 30 30 30 30 30 30 30 30 30 30 30 30 0D
1779567664115,74 34 35 35 38 45 41 46 46 30 37 30 30 39 46 46 46 30 30 30 30 0D
1779567664122,74 34 35 30 38 30 30 30 30 30 37 30 30 30 30 30 30 45 34 30 35 0D
1779567664129,74 34 35 31 38 30 30 30 30 30 30 30 30 30 30 30 30 30 30 30 30 0D
1779567664137,74 34 35 31 38 30 30 30 30 30 30 30 30 30 30 30 30 30 30 30 30 0D
1779567664151,74 34 35 35 38 45 42 46 46 30 39 30 30 39 44 46 46 30 30 30 30 0D
1779567664157,74 34 35 31 38 30 30 30 30 30 30 30 30 30 30 30 30 30 30 30 30 0D
1779567664179,74 34 35 35 38 45 42 46 46 30 39 30 30 39 44 46 46 30 30 30 30 0D
1779567664184,74 34 35 31 38 30 30 30 30 30 30 30 30 30 30 30 30 30 30 30 30 0D
1779567664204,74 34 35 31 38 30 30 30 30 30 30 30 30 30 30 30 30 30 30 30 30 0D
1779567664210,74 34 35 35 38 45 42 46 46 30 39 30 30 39 44 46 46 30 30 30 30 0D
1779567664215,74 34 35 30 38 30 30 30 30 30 37 30 30 30 30 30 30 45 34 30 35 0D
1779567664229,74 34 35 31 38 30 30 30 30 30 30 30 30 30 30 30 30 30 30 30 30 0D
1779567664238,74 34 35 31 38 30 30 30 30 30 30 30 30 30 30 30 30 30 30 30 30 0D
1779567664251,74 34 35 35 38 45 42 46 46 30 39 30 30 39 44 46 46 30 30 30 30 0D
1779567664258,74 34 35 31 38 30 30 30 30 30 30 30 30 30 30 30 30 30 30 30 30 0D
1779567664273,74 34 35 35 38 45 42 46 46 30 39 30 30 39 44 46 46 30 30 30 30 0D
1779567664280,74 34 35 31 38 30 30 30 30 30 30 30 30 30 30 30 30 30 30 30 30 0D
1779567664286,74 34 35 36 38 45 44 46 46 30 38 30 30 30 34 30 30 30 30 30 30 0D
1779567664299,74 34 35 31 38 30 30 30 30 30 30 30 30 30 30 30 30 30 30 30 30 0D
1779567664308,74 34 35 35 38 45 42 46 46 30 39 30 30 39 44 46 46 30 30 30 30 0D
1779567664318,74 34 35 30 38 30 30 30 30 30 37 30 30 30 30 30 30 45 34 30 35 0D
1779567664325,74 34 35 31 38 30 30 30 30 30 30 30 30 30 30 30 30 30 30 30 30 0D
1779567664339,74 34 35 31 38 30 30 30 30 30 30 30 30 30 30 30 30 30 30 30 30 0D
1779567664358,74 34 35 35 38 45 41 46 46 30 37 30 30 39 46 46 46 30 30 30 30 0D
1779567664364,74 34 35 31 38 30 30 30 30 30 30 30 30 30 30 30 30 30 30 30 30 0D
1779567664371,74 34 35 37 38 30 30 30 30 30 30 30 30 36 34 31 34 30 30 30 30 0D
1779567664381,74 34 35 31 38 30 30 30 30 30 30 30 30 30 30 30 30 30 30 30 30 0D
1779567664401,74 34 35 31 38 30 30 30 30 30 30 30 30 30 30 30 30 30 30 30 30 0D
1779567664413,74 34 35 35 38 45 41 46 46 30 37 30 30 39 46 46 46 30 30 30 30 0D
1779567664418,74 34 35 30 38 30 30 30 30 30 37 30 30 30 30 30 30 45 34 30 35 0D
1779567664429,74 34 35 31 38 30 30 30 30 30 30 30 30 30 30 30 30 30 30 30 30 0D
1779567664438,74 34 35 31 38 30 30 30 30 30 30 30 30 30 30 30 30 30 30 30 30 0D
1779567664450,74 34 35 35 38 45 41 46 46 30 37 30 30 39 46 46 46 30 30 30 30 0D
1779567664457,74 34 35 31 38 30 30 30 30 30 30 30 30 30 30 30 30 30 30 30 30 0D
1779567664477,74 34 35 35 38 45 41 46 46 30 37 30 30 39 46 46 46 30 30 30 30 0D
1779567664490,74 34 35 31 38 30 30 30 30 30 30 30 30 30 30 30 30 30 30 30 30 0D
1779567664495,74 34 35 31 38 30 30 30 30 30 30 30 30 30 30 30 30 30 30 30 30 0D
1779567664505,74 34 35 35 38 45 41 46 46 30 37 30 30 39 46 46 46 30 30 30 30 0D
1779567664515,74 34 35 30 38 30 30 30 30 30 37 30 30 30 30 30 30 45 34 30 35 0D
1779567664524,74 34 35 31 38 30 30 30 30 30 30 30 30 30 30 30 30 30 30 30 30 0D
1779567664536,74 34 35 31 38 30 30 30 30 30 30 30 30 30 30 30 30 30 30 30 30 0D
1779567664552,74 34 35 35 38 45 41 46 46 30 37 30 30 39 45 46 46 30 30 30 30 0D
1779567664561,74 34 35 31 38 30 30 30 30 30 30 30 30 30 30 30 30 30 30 30 30 0D
1779567664580,74 34 35 35 38 45 41 46 46 30 37 30 30 39 45 46 46 30 30 30 30 0D
1779567664587,74 34 35 31 38 30 30 30 30 30 30 30 30 30 30 30 30 30 30 30 30 0D
1779567664600,74 34 35 31 38 30 30 30 30 30 30 30 30 30 30 30 30 30 30 30 30 0D
1779567664613,74 34 35 35 38 45 41 46 46 30 37 30 30 39 45 46 46 30 30 30 30 0D
1779567664617,74 34 35 30 38 30 30 30 30 30 37 30 30 30 30 30 30 45 34 30 35 0D
1779567664628,74 34 35 31 38 30 30 30 30 30 30 30 30 30 30 30 30 30 30 30 30 0D
1779567664644,74 34 35 31 38 30 30 30 30 30 30 30 30 30 30 30 30 30 30 30 30 0D
1779567664669,74 34 35 35 38 45 41 46 46 30 37 30 30 39 45 46 46 30 30 30 30 0D
1779567664676,74 34 35 37 38 30 30 30 30 30 31 30 30 36 34 31 34 30 30 30 30 0D
1779567664686,74 34 35 36 38 45 44 46 46 30 37 30 30 30 34 30 30 30 30 30 30 0D
1779567664698,74 34 35 31 38 30 30 30 30 30 30 30 30 30 30 30 30 30 30 30 30 0D
1779567664714,74 34 35 35 38 45 41 46 46 30 37 30 30 39 45 46 46 30 30 30 30 0D
1779567664721,74 34 35 30 38 30 30 30 30 30 37 30 30 30 30 30 30 45 34 30 35 0D
1779567664730,74 34 35 31 38 30 30 30 30 30 30 30 30 30 30 30 30 30 30 30 30 0D
1779567664734,74 34 35 31 38 30 30 30 30 30 30 30 30 30 30 30 30 30 30 30 30 0D
1779567664749,74 34 35 35 38 45 41 46 46 30 37 30 30 39 46 46 46 30 30 30 30 0D
1779567664761,74 34 35 31 38 30 30 30 30 30 30 30 30 30 30 30 30 30 30 30 30 0D
1779567664770,74 34 35 35 38 45 41 46 46 30 37 30 30 39 46 46 46 30 30 30 30 0D
1779567664785,74 34 35 37 38 30 30 30 30 30 31 30 30 36 34 31 34 30 30 30 30 0D
1779567664797,74 34 35 31 38 30 30 30 30 30 30 30 30 30 30 30 30 30 30 30 30 0D
1779567664807,74 34 35 35 38 45 41 46 46 30 37 30 30 39 46 46 46 30 30 30 30 0D
1779567664817,74 34 35 30 38 30 30 30 30 30 37 30 30 30 30 30 30 45 34 30 35 0D
1779567664830,74 34 35 31 38 30 30 30 30 30 30 30 30 30 30 30 30 30 30 30 30 0D
1779567664849,74 34 35 31 38 30 30 30 30 30 30 30 30 30 30 30 30 30 30 30 30 0D
1779567664854,74 34 35 35 38 45 41 46 46 30 37 30 30 39 46 46 46 30 30 30 30 0D
1779567664862,74 34 35 31 38 30 30 30 30 30 30 30 30 30 30 30 30 30 30 30 30 0D
1779567664878,74 34 35 35 38 45 41 46 46 30 37 30 30 39 46 46 46 30 30 30 30 0D
1779567664887,74 34 35 31 38 30 30 30 30 30 30 30 30 30 30 30 30 30 30 30 30 0D
1779567664897,74 34 35 31 38 30 30 30 30 30 30 30 30 30 30 30 30 30 30 30 30 0D
1779567664905,74 34 35 35 38 45 41 46 46 30 37 30 30 39 46 46 46 30 30 30 30 0D
1779567664919,74 34 35 30 38 30 30 30 30 30 37 30 30 30 30 30 30 45 34 30 35 0D
1779567664930,74 34 35 31 38 30 30 30 30 30 30 30 30 30 30 30 30 30 30 30 30 0D
1779567664938,74 34 35 31 38 30 30 30 30 30 30 30 30 30 30 30 30 30 30 30 30 0D
1779567664948,74 34 35 35 38 45 39 46 46 30 37 30 30 39 46 46 46 30 30 30 30 0D
1779567664964,74 34 35 31 38 30 30 30 30 30 30 30 30 30 30 30 30 30 30 30 30 0D
1779567664991,74 34 35 35 38 45 39 46 46 30 37 30 30 39 46 46 46 30 30 30 30 0D
1779567664999,74 34 35 31 38 30 30 30 30 30 30 30 30 30 30 30 30 30 30 30 30 0D
1779567665012,74 34 35 35 38 45 39 46 46 30 37 30 30 39 46 46 46 30 30 30 30 0D
1779567665018,74 34 35 30 38 30 30 30 30 30 37 30 30 30 30 30 30 45 34 30 35 0D
1779567665027,74 34 35 31 38 30 30 30 30 30 30 30 30 30 30 30 30 30 30 30 30 0D
1779567665038,74 34 35 31 38 30 30 30 30 30 30 30 30 30 30 30 30 30 30 30 30 0D
1779567665050,74 34 35 35 38 45 39 46 46 30 37 30 30 39 46 46 46 30 30 30 30 0D
1779567665061,74 34 35 31 38 30 30 30 30 30 30 30 30 30 30 30 30 30 30 30 30 0D
1779567665077,74 34 35 35 38 45 39 46 46 30 37 30 30 39 46 46 46 30 30 30 30 0D
1779567665084,74 34 35 31 38 30 30 30 30 30 30 30 30 30 30 30 30 30 30 30 30 0D
1779567665089,74 34 35 35 38 45 39 46 46 30 37 30 30 39 46 46 46 30 30 30 30 0D
1779567665096,74 34 35 31 38 30 30 30 30 30 30 30 30 30 30 30 30 30 30 30 30 0D
1779567665112,74 34 35 35 38 45 39 46 46 30 37 30 30 39 46 46 46 30 30 30 30 0D
1779567665116,74 34 35 30 38 30 30 30 30 30 37 30 30 30 30 30 30 45 34 30 35 0D
1779567665135,74 34 35 31 38 30 30 30 30 30 30 30 30 30 30 30 30 30 30 30 30 0D
1779567665142,74 34 35 31 38 30 30 30 30 30 30 30 30 30 30 30 30 30 30 30 30 0D
1779567665149,74 34 35 36 38 45 45 46 46 30 37 30 30 30 34 30 30 30 30 30 30 0D
1779567665158,74 34 35 31 38 30 30 30 30 30 30 30 30 30 30 30 30 30 30 30 30 0D
1779567665175,74 34 35 35 38 45 41 46 46 30 37 30 30 39 46 46 46 30 30 30 30 0D
1779567665188,74 34 35 35 38 45 41 46 46 30 37 30 30 39 46 46 46 30 30 30 30 0D
1779567665198,74 34 35 31 38 30 30 30 30 30 30 30 30 30 30 30 30 30 30 30 30 0D
1779567665203,74 34 35 35 38 45 41 46 46 30 37 30 30 39 46 46 46 30 30 30 30 0D
1779567665230,74 34 35 30 38 30 30 30 30 30 37 30 30 30 30 30 30 45 34 30 35 0D
1779567665240,74 34 35 31 38 30 30 30 30 30 30 30 30 30 30 30 30 30 30 30 30 0D
1779567665244,74 34 35 35 38 45 41 46 46 30 37 30 30 39 46 46 46 30 30 30 30 0D
1779567665254,74 34 35 31 38 30 30 30 30 30 30 30 30 30 30 30 30 30 30 30 30 0D
1779567665271,74 34 35 35 38 45 41 46 46 30 37 30 30 39 46 46 46 30 30 30 30 0D
1779567665279,74 34 35 31 38 30 30 30 30 30 30 30 30 30 30 30 30 30 30 30 30 0D
1779567665287,74 34 35 35 38 45 41 46 46 30 37 30 30 39 46 46 46 30 30 30 30 0D
1779567665297,74 34 35 31 38 30 30 30 30 30 30 30 30 30 30 30 30 30 30 30 30 0D
1779567665304,74 34 35 35 38 45 41 46 46 30 37 30 30 39 46 46 46 30 30 30 30 0D
1779567665311,74 34 35 36 38 45 45 46 46 30 37 30 30 30 34 30 30 30 30 30 30 0D
1779567665315,74 34 35 30 38 30 30 30 30 30 37 30 30 30 30 30 30 45 34 30 35 0D
1779567665328,74 34 35 31 38 30 30 30 30 30 30 30 30 30 30 30 30 30 30 30 30 0D
1779567665336,74 34 35 31 38 30 30 30 30 30 30 30 30 30 30 30 30 30 30 30 30 0D
1779567665349,74 34 35 35 38 45 41 46 46 30 38 30 30 39 46 46 46 30 30 30 30 0D
1779567665355,74 34 35 31 38 30 30 30 30 30 30 30 30 30 30 30 30 30 30 30 30 0D
1779567665390,74 34 35 35 38 45 41 46 46 30 38 30 30 39 46 46 46 30 30 30 30 0D
1779567665399,74 34 35 31 38 30 30 30 30 30 30 30 30 30 30 30 30 30 30 30 30 0D
1779567665406,74 34 35 35 38 45 41 46 46 30 38 30 30 39 46 46 46 30 30 30 30 0D
1779567665417,74 34 35 30 38 30 30 30 30 30 37 30 30 30 30 30 30 45 34 30 35 0D
1779567665429,74 34 35 31 38 30 30 30 30 30 30 30 30 30 30 30 30 30 30 30 30 0D
1779567665435,74 34 35 31 38 30 30 30 30 30 30 30 30 30 30 30 30 30 30 30 30 0D
1779567665444,74 34 35 35 38 45 41 46 46 30 38 30 30 39 46 46 46 30 30 30 30 0D
1779567665461,74 34 35 31 38 30 30 30 30 30 30 30 30 30 30 30 30 30 30 30 30 0D
1779567665490,74 34 35 35 38 45 41 46 46 30 38 30 30 39 46 46 46 30 30 30 30 0D
1779567665499,74 34 35 31 38 30 30 30 30 30 30 30 30 30 30 30 30 30 30 30 30 0D
1779567665515,74 34 35 35 38 45 41 46 46 30 38 30 30 39 46 46 46 30 30 30 30 0D
1779567665522,74 34 35 30 38 30 30 30 30 30 37 30 30 30 30 30 30 45 34 30 35 0D
1779567665530,74 34 35 31 38 30 30 30 30 30 30 30 30 30 30 30 30 30 30 30 30 0D
1779567665544,74 34 35 31 38 30 30 30 30 30 30 30 30 30 30 30 30 30 30 30 30 0D
1779567665552,74 34 35 35 38 45 41 46 46 30 37 30 30 39 46 46 46 30 30 30 30 0D
1779567665562,74 34 35 31 38 30 30 30 30 30 30 30 30 30 30 30 30 30 30 30 30 0D
1779567665568,74 34 35 37 38 30 30 30 30 30 30 30 30 36 34 31 34 30 30 30 30 0D
1779567665577,74 34 35 39 38 41 31 41 34 42 45 31 36 30 43 31 42 30 33 42 37 0D
1779567665589,74 34 35 31 38 30 30 30 30 30 30 30 30 30 30 30 30 30 30 30 30 0D
1779567665596,74 34 35 31 38 30 30 30 30 30 30 30 30 30 30 30 30 30 30 30 30 0D
1779567665607,74 34 35 35 38 45 41 46 46 30 37 30 30 39 46 46 46 30 30 30 30 0D
1779567665617,74 34 35 30 38 30 30 30 30 30 37 30 30 30 30 30 30 45 34 30 35 0D
1779567665627,74 34 35 31 38 30 30 30 30 30 30 30 30 30 30 30 30 30 30 30 30 0D
1779567665635,74 34 35 31 38 30 30 30 30 30 30 30 30 30 30 30 30 30 30 30 30 0D
1779567665647,74 34 35 35 38 45 41 46 46 30 37 30 30 39 46 46 46 30 30 30 30 0D
1779567665659,74 34 35 31 38 30 30 30 30 30 30 30 30 30 30 30 30 30 30 30 30 0D
1779567665676,74 34 35 35 38 45 41 46 46 30 37 30 30 39 46 46 46 30 30 30 30 0D
1779567665690,74 34 35 39 38 41 30 41 34 42 45 31 36 30 43 31 42 30 33 42 37 0D
1779567665699,74 34 35 31 38 30 30 30 30 30 30 30 30 30 30 30 30 30 30 30 30 0D
1779567665709,74 34 35 35 38 45 41 46 46 30 37 30 30 39 46 46 46 30 30 30 30 0D
1779567665717,74 34 35 30 38 30 30 30 30 30 37 30 30 30 30 30 30 45 34 30 35 0D
1779567665733,74 34 35 31 38 30 30 30 30 30 30 30 30 30 30 30 30 30 30 30 30 0D
1779567665740,74 34 35 31 38 30 30 30 30 30 30 30 30 30 30 30 30 30 30 30 30 0D
1779567665748,74 34 35 35 38 45 41 46 46 30 37 30 30 39 46 46 46 30 30 30 30 0D
1779567665758,74 34 35 31 38 30 30 30 30 30 30 30 30 30 30 30 30 30 30 30 30 0D
1779567665765,74 34 35 35 38 45 41 46 46 30 37 30 30 39 46 46 46 30 30 30 30 0D
1779567665774,74 34 35 37 38 30 30 30 30 30 30 30 30 36 34 31 34 30 30 30 30 0D
1779567665779,74 34 35 39 38 41 30 41 34 42 45 31 36 30 43 31 42 30 33 42 37 0D
1779567665791,74 34 35 35 38 45 41 46 46 30 37 30 30 39 46 46 46 30 30 30 30 0D
1779567665795,74 34 35 31 38 30 30 30 30 30 30 30 30 30 30 30 30 30 30 30 30 0D
1779567665807,74 34 35 35 38 45 41 46 46 30 37 30 30 39 46 46 46 30 30 30 30 0D
1779567665819,74 34 35 30 38 30 30 30 30 30 37 30 30 30 30 30 30 45 34 30 35 0D
1779567665841,74 34 35 31 38 30 30 30 30 30 30 30 30 30 30 30 30 30 30 30 30 0D
1779567665845,74 34 35 31 38 30 30 30 30 30 30 30 30 30 30 30 30 30 30 30 30 0D
1779567665859,74 34 35 31 38 30 30 30 30 30 30 30 30 30 30 30 30 30 30 30 30 0D
1779567665878,74 34 35 35 38 45 41 46 46 30 37 30 30 39 46 46 46 30 30 30 30 0D
1779567665887,74 34 35 31 38 30 30 30 30 30 30 30 30 30 30 30 30 30 30 30 30 0D
1779567665895,74 34 35 35 38 45 41 46 46 30 37 30 30 39 46 46 46 30 30 30 30 0D
1779567665901,74 34 35 31 38 30 30 30 30 30 30 30 30 30 30 30 30 30 30 30 30 0D
1779567665909,74 34 35 35 38 45 41 46 46 30 37 30 30 39 46 46 46 30 30 30 30 0D
1779567665917,74 34 35 30 38 30 30 30 30 30 37 30 30 30 30 30 30 45 34 30 35 0D
1779567665928,74 34 35 31 38 30 30 30 30 30 30 30 30 30 30 30 30 30 30 30 30 0D
1779567665934,74 34 35 31 38 30 30 30 30 30 30 30 30 30 30 30 30 30 30 30 30 0D
1779567665947,74 34 35 35 38 45 41 46 46 30 37 30 30 39 46 46 46 30 30 30 30 0D
1779567665958,74 34 35 31 38 30 30 30 30 30 30 30 30 30 30 30 30 30 30 30 30 0D
1779567665978,74 34 35 35 38 45 41 46 46 30 37 30 30 39 46 46 46 30 30 30 30 0D
1779567665991,74 34 35 35 38 45 41 46 46 30 37 30 30 39 46 46 46 30 30 30 30 0D
1779567665997,74 34 35 31 38 30 30 30 30 30 30 30 30 30 30 30 30 30 30 30 30 0D
1779567666008,74 34 35 35 38 45 41 46 46 30 37 30 30 39 46 46 46 30 30 30 30 0D
1779567666022,74 34 35 30 38 30 30 30 30 30 37 30 30 30 30 30 30 45 34 30 35 0D
1779567666041,74 34 35 31 38 30 30 30 30 30 30 30 30 30 30 30 30 30 30 30 30 0D
1779567666061,74 34 35 31 38 30 30 30 30 30 30 30 30 30 30 30 30 30 30 30 30 0D
1779567666081,74 34 35 35 38 45 41 46 46 30 37 30 30 39 46 46 46 30 30 30 30 0D
1779567666090,74 34 35 31 38 30 30 30 30 30 30 30 30 30 30 30 30 30 30 30 30 0D
1779567666101,74 34 35 36 38 45 45 46 46 30 38 30 30 30 35 30 30 30 30 30 30 0D
1779567666109,74 34 35 31 38 30 30 30 30 30 30 30 30 30 30 30 30 30 30 30 30 0D
1779567666120,74 34 35 30 38 30 30 30 30 30 37 30 30 30 30 30 30 45 34 30 35 0D
1779567666128,74 34 35 31 38 30 30 30 30 30 30 30 30 30 30 30 30 30 30 30 30 0D
1779567666142,74 34 35 31 38 30 30 30 30 30 30 30 30 30 30 30 30 30 30 30 30 0D
1779567666156,74 34 35 35 38 45 41 46 46 30 37 30 30 39 46 46 46 30 30 30 30 0D
1779567666160,74 34 35 31 38 30 30 30 30 30 30 30 30 30 30 30 30 30 30 30 30 0D
1779567666165,74 34 35 35 38 45 41 46 46 30 37 30 30 39 46 46 46 30 30 30 30 0D
1779567666171,74 34 35 37 38 30 30 30 30 30 30 30 30 36 34 31 34 30 30 30 30 0D
1779567666175,74 34 35 39 38 39 45 41 34 42 45 31 36 30 42 31 42 30 33 42 37 0D
1779567666180,74 34 35 31 38 30 30 30 30 30 30 30 30 30 30 30 30 30 30 30 30 0D
1779567666187,74 34 35 35 38 45 41 46 46 30 37 30 30 39 46 46 46 30 30 30 30 0D
1779567666195,74 34 35 31 38 30 30 30 30 30 30 30 30 30 30 30 30 30 30 30 30 0D
1779567666205,74 34 35 35 38 45 41 46 46 30 37 30 30 39 46 46 46 30 30 30 30 0D
1779567666223,74 34 35 30 38 30 30 30 30 30 37 30 30 30 30 30 30 45 34 30 35 0D
1779567666229,74 34 35 31 38 30 30 30 30 30 30 30 30 30 30 30 30 30 30 30 30 0D
1779567666238,74 34 35 31 38 30 30 30 30 30 30 30 30 30 30 30 30 30 30 30 30 0D
1779567666249,74 34 35 36 38 45 45 46 46 30 38 30 30 30 35 30 30 30 30 30 30 0D
1779567666260,74 34 35 31 38 30 30 30 30 30 30 30 30 30 30 30 30 30 30 30 30 0D
1779567666275,74 34 35 35 38 45 41 46 46 30 37 30 30 39 46 46 46 30 30 30 30 0D
1779567666282,74 34 35 31 38 30 30 30 30 30 30 30 30 30 30 30 30 30 30 30 30 0D
1779567666285,74 34 35 36 38 45 45 46 46 30 38 30 30 30 35 30 30 30 30 30 30 0D
1779567666297,74 34 35 31 38 30 30 30 30 30 30 30 30 30 30 30 30 30 30 30 30 0D
1779567666305,74 34 35 35 38 45 41 46 46 30 37 30 30 39 46 46 46 30 30 30 30 0D
1779567666311,74 34 35 36 38 45 45 46 46 30 38 30 30 30 35 30 30 30 30 30 30 0D
1779567666323,74 34 35 30 38 30 30 30 30 30 37 30 30 30 30 30 30 45 34 30 35 0D
1779567666338,74 34 35 31 38 30 30 30 30 30 30 30 30 30 30 30 30 30 30 30 30 0D
1779567666360,74 34 35 31 38 30 30 30 30 30 30 30 30 30 30 30 30 30 30 30 30 0D
1779567666375,74 34 35 35 38 45 39 46 46 30 37 30 30 39 46 46 46 30 30 30 30 0D
1779567666382,74 34 35 31 38 30 30 30 30 30 30 30 30 30 30 30 30 30 30 30 30 0D
1779567666389,74 34 35 35 38 45 39 46 46 30 37 30 30 39 46 46 46 30 30 30 30 0D
1779567666397,74 34 35 31 38 30 30 30 30 30 30 30 30 30 30 30 30 30 30 30 30 0D
1779567666408,74 34 35 35 38 45 39 46 46 30 37 30 30 39 46 46 46 30 30 30 30 0D
1779567666416,74 34 35 30 38 30 30 30 30 30 37 30 30 30 30 30 30 45 34 30 35 0D
1779567666428,74 34 35 31 38 30 30 30 30 30 30 30 30 30 30 30 30 30 30 30 30 0D
1779567666438,74 34 35 31 38 30 30 30 30 30 30 30 30 30 30 30 30 30 30 30 30 0D
1779567666454,74 34 35 35 38 45 39 46 46 30 37 30 30 39 46 46 46 30 30 30 30 0D
1779567666458,74 34 35 31 38 30 30 30 30 30 30 30 30 30 30 30 30 30 30 30 30 0D
1779567666480,74 34 35 35 38 45 39 46 46 30 37 30 30 39 46 46 46 30 30 30 30 0D
1779567666486,74 34 35 31 38 30 30 30 30 30 30 30 30 30 30 30 30 30 30 30 30 0D
1779567666490,74 34 35 35 38 45 39 46 46 30 37 30 30 39 46 46 46 30 30 30 30 0D
1779567666506,74 34 35 31 38 30 30 30 30 30 30 30 30 30 30 30 30 30 30 30 30 0D
1779567666513,74 34 35 35 38 45 39 46 46 30 37 30 30 39 46 46 46 30 30 30 30 0D
1779567666520,74 34 35 30 38 30 30 30 30 30 37 30 30 30 30 30 30 45 34 30 35 0D
1779567666526,74 34 35 31 38 30 30 30 30 30 30 30 30 30 30 30 30 30 30 30 30 0D
1779567666538,74 34 35 31 38 30 30 30 30 30 30 30 30 30 30 30 30 30 30 30 30 0D
1779567666554,74 34 35 35 38 45 41 46 46 30 37 30 30 39 46 46 46 30 30 30 30 0D
1779567666559,74 34 35 31 38 30 30 30 30 30 30 30 30 30 30 30 30 30 30 30 30 0D
1779567666572,74 34 35 35 38 45 41 46 46 30 37 30 30 39 46 46 46 30 30 30 30 0D
1779567666590,74 34 35 37 38 30 30 30 30 30 30 30 30 36 34 31 34 30 30 30 30 0D
1779567666595,74 34 35 31 38 30 30 30 30 30 30 30 30 30 30 30 30 30 30 30 30 0D
1779567666606,74 34 35 35 38 45 41 46 46 30 37 30 30 39 46 46 46 30 30 30 30 0D
1779567666615,74 34 35 30 38 30 30 30 30 30 37 30 30 30 30 30 30 45 34 30 35 0D
1779567666632,74 34 35 31 38 30 30 30 30 30 30 30 30 30 30 30 30 30 30 30 30 0D
1779567666640,74 34 35 31 38 30 30 30 30 30 30 30 30 30 30 30 30 30 30 30 30 0D
1779567666649,74 34 35 35 38 45 41 46 46 30 37 30 30 39 46 46 46 30 30 30 30 0D
1779567666656,74 34 35 31 38 30 30 30 30 30 30 30 30 30 30 30 30 30 30 30 30 0D
1779567666683,74 34 35 35 38 45 41 46 46 30 37 30 30 39 46 46 46 30 30 30 30 0D
1779567666687,74 34 35 31 38 30 30 30 30 30 30 30 30 30 30 30 30 30 30 30 30 0D
1779567666696,74 34 35 31 38 30 30 30 30 30 30 30 30 30 30 30 30 30 30 30 30 0D
1779567666707,74 34 35 35 38 45 41 46 46 30 37 30 30 39 46 46 46 30 30 30 30 0D
1779567666718,74 34 35 30 38 30 30 30 30 30 37 30 30 30 30 30 30 45 34 30 35 0D
1779567666728,74 34 35 31 38 30 30 30 30 30 30 30 30 30 30 30 30 30 30 30 30 0D
1779567666738,74 34 35 31 38 30 30 30 30 30 30 30 30 30 30 30 30 30 30 30 30 0D
1779567666760,74 34 35 35 38 45 41 46 46 30 37 30 30 39 45 46 46 30 30 30 30 0D
1779567666768,74 34 35 35 38 45 41 46 46 30 37 30 30 39 45 46 46 30 30 30 30 0D
1779567666795,74 34 35 37 38 30 30 30 30 30 31 30 30 36 34 31 34 30 30 30 30 0D
1779567666802,74 34 35 31 38 30 30 30 30 30 30 30 30 30 30 30 30 30 30 30 30 0D
1779567666809,74 34 35 35 38 45 41 46 46 30 37 30 30 39 45 46 46 30 30 30 30 0D
1779567666816,74 34 35 30 38 30 30 30 30 30 37 30 30 30 30 30 30 45 34 30 35 0D
1779567666829,74 34 35 31 38 30 30 30 30 30 30 30 30 30 30 30 30 30 30 30 30 0D
1779567666837,74 34 35 31 38 30 30 30 30 30 30 30 30 30 30 30 30 30 30 30 30 0D
1779567666846,74 34 35 35 38 45 41 46 46 30 37 30 30 39 45 46 46 30 30 30 30 0D
1779567666854,74 34 35 31 38 30 30 30 30 30 30 30 30 30 30 30 30 30 30 30 30 0D
1779567666891,74 34 35 35 38 45 41 46 46 30 37 30 30 39 45 46 46 30 30 30 30 0D
1779567666899,74 34 35 31 38 30 30 30 30 30 30 30 30 30 30 30 30 30 30 30 30 0D
1779567666908,74 34 35 35 38 45 41 46 46 30 37 30 30 39 45 46 46 30 30 30 30 0D
1779567666917,74 34 35 30 38 30 30 30 30 30 37 30 30 30 30 30 30 45 34 30 35 0D
1779567666938,74 34 35 31 38 30 30 30 30 30 30 30 30 30 30 30 30 30 30 30 30 0D 74 34 35 31 38 30 30 30 30 30 30 30 30 30 30 30 30 30 30 30 30 0D
1779567666948,74 34 35 35 38 45 41 46 46 30 37 30 30 39 46 46 46 30 30 30 30 0D
1779567666958,74 34 35 31 38 30 30 30 30 30 30 30 30 30 30 30 30 30 30 30 30 0D
1779567666987,74 34 35 35 38 45 41 46 46 30 37 30 30 39 46 46 46 30 30 30 30 0D
1779567666997,74 34 35 31 38 30 30 30 30 30 30 30 30 30 30 30 30 30 30 30 30 0D
1779567667006,74 34 35 35 38 45 41 46 46 30 37 30 30 39 46 46 46 30 30 30 30 0D
1779567667016,74 34 35 30 38 30 30 30 30 30 37 30 30 30 30 30 30 45 34 30 35 0D
1779567667030,74 34 35 31 38 30 30 30 30 30 30 30 30 30 30 30 30 30 30 30 30 0D
1779567667045,74 34 35 31 38 30 30 30 30 30 30 30 30 30 30 30 30 30 30 30 30 0D
1779567667049,74 34 35 35 38 45 41 46 46 30 37 30 30 39 46 46 46 30 30 30 30 0D
1779567667055,74 34 35 31 38 30 30 30 30 30 30 30 30 30 30 30 30 30 30 30 30 0D
1779567667092,74 34 35 35 38 45 41 46 46 30 37 30 30 39 46 46 46 30 30 30 30 0D
1779567667099,74 34 35 31 38 30 30 30 30 30 30 30 30 30 30 30 30 30 30 30 30 0D
1779567667112,74 34 35 35 38 45 41 46 46 30 37 30 30 39 46 46 46 30 30 30 30 0D
1779567667116,74 34 35 30 38 30 30 30 30 30 37 30 30 30 30 30 30 45 34 30 35 0D
1779567667130,74 34 35 31 38 30 30 30 30 30 30 30 30 30 30 30 30 30 30 30 30 0D
1779567667143,74 34 35 31 38 30 30 30 30 30 30 30 30 30 30 30 30 30 30 30 30 0D
1779567667152,74 34 35 35 38 45 41 46 46 30 37 30 30 39 46 46 46 30 30 30 30 0D
1779567667155,74 34 35 31 38 30 30 30 30 30 30 30 30 30 30 30 30 30 30 30 30 0D
1779567667169,74 34 35 35 38 45 41 46 46 30 37 30 30 39 46 46 46 30 30 30 30 0D
1779567667188,74 34 35 39 38 39 39 41 34 42 45 31 36 30 44 31 42 30 33 42 37 0D
1779567667197,74 34 35 31 38 30 30 30 30 30 30 30 30 30 30 30 30 30 30 30 30 0D
1779567667207,74 34 35 35 38 45 41 46 46 30 37 30 30 39 46 46 46 30 30 30 30 0D
1779567667222,74 34 35 30 38 30 30 30 30 30 37 30 30 30 30 30 30 45 34 30 35 0D
1779567667232,74 34 35 31 38 30 30 30 30 30 30 30 30 30 30 30 30 30 30 30 30 0D
1779567667240,74 34 35 31 38 30 30 30 30 30 30 30 30 30 30 30 30 30 30 30 30 0D
1779567667253,74 34 35 36 38 45 44 46 46 30 37 30 30 30 34 30 30 30 30 30 30 0D
1779567667260,74 34 35 31 38 30 30 30 30 30 30 30 30 30 30 30 30 30 30 30 30 0D
1779567667280,74 34 35 35 38 45 41 46 46 30 37 30 30 39 46 46 46 30 30 30 30 0D
1779567667286,74 34 35 31 38 30 30 30 30 30 30 30 30 30 30 30 30 30 30 30 30 0D
1779567667295,74 34 35 35 38 45 41 46 46 30 37 30 30 39 46 46 46 30 30 30 30 0D
1779567667300,74 34 35 31 38 30 30 30 30 30 30 30 30 30 30 30 30 30 30 30 30 0D
1779567667306,74 34 35 35 38 45 41 46 46 30 37 30 30 39 46 46 46 30 30 30 30 0D
1779567667317,74 34 35 30 38 30 30 30 30 30 37 30 30 30 30 30 30 45 34 30 35 0D
1779567667328,74 34 35 31 38 30 30 30 30 30 30 30 30 30 30 30 30 30 30 30 30 0D
1779567667338,74 34 35 31 38 30 30 30 30 30 30 30 30 30 30 30 30 30 30 30 30 0D
1779567667356,74 34 35 35 38 45 41 46 46 30 37 30 30 39 46 46 46 30 30 30 30 0D
1779567667360,74 34 35 31 38 30 30 30 30 30 30 30 30 30 30 30 30 30 30 30 30 0D
1779567667373,74 34 35 35 38 45 41 46 46 30 37 30 30 39 46 46 46 30 30 30 30 0D
1779567667386,74 34 35 31 38 30 30 30 30 30 30 30 30 30 30 30 30 30 30 30 30 0D
1779567667404,74 34 35 31 38 30 30 30 30 30 30 30 30 30 30 30 30 30 30 30 30 0D
1779567667408,74 34 35 35 38 45 41 46 46 30 37 30 30 39 46 46 46 30 30 30 30 0D
1779567667417,74 34 35 30 38 30 30 30 30 30 37 30 30 30 30 30 30 45 34 30 35 0D
1779567667430,74 34 35 31 38 30 30 30 30 30 30 30 30 30 30 30 30 30 30 30 30 0D
1779567667440,74 34 35 31 38 30 30 30 30 30 30 30 30 30 30 30 30 30 30 30 30 0D
1779567667453,74 34 35 35 38 45 41 46 46 30 37 30 30 39 46 46 46 30 30 30 30 0D
1779567667456,74 34 35 31 38 30 30 30 30 30 30 30 30 30 30 30 30 30 30 30 30 0D
1779567667475,74 34 35 36 38 45 44 46 46 30 37 30 30 30 34 30 30 30 30 30 30 0D
1779567667481,74 34 35 31 38 30 30 30 30 30 30 30 30 30 30 30 30 30 30 30 30 0D
1779567667487,74 34 35 35 38 45 41 46 46 30 37 30 30 39 46 46 46 30 30 30 30 0D
1779567667496,74 34 35 31 38 30 30 30 30 30 30 30 30 30 30 30 30 30 30 30 30 0D
1779567667506,74 34 35 35 38 45 41 46 46 30 37 30 30 39 46 46 46 30 30 30 30 0D
1779567667519,74 34 35 30 38 30 30 30 30 30 37 30 30 30 30 30 30 45 34 30 35 0D
1779567667537,74 34 35 31 38 30 30 30 30 30 30 30 30 30 30 30 30 30 30 30 30 0D
1779567667556,74 34 35 31 38 30 30 30 30 30 30 30 30 30 30 30 30 30 30 30 30 0D
1779567667570,74 34 35 35 38 45 39 46 46 30 37 30 30 39 46 46 46 30 30 30 30 0D
1779567667577,74 34 35 37 38 30 30 30 30 30 31 30 30 36 34 31 34 30 30 30 30 0D
1779567667591,74 34 35 31 38 30 30 30 30 30 30 30 30 30 30 30 30 30 30 30 30 0D
1779567667601,74 34 35 31 38 30 30 30 30 30 30 30 30 30 30 30 30 30 30 30 30 0D
1779567667613,74 34 35 35 38 45 39 46 46 30 37 30 30 39 46 46 46 30 30 30 30 0D
1779567667625,74 34 35 30 38 30 30 30 30 30 37 30 30 30 30 30 30 45 34 30 35 0D
1779567667635,74 34 35 31 38 30 30 30 30 30 30 30 30 30 30 30 30 30 30 30 30 0D
1779567667639,74 34 35 31 38 30 30 30 30 30 30 30 30 30 30 30 30 30 30 30 30 0D
1779567667651,74 34 35 35 38 45 39 46 46 30 37 30 30 39 46 46 46 30 30 30 30 0D
1779567667659,74 34 35 31 38 30 30 30 30 30 30 30 30 30 30 30 30 30 30 30 30 0D
1779567667688,74 34 35 35 38 45 39 46 46 30 37 30 30 39 46 46 46 30 30 30 30 0D
1779567667701,74 34 35 31 38 30 30 30 30 30 30 30 30 30 30 30 30 30 30 30 30 0D
1779567667709,74 34 35 35 38 45 39 46 46 30 37 30 30 39 46 46 46 30 30 30 30 0D
1779567667719,74 34 35 30 38 30 30 30 30 30 37 30 30 30 30 30 30 45 34 30 35 0D
1779567667733,74 34 35 31 38 30 30 30 30 30 30 30 30 30 30 30 30 30 30 30 30 0D
1779567667739,74 34 35 31 38 30 30 30 30 30 30 30 30 30 30 30 30 30 30 30 30 0D
1779567667745,74 34 35 35 38 45 41 46 46 30 37 30 30 39 46 46 46 30 30 30 30 0D
1779567667757,74 34 35 31 38 30 30 30 30 30 30 30 30 30 30 30 30 30 30 30 30 0D
1779567667782,74 34 35 35 38 45 41 46 46 30 37 30 30 39 46 46 46 30 30 30 30 0D
1779567667785,74 34 35 31 38 30 30 30 30 30 30 30 30 30 30 30 30 30 30 30 30 0D
1779567667792,74 34 35 36 38 45 45 46 46 30 38 30 30 30 34 30 30 30 30 30 30 0D
1779567667795,74 34 35 31 38 30 30 30 30 30 30 30 30 30 30 30 30 30 30 30 30 0D
1779567667811,74 34 35 35 38 45 41 46 46 30 37 30 30 39 46 46 46 30 30 30 30 0D
1779567667819,74 34 35 30 38 30 30 30 30 30 37 30 30 30 30 30 30 45 34 30 35 0D
1779567667835,74 34 35 31 38 30 30 30 30 30 30 30 30 30 30 30 30 30 30 30 30 0D
1779567667843,74 34 35 31 38 30 30 30 30 30 30 30 30 30 30 30 30 30 30 30 30 0D
1779567667846,74 34 35 35 38 45 41 46 46 30 37 30 30 39 46 46 46 30 30 30 30 0D
1779567667859,74 34 35 31 38 30 30 30 30 30 30 30 30 30 30 30 30 30 30 30 30 0D
1779567667879,74 34 35 35 38 45 41 46 46 30 37 30 30 39 46 46 46 30 30 30 30 0D
1779567667888,74 34 35 31 38 30 30 30 30 30 30 30 30 30 30 30 30 30 30 30 30 0D
1779567667896,74 34 35 35 38 45 41 46 46 30 37 30 30 39 46 46 46 30 30 30 30 0D
1779567667901,74 34 35 31 38 30 30 30 30 30 30 30 30 30 30 30 30 30 30 30 30 0D
1779567667910,74 34 35 35 38 45 41 46 46 30 37 30 30 39 46 46 46 30 30 30 30 0D
1779567667919,74 34 35 30 38 30 30 30 30 30 37 30 30 30 30 30 30 45 34 30 35 0D
1779567667931,74 34 35 31 38 30 30 30 30 30 30 30 30 30 30 30 30 30 30 30 30 0D
1779567667939,74 34 35 31 38 30 30 30 30 30 30 30 30 30 30 30 30 30 30 30 30 0D
1779567667954,74 34 35 35 38 45 41 46 46 30 37 30 30 39 46 46 46 30 30 30 30 0D
1779567667957,74 34 35 31 38 30 30 30 30 30 30 30 30 30 30 30 30 30 30 30 30 0D
1779567667978,74 34 35 35 38 45 41 46 46 30 37 30 30 39 46 46 46 30 30 30 30 0D
1779567667984,74 34 35 31 38 30 30 30 30 30 30 30 30 30 30 30 30 30 30 30 30 0D
1779567667992,74 34 35 35 38 45 41 46 46 30 37 30 30 39 46 46 46 30 30 30 30 0D
1779567668000,74 34 35 31 38 30 30 30 30 30 30 30 30 30 30 30 30 30 30 30 30 0D
1779567668018,74 34 35 30 38 30 30 30 30 30 37 30 30 30 30 30 30 45 34 30 35 0D
1779567668033,74 34 35 31 38 30 30 30 30 30 30 30 30 30 30 30 30 30 30 30 30 0D
1779567668039,74 34 35 31 38 30 30 30 30 30 30 30 30 30 30 30 30 30 30 30 30 0D
1779567668051,74 34 35 35 38 45 41 46 46 30 37 30 30 39 46 46 46 30 30 30 30 0D
1779567668057,74 34 35 31 38 30 30 30 30 30 30 30 30 30 30 30 30 30 30 30 30 0D
1779567668076,74 34 35 35 38 45 41 46 46 30 37 30 30 39 46 46 46 30 30 30 30 0D
1779567668083,74 34 35 31 38 30 30 30 30 30 30 30 30 30 30 30 30 30 30 30 30 0D
1779567668090,74 34 35 35 38 45 41 46 46 30 37 30 30 39 46 46 46 30 30 30 30 0D
1779567668098,74 34 35 31 38 30 30 30 30 30 30 30 30 30 30 30 30 30 30 30 30 0D
1779567668108,74 34 35 35 38 45 41 46 46 30 37 30 30 39 46 46 46 30 30 30 30 0D
1779567668118,74 34 35 30 38 30 30 30 30 30 37 30 30 30 30 30 30 45 34 30 35 0D
1779567668127,74 34 35 31 38 30 30 30 30 30 30 30 30 30 30 30 30 30 30 30 30 0D
1779567668138,74 34 35 31 38 30 30 30 30 30 30 30 30 30 30 30 30 30 30 30 30 0D
1779567668149,74 34 35 35 38 45 41 46 46 30 37 30 30 39 46 46 46 30 30 30 30 0D
1779567668160,74 34 35 31 38 30 30 30 30 30 30 30 30 30 30 30 30 30 30 30 30 0D
1779567668178,74 34 35 35 38 45 41 46 46 30 37 30 30 39 46 46 46 30 30 30 30 0D
1779567668188,74 34 35 31 38 30 30 30 30 30 30 30 30 30 30 30 30 30 30 30 30 0D
1779567668199,74 34 35 31 38 30 30 30 30 30 30 30 30 30 30 30 30 30 30 30 30 0D
1779567668207,74 34 35 35 38 45 41 46 46 30 37 30 30 39 46 46 46 30 30 30 30 0D
1779567668220,74 34 35 30 38 30 30 30 30 30 37 30 30 30 30 30 30 45 34 30 35 0D
1779567668231,74 34 35 31 38 30 30 30 30 30 30 30 30 30 30 30 30 30 30 30 30 0D
1779567668237,74 34 35 31 38 30 30 30 30 30 30 30 30 30 30 30 30 30 30 30 30 0D
1779567668250,74 34 35 35 38 45 41 46 46 30 37 30 30 39 46 46 46 30 30 30 30 0D
1779567668269,74 34 35 31 38 30 30 30 30 30 30 30 30 30 30 30 30 30 30 30 30 0D
1779567668291,74 34 35 35 38 45 41 46 46 30 37 30 30 39 46 46 46 30 30 30 30 0D
1779567668297,74 34 35 31 38 30 30 30 30 30 30 30 30 30 30 30 30 30 30 30 30 0D
1779567668308,74 34 35 35 38 45 41 46 46 30 37 30 30 39 46 46 46 30 30 30 30 0D
1779567668319,74 34 35 30 38 30 30 30 30 30 37 30 30 30 30 30 30 45 34 30 35 0D
1779567668332,74 34 35 31 38 30 30 30 30 30 30 30 30 30 30 30 30 30 30 30 30 0D
1779567668337,74 34 35 31 38 30 30 30 30 30 30 30 30 30 30 30 30 30 30 30 30 0D
1779567668351,74 34 35 35 38 45 41 46 46 30 37 30 30 39 46 46 46 30 30 30 30 0D
1779567668364,74 34 35 31 38 30 30 30 30 30 30 30 30 30 30 30 30 30 30 30 30 0D
1779567668375,74 34 35 35 38 45 41 46 46 30 37 30 30 39 46 46 46 30 30 30 30 0D
1779567668384,74 34 35 31 38 30 30 30 30 30 30 30 30 30 30 30 30 30 30 30 30 0D
1779567668389,74 34 35 35 38 45 41 46 46 30 37 30 30 39 46 46 46 30 30 30 30 0D
1779567668398,74 34 35 31 38 30 30 30 30 30 30 30 30 30 30 30 30 30 30 30 30 0D
1779567668414,74 34 35 35 38 45 41 46 46 30 37 30 30 39 46 46 46 30 30 30 30 0D
1779567668420,74 34 35 30 38 30 30 30 30 30 37 30 30 30 30 30 30 45 34 30 35 0D
1779567668431,74 34 35 31 38 30 30 30 30 30 30 30 30 30 30 30 30 30 30 30 30 0D
1779567668435,74 34 35 31 38 30 30 30 30 30 30 30 30 30 30 30 30 30 30 30 30 0D
1779567668450,74 34 35 35 38 45 41 46 46 30 37 30 30 39 46 46 46 30 30 30 30 0D
1779567668464,74 34 35 31 38 30 30 30 30 30 30 30 30 30 30 30 30 30 30 30 30 0D
1779567668475,74 34 35 35 38 45 41 46 46 30 37 30 30 39 46 46 46 30 30 30 30 0D
1779567668483,74 34 35 31 38 30 30 30 30 30 30 30 30 30 30 30 30 30 30 30 30 0D
1779567668490,74 34 35 36 38 45 45 46 46 30 37 30 30 30 34 30 30 30 30 30 30 0D
1779567668497,74 34 35 31 38 30 30 30 30 30 30 30 30 30 30 30 30 30 30 30 30 0D
1779567668515,74 34 35 36 38 45 45 46 46 30 37 30 30 30 34 30 30 30 30 30 30 0D
1779567668522,74 34 35 30 38 30 30 30 30 30 37 30 30 30 30 30 30 45 34 30 35 0D
1779567668529,74 34 35 31 38 30 30 30 30 30 30 30 30 30 30 30 30 30 30 30 30 0D
1779567668538,74 34 35 31 38 30 30 30 30 30 30 30 30 30 30 30 30 30 30 30 30 0D
1779567668551,74 34 35 35 38 45 41 46 46 30 36 30 30 39 46 46 46 30 30 30 30 0D
1779567668560,74 34 35 31 38 30 30 30 30 30 30 30 30 30 30 30 30 30 30 30 30 0D
1779567668587,74 34 35 35 38 45 41 46 46 30 36 30 30 39 46 46 46 30 30 30 30 0D
1779567668600,74 34 35 31 38 30 30 30 30 30 30 30 30 30 30 30 30 30 30 30 30 0D
1779567668616,74 34 35 35 38 45 41 46 46 30 36 30 30 39 46 46 46 30 30 30 30 0D
1779567668620,74 34 35 30 38 30 30 30 30 30 37 30 30 30 30 30 30 45 34 30 35 0D
1779567668628,74 34 35 31 38 30 30 30 30 30 30 30 30 30 30 30 30 30 30 30 30 0D
1779567668637,74 34 35 31 38 30 30 30 30 30 30 30 30 30 30 30 30 30 30 30 30 0D
1779567668650,74 34 35 35 38 45 41 46 46 30 36 30 30 39 46 46 46 30 30 30 30 0D
1779567668663,74 34 35 31 38 30 30 30 30 30 30 30 30 30 30 30 30 30 30 30 30 0D
1779567668681,74 34 35 35 38 45 41 46 46 30 36 30 30 39 46 46 46 30 30 30 30 0D
1779567668691,74 34 35 35 38 45 41 46 46 30 36 30 30 39 46 46 46 30 30 30 30 0D
1779567668700,74 34 35 31 38 30 30 30 30 30 30 30 30 30 30 30 30 30 30 30 30 0D
1779567668709,74 34 35 35 38 45 41 46 46 30 36 30 30 39 46 46 46 30 30 30 30 0D
1779567668717,74 34 35 30 38 30 30 30 30 30 37 30 30 30 30 30 30 45 34 30 35 0D
1779567668731,74 34 35 31 38 30 30 30 30 30 30 30 30 30 30 30 30 30 30 30 30 0D
1779567668739,74 34 35 31 38 30 30 30 30 30 30 30 30 30 30 30 30 30 30 30 30 0D
1779567668751,74 34 35 35 38 45 41 46 46 30 37 30 30 39 46 46 46 30 30 30 30 0D
1779567668757,74 34 35 31 38 30 30 30 30 30 30 30 30 30 30 30 30 30 30 30 30 0D
1779567668778,74 34 35 35 38 45 41 46 46 30 37 30 30 39 46 46 46 30 30 30 30 0D
1779567668781,74 34 35 31 38 30 30 30 30 30 30 30 30 30 30 30 30 30 30 30 30 0D
1779567668786,74 34 35 36 38 45 45 46 46 30 37 30 30 30 34 30 30 30 30 30 30 0D
1779567668799,74 34 35 31 38 30 30 30 30 30 30 30 30 30 30 30 30 30 30 30 30 0D
1779567668804,74 34 35 35 38 45 41 46 46 30 37 30 30 39 46 46 46 30 30 30 30 0D
1779567668817,74 34 35 30 38 30 30 30 30 30 37 30 30 30 30 30 30 45 34 30 35 0D
1779567668831,74 34 35 31 38 30 30 30 30 30 30 30 30 30 30 30 30 30 30 30 30 0D
1779567668839,74 34 35 31 38 30 30 30 30 30 30 30 30 30 30 30 30 30 30 30 30 0D
1779567668850,74 34 35 35 38 45 41 46 46 30 37 30 30 39 46 46 46 30 30 30 30 0D
1779567668862,74 34 35 31 38 30 30 30 30 30 30 30 30 30 30 30 30 30 30 30 30 0D
1779567668879,74 34 35 35 38 45 41 46 46 30 37 30 30 39 46 46 46 30 30 30 30 0D
1779567668885,74 34 35 35 38 45 41 46 46 30 37 30 30 39 46 46 46 30 30 30 30 0D
1779567668898,74 34 35 31 38 30 30 30 30 30 30 30 30 30 30 30 30 30 30 30 30 0D
1779567668915,74 34 35 35 38 45 41 46 46 30 37 30 30 39 46 46 46 30 30 30 30 0D
1779567668920,74 34 35 30 38 30 30 30 30 30 37 30 30 30 30 30 30 45 34 30 35 0D
1779567668930,74 34 35 31 38 30 30 30 30 30 30 30 30 30 30 30 30 30 30 30 30 0D
1779567668940,74 34 35 31 38 30 30 30 30 30 30 30 30 30 30 30 30 30 30 30 30 0D
1779567668953,74 34 35 35 38 45 41 46 46 30 37 30 30 39 46 46 46 30 30 30 30 0D
1779567668964,74 34 35 31 38 30 30 30 30 30 30 30 30 30 30 30 30 30 30 30 30 0D
1779567668980,74 34 35 35 38 45 41 46 46 30 37 30 30 39 46 46 46 30 30 30 30 0D
1779567668987,74 34 35 35 38 45 41 46 46 30 37 30 30 39 46 46 46 30 30 30 30 0D
1779567669000,74 34 35 31 38 30 30 30 30 30 30 30 30 30 30 30 30 30 30 30 30 0D
1779567669014,74 34 35 35 38 45 41 46 46 30 37 30 30 39 46 46 46 30 30 30 30 0D
1779567669021,74 34 35 30 38 30 30 30 30 30 37 30 30 30 30 30 30 45 34 30 35 0D
1779567669030,74 34 35 31 38 30 30 30 30 30 30 30 30 30 30 30 30 30 30 30 30 0D
1779567669037,74 34 35 31 38 30 30 30 30 30 30 30 30 30 30 30 30 30 30 30 30 0D
1779567669049,74 34 35 35 38 45 41 46 46 30 37 30 30 39 46 46 46 30 30 30 30 0D
1779567669058,74 34 35 31 38 30 30 30 30 30 30 30 30 30 30 30 30 30 30 30 30 0D
1779567669076,74 34 35 35 38 45 41 46 46 30 37 30 30 39 46 46 46 30 30 30 30 0D
1779567669080,74 34 35 31 38 30 30 30 30 30 30 30 30 30 30 30 30 30 30 30 30 0D
1779567669087,74 34 35 36 38 45 44 46 46 30 37 30 30 30 34 30 30 30 30 30 30 0D
1779567669099,74 34 35 31 38 30 30 30 30 30 30 30 30 30 30 30 30 30 30 30 30 0D
1779567669115,74 34 35 35 38 45 41 46 46 30 37 30 30 39 46 46 46 30 30 30 30 0D
1779567669122,74 34 35 30 38 30 30 30 30 30 37 30 30 30 30 30 30 45 34 30 35 0D
1779567669132,74 34 35 31 38 30 30 30 30 30 30 30 30 30 30 30 30 30 30 30 30 0D
1779567669138,74 34 35 31 38 30 30 30 30 30 30 30 30 30 30 30 30 30 30 30 30 0D
1779567669153,74 34 35 35 38 45 41 46 46 30 37 30 30 39 46 46 46 30 30 30 30 0D
1779567669162,74 34 35 31 38 30 30 30 30 30 30 30 30 30 30 30 30 30 30 30 30 0D
1779567669169,74 34 35 35 38 45 41 46 46 30 37 30 30 39 46 46 46 30 30 30 30 0D
1779567669190,74 34 35 37 38 30 30 30 30 30 30 30 30 36 34 31 34 30 30 30 30 0D
1779567669200,74 34 35 31 38 30 30 30 30 30 30 30 30 30 30 30 30 30 30 30 30 0D
1779567669214,74 34 35 35 38 45 41 46 46 30 37 30 30 39 46 46 46 30 30 30 30 0D
1779567669221,74 34 35 30 38 30 30 30 30 30 37 30 30 30 30 30 30 45 34 30 35 0D
1779567669237,74 34 35 31 38 30 30 30 30 30 30 30 30 30 30 30 30 30 30 30 30 0D
1779567669242,74 34 35 31 38 30 30 30 30 30 30 30 30 30 30 30 30 30 30 30 30 0D
1779567669247,74 34 35 35 38 45 41 46 46 30 37 30 30 39 46 46 46 30 30 30 30 0D
1779567669261,74 34 35 31 38 30 30 30 30 30 30 30 30 30 30 30 30 30 30 30 30 0D
1779567669278,74 34 35 35 38 45 41 46 46 30 37 30 30 39 46 46 46 30 30 30 30 0D
1779567669284,74 34 35 31 38 30 30 30 30 30 30 30 30 30 30 30 30 30 30 30 30 0D
1779567669299,74 34 35 31 38 30 30 30 30 30 30 30 30 30 30 30 30 30 30 30 30 0D
1779567669313,74 34 35 35 38 45 41 46 46 30 37 30 30 39 46 46 46 30 30 30 30 0D
1779567669320,74 34 35 30 38 30 30 30 30 30 37 30 30 30 30 30 30 45 34 30 35 0D
1779567669338,74 34 35 31 38 30 30 30 30 30 30 30 30 30 30 30 30 30 30 30 30 0D
1779567669343,74 34 35 31 38 30 30 30 30 30 30 30 30 30 30 30 30 30 30 30 30 0D
1779567669348,74 34 35 36 38 45 44 46 46 30 37 30 30 30 35 30 30 30 30 30 30 0D
1779567669361,74 34 35 31 38 30 30 30 30 30 30 30 30 30 30 30 30 30 30 30 30 0D
1779567669379,74 34 35 35 38 45 41 46 46 30 37 30 30 39 45 46 46 30 30 30 30 0D
1779567669397,74 34 35 35 38 45 41 46 46 30 37 30 30 39 45 46 46 30 30 30 30 0D
1779567669404,74 34 35 31 38 30 30 30 30 30 30 30 30 30 30 30 30 30 30 30 30 0D
1779567669409,74 34 35 35 38 45 41 46 46 30 37 30 30 39 45 46 46 30 30 30 30 0D
1779567669419,74 34 35 30 38 30 30 30 30 30 37 30 30 30 30 30 30 45 34 30 35 0D
1779567669429,74 34 35 31 38 30 30 30 30 30 30 30 30 30 30 30 30 30 30 30 30 0D
1779567669437,74 34 35 31 38 30 30 30 30 30 30 30 30 30 30 30 30 30 30 30 30 0D
1779567669454,74 34 35 35 38 45 41 46 46 30 37 30 30 39 45 46 46 30 30 30 30 0D
1779567669462,74 34 35 31 38 30 30 30 30 30 30 30 30 30 30 30 30 30 30 30 30 0D
1779567669467,74 34 35 37 38 30 30 30 30 30 30 30 30 36 34 31 34 30 31 30 30 0D
1779567669478,74 34 35 39 38 39 33 41 34 42 45 31 36 46 45 31 41 30 33 42 37 0D
1779567669482,74 34 35 31 38 30 30 30 30 30 30 30 30 30 30 30 30 30 30 30 30 0D
1779567669498,74 34 35 31 38 30 30 30 30 30 30 30 30 30 30 30 30 30 30 30 30 0D
1779567669512,74 34 35 35 38 45 41 46 46 30 37 30 30 39 45 46 46 30 30 30 30 0D
1779567669517,74 34 35 30 38 30 30 30 30 30 37 30 30 30 30 30 30 45 34 30 35 0D
1779567669533,74 34 35 31 38 30 30 30 30 30 30 30 30 30 30 30 30 30 30 30 30 0D
1779567669542,74 34 35 31 38 30 30 30 30 30 30 30 30 30 30 30 30 30 30 30 30 0D
1779567669548,74 34 35 35 38 45 41 46 46 30 37 30 30 39 46 46 46 30 30 30 30 0D
1779567669560,74 34 35 31 38 30 30 30 30 30 30 30 30 30 30 30 30 30 30 30 30 0D
1779567669577,74 34 35 35 38 45 41 46 46 30 37 30 30 39 46 46 46 30 30 30 30 0D
1779567669583,74 34 35 31 38 30 30 30 30 30 30 30 30 30 30 30 30 30 30 30 30 0D
1779567669585,74 34 35 35 38 45 41 46 46 30 37 30 30 39 46 46 46 30 30 30 30 0D
1779567669599,74 34 35 31 38 30 30 30 30 30 30 30 30 30 30 30 30 30 30 30 30 0D
1779567669612,74 34 35 35 38 45 41 46 46 30 37 30 30 39 46 46 46 30 30 30 30 0D
1779567669616,74 34 35 30 38 30 30 30 30 30 37 30 30 30 30 30 30 45 34 30 35 0D
1779567669629,74 34 35 31 38 30 30 30 30 30 30 30 30 30 30 30 30 30 30 30 30 0D
1779567669647,74 34 35 31 38 30 30 30 30 30 30 30 30 30 30 30 30 30 30 30 30 0D
1779567669661,74 34 35 35 38 45 41 46 46 30 37 30 30 39 46 46 46 30 30 30 30 0D
1779567669670,74 34 35 37 38 30 30 30 30 30 31 30 30 36 34 31 34 30 30 30 30 0D
1779567669682,74 34 35 31 38 30 30 30 30 30 30 30 30 30 30 30 30 30 30 30 30 0D
1779567669703,74 34 35 31 38 30 30 30 30 30 30 30 30 30 30 30 30 30 30 30 30 0D
1779567669715,74 34 35 35 38 45 41 46 46 30 37 30 30 39 46 46 46 30 30 30 30 0D
1779567669720,74 34 35 30 38 30 30 30 30 30 37 30 30 30 30 30 30 45 34 30 35 0D
1779567669736,74 34 35 31 38 30 30 30 30 30 30 30 30 30 30 30 30 30 30 30 30 0D
1779567669743,74 34 35 31 38 30 30 30 30 30 30 30 30 30 30 30 30 30 30 30 30 0D
1779567669758,74 34 35 31 38 30 30 30 30 30 30 30 30 30 30 30 30 30 30 30 30 0D
1779567669786,74 34 35 35 38 45 39 46 46 30 37 30 30 39 46 46 46 30 30 30 30 0D
1779567669791,74 34 35 31 38 30 30 30 30 30 30 30 30 30 30 30 30 30 30 30 30 0D
1779567669801,74 34 35 31 38 30 30 30 30 30 30 30 30 30 30 30 30 30 30 30 30 0D
1779567669810,74 34 35 35 38 45 39 46 46 30 37 30 30 39 46 46 46 30 30 30 30 0D
1779567669817,74 34 35 30 38 30 30 30 30 30 37 30 30 30 30 30 30 45 34 30 35 0D
1779567669829,74 34 35 31 38 30 30 30 30 30 30 30 30 30 30 30 30 30 30 30 30 0D
1779567669846,74 34 35 31 38 30 30 30 30 30 30 30 30 30 30 30 30 30 30 30 30 0D
1779567669850,74 34 35 35 38 45 39 46 46 30 37 30 30 39 46 46 46 30 30 30 30 0D
1779567669860,74 34 35 31 38 30 30 30 30 30 30 30 30 30 30 30 30 30 30 30 30 0D
1779567669868,74 34 35 37 38 30 30 30 30 30 30 30 30 36 34 31 34 30 30 30 30 0D
1779567669885,74 34 35 39 38 39 33 41 34 42 45 31 36 46 42 31 41 30 33 42 37 0D
1779567669901,74 34 35 31 38 30 30 30 30 30 30 30 30 30 30 30 30 30 30 30 30 0D
1779567669913,74 34 35 35 38 45 39 46 46 30 37 30 30 39 46 46 46 30 30 30 30 0D
1779567669917,74 34 35 30 38 30 30 30 30 30 37 30 30 30 30 30 30 45 34 30 35 0D
1779567669928,74 34 35 31 38 30 30 30 30 30 30 30 30 30 30 30 30 30 30 30 30 0D
1779567669941,74 34 35 31 38 30 30 30 30 30 30 30 30 30 30 30 30 30 30 30 30 0D
1779567669952,74 34 35 35 38 45 41 46 46 30 37 30 30 39 46 46 46 30 30 30 30 0D
1779567669961,74 34 35 31 38 30 30 30 30 30 30 30 30 30 30 30 30 30 30 30 30 0D
1779567669978,74 34 35 35 38 45 41 46 46 30 37 30 30 39 46 46 46 30 30 30 30 0D
1779567669986,74 34 35 31 38 30 30 30 30 30 30 30 30 30 30 30 30 30 30 30 30 0D
1779567669991,74 34 35 36 38 45 45 46 46 30 37 30 30 30 34 30 30 30 30 30 30 0D
1779567669999,74 34 35 31 38 30 30 30 30 30 30 30 30 30 30 30 30 30 30 30 30 0D
1779567670008,74 34 35 35 38 45 41 46 46 30 37 30 30 39 46 46 46 30 30 30 30 0D
1779567670019,74 34 35 30 38 30 30 30 30 30 37 30 30 30 30 30 30 45 34 30 35 0D
1779567670041,74 34 35 31 38 30 30 30 30 30 30 30 30 30 30 30 30 30 30 30 30 0D
1779567670047,74 34 35 31 38 30 30 30 30 30 30 30 30 30 30 30 30 30 30 30 30 0D
1779567670050,74 34 35 35 38 45 41 46 46 30 37 30 30 39 46 46 46 30 30 30 30 0D
1779567670061,74 34 35 31 38 30 30 30 30 30 30 30 30 30 30 30 30 30 30 30 30 0D
1779567670080,74 34 35 35 38 45 41 46 46 30 37 30 30 39 46 46 46 30 30 30 30 0D
1779567670091,74 34 35 31 38 30 30 30 30 30 30 30 30 30 30 30 30 30 30 30 30 0D
1779567670097,74 34 35 31 38 30 30 30 30 30 30 30 30 30 30 30 30 30 30 30 30 0D
1779567670108,74 34 35 35 38 45 41 46 46 30 37 30 30 39 46 46 46 30 30 30 30 0D
1779567670118,74 34 35 30 38 30 30 30 30 30 37 30 30 30 30 30 30 45 34 30 35 0D
1779567670126,74 34 35 31 38 30 30 30 30 30 30 30 30 30 30 30 30 30 30 30 30 0D
1779567670134,74 34 35 32 38 38 43 30 30 30 30 30 30 30 30 30 30 32 37 30 30 0D
1779567670140,74 34 35 31 38 30 30 30 30 30 30 30 30 30 30 30 30 30 30 30 30 0D
1779567670149,74 34 35 35 38 45 41 46 46 30 37 30 30 39 46 46 46 30 30 30 30 0D
1779567670158,74 34 35 31 38 30 30 30 30 30 30 30 30 30 30 30 30 30 30 30 30 0D
1779567670191,74 34 35 35 38 45 41 46 46 30 37 30 30 39 46 46 46 30 30 30 30 0D
1779567670200,74 34 35 31 38 30 30 30 30 30 30 30 30 30 30 30 30 30 30 30 30 0D
1779567670212,74 34 35 35 38 45 41 46 46 30 37 30 30 39 46 46 46 30 30 30 30 0D
1779567670216,74 34 35 30 38 30 30 30 30 30 37 30 30 30 30 30 30 45 34 30 35 0D
1779567670235,74 34 35 31 38 30 30 30 30 30 30 30 30 30 30 30 30 30 30 30 30 0D
1779567670241,74 34 35 31 38 30 30 30 30 30 30 30 30 30 30 30 30 30 30 30 30 0D
1779567670249,74 34 35 35 38 45 41 46 46 30 37 30 30 39 46 46 46 30 30 30 30 0D
1779567670258,74 34 35 31 38 30 30 30 30 30 30 30 30 30 30 30 30 30 30 30 30 0D
1779567670273,74 34 35 35 38 45 41 46 46 30 37 30 30 39 46 46 46 30 30 30 30 0D
1779567670289,74 34 35 37 38 30 30 30 30 30 31 30 30 36 34 31 34 30 30 30 30 0D
1779567670298,74 34 35 31 38 30 30 30 30 30 30 30 30 30 30 30 30 30 30 30 30 0D
1779567670311,74 34 35 35 38 45 41 46 46 30 37 30 30 39 46 46 46 30 30 30 30 0D
1779567670322,74 34 35 30 38 30 30 30 30 30 37 30 30 30 30 30 30 45 34 30 35 0D
1779567670334,74 34 35 31 38 30 30 30 30 30 30 30 30 30 30 30 30 30 30 30 30 0D
1779567670339,74 34 35 31 38 30 30 30 30 30 30 30 30 30 30 30 30 30 30 30 30 0D
1779567670350,74 34 35 35 38 45 41 46 46 30 36 30 30 39 46 46 46 30 30 30 30 0D
1779567670357,74 34 35 31 38 30 30 30 30 30 30 30 30 30 30 30 30 30 30 30 30 0D
1779567670366,74 34 35 37 38 30 30 30 30 30 30 30 30 36 34 31 34 30 30 30 30 0D
1779567670379,74 34 35 31 38 30 30 30 30 30 30 30 30 30 30 30 30 30 30 30 30 0D
1779567670397,74 34 35 31 38 30 30 30 30 30 30 30 30 30 30 30 30 30 30 30 30 0D
1779567670413,74 34 35 35 38 45 41 46 46 30 36 30 30 39 46 46 46 30 30 30 30 0D
1779567670420,74 34 35 30 38 30 30 30 30 30 37 30 30 30 30 30 30 45 34 30 35 0D
1779567670429,74 34 35 31 38 30 30 30 30 30 30 30 30 30 30 30 30 30 30 30 30 0D
1779567670440,74 34 35 31 38 30 30 30 30 30 30 30 30 30 30 30 30 30 30 30 30 0D
1779567670449,74 34 35 35 38 45 41 46 46 30 36 30 30 39 46 46 46 30 30 30 30 0D
1779567670456,74 34 35 31 38 30 30 30 30 30 30 30 30 30 30 30 30 30 30 30 30 0D
1779567670481,74 34 35 35 38 45 41 46 46 30 36 30 30 39 46 46 46 30 30 30 30 0D
1779567670487,74 34 35 31 38 30 30 30 30 30 30 30 30 30 30 30 30 30 30 30 30 0D
1779567670498,74 34 35 31 38 30 30 30 30 30 30 30 30 30 30 30 30 30 30 30 30 0D
1779567670514,74 34 35 35 38 45 41 46 46 30 36 30 30 39 46 46 46 30 30 30 30 0D
1779567670521,74 34 35 30 38 30 30 30 30 30 37 30 30 30 30 30 30 45 34 30 35 0D
1779567670532,74 34 35 31 38 30 30 30 30 30 30 30 30 30 30 30 30 30 30 30 30 0D
1779567670539,74 34 35 31 38 30 30 30 30 30 30 30 30 30 30 30 30 30 30 30 30 0D
1779567670551,74 34 35 35 38 45 41 46 46 30 37 30 30 39 46 46 46 30 30 30 30 0D
1779567670561,74 34 35 31 38 30 30 30 30 30 30 30 30 30 30 30 30 30 30 30 30 0D
1779567670575,74 34 35 35 38 45 41 46 46 30 37 30 30 39 46 46 46 30 30 30 30 0D
1779567670580,74 34 35 31 38 30 30 30 30 30 30 30 30 30 30 30 30 30 30 30 30 0D
1779567670590,74 34 35 35 38 45 41 46 46 30 37 30 30 39 46 46 46 30 30 30 30 0D
1779567670597,74 34 35 31 38 30 30 30 30 30 30 30 30 30 30 30 30 30 30 30 30 0D
1779567670607,74 34 35 35 38 45 41 46 46 30 37 30 30 39 46 46 46 30 30 30 30 0D
1779567670623,74 34 35 30 38 30 30 30 30 30 37 30 30 30 30 30 30 45 34 30 35 0D
1779567670634,74 34 35 31 38 30 30 30 30 30 30 30 30 30 30 30 30 30 30 30 30 0D
1779567670639,74 34 35 31 38 30 30 30 30 30 30 30 30 30 30 30 30 30 30 30 30 0D
1779567670663,74 34 35 31 38 30 30 30 30 30 30 30 30 30 30 30 30 30 30 30 30 0D
1779567670675,74 34 35 37 38 30 30 30 30 30 30 30 30 36 34 31 34 30 30 30 30 0D
1779567670688,74 34 35 39 38 39 31 41 34 42 45 31 36 46 36 31 41 30 33 42 37 0D
1779567670698,74 34 35 31 38 30 30 30 30 30 30 30 30 30 30 30 30 30 30 30 30 0D
1779567670742,74 34 35 35 38 45 41 46 46 30 37 30 30 39 46 46 46 30 30 30 30 0D
1779567670750,74 34 35 31 38 30 30 30 30 30 30 30 30 30 30 30 30 30 30 30 30 0D
1779567670759,74 34 35 35 38 45 41 46 46 30 38 30 30 39 45 46 46 30 30 30 30 0D
1779567670766,74 34 35 31 38 30 30 30 30 30 30 30 30 30 30 30 30 30 30 30 30 0D
1779567670776,74 34 35 35 38 45 41 46 46 30 38 30 30 39 45 46 46 30 30 30 30 0D
1779567670784,74 34 35 31 38 30 30 30 30 30 30 30 30 30 30 30 30 30 30 30 30 0D
1779567670789,74 34 35 35 38 45 41 46 46 30 38 30 30 39 45 46 46 30 30 30 30 0D
1779567670798,74 34 35 31 38 30 30 30 30 30 30 30 30 30 30 30 30 30 30 30 30 0D
1779567670812,74 34 35 35 38 45 41 46 46 30 38 30 30 39 45 46 46 30 30 30 30 0D
1779567670822,74 34 35 30 38 30 30 30 30 30 37 30 30 30 30 30 30 45 34 30 35 0D
1779567670833,74 34 35 31 38 30 30 30 30 30 30 30 30 30 30 30 30 30 30 30 30 0D
1779567670837,74 34 35 31 38 30 30 30 30 30 30 30 30 30 30 30 30 30 30 30 30 0D
1779567670854,74 34 35 35 38 45 41 46 46 30 38 30 30 39 45 46 46 30 30 30 30 0D
1779567670860,74 34 35 31 38 30 30 30 30 30 30 30 30 30 30 30 30 30 30 30 30 0D
1779567670877,74 34 35 35 38 45 41 46 46 30 38 30 30 39 45 46 46 30 30 30 30 0D
1779567670882,74 34 35 31 38 30 30 30 30 30 30 30 30 30 30 30 30 30 30 30 30 0D
1779567670892,74 34 35 36 38 45 44 46 46 30 37 30 30 30 34 30 30 30 30 30 30 0D
1779567670899,74 34 35 31 38 30 30 30 30 30 30 30 30 30 30 30 30 30 30 30 30 0D
1779567670910,74 34 35 35 38 45 41 46 46 30 38 30 30 39 45 46 46 30 30 30 30 0D
1779567670921,74 34 35 30 38 30 30 30 30 30 37 30 30 30 30 30 30 45 34 30 35 0D
1779567670929,74 34 35 31 38 30 30 30 30 30 30 30 30 30 30 30 30 30 30 30 30 0D
1779567670937,74 34 35 31 38 30 30 30 30 30 30 30 30 30 30 30 30 30 30 30 30 0D
1779567670948,74 34 35 35 38 45 41 46 46 30 37 30 30 39 46 46 46 30 30 30 30 0D
1779567670958,74 34 35 31 38 30 30 30 30 30 30 30 30 30 30 30 30 30 30 30 30 0D
1779567670977,74 34 35 35 38 45 41 46 46 30 37 30 30 39 46 46 46 30 30 30 30 0D
1779567670985,74 34 35 31 38 30 30 30 30 30 30 30 30 30 30 30 30 30 30 30 30 0D
1779567670989,74 34 35 35 38 45 41 46 46 30 37 30 30 39 46 46 46 30 30 30 30 0D
1779567670996,74 34 35 31 38 30 30 30 30 30 30 30 30 30 30 30 30 30 30 30 30 0D
1779567671006,74 34 35 35 38 45 41 46 46 30 37 30 30 39 46 46 46 30 30 30 30 0D
1779567671022,74 34 35 30 38 30 30 30 30 30 37 30 30 30 30 30 30 45 34 30 35 0D
1779567671038,74 34 35 32 38 38 43 30 30 30 30 30 30 30 30 30 30 32 37 30 30 0D 74 34 35 33 38 39 45 30 30 30 30 30 30 30 30 30 30 30 30 30 30 0D 74 34 35 34 38 30 31 30 30 30 30 30 30 30 30 30 30 30 30 30
1779567671042,74 34 35 31 38 30 30 30 30 30 30 30 30 30 30 30 30 30 30 30 30 0D
1779567671057,74 34 35 31 38 30 30 30 30 30 30 30 30 30 30 30 30 30 30 30 30 0D
1779567671085,74 34 35 35 38 45 41 46 46 30 37 30 30 39 46 46 46 30 30 30 30 0D
1779567671098,74 34 35 31 38 30 30 30 30 30 30 30 30 30 30 30 30 30 30 30 30 0D
1779567671112,74 34 35 35 38 45 41 46 46 30 37 30 30 39 46 46 46 30 30 30 30 0D
1779567671119,74 34 35 30 38 30 30 30 30 30 37 30 30 30 30 30 30 45 34 30 35 0D
1779567671137,74 34 35 31 38 30 30 30 30 30 30 30 30 30 30 30 30 30 30 30 30 0D
1779567671144,74 34 35 31 38 30 30 30 30 30 30 30 30 30 30 30 30 30 30 30 30 0D
1779567671148,74 34 35 35 38 45 41 46 46 30 37 30 30 39 46 46 46 30 30 30 30 0D
1779567671157,74 34 35 31 38 30 30 30 30 30 30 30 30 30 30 30 30 30 30 30 30 0D
1779567671175,74 34 35 35 38 45 41 46 46 30 37 30 30 39 46 46 46 30 30 30 30 0D
1779567671182,74 34 35 31 38 30 30 30 30 30 30 30 30 30 30 30 30 30 30 30 30 0D
1779567671187,74 34 35 35 38 45 41 46 46 30 37 30 30 39 46 46 46 30 30 30 30 0D
1779567671197,74 34 35 31 38 30 30 30 30 30 30 30 30 30 30 30 30 30 30 30 30 0D
1779567671212,74 34 35 35 38 45 41 46 46 30 37 30 30 39 46 46 46 30 30 30 30 0D
1779567671221,74 34 35 30 38 30 30 30 30 30 37 30 30 30 30 30 30 45 34 30 35 0D
1779567671232,74 34 35 31 38 30 30 30 30 30 30 30 30 30 30 30 30 30 30 30 30 0D
1779567671244,74 34 35 31 38 30 30 30 30 30 30 30 30 30 30 30 30 30 30 30 30 0D
1779567671262,74 34 35 31 38 30 30 30 30 30 30 30 30 30 30 30 30 30 30 30 30 0D
1779567671289,74 34 35 35 38 45 41 46 46 30 37 30 30 39 46 46 46 30 30 30 30 0D
1779567671306,74 34 35 31 38 30 30 30 30 30 30 30 30 30 30 30 30 30 30 30 30 0D
1779567671313,74 34 35 35 38 45 41 46 46 30 37 30 30 39 46 46 46 30 30 30 30 0D
1779567671320,74 34 35 30 38 30 30 30 30 30 37 30 30 30 30 30 30 45 34 30 35 0D
1779567671327,74 34 35 32 38 38 43 30 30 30 30 30 30 30 30 30 30 32 37 30 30 0D
1779567671337,74 34 35 31 38 30 30 30 30 30 30 30 30 30 30 30 30 30 30 30 30 0D
1779567671352,74 34 35 35 38 45 41 46 46 30 37 30 30 39 45 46 46 30 30 30 30 0D
1779567671357,74 34 35 31 38 30 30 30 30 30 30 30 30 30 30 30 30 30 30 30 30 0D
1779567671387,74 34 35 35 38 45 41 46 46 30 37 30 30 39 45 46 46 30 30 30 30 0D
1779567671404,74 34 35 31 38 30 30 30 30 30 30 30 30 30 30 30 30 30 30 30 30 0D
1779567671412,74 34 35 35 38 45 41 46 46 30 37 30 30 39 45 46 46 30 30 30 30 0D
1779567671419,74 34 35 30 38 30 30 30 30 30 37 30 30 30 30 30 30 45 34 30 35 0D
1779567671437,74 34 35 31 38 30 30 30 30 30 30 30 30 30 30 30 30 30 30 30 30 0D
1779567671442,74 34 35 31 38 30 30 30 30 30 30 30 30 30 30 30 30 30 30 30 30 0D
1779567671446,74 34 35 35 38 45 41 46 46 30 37 30 30 39 45 46 46 30 30 30 30 0D
1779567671460,74 34 35 31 38 30 30 30 30 30 30 30 30 30 30 30 30 30 30 30 30 0D
1779567671475,74 34 35 35 38 45 41 46 46 30 37 30 30 39 45 46 46 30 30 30 30 0D
1779567671482,74 34 35 31 38 30 30 30 30 30 30 30 30 30 30 30 30 30 30 30 30 0D
1779567671490,74 34 35 35 38 45 41 46 46 30 37 30 30 39 45 46 46 30 30 30 30 0D
1779567671495,74 34 35 31 38 30 30 30 30 30 30 30 30 30 30 30 30 30 30 30 30 0D
1779567671512,74 34 35 35 38 45 41 46 46 30 37 30 30 39 45 46 46 30 30 30 30 0D
1779567671525,74 34 35 30 38 30 30 30 30 30 37 30 30 30 30 30 30 45 34 30 35 0D
1779567671531,74 34 35 31 38 30 30 30 30 30 30 30 30 30 30 30 30 30 30 30 30 0D
1779567671538,74 34 35 31 38 30 30 30 30 30 30 30 30 30 30 30 30 30 30 30 30 0D
1779567671550,74 34 35 35 38 45 41 46 46 30 37 30 30 39 46 46 46 30 30 30 30 0D
1779567671562,74 34 35 31 38 30 30 30 30 30 30 30 30 30 30 30 30 30 30 30 30 0D
1779567671578,74 34 35 35 38 45 41 46 46 30 37 30 30 39 46 46 46 30 30 30 30 0D
1779567671585,74 34 35 31 38 30 30 30 30 30 30 30 30 30 30 30 30 30 30 30 30 0D
1779567671592,74 34 35 35 38 45 41 46 46 30 37 30 30 39 46 46 46 30 30 30 30 0D
1779567671597,74 34 35 31 38 30 30 30 30 30 30 30 30 30 30 30 30 30 30 30 30 0D
1779567671611,74 34 35 35 38 45 41 46 46 30 37 30 30 39 46 46 46 30 30 30 30 0D
1779567671621,74 34 35 30 38 30 30 30 30 30 37 30 30 30 30 30 30 45 34 30 35 0D
1779567671635,74 34 35 31 38 30 30 30 30 30 30 30 30 30 30 30 30 30 30 30 30 0D
1779567671653,74 34 35 35 38 45 41 46 46 30 37 30 30 39 46 46 46 30 30 30 30 0D
1779567671659,74 34 35 31 38 30 30 30 30 30 30 30 30 30 30 30 30 30 30 30 30 0D
1779567671677,74 34 35 35 38 45 41 46 46 30 37 30 30 39 46 46 46 30 30 30 30 0D
1779567671684,74 34 35 31 38 30 30 30 30 30 30 30 30 30 30 30 30 30 30 30 30 0D
1779567671693,74 34 35 35 38 45 41 46 46 30 37 30 30 39 46 46 46 30 30 30 30 0D
1779567671701,74 34 35 31 38 30 30 30 30 30 30 30 30 30 30 30 30 30 30 30 30 0D
1779567671711,74 34 35 35 38 45 41 46 46 30 37 30 30 39 46 46 46 30 30 30 30 0D
1779567671720,74 34 35 30 38 30 30 30 30 30 37 30 30 30 30 30 30 45 34 30 35 0D
1779567671734,74 34 35 31 38 30 30 30 30 30 30 30 30 30 30 30 30 30 30 30 30 0D
1779567671740,74 34 35 31 38 30 30 30 30 30 30 30 30 30 30 30 30 30 30 30 30 0D
1779567671751,74 34 35 35 38 45 41 46 46 30 37 30 30 39 46 46 46 30 30 30 30 0D
1779567671757,74 34 35 31 38 30 30 30 30 30 30 30 30 30 30 30 30 30 30 30 30 0D
1779567671779,74 34 35 35 38 45 41 46 46 30 37 30 30 39 46 46 46 30 30 30 30 0D
1779567671784,74 34 35 31 38 30 30 30 30 30 30 30 30 30 30 30 30 30 30 30 30 0D
1779567671788,74 34 35 35 38 45 41 46 46 30 37 30 30 39 46 46 46 30 30 30 30 0D
1779567671805,74 34 35 31 38 30 30 30 30 30 30 30 30 30 30 30 30 30 30 30 30 0D
1779567671807,74 34 35 35 38 45 41 46 46 30 37 30 30 39 46 46 46 30 30 30 30 0D
1779567671819,74 34 35 30 38 30 30 30 30 30 37 30 30 30 30 30 30 45 34 30 35 0D
1779567671826,74 34 35 31 38 30 30 30 30 30 30 30 30 30 30 30 30 30 30 30 30 0D
1779567671837,74 34 35 31 38 30 30 30 30 30 30 30 30 30 30 30 30 30 30 30 30 0D
1779567671854,74 34 35 35 38 45 41 46 46 30 37 30 30 39 46 46 46 30 30 30 30 0D
1779567671859,74 34 35 31 38 30 30 30 30 30 30 30 30 30 30 30 30 30 30 30 30 0D
1779567671882,74 34 35 35 38 45 41 46 46 30 37 30 30 39 46 46 46 30 30 30 30 0D
1779567671890,74 34 35 31 38 30 30 30 30 30 30 30 30 30 30 30 30 30 30 30 30 0D
1779567671902,74 34 35 31 38 30 30 30 30 30 30 30 30 30 30 30 30 30 30 30 30 0D
1779567671909,74 34 35 35 38 45 41 46 46 30 37 30 30 39 46 46 46 30 30 30 30 0D
1779567671919,74 34 35 30 38 30 30 30 30 30 37 30 30 30 30 30 30 45 34 30 35 0D
1779567671928,74 34 35 31 38 30 30 30 30 30 30 30 30 30 30 30 30 30 30 30 30 0D
1779567671940,74 34 35 31 38 30 30 30 30 30 30 30 30 30 30 30 30 30 30 30 30 0D
1779567671952,74 34 35 35 38 45 41 46 46 30 37 30 30 39 46 46 46 30 30 30 30 0D
1779567671957,74 34 35 31 38 30 30 30 30 30 30 30 30 30 30 30 30 30 30 30 30 0D
1779567671985,74 34 35 35 38 45 41 46 46 30 37 30 30 39 46 46 46 30 30 30 30 0D
1779567672003,74 34 35 31 38 30 30 30 30 30 30 30 30 30 30 30 30 30 30 30 30 0D
1779567672026,74 34 35 36 38 45 45 46 46 30 37 30 30 30 34 30 30 30 30 30 30 0D
1779567672033,74 34 35 30 38 30 30 30 30 30 37 30 30 30 30 30 30 45 34 30 35 0D
1779567672038,74 34 35 31 38 30 30 30 30 30 30 30 30 30 30 30 30 30 30 30 30 0D
1779567672047,74 34 35 35 38 45 41 46 46 30 37 30 30 39 46 46 46 30 30 30 30 0D
1779567672059,74 34 35 31 38 30 30 30 30 30 30 30 30 30 30 30 30 30 30 30 30 0D
1779567672069,74 34 35 35 38 45 41 46 46 30 37 30 30 39 46 46 46 30 30 30 30 0D
1779567672073,74 34 35 37 38 30 30 30 30 30 30 30 30 36 34 31 34 30 30 30 30 0D
1779567672079,74 34 35 31 38 30 30 30 30 30 30 30 30 30 30 30 30 30 30 30 30 0D
1779567672086,74 34 35 35 38 45 41 46 46 30 37 30 30 39 46 46 46 30 30 30 30 0D
1779567672096,74 34 35 31 38 30 30 30 30 30 30 30 30 30 30 30 30 30 30 30 30 0D
1779567672107,74 34 35 35 38 45 41 46 46 30 37 30 30 39 46 46 46 30 30 30 30 0D
1779567672119,74 34 35 30 38 30 30 30 30 30 37 30 30 30 30 30 30 45 34 30 35 0D
1779567672129,74 34 35 31 38 30 30 30 30 30 30 30 30 30 30 30 30 30 30 30 30 0D
1779567672136,74 34 35 31 38 30 30 30 30 30 30 30 30 30 30 30 30 30 30 30 30 0D
1779567672149,74 34 35 35 38 45 42 46 46 30 37 30 30 39 46 46 46 30 30 30 30 0D
1779567672154,74 34 35 31 38 30 30 30 30 30 30 30 30 30 30 30 30 30 30 30 30 0D
1779567672197,74 34 35 35 38 45 42 46 46 30 37 30 30 39 46 46 46 30 30 30 30 0D
1779567672206,74 34 35 31 38 30 30 30 30 30 30 30 30 30 30 30 30 30 30 30 30 0D
1779567672213,74 34 35 35 38 45 42 46 46 30 37 30 30 39 46 46 46 30 30 30 30 0D
1779567672218,74 34 35 30 38 30 30 30 30 30 37 30 30 30 30 30 30 45 34 30 35 0D
1779567672228,74 34 35 31 38 30 30 30 30 30 30 30 30 30 30 30 30 30 30 30 30 0D
1779567672239,74 34 35 31 38 30 30 30 30 30 30 30 30 30 30 30 30 30 30 30 30 0D
1779567672251,74 34 35 35 38 45 42 46 46 30 37 30 30 39 46 46 46 30 30 30 30 0D
1779567672257,74 34 35 31 38 30 30 30 30 30 30 30 30 30 30 30 30 30 30 30 30 0D
1779567672285,74 34 35 35 38 45 42 46 46 30 37 30 30 39 46 46 46 30 30 30 30 0D
1779567672305,74 34 35 31 38 30 30 30 30 30 30 30 30 30 30 30 30 30 30 30 30 0D
1779567672313,74 34 35 35 38 45 42 46 46 30 37 30 30 39 46 46 46 30 30 30 30 0D
1779567672319,74 34 35 30 38 30 30 30 30 30 37 30 30 30 30 30 30 45 34 30 35 0D
1779567672329,74 34 35 31 38 30 30 30 30 30 30 30 30 30 30 30 30 30 30 30 30 0D
1779567672338,74 34 35 31 38 30 30 30 30 30 30 30 30 30 30 30 30 30 30 30 30 0D
1779567672350,74 34 35 35 38 45 41 46 46 30 37 30 30 41 30 46 46 30 30 30 30 0D
1779567672360,74 34 35 31 38 30 30 30 30 30 30 30 30 30 30 30 30 30 30 30 30 0D
1779567672372,74 34 35 35 38 45 41 46 46 30 37 30 30 41 30 46 46 30 30 30 30 0D
1779567672377,74 34 35 39 38 38 39 41 34 42 45 31 36 45 32 31 41 30 33 42 37 0D
1779567672387,74 34 35 31 38 30 30 30 30 30 30 30 30 30 30 30 30 30 30 30 30 0D
1779567672399,74 34 35 31 38 30 30 30 30 30 30 30 30 30 30 30 30 30 30 30 30 0D
1779567672409,74 34 35 35 38 45 41 46 46 30 37 30 30 41 30 46 46 30 30 30 30 0D
1779567672419,74 34 35 30 38 30 30 30 30 30 37 30 30 30 30 30 30 45 34 30 35 0D
1779567672427,74 34 35 31 38 30 30 30 30 30 30 30 30 30 30 30 30 30 30 30 30 0D
1779567672435,74 34 35 31 38 30 30 30 30 30 30 30 30 30 30 30 30 30 30 30 30 0D
1779567672451,74 34 35 35 38 45 41 46 46 30 37 30 30 41 30 46 46 30 30 30 30 0D
1779567672456,74 34 35 31 38 30 30 30 30 30 30 30 30 30 30 30 30 30 30 30 30 0D
1779567672480,74 34 35 35 38 45 41 46 46 30 37 30 30 41 30 46 46 30 30 30 30 0D
1779567672487,74 34 35 31 38 30 30 30 30 30 30 30 30 30 30 30 30 30 30 30 30 0D
1779567672491,74 34 35 35 38 45 41 46 46 30 37 30 30 41 30 46 46 30 30 30 30 0D
1779567672501,74 34 35 31 38 30 30 30 30 30 30 30 30 30 30 30 30 30 30 30 30 0D
1779567672516,74 34 35 35 38 45 41 46 46 30 37 30 30 41 30 46 46 30 30 30 30 0D
1779567672522,74 34 35 30 38 30 30 30 30 30 37 30 30 30 30 30 30 45 34 30 35 0D
1779567672534,74 34 35 31 38 30 30 30 30 30 30 30 30 30 30 30 30 30 30 30 30 0D
1779567672536,74 34 35 31 38 30 30 30 30 30 30 30 30 30 30 30 30 30 30 30 30 0D
1779567672552,74 34 35 35 38 45 41 46 46 30 37 30 30 39 45 46 46 30 30 30 30 0D
1779567672559,74 34 35 31 38 30 30 30 30 30 30 30 30 30 30 30 30 30 30 30 30 0D
1779567672576,74 34 35 35 38 45 41 46 46 30 37 30 30 39 45 46 46 30 30 30 30 0D
1779567672577,74 34 35 31 38 30 30 30 30 30 30 30 30 30 30 30 30 30 30 30 30 0D
1779567672587,74 34 35 35 38 45 41 46 46 30 37 30 30 39 45 46 46 30 30 30 30 0D
1779567672598,74 34 35 31 38 30 30 30 30 30 30 30 30 30 30 30 30 30 30 30 30 0D
1779567672609,74 34 35 35 38 45 41 46 46 30 37 30 30 39 45 46 46 30 30 30 30 0D
1779567672615,74 34 35 30 38 30 30 30 30 30 37 30 30 30 30 30 30 45 34 30 35 0D
1779567672628,74 34 35 31 38 30 30 30 30 30 30 30 30 30 30 30 30 30 30 30 30 0D
1779567672638,74 34 35 31 38 30 30 30 30 30 30 30 30 30 30 30 30 30 30 30 30 0D
1779567672649,74 34 35 35 38 45 41 46 46 30 37 30 30 39 45 46 46 30 30 30 30 0D
1779567672655,74 34 35 31 38 30 30 30 30 30 30 30 30 30 30 30 30 30 30 30 30 0D
1779567672691,74 34 35 35 38 45 41 46 46 30 37 30 30 39 45 46 46 30 30 30 30 0D
1779567672703,74 34 35 31 38 30 30 30 30 30 30 30 30 30 30 30 30 30 30 30 30 0D
1779567672710,74 34 35 35 38 45 41 46 46 30 37 30 30 39 45 46 46 30 30 30 30 0D
1779567672718,74 34 35 30 38 30 30 30 30 30 37 30 30 30 30 30 30 45 34 30 35 0D
1779567672733,74 34 35 31 38 30 30 30 30 30 30 30 30 30 30 30 30 30 30 30 30 0D
1779567672737,74 34 35 31 38 30 30 30 30 30 30 30 30 30 30 30 30 30 30 30 30 0D
1779567672749,74 34 35 35 38 45 41 46 46 30 37 30 30 39 46 46 46 30 30 30 30 0D
1779567672756,74 34 35 31 38 30 30 30 30 30 30 30 30 30 30 30 30 30 30 30 30 0D
1779567672777,74 34 35 35 38 45 41 46 46 30 37 30 30 39 46 46 46 30 30 30 30 0D
1779567672784,74 34 35 31 38 30 30 30 30 30 30 30 30 30 30 30 30 30 30 30 30 0D
1779567672790,74 34 35 35 38 45 41 46 46 30 37 30 30 39 46 46 46 30 30 30 30 0D
1779567672799,74 34 35 31 38 30 30 30 30 30 30 30 30 30 30 30 30 30 30 30 30 0D
1779567672808,74 34 35 35 38 45 41 46 46 30 37 30 30 39 46 46 46 30 30 30 30 0D
1779567672824,74 34 35 30 38 30 30 30 30 30 37 30 30 30 30 30 30 45 34 30 35 0D
1779567672832,74 34 35 31 38 30 30 30 30 30 30 30 30 30 30 30 30 30 30 30 30 0D
1779567672837,74 34 35 31 38 30 30 30 30 30 30 30 30 30 30 30 30 30 30 30 30 0D
1779567672852,74 34 35 35 38 45 41 46 46 30 37 30 30 39 46 46 46 30 30 30 30 0D
1779567672857,74 34 35 31 38 30 30 30 30 30 30 30 30 30 30 30 30 30 30 30 30 0D
1779567672878,74 34 35 35 38 45 41 46 46 30 37 30 30 39 46 46 46 30 30 30 30 0D
1779567672885,74 34 35 31 38 30 30 30 30 30 30 30 30 30 30 30 30 30 30 30 30 0D
1779567672890,74 34 35 35 38 45 41 46 46 30 37 30 30 39 46 46 46 30 30 30 30 0D
1779567672900,74 34 35 31 38 30 30 30 30 30 30 30 30 30 30 30 30 30 30 30 30 0D
1779567672909,74 34 35 35 38 45 41 46 46 30 37 30 30 39 46 46 46 30 30 30 30 0D
1779567672920,74 34 35 30 38 30 30 30 30 30 37 30 30 30 30 30 30 45 34 30 35 0D
1779567672926,74 34 35 31 38 30 30 30 30 30 30 30 30 30 30 30 30 30 30 30 30 0D
1779567672936,74 34 35 31 38 30 30 30 30 30 30 30 30 30 30 30 30 30 30 30 30 0D
1779567672950,74 34 35 35 38 45 41 46 46 30 37 30 30 39 46 46 46 30 30 30 30 0D
1779567672957,74 34 35 31 38 30 30 30 30 30 30 30 30 30 30 30 30 30 30 30 30 0D
1779567672989,74 34 35 35 38 45 41 46 46 30 37 30 30 39 46 46 46 30 30 30 30 0D
1779567673000,74 34 35 31 38 30 30 30 30 30 30 30 30 30 30 30 30 30 30 30 30 0D
1779567673014,74 34 35 35 38 45 41 46 46 30 37 30 30 39 46 46 46 30 30 30 30 0D
1779567673019,74 34 35 30 38 30 30 30 30 30 37 30 30 30 30 30 30 45 34 30 35 0D
1779567673032,74 34 35 31 38 30 30 30 30 30 30 30 30 30 30 30 30 30 30 30 30 0D
1779567673039,74 34 35 31 38 30 30 30 30 30 30 30 30 30 30 30 30 30 30 30 30 0D
1779567673054,74 34 35 35 38 45 41 46 46 30 37 30 30 39 46 46 46 30 30 30 30 0D
1779567673064,74 34 35 31 38 30 30 30 30 30 30 30 30 30 30 30 30 30 30 30 30 0D
1779567673081,74 34 35 37 38 30 30 30 30 30 30 30 30 36 34 31 34 30 30 30 30 0D
1779567673090,74 34 35 35 38 45 41 46 46 30 37 30 30 39 46 46 46 30 30 30 30 0D
1779567673098,74 34 35 31 38 30 30 30 30 30 30 30 30 30 30 30 30 30 30 30 30 0D
1779567673117,74 34 35 35 38 45 41 46 46 30 37 30 30 39 46 46 46 30 30 30 30 0D
1779567673124,74 34 35 30 38 30 30 30 30 30 37 30 30 30 30 30 30 45 34 30 35 0D
1779567673131,74 34 35 31 38 30 30 30 30 30 30 30 30 30 30 30 30 30 30 30 30 0D
1779567673136,74 34 35 31 38 30 30 30 30 30 30 30 30 30 30 30 30 30 30 30 30 0D
1779567673147,74 34 35 35 38 45 41 46 46 30 37 30 30 39 46 46 46 30 30 30 30 0D
1779567673159,74 34 35 31 38 30 30 30 30 30 30 30 30 30 30 30 30 30 30 30 30 0D
1779567673192,74 34 35 35 38 45 41 46 46 30 37 30 30 39 46 46 46 30 30 30 30 0D
1779567673205,74 34 35 31 38 30 30 30 30 30 30 30 30 30 30 30 30 30 30 30 30 0D
1779567673213,74 34 35 35 38 45 41 46 46 30 37 30 30 39 46 46 46 30 30 30 30 0D
1779567673219,74 34 35 30 38 30 30 30 30 30 37 30 30 30 30 30 30 45 34 30 35 0D
1779567673233,74 34 35 31 38 30 30 30 30 30 30 30 30 30 30 30 30 30 30 30 30 0D
1779567673238,74 34 35 31 38 30 30 30 30 30 30 30 30 30 30 30 30 30 30 30 30 0D
1779567673246,74 34 35 35 38 45 41 46 46 30 37 30 30 39 46 46 46 30 30 30 30 0D
1779567673255,74 34 35 36 38 45 45 46 46 30 38 30 30 30 35 30 30 30 30 30 30 0D
1779567673261,74 34 35 31 38 30 30 30 30 30 30 30 30 30 30 30 30 30 30 30 30 0D
1779567673271,74 34 35 36 38 45 45 46 46 30 38 30 30 30 35 30 30 30 30 30 30 0D
1779567673277,74 34 35 37 38 30 30 30 30 30 31 30 30 36 34 31 34 30 30 30 30 0D
1779567673284,74 34 35 31 38 30 30 30 30 30 30 30 30 30 30 30 30 30 30 30 30 0D
1779567673298,74 34 35 31 38 30 30 30 30 30 30 30 30 30 30 30 30 30 30 30 30 0D
1779567673305,74 34 35 35 38 45 41 46 46 30 37 30 30 39 46 46 46 30 30 30 30 0D
1779567673317,74 34 35 30 38 30 30 30 30 30 37 30 30 30 30 30 30 45 34 30 35 0D
1779567673335,74 34 35 31 38 30 30 30 30 30 30 30 30 30 30 30 30 30 30 30 30 0D
1779567673340,74 34 35 31 38 30 30 30 30 30 30 30 30 30 30 30 30 30 30 30 30 0D
1779567673349,74 34 35 35 38 45 41 46 46 30 37 30 30 39 46 46 46 30 30 30 30 0D
1779567673357,74 34 35 31 38 30 30 30 30 30 30 30 30 30 30 30 30 30 30 30 30 0D
1779567673369,74 34 35 35 38 45 41 46 46 30 37 30 30 39 46 46 46 30 30 30 30 0D
1779567673375,74 34 35 37 38 30 30 30 30 30 30 30 30 36 34 31 34 30 30 30 30 0D
1779567673381,74 34 35 31 38 30 30 30 30 30 30 30 30 30 30 30 30 30 30 30 30 0D
1779567673387,74 34 35 35 38 45 41 46 46 30 37 30 30 39 46 46 46 30 30 30 30 0D
1779567673398,74 34 35 31 38 30 30 30 30 30 30 30 30 30 30 30 30 30 30 30 30 0D
1779567673406,74 34 35 35 38 45 41 46 46 30 37 30 30 39 46 46 46 30 30 30 30 0D
1779567673418,74 34 35 30 38 30 30 30 30 30 37 30 30 30 30 30 30 45 34 30 35 0D
1779567673430,74 34 35 31 38 30 30 30 30 30 30 30 30 30 30 30 30 30 30 30 30 0D
1779567673438,74 34 35 31 38 30 30 30 30 30 30 30 30 30 30 30 30 30 30 30 30 0D
1779567673450,74 34 35 35 38 45 41 46 46 30 37 30 30 39 46 46 46 30 30 30 30 0D
1779567673458,74 34 35 31 38 30 30 30 30 30 30 30 30 30 30 30 30 30 30 30 30 0D
1779567673478,74 34 35 35 38 45 41 46 46 30 37 30 30 39 46 46 46 30 30 30 30 0D
1779567673484,74 34 35 31 38 30 30 30 30 30 30 30 30 30 30 30 30 30 30 30 30 0D
1779567673487,74 34 35 35 38 45 41 46 46 30 37 30 30 39 46 46 46 30 30 30 30 0D
1779567673499,74 34 35 31 38 30 30 30 30 30 30 30 30 30 30 30 30 30 30 30 30 0D
1779567673512,74 34 35 35 38 45 41 46 46 30 37 30 30 39 46 46 46 30 30 30 30 0D
1779567673518,74 34 35 30 38 30 30 30 30 30 37 30 30 30 30 30 30 45 34 30 35 0D
1779567673529,74 34 35 31 38 30 30 30 30 30 30 30 30 30 30 30 30 30 30 30 30 0D
1779567673537,74 34 35 31 38 30 30 30 30 30 30 30 30 30 30 30 30 30 30 30 30 0D
1779567673551,74 34 35 35 38 45 41 46 46 30 37 30 30 39 46 46 46 30 30 30 30 0D
1779567673557,74 34 35 31 38 30 30 30 30 30 30 30 30 30 30 30 30 30 30 30 30 0D
1779567673578,74 34 35 35 38 45 41 46 46 30 37 30 30 39 46 46 46 30 30 30 30 0D
1779567673590,74 34 35 31 38 30 30 30 30 30 30 30 30 30 30 30 30 30 30 30 30 0D
1779567673596,74 34 35 31 38 30 30 30 30 30 30 30 30 30 30 30 30 30 30 30 30 0D
1779567673610,74 34 35 35 38 45 41 46 46 30 37 30 30 39 46 46 46 30 30 30 30 0D
1779567673616,74 34 35 30 38 30 30 30 30 30 37 30 30 30 30 30 30 45 34 30 35 0D
1779567673634,74 34 35 31 38 30 30 30 30 30 30 30 30 30 30 30 30 30 30 30 30 0D
1779567673639,74 34 35 31 38 30 30 30 30 30 30 30 30 30 30 30 30 30 30 30 30 0D
1779567673647,74 34 35 35 38 45 41 46 46 30 37 30 30 39 46 46 46 30 30 30 30 0D
1779567673656,74 34 35 31 38 30 30 30 30 30 30 30 30 30 30 30 30 30 30 30 30 0D
1779567673667,74 34 35 35 38 45 41 46 46 30 37 30 30 39 46 46 46 30 30 30 30 0D
1779567673674,74 34 35 37 38 30 30 30 30 30 30 30 30 36 34 31 34 30 30 30 30 0D
1779567673689,74 34 35 39 38 38 30 41 34 42 45 31 36 44 38 31 41 30 33 42 37 0D
1779567673698,74 34 35 31 38 30 30 30 30 30 30 30 30 30 30 30 30 30 30 30 30 0D
1779567673715,74 34 35 35 38 45 41 46 46 30 37 30 30 39 46 46 46 30 30 30 30 0D
1779567673720,74 34 35 30 38 30 30 30 30 30 37 30 30 30 30 30 30 45 34 30 35 0D
1779567673729,74 34 35 31 38 30 30 30 30 30 30 30 30 30 30 30 30 30 30 30 30 0D
1779567673735,74 34 35 31 38 30 30 30 30 30 30 30 30 30 30 30 30 30 30 30 30 0D
1779567673749,74 34 35 35 38 45 39 46 46 30 37 30 30 39 46 46 46 30 30 30 30 0D
1779567673754,74 34 35 31 38 30 30 30 30 30 30 30 30 30 30 30 30 30 30 30 30 0D
1779567673776,74 34 35 35 38 45 39 46 46 30 37 30 30 39 46 46 46 30 30 30 30 0D
1779567673783,74 34 35 31 38 30 30 30 30 30 30 30 30 30 30 30 30 30 30 30 30 0D
1779567673788,74 34 35 36 38 45 45 46 46 30 37 30 30 30 34 30 30 30 30 30 30 0D
1779567673800,74 34 35 31 38 30 30 30 30 30 30 30 30 30 30 30 30 30 30 30 30 0D
1779567673813,74 34 35 35 38 45 39 46 46 30 37 30 30 39 46 46 46 30 30 30 30 0D
1779567673817,74 34 35 30 38 30 30 30 30 30 37 30 30 30 30 30 30 45 34 30 35 0D
1779567673831,74 34 35 31 38 30 30 30 30 30 30 30 30 30 30 30 30 30 30 30 30 0D
1779567673841,74 34 35 31 38 30 30 30 30 30 30 30 30 30 30 30 30 30 30 30 30 0D
1779567673851,74 34 35 35 38 45 39 46 46 30 37 30 30 39 46 46 46 30 30 30 30 0D
1779567673856,74 34 35 31 38 30 30 30 30 30 30 30 30 30 30 30 30 30 30 30 30 0D
1779567673876,74 34 35 35 38 45 39 46 46 30 37 30 30 39 46 46 46 30 30 30 30 0D
1779567673883,74 34 35 31 38 30 30 30 30 30 30 30 30 30 30 30 30 30 30 30 30 0D
1779567673889,74 34 35 35 38 45 39 46 46 30 37 30 30 39 46 46 46 30 30 30 30 0D
1779567673897,74 34 35 31 38 30 30 30 30 30 30 30 30 30 30 30 30 30 30 30 30 0D
1779567673910,74 34 35 35 38 45 39 46 46 30 37 30 30 39 46 46 46 30 30 30 30 0D
1779567673916,74 34 35 30 38 30 30 30 30 30 37 30 30 30 30 30 30 45 34 30 35 0D
1779567673937,74 34 35 31 38 30 30 30 30 30 30 30 30 30 30 30 30 30 30 30 30 0D
1779567673948,74 34 35 31 38 30 30 30 30 30 30 30 30 30 30 30 30 30 30 30 30 0D
1779567673954,74 34 35 31 38 30 30 30 30 30 30 30 30 30 30 30 30 30 30 30 30 0D
1779567673969,74 34 35 35 38 45 41 46 46 30 37 30 30 39 46 46 46 30 30 30 30 0D
1779567673974,74 34 35 37 38 30 30 30 30 30 30 30 30 36 34 31 34 30 30 30 30 0D
1779567673981,74 34 35 31 38 30 30 30 30 30 30 30 30 30 30 30 30 30 30 30 30 0D
1779567673985,74 34 35 36 38 45 45 46 46 30 37 30 30 30 34 30 30 30 30 30 30 0D
1779567673998,74 34 35 31 38 30 30 30 30 30 30 30 30 30 30 30 30 30 30 30 30 0D
1779567674006,74 34 35 35 38 45 41 46 46 30 37 30 30 39 46 46 46 30 30 30 30 0D
1779567674018,74 34 35 30 38 30 30 30 30 30 37 30 30 30 30 30 30 45 34 30 35 0D
1779567674029,74 34 35 31 38 30 30 30 30 30 30 30 30 30 30 30 30 30 30 30 30 0D
1779567674039,74 34 35 31 38 30 30 30 30 30 30 30 30 30 30 30 30 30 30 30 30 0D
1779567674048,74 34 35 35 38 45 41 46 46 30 37 30 30 39 46 46 46 30 30 30 30 0D
1779567674059,74 34 35 31 38 30 30 30 30 30 30 30 30 30 30 30 30 30 30 30 30 0D
1779567674080,74 34 35 35 38 45 41 46 46 30 37 30 30 39 46 46 46 30 30 30 30 0D
1779567674098,74 34 35 31 38 30 30 30 30 30 30 30 30 30 30 30 30 30 30 30 30 0D
1779567674103,74 34 35 35 38 45 41 46 46 30 37 30 30 39 46 46 46 30 30 30 30 0D
1779567674115,74 34 35 30 38 30 30 30 30 30 37 30 30 30 30 30 30 45 34 30 35 0D
1779567674136,74 34 35 31 38 30 30 30 30 30 30 30 30 30 30 30 30 30 30 30 30 0D
1779567674143,74 34 35 31 38 30 30 30 30 30 30 30 30 30 30 30 30 30 30 30 30 0D
1779567674152,74 34 35 35 38 45 41 46 46 30 37 30 30 39 45 46 46 30 30 30 30 0D
1779567674158,74 34 35 31 38 30 30 30 30 30 30 30 30 30 30 30 30 30 30 30 30 0D
1779567674166,74 34 35 35 38 45 41 46 46 30 37 30 30 39 45 46 46 30 30 30 30 0D
1779567674174,74 34 35 37 38 30 30 30 30 30 30 30 30 36 34 31 34 30 30 30 30 0D
1779567674180,74 34 35 31 38 30 30 30 30 30 30 30 30 30 30 30 30 30 30 30 30 0D
1779567674189,74 34 35 35 38 45 41 46 46 30 37 30 30 39 45 46 46 30 30 30 30 0D
1779567674197,74 34 35 31 38 30 30 30 30 30 30 30 30 30 30 30 30 30 30 30 30 0D
1779567674208,74 34 35 35 38 45 41 46 46 30 37 30 30 39 45 46 46 30 30 30 30 0D
1779567674215,74 34 35 30 38 30 30 30 30 30 37 30 30 30 30 30 30 45 34 30 35 0D
1779567674228,74 34 35 31 38 30 30 30 30 30 30 30 30 30 30 30 30 30 30 30 30 0D
1779567674237,74 34 35 31 38 30 30 30 30 30 30 30 30 30 30 30 30 30 30 30 30 0D
1779567674252,74 34 35 35 38 45 41 46 46 30 37 30 30 39 45 46 46 30 30 30 30 0D
1779567674260,74 34 35 31 38 30 30 30 30 30 30 30 30 30 30 30 30 30 30 30 30 0D
1779567674278,74 34 35 35 38 45 41 46 46 30 37 30 30 39 45 46 46 30 30 30 30 0D
1779567674287,74 34 35 36 38 45 45 46 46 30 37 30 30 30 33 30 30 30 30 30 30 0D
1779567674305,74 34 35 31 38 30 30 30 30 30 30 30 30 30 30 30 30 30 30 30 30 0D
1779567674311,74 34 35 35 38 45 41 46 46 30 37 30 30 39 45 46 46 30 30 30 30 0D
1779567674315,74 34 35 30 38 30 30 30 30 30 37 30 30 30 30 30 30 45 34 30 35 0D
1779567674327,74 34 35 31 38 30 30 30 30 30 30 30 30 30 30 30 30 30 30 30 30 0D
1779567674342,74 34 35 31 38 30 30 30 30 30 30 30 30 30 30 30 30 30 30 30 30 0D
1779567674348,74 34 35 35 38 45 41 46 46 30 37 30 30 39 46 46 46 30 30 30 30 0D
1779567674362,74 34 35 31 38 30 30 30 30 30 30 30 30 30 30 30 30 30 30 30 30 0D
1779567674375,74 34 35 35 38 45 41 46 46 30 37 30 30 39 46 46 46 30 30 30 30 0D
1779567674382,74 34 35 31 38 30 30 30 30 30 30 30 30 30 30 30 30 30 30 30 30 0D
1779567674395,74 34 35 35 38 45 41 46 46 30 37 30 30 39 46 46 46 30 30 30 30 0D
1779567674404,74 34 35 31 38 30 30 30 30 30 30 30 30 30 30 30 30 30 30 30 30 0D
1779567674413,74 34 35 35 38 45 41 46 46 30 37 30 30 39 46 46 46 30 30 30 30 0D
1779567674418,74 34 35 30 38 30 30 30 30 30 37 30 30 30 30 30 30 45 34 30 35 0D
1779567674430,74 34 35 31 38 30 30 30 30 30 30 30 30 30 30 30 30 30 30 30 30 0D
1779567674441,74 34 35 31 38 30 30 30 30 30 30 30 30 30 30 30 30 30 30 30 30 0D
1779567674448,74 34 35 35 38 45 41 46 46 30 37 30 30 39 46 46 46 30 30 30 30 0D
1779567674462,74 34 35 31 38 30 30 30 30 30 30 30 30 30 30 30 30 30 30 30 30 0D
1779567674482,74 34 35 35 38 45 41 46 46 30 37 30 30 39 46 46 46 30 30 30 30 0D
1779567674494,74 34 35 35 38 45 41 46 46 30 37 30 30 39 46 46 46 30 30 30 30 0D
1779567674499,74 34 35 31 38 30 30 30 30 30 30 30 30 30 30 30 30 30 30 30 30 0D
1779567674511,74 34 35 35 38 45 41 46 46 30 37 30 30 39 46 46 46 30 30 30 30 0D
1779567674518,74 34 35 30 38 30 30 30 30 30 37 30 30 30 30 30 30 45 34 30 35 0D
1779567674528,74 34 35 31 38 30 30 30 30 30 30 30 30 30 30 30 30 30 30 30 30 0D
1779567674536,74 34 35 31 38 30 30 30 30 30 30 30 30 30 30 30 30 30 30 30 30 0D
1779567674549,74 34 35 35 38 45 39 46 46 30 37 30 30 39 46 46 46 30 30 30 30 0D
1779567674561,74 34 35 31 38 30 30 30 30 30 30 30 30 30 30 30 30 30 30 30 30 0D
1779567674569,74 34 35 35 38 45 39 46 46 30 37 30 30 39 46 46 46 30 30 30 30 0D
1779567674581,74 34 35 37 38 30 30 30 30 30 30 30 30 36 34 31 34 30 30 30 30 0D
1779567674591,74 34 35 31 38 30 30 30 30 30 30 30 30 30 30 30 30 30 30 30 30 0D
1779567674598,74 34 35 31 38 30 30 30 30 30 30 30 30 30 30 30 30 30 30 30 30 0D
1779567674609,74 34 35 35 38 45 39 46 46 30 37 30 30 39 46 46 46 30 30 30 30 0D
1779567674616,74 34 35 30 38 30 30 30 30 30 37 30 30 30 30 30 30 45 34 30 35 0D
1779567674631,74 34 35 31 38 30 30 30 30 30 30 30 30 30 30 30 30 30 30 30 30 0D
1779567674636,74 34 35 31 38 30 30 30 30 30 30 30 30 30 30 30 30 30 30 30 30 0D
1779567674648,74 34 35 35 38 45 39 46 46 30 37 30 30 39 46 46 46 30 30 30 30 0D
1779567674658,74 34 35 31 38 30 30 30 30 30 30 30 30 30 30 30 30 30 30 30 30 0D
1779567674676,74 34 35 35 38 45 39 46 46 30 37 30 30 39 46 46 46 30 30 30 30 0D
1779567674684,74 34 35 31 38 30 30 30 30 30 30 30 30 30 30 30 30 30 30 30 30 0D
1779567674687,74 34 35 35 38 45 39 46 46 30 37 30 30 39 46 46 46 30 30 30 30 0D
1779567674700,74 34 35 31 38 30 30 30 30 30 30 30 30 30 30 30 30 30 30 30 30 0D
1779567674709,74 34 35 35 38 45 39 46 46 30 37 30 30 39 46 46 46 30 30 30 30 0D
1779567674717,74 34 35 30 38 30 30 30 30 30 37 30 30 30 30 30 30 45 34 30 35 0D
1779567674729,74 34 35 31 38 30 30 30 30 30 30 30 30 30 30 30 30 30 30 30 30 0D
1779567674735,74 34 35 31 38 30 30 30 30 30 30 30 30 30 30 30 30 30 30 30 30 0D
1779567674748,74 34 35 35 38 45 41 46 46 30 37 30 30 39 46 46 46 30 30 30 30 0D
1779567674761,74 34 35 31 38 30 30 30 30 30 30 30 30 30 30 30 30 30 30 30 30 0D
1779567674779,74 34 35 35 38 45 41 46 46 30 37 30 30 39 46 46 46 30 30 30 30 0D
1779567674790,74 34 35 31 38 30 30 30 30 30 30 30 30 30 30 30 30 30 30 30 30 0D
1779567674810,74 34 35 31 38 30 30 30 30 30 30 30 30 30 30 30 30 30 30 30 30 0D
1779567674816,74 34 35 36 38 45 44 46 46 30 38 30 30 30 33 30 30 30 30 30 30 0D
1779567674825,74 34 35 30 38 30 30 30 30 30 37 30 30 30 30 30 30 45 34 30 35 0D
1779567674831,74 34 35 31 38 30 30 30 30 30 30 30 30 30 30 30 30 30 30 30 30 0D
1779567674840,74 34 35 31 38 30 30 30 30 30 30 30 30 30 30 30 30 30 30 30 30 0D
1779567674846,74 34 35 35 38 45 41 46 46 30 37 30 30 39 46 46 46 30 30 30 30 0D
1779567674859,74 34 35 31 38 30 30 30 30 30 30 30 30 30 30 30 30 30 30 30 30 0D
1779567674877,74 34 35 35 38 45 41 46 46 30 37 30 30 39 46 46 46 30 30 30 30 0D
1779567674881,74 34 35 31 38 30 30 30 30 30 30 30 30 30 30 30 30 30 30 30 30 0D
1779567674893,74 34 35 35 38 45 41 46 46 30 37 30 30 39 46 46 46 30 30 30 30 0D
1779567674900,74 34 35 31 38 30 30 30 30 30 30 30 30 30 30 30 30 30 30 30 30 0D
1779567674910,74 34 35 35 38 45 41 46 46 30 37 30 30 39 46 46 46 30 30 30 30 0D
1779567674917,74 34 35 30 38 30 30 30 30 30 37 30 30 30 30 30 30 45 34 30 35 0D
1779567674930,74 34 35 31 38 30 30 30 30 30 30 30 30 30 30 30 30 30 30 30 30 0D
1779567674939,74 34 35 31 38 30 30 30 30 30 30 30 30 30 30 30 30 30 30 30 30 0D
1779567674951,74 34 35 35 38 45 41 46 46 30 37 30 30 39 46 46 46 30 30 30 30 0D
1779567674961,74 34 35 31 38 30 30 30 30 30 30 30 30 30 30 30 30 30 30 30 30 0D
1779567674976,74 34 35 35 38 45 41 46 46 30 37 30 30 39 46 46 46 30 30 30 30 0D
1779567674982,74 34 35 31 38 30 30 30 30 30 30 30 30 30 30 30 30 30 30 30 30 0D
1779567674990,74 34 35 35 38 45 41 46 46 30 37 30 30 39 46 46 46 30 30 30 30 0D
1779567674996,74 34 35 31 38 30 30 30 30 30 30 30 30 30 30 30 30 30 30 30 30 0D
1779567675008,74 34 35 35 38 45 41 46 46 30 37 30 30 39 46 46 46 30 30 30 30 0D
1779567675017,74 34 35 30 38 30 30 30 30 30 37 30 30 30 30 30 30 45 34 30 35 0D
1779567675029,74 34 35 31 38 30 30 30 30 30 30 30 30 30 30 30 30 30 30 30 30 0D
1779567675034,74 34 35 31 38 30 30 30 30 30 30 30 30 30 30 30 30 30 30 30 30 0D
1779567675048,74 34 35 35 38 45 41 46 46 30 37 30 30 39 46 46 46 30 30 30 30 0D
1779567675059,74 34 35 31 38 30 30 30 30 30 30 30 30 30 30 30 30 30 30 30 30 0D
1779567675076,74 34 35 35 38 45 41 46 46 30 37 30 30 39 46 46 46 30 30 30 30 0D
1779567675081,74 34 35 31 38 30 30 30 30 30 30 30 30 30 30 30 30 30 30 30 30 0D
1779567675083,74 34 35 35 38 45 41 46 46 30 37 30 30 39 46 46 46 30 30 30 30 0D
1779567675098,74 34 35 31 38 30 30 30 30 30 30 30 30 30 30 30 30 30 30 30 30 0D
1779567675109,74 34 35 35 38 45 41 46 46 30 37 30 30 39 46 46 46 30 30 30 30 0D
1779567675117,74 34 35 30 38 30 30 30 30 30 37 30 30 30 30 30 30 45 34 30 35 0D
1779567675127,74 34 35 31 38 30 30 30 30 30 30 30 30 30 30 30 30 30 30 30 30 0D
1779567675139,74 34 35 31 38 30 30 30 30 30 30 30 30 30 30 30 30 30 30 30 30 0D
1779567675150,74 34 35 35 38 45 41 46 46 30 37 30 30 39 46 46 46 30 30 30 30 0D
1779567675159,74 34 35 31 38 30 30 30 30 30 30 30 30 30 30 30 30 30 30 30 30 0D
1779567675173,74 34 35 37 38 30 30 30 30 30 30 30 30 36 34 31 34 30 30 30 30 0D
1779567675190,74 34 35 39 38 37 39 41 34 42 45 31 36 44 41 31 41 30 33 42 37 0D
1779567675203,74 34 35 31 38 30 30 30 30 30 30 30 30 30 30 30 30 30 30 30 30 0D
1779567675208,74 34 35 35 38 45 41 46 46 30 37 30 30 39 46 46 46 30 30 30 30 0D
1779567675218,74 34 35 30 38 30 30 30 30 30 37 30 30 30 30 30 30 45 34 30 35 0D
1779567675234,74 34 35 31 38 30 30 30 30 30 30 30 30 30 30 30 30 30 30 30 30 0D
1779567675240,74 34 35 31 38 30 30 30 30 30 30 30 30 30 30 30 30 30 30 30 30 0D
1779567675247,74 34 35 35 38 45 41 46 46 30 37 30 30 39 46 46 46 30 30 30 30 0D
1779567675258,74 34 35 31 38 30 30 30 30 30 30 30 30 30 30 30 30 30 30 30 30 0D
1779567675278,74 34 35 35 38 45 41 46 46 30 37 30 30 39 46 46 46 30 30 30 30 0D
1779567675290,74 34 35 31 38 30 30 30 30 30 30 30 30 30 30 30 30 30 30 30 30 0D
1779567675298,74 34 35 31 38 30 30 30 30 30 30 30 30 30 30 30 30 30 30 30 30 0D
1779567675308,74 34 35 35 38 45 41 46 46 30 37 30 30 39 46 46 46 30 30 30 30 0D
1779567675317,74 34 35 30 38 30 30 30 30 30 37 30 30 30 30 30 30 45 34 30 35 0D
1779567675335,74 34 35 31 38 30 30 30 30 30 30 30 30 30 30 30 30 30 30 30 30 0D
1779567675342,74 34 35 31 38 30 30 30 30 30 30 30 30 30 30 30 30 30 30 30 30 0D
1779567675348,74 34 35 35 38 45 41 46 46 30 37 30 30 39 46 46 46 30 30 30 30 0D
1779567675359,74 34 35 31 38 30 30 30 30 30 30 30 30 30 30 30 30 30 30 30 30 0D
1779567675376,74 34 35 35 38 45 41 46 46 30 37 30 30 39 46 46 46 30 30 30 30 0D
1779567675380,74 34 35 31 38 30 30 30 30 30 30 30 30 30 30 30 30 30 30 30 30 0D
1779567675389,74 34 35 35 38 45 41 46 46 30 37 30 30 39 46 46 46 30 30 30 30 0D
1779567675396,74 34 35 31 38 30 30 30 30 30 30 30 30 30 30 30 30 30 30 30 30 0D
1779567675409,74 34 35 35 38 45 41 46 46 30 37 30 30 39 46 46 46 30 30 30 30 0D
1779567675417,74 34 35 36 38 45 44 46 46 30 37 30 30 30 34 30 30 30 30 30 30 0D
1779567675423,74 34 35 30 38 30 30 30 30 30 37 30 30 30 30 30 30 45 34 30 35 0D
1779567675427,74 34 35 31 38 30 30 30 30 30 30 30 30 30 30 30 30 30 30 30 30 0D
1779567675438,74 34 35 31 38 30 30 30 30 30 30 30 30 30 30 30 30 30 30 30 30 0D
1779567675451,74 34 35 35 38 45 41 46 46 30 37 30 30 39 46 46 46 30 30 30 30 0D
1779567675463,74 34 35 31 38 30 30 30 30 30 30 30 30 30 30 30 30 30 30 30 30 0D
1779567675474,74 34 35 35 38 45 41 46 46 30 37 30 30 39 46 46 46 30 30 30 30 0D
1779567675481,74 34 35 31 38 30 30 30 30 30 30 30 30 30 30 30 30 30 30 30 30 0D
1779567675491,74 34 35 35 38 45 41 46 46 30 37 30 30 39 46 46 46 30 30 30 30 0D
1779567675497,74 34 35 31 38 30 30 30 30 30 30 30 30 30 30 30 30 30 30 30 30 0D
1779567675518,74 34 35 35 38 45 41 46 46 30 37 30 30 39 46 46 46 30 30 30 30 0D
1779567675522,74 34 35 30 38 30 30 30 30 30 37 30 30 30 30 30 30 45 34 30 35 0D
1779567675531,74 34 35 31 38 30 30 30 30 30 30 30 30 30 30 30 30 30 30 30 30 0D
1779567675538,74 34 35 31 38 30 30 30 30 30 30 30 30 30 30 30 30 30 30 30 30 0D
1779567675548,74 34 35 35 38 45 41 46 46 30 37 30 30 39 46 46 46 30 30 30 30 0D
1779567675559,74 34 35 31 38 30 30 30 30 30 30 30 30 30 30 30 30 30 30 30 30 0D
1779567675577,74 34 35 35 38 45 41 46 46 30 37 30 30 39 46 46 46 30 30 30 30 0D
1779567675581,74 34 35 31 38 30 30 30 30 30 30 30 30 30 30 30 30 30 30 30 30 0D
1779567675589,74 34 35 35 38 45 41 46 46 30 37 30 30 39 46 46 46 30 30 30 30 0D
1779567675599,74 34 35 31 38 30 30 30 30 30 30 30 30 30 30 30 30 30 30 30 30 0D
1779567675609,74 34 35 35 38 45 41 46 46 30 37 30 30 39 46 46 46 30 30 30 30 0D
1779567675616,74 34 35 30 38 30 30 30 30 30 37 30 30 30 30 30 30 45 34 30 35 0D
1779567675632,74 34 35 31 38 30 30 30 30 30 30 30 30 30 30 30 30 30 30 30 30 0D
1779567675640,74 34 35 31 38 30 30 30 30 30 30 30 30 30 30 30 30 30 30 30 30 0D
1779567675649,74 34 35 35 38 45 41 46 46 30 37 30 30 39 46 46 46 30 30 30 30 0D
1779567675659,74 34 35 31 38 30 30 30 30 30 30 30 30 30 30 30 30 30 30 30 30 0D
1779567675679,74 34 35 35 38 45 41 46 46 30 37 30 30 39 46 46 46 30 30 30 30 0D
1779567675689,74 34 35 31 38 30 30 30 30 30 30 30 30 30 30 30 30 30 30 30 30 0D
1779567675702,74 34 35 31 38 30 30 30 30 30 30 30 30 30 30 30 30 30 30 30 30 0D
1779567675723,74 34 35 35 38 45 41 46 46 30 37 30 30 39 46 46 46 30 30 30 30 0D
1779567675726,74 34 35 30 38 30 30 30 30 30 37 30 30 30 30 30 30 45 34 30 35 0D
1779567675729,74 34 35 35 38 45 41 46 46 30 37 30 30 39 46 46 46 30 30 30 30 0D 74 34 35 36 38 45 45 46 46 30 37 30 30 30 34 30 30 30 30 30 30 0D
1779567675738,74 34 35 31 38 30 30 30 30 30 30 30 30 30 30 30 30 30 30 30 30 0D
1779567675746,74 34 35 35 38 45 41 46 46 30 37 30 30 39 46 46 46 30 30 30 30 0D
1779567675761,74 34 35 31 38 30 30 30 30 30 30 30 30 30 30 30 30 30 30 30 30 0D
1779567675774,74 34 35 35 38 45 41 46 46 30 37 30 30 39 46 46 46 30 30 30 30 0D
1779567675781,74 34 35 31 38 30 30 30 30 30 30 30 30 30 30 30 30 30 30 30 30 0D
1779567675789,74 34 35 35 38 45 41 46 46 30 37 30 30 39 46 46 46 30 30 30 30 0D
1779567675797,74 34 35 31 38 30 30 30 30 30 30 30 30 30 30 30 30 30 30 30 30 0D
1779567675808,74 34 35 35 38 45 41 46 46 30 37 30 30 39 46 46 46 30 30 30 30 0D
1779567675815,74 34 35 30 38 30 30 30 30 30 37 30 30 30 30 30 30 45 34 30 35 0D
1779567675834,74 34 35 31 38 30 30 30 30 30 30 30 30 30 30 30 30 30 30 30 30 0D
1779567675841,74 34 35 31 38 30 30 30 30 30 30 30 30 30 30 30 30 30 30 30 30 0D
1779567675853,74 34 35 35 38 45 41 46 46 30 37 30 30 39 46 46 46 30 30 30 30 0D
1779567675858,74 34 35 31 38 30 30 30 30 30 30 30 30 30 30 30 30 30 30 30 30 0D
1779567675875,74 34 35 35 38 45 41 46 46 30 37 30 30 39 46 46 46 30 30 30 30 0D
1779567675880,74 34 35 31 38 30 30 30 30 30 30 30 30 30 30 30 30 30 30 30 30 0D
1779567675893,74 34 35 35 38 45 41 46 46 30 37 30 30 39 46 46 46 30 30 30 30 0D
1779567675898,74 34 35 31 38 30 30 30 30 30 30 30 30 30 30 30 30 30 30 30 30 0D
1779567675912,74 34 35 35 38 45 41 46 46 30 37 30 30 39 46 46 46 30 30 30 30 0D
1779567675920,74 34 35 30 38 30 30 30 30 30 37 30 30 30 30 30 30 45 34 30 35 0D
1779567675931,74 34 35 31 38 30 30 30 30 30 30 30 30 30 30 30 30 30 30 30 30 0D
1779567675941,74 34 35 31 38 30 30 30 30 30 30 30 30 30 30 30 30 30 30 30 30 0D
1779567675956,74 34 35 35 38 45 41 46 46 30 37 30 30 39 46 46 46 30 30 30 30 0D
1779567675962,74 34 35 31 38 30 30 30 30 30 30 30 30 30 30 30 30 30 30 30 30 0D
1779567675977,74 34 35 35 38 45 41 46 46 30 37 30 30 39 46 46 46 30 30 30 30 0D
1779567675984,74 34 35 31 38 30 30 30 30 30 30 30 30 30 30 30 30 30 30 30 30 0D
1779567675988,74 34 35 35 38 45 41 46 46 30 37 30 30 39 46 46 46 30 30 30 30 0D
1779567675996,74 34 35 31 38 30 30 30 30 30 30 30 30 30 30 30 30 30 30 30 30 0D
1779567676009,74 34 35 35 38 45 41 46 46 30 37 30 30 39 46 46 46 30 30 30 30 0D
1779567676020,74 34 35 30 38 30 30 30 30 30 37 30 30 30 30 30 30 45 34 30 35 0D
1779567676036,74 34 35 31 38 30 30 30 30 30 30 30 30 30 30 30 30 30 30 30 30 0D
1779567676041,74 34 35 31 38 30 30 30 30 30 30 30 30 30 30 30 30 30 30 30 30 0D
1779567676054,74 34 35 35 38 45 41 46 46 30 37 30 30 39 46 46 46 30 30 30 30 0D
1779567676058,74 34 35 31 38 30 30 30 30 30 30 30 30 30 30 30 30 30 30 30 30 0D
1779567676082,74 34 35 35 38 45 41 46 46 30 37 30 30 39 46 46 46 30 30 30 30 0D 74 34 35 31 38 30 30 30 30 30 30 30 30 30 30 30 30 30 30 30 30 0D
1779567676091,74 34 35 35 38 45 41 46 46 30 37 30 30 39 46 46 46 30 30 30 30 0D
1779567676106,74 34 35 31 38 30 30 30 30 30 30 30 30 30 30 30 30 30 30 30 30 0D
1779567676114,74 34 35 35 38 45 41 46 46 30 37 30 30 39 46 46 46 30 30 30 30 0D
1779567676118,74 34 35 30 38 30 30 30 30 30 37 30 30 30 30 30 30 45 34 30 35 0D
1779567676130,74 34 35 31 38 30 30 30 30 30 30 30 30 30 30 30 30 30 30 30 30 0D
1779567676139,74 34 35 31 38 30 30 30 30 30 30 30 30 30 30 30 30 30 30 30 30 0D
1779567676154,74 34 35 35 38 45 39 46 46 30 37 30 30 39 46 46 46 30 30 30 30 0D
1779567676157,74 34 35 31 38 30 30 30 30 30 30 30 30 30 30 30 30 30 30 30 30 0D
1779567676177,74 34 35 35 38 45 39 46 46 30 37 30 30 39 46 46 46 30 30 30 30 0D
1779567676181,74 34 35 31 38 30 30 30 30 30 30 30 30 30 30 30 30 30 30 30 30 0D
1779567676194,74 34 35 35 38 45 39 46 46 30 37 30 30 39 46 46 46 30 30 30 30 0D
1779567676198,74 34 35 31 38 30 30 30 30 30 30 30 30 30 30 30 30 30 30 30 30 0D
1779567676209,74 34 35 35 38 45 39 46 46 30 37 30 30 39 46 46 46 30 30 30 30 0D
1779567676218,74 34 35 30 38 30 30 30 30 30 37 30 30 30 30 30 30 45 34 30 35 0D
1779567676236,74 34 35 31 38 30 30 30 30 30 30 30 30 30 30 30 30 30 30 30 30 0D
1779567676241,74 34 35 31 38 30 30 30 30 30 30 30 30 30 30 30 30 30 30 30 30 0D
1779567676251,74 34 35 35 38 45 39 46 46 30 37 30 30 39 46 46 46 30 30 30 30 0D
1779567676259,74 34 35 31 38 30 30 30 30 30 30 30 30 30 30 30 30 30 30 30 30 0D
1779567676274,74 34 35 35 38 45 39 46 46 30 37 30 30 39 46 46 46 30 30 30 30 0D
1779567676283,74 34 35 31 38 30 30 30 30 30 30 30 30 30 30 30 30 30 30 30 30 0D
1779567676288,74 34 35 35 38 45 39 46 46 30 37 30 30 39 46 46 46 30 30 30 30 0D
1779567676292,74 34 35 36 38 45 44 46 46 30 38 30 30 30 34 30 30 30 30 30 30 0D
1779567676300,74 34 35 31 38 30 30 30 30 30 30 30 30 30 30 30 30 30 30 30 30 0D
1779567676308,74 34 35 35 38 45 39 46 46 30 37 30 30 39 46 46 46 30 30 30 30 0D
1779567676321,74 34 35 30 38 30 30 30 30 30 37 30 30 30 30 30 30 45 34 30 35 0D
1779567676335,74 34 35 31 38 30 30 30 30 30 30 30 30 30 30 30 30 30 30 30 30 0D
1779567676342,74 34 35 31 38 30 30 30 30 30 30 30 30 30 30 30 30 30 30 30 30 0D
1779567676351,74 34 35 35 38 45 41 46 46 30 37 30 30 39 46 46 46 30 30 30 30 0D
1779567676359,74 34 35 31 38 30 30 30 30 30 30 30 30 30 30 30 30 30 30 30 30 0D
1779567676378,74 34 35 35 38 45 41 46 46 30 37 30 30 39 46 46 46 30 30 30 30 0D
1779567676382,74 34 35 31 38 30 30 30 30 30 30 30 30 30 30 30 30 30 30 30 30 0D
1779567676391,74 34 35 35 38 45 41 46 46 30 37 30 30 39 46 46 46 30 30 30 30 0D
1779567676401,74 34 35 31 38 30 30 30 30 30 30 30 30 30 30 30 30 30 30 30 30 0D
1779567676413,74 34 35 35 38 45 41 46 46 30 37 30 30 39 46 46 46 30 30 30 30 0D
1779567676421,74 34 35 30 38 30 30 30 30 30 37 30 30 30 30 30 30 45 34 30 35 0D
1779567676434,74 34 35 31 38 30 30 30 30 30 30 30 30 30 30 30 30 30 30 30 30 0D
1779567676443,74 34 35 31 38 30 30 30 30 30 30 30 30 30 30 30 30 30 30 30 30 0D
1779567676453,74 34 35 35 38 45 41 46 46 30 37 30 30 39 46 46 46 30 30 30 30 0D
1779567676458,74 34 35 31 38 30 30 30 30 30 30 30 30 30 30 30 30 30 30 30 30 0D
1779567676481,74 34 35 35 38 45 41 46 46 30 37 30 30 39 46 46 46 30 30 30 30 0D
1779567676492,74 34 35 31 38 30 30 30 30 30 30 30 30 30 30 30 30 30 30 30 30 0D
1779567676501,74 34 35 31 38 30 30 30 30 30 30 30 30 30 30 30 30 30 30 30 30 0D
1779567676517,74 34 35 35 38 45 41 46 46 30 37 30 30 39 46 46 46 30 30 30 30 0D
1779567676522,74 34 35 36 38 45 45 46 46 30 37 30 30 30 34 30 30 30 30 30 30 0D
1779567676532,74 34 35 30 38 30 30 30 30 30 37 30 30 30 30 30 30 45 34 30 35 0D
1779567676538,74 34 35 31 38 30 30 30 30 30 30 30 30 30 30 30 30 30 30 30 30 0D
1779567676542,74 34 35 31 38 30 30 30 30 30 30 30 30 30 30 30 30 30 30 30 30 0D
1779567676552,74 34 35 35 38 45 41 46 46 30 37 30 30 41 30 46 46 30 30 30 30 0D
1779567676556,74 34 35 31 38 30 30 30 30 30 30 30 30 30 30 30 30 30 30 30 30 0D
1779567676570,74 34 35 37 38 30 30 30 30 30 30 30 30 36 34 31 34 30 30 30 30 0D
1779567676578,74 34 35 31 38 30 30 30 30 30 30 30 30 30 30 30 30 30 30 30 30 0D
1779567676589,74 34 35 35 38 45 41 46 46 30 37 30 30 41 30 46 46 30 30 30 30 0D
1779567676602,74 34 35 31 38 30 30 30 30 30 30 30 30 30 30 30 30 30 30 30 30 0D
1779567676613,74 34 35 35 38 45 41 46 46 30 37 30 30 41 30 46 46 30 30 30 30 0D
1779567676620,74 34 35 30 38 30 30 30 30 30 37 30 30 30 30 30 30 45 34 30 35 0D
1779567676631,74 34 35 32 38 38 43 30 30 30 30 30 30 30 30 30 30 32 37 30 30 0D
1779567676638,74 34 35 31 38 30 30 30 30 30 30 30 30 30 30 30 30 30 30 30 30 0D
1779567676654,74 34 35 35 38 45 41 46 46 30 37 30 30 41 30 46 46 30 30 30 30 0D
1779567676658,74 34 35 31 38 30 30 30 30 30 30 30 30 30 30 30 30 30 30 30 30 0D
1779567676693,74 34 35 35 38 45 41 46 46 30 37 30 30 41 30 46 46 30 30 30 30 0D
1779567676698,74 34 35 31 38 30 30 30 30 30 30 30 30 30 30 30 30 30 30 30 30 0D
1779567676710,74 34 35 35 38 45 41 46 46 30 37 30 30 41 30 46 46 30 30 30 30 0D
1779567676718,74 34 35 30 38 30 30 30 30 30 37 30 30 30 30 30 30 45 34 30 35 0D
1779567676727,74 34 35 31 38 30 30 30 30 30 30 30 30 30 30 30 30 30 30 30 30 0D
1779567676739,74 34 35 31 38 30 30 30 30 30 30 30 30 30 30 30 30 30 30 30 30 0D
1779567676751,74 34 35 35 38 45 41 46 46 30 38 30 30 39 46 46 46 30 30 30 30 0D
1779567676759,74 34 35 31 38 30 30 30 30 30 30 30 30 30 30 30 30 30 30 30 30 0D
1779567676777,74 34 35 35 38 45 41 46 46 30 38 30 30 39 46 46 46 30 30 30 30 0D
1779567676789,74 34 35 31 38 30 30 30 30 30 30 30 30 30 30 30 30 30 30 30 30 0D
1779567676801,74 34 35 31 38 30 30 30 30 30 30 30 30 30 30 30 30 30 30 30 30 0D
1779567676815,74 34 35 35 38 45 41 46 46 30 38 30 30 39 46 46 46 30 30 30 30 0D
1779567676822,74 34 35 30 38 30 30 30 30 30 37 30 30 30 30 30 30 45 34 30 35 0D
1779567676834,74 34 35 31 38 30 30 30 30 30 30 30 30 30 30 30 30 30 30 30 30 0D
1779567676840,74 34 35 31 38 30 30 30 30 30 30 30 30 30 30 30 30 30 30 30 30 0D
1779567676849,74 34 35 35 38 45 41 46 46 30 38 30 30 39 46 46 46 30 30 30 30 0D
1779567676856,74 34 35 31 38 30 30 30 30 30 30 30 30 30 30 30 30 30 30 30 30 0D
1779567676888,74 34 35 35 38 45 41 46 46 30 38 30 30 39 46 46 46 30 30 30 30 0D
1779567676903,74 34 35 31 38 30 30 30 30 30 30 30 30 30 30 30 30 30 30 30 30 0D
1779567676908,74 34 35 35 38 45 41 46 46 30 38 30 30 39 46 46 46 30 30 30 30 0D
1779567676921,74 34 35 30 38 30 30 30 30 30 37 30 30 30 30 30 30 45 34 30 35 0D
1779567676933,74 34 35 31 38 30 30 30 30 30 30 30 30 30 30 30 30 30 30 30 30 0D
1779567676938,74 34 35 31 38 30 30 30 30 30 30 30 30 30 30 30 30 30 30 30 30 0D
1779567676950,74 34 35 35 38 45 39 46 46 30 37 30 30 39 46 46 46 30 30 30 30 0D
1779567676957,74 34 35 31 38 30 30 30 30 30 30 30 30 30 30 30 30 30 30 30 30 0D
1779567676989,74 34 35 35 38 45 39 46 46 30 37 30 30 39 46 46 46 30 30 30 30 0D
1779567677001,74 34 35 31 38 30 30 30 30 30 30 30 30 30 30 30 30 30 30 30 30 0D
1779567677010,74 34 35 35 38 45 39 46 46 30 37 30 30 39 46 46 46 30 30 30 30 0D
1779567677020,74 34 35 30 38 30 30 30 30 30 37 30 30 30 30 30 30 45 34 30 35 0D
1779567677034,74 34 35 31 38 30 30 30 30 30 30 30 30 30 30 30 30 30 30 30 30 0D
1779567677043,74 34 35 31 38 30 30 30 30 30 30 30 30 30 30 30 30 30 30 30 30 0D
1779567677051,74 34 35 35 38 45 39 46 46 30 37 30 30 39 46 46 46 30 30 30 30 0D
1779567677054,74 34 35 31 38 30 30 30 30 30 30 30 30 30 30 30 30 30 30 30 30 0D
1779567677081,74 34 35 35 38 45 39 46 46 30 37 30 30 39 46 46 46 30 30 30 30 0D
1779567677089,74 34 35 31 38 30 30 30 30 30 30 30 30 30 30 30 30 30 30 30 30 0D
1779567677101,74 34 35 31 38 30 30 30 30 30 30 30 30 30 30 30 30 30 30 30 30 0D
1779567677114,74 34 35 35 38 45 39 46 46 30 37 30 30 39 46 46 46 30 30 30 30 0D
1779567677122,74 34 35 30 38 30 30 30 30 30 37 30 30 30 30 30 30 45 34 30 35 0D
1779567677126,74 34 35 31 38 30 30 30 30 30 30 30 30 30 30 30 30 30 30 30 30 0D
1779567677137,74 34 35 31 38 30 30 30 30 30 30 30 30 30 30 30 30 30 30 30 30 0D
1779567677150,74 34 35 35 38 45 41 46 46 30 37 30 30 39 45 46 46 30 30 30 30 0D
1779567677155,74 34 35 31 38 30 30 30 30 30 30 30 30 30 30 30 30 30 30 30 30 0D
1779567677178,74 34 35 35 38 45 41 46 46 30 37 30 30 39 45 46 46 30 30 30 30 0D
1779567677182,74 34 35 31 38 30 30 30 30 30 30 30 30 30 30 30 30 30 30 30 30 0D
1779567677191,74 34 35 36 38 45 45 46 46 30 37 30 30 30 34 30 30 30 30 30 30 0D
1779567677210,74 34 35 31 38 30 30 30 30 30 30 30 30 30 30 30 30 30 30 30 30 0D
1779567677215,74 34 35 35 38 45 41 46 46 30 37 30 30 39 45 46 46 30 30 30 30 0D
1779567677221,74 34 35 30 38 30 30 30 30 30 37 30 30 30 30 30 30 45 34 30 35 0D
1779567677226,74 34 35 31 38 30 30 30 30 30 30 30 30 30 30 30 30 30 30 30 30 0D
1779567677236,74 34 35 31 38 30 30 30 30 30 30 30 30 30 30 30 30 30 30 30 30 0D
1779567677248,74 34 35 35 38 45 41 46 46 30 37 30 30 39 45 46 46 30 30 30 30 0D
1779567677257,74 34 35 31 38 30 30 30 30 30 30 30 30 30 30 30 30 30 30 30 30 0D
1779567677273,74 34 35 35 38 45 41 46 46 30 37 30 30 39 45 46 46 30 30 30 30 0D
1779567677284,74 34 35 31 38 30 30 30 30 30 30 30 30 30 30 30 30 30 30 30 30 0D
1779567677289,74 34 35 35 38 45 41 46 46 30 37 30 30 39 45 46 46 30 30 30 30 0D
1779567677298,74 34 35 31 38 30 30 30 30 30 30 30 30 30 30 30 30 30 30 30 30 0D
1779567677317,74 34 35 35 38 45 41 46 46 30 37 30 30 39 45 46 46 30 30 30 30 0D
1779567677323,74 34 35 30 38 30 30 30 30 30 37 30 30 30 30 30 30 45 34 30 35 0D
1779567677331,74 34 35 33 38 39 45 30 30 30 30 30 30 30 30 30 30 30 30 30 30 0D
1779567677338,74 34 35 31 38 30 30 30 30 30 30 30 30 30 30 30 30 30 30 30 30 0D
1779567677350,74 34 35 35 38 45 41 46 46 30 37 30 30 39 46 46 46 30 30 30 30 0D
1779567677358,74 34 35 31 38 30 30 30 30 30 30 30 30 30 30 30 30 30 30 30 30 0D
1779567677382,74 34 35 35 38 45 41 46 46 30 37 30 30 39 46 46 46 30 30 30 30 0D
1779567677388,74 34 35 31 38 30 30 30 30 30 30 30 30 30 30 30 30 30 30 30 30 0D
1779567677401,74 34 35 31 38 30 30 30 30 30 30 30 30 30 30 30 30 30 30 30 30 0D
1779567677410,74 34 35 35 38 45 41 46 46 30 37 30 30 39 46 46 46 30 30 30 30 0D
1779567677417,74 34 35 30 38 30 30 30 30 30 37 30 30 30 30 30 30 45 34 30 35 0D
1779567677432,74 34 35 31 38 30 30 30 30 30 30 30 30 30 30 30 30 30 30 30 30 0D
1779567677436,74 34 35 31 38 30 30 30 30 30 30 30 30 30 30 30 30 30 30 30 30 0D
1779567677450,74 34 35 35 38 45 41 46 46 30 37 30 30 39 46 46 46 30 30 30 30 0D
1779567677455,74 34 35 31 38 30 30 30 30 30 30 30 30 30 30 30 30 30 30 30 30 0D
1779567677472,74 34 35 35 38 45 41 46 46 30 37 30 30 39 46 46 46 30 30 30 30 0D
1779567677476,74 34 35 31 38 30 30 30 30 30 30 30 30 30 30 30 30 30 30 30 30 0D
1779567677485,74 34 35 35 38 45 41 46 46 30 37 30 30 39 46 46 46 30 30 30 30 0D
1779567677497,74 34 35 31 38 30 30 30 30 30 30 30 30 30 30 30 30 30 30 30 30 0D
1779567677514,74 34 35 35 38 45 41 46 46 30 37 30 30 39 46 46 46 30 30 30 30 0D
1779567677522,74 34 35 30 38 30 30 30 30 30 37 30 30 30 30 30 30 45 34 30 35 0D
1779567677531,74 34 35 31 38 30 30 30 30 30 30 30 30 30 30 30 30 30 30 30 30 0D
1779567677538,74 34 35 31 38 30 30 30 30 30 30 30 30 30 30 30 30 30 30 30 30 0D
1779567677548,74 34 35 35 38 45 39 46 46 30 37 30 30 39 46 46 46 30 30 30 30 0D
1779567677567,74 34 35 31 38 30 30 30 30 30 30 30 30 30 30 30 30 30 30 30 30 0D
1779567677588,74 34 35 35 38 45 39 46 46 30 37 30 30 39 46 46 46 30 30 30 30 0D
1779567677600,74 34 35 31 38 30 30 30 30 30 30 30 30 30 30 30 30 30 30 30 30 0D
1779567677620,74 34 35 35 38 45 39 46 46 30 37 30 30 39 46 46 46 30 30 30 30 0D
1779567677626,74 34 35 30 38 30 30 30 30 30 37 30 30 30 30 30 30 45 34 30 35 0D
1779567677633,74 34 35 31 38 30 30 30 30 30 30 30 30 30 30 30 30 30 30 30 30 0D
1779567677638,74 34 35 31 38 30 30 30 30 30 30 30 30 30 30 30 30 30 30 30 30 0D
1779567677648,74 34 35 35 38 45 39 46 46 30 37 30 30 39 46 46 46 30 30 30 30 0D
1779567677656,74 34 35 31 38 30 30 30 30 30 30 30 30 30 30 30 30 30 30 30 30 0D
1779567677685,74 34 35 35 38 45 39 46 46 30 37 30 30 39 46 46 46 30 30 30 30 0D
1779567677694,74 34 35 31 38 30 30 30 30 30 30 30 30 30 30 30 30 30 30 30 30 0D
1779567677700,74 34 35 31 38 30 30 30 30 30 30 30 30 30 30 30 30 30 30 30 30 0D
1779567677718,74 34 35 35 38 45 39 46 46 30 37 30 30 39 46 46 46 30 30 30 30 0D
1779567677729,74 34 35 30 38 30 30 30 30 30 37 30 30 30 30 30 30 45 34 30 35 0D
1779567677734,74 34 35 31 38 30 30 30 30 30 30 30 30 30 30 30 30 30 30 30 30 0D
1779567677737,74 34 35 31 38 30 30 30 30 30 30 30 30 30 30 30 30 30 30 30 30 0D
1779567677752,74 34 35 35 38 45 41 46 46 30 37 30 30 39 46 46 46 30 30 30 30 0D
1779567677759,74 34 35 31 38 30 30 30 30 30 30 30 30 30 30 30 30 30 30 30 30 0D
1779567677783,74 34 35 35 38 45 41 46 46 30 37 30 30 39 46 46 46 30 30 30 30 0D
1779567677799,74 34 35 31 38 30 30 30 30 30 30 30 30 30 30 30 30 30 30 30 30 0D
1779567677817,74 34 35 35 38 45 41 46 46 30 37 30 30 39 46 46 46 30 30 30 30 0D
1779567677823,74 34 35 30 38 30 30 30 30 30 37 30 30 30 30 30 30 45 34 30 35 0D
1779567677830,74 34 35 31 38 30 30 30 30 30 30 30 30 30 30 30 30 30 30 30 30 0D
1779567677836,74 34 35 31 38 30 30 30 30 30 30 30 30 30 30 30 30 30 30 30 30 0D
1779567677844,74 34 35 35 38 45 41 46 46 30 37 30 30 39 46 46 46 30 30 30 30 0D
1779567677851,74 34 35 36 38 45 45 46 46 30 37 30 30 30 34 30 30 30 30 30 30 0D
1779567677855,74 34 35 31 38 30 30 30 30 30 30 30 30 30 30 30 30 30 30 30 30 0D
1779567677887,74 34 35 35 38 45 41 46 46 30 37 30 30 39 46 46 46 30 30 30 30 0D
1779567677899,74 34 35 31 38 30 30 30 30 30 30 30 30 30 30 30 30 30 30 30 30 0D
1779567677915,74 34 35 35 38 45 41 46 46 30 37 30 30 39 46 46 46 30 30 30 30 0D
1779567677923,74 34 35 30 38 30 30 30 30 30 37 30 30 30 30 30 30 45 34 30 35 0D
1779567677931,74 34 35 31 38 30 30 30 30 30 30 30 30 30 30 30 30 30 30 30 30 0D
1779567677941,74 34 35 31 38 30 30 30 30 30 30 30 30 30 30 30 30 30 30 30 30 0D
1779567677952,74 34 35 35 38 45 41 46 46 30 37 30 30 39 46 46 46 30 30 30 30 0D
1779567677957,74 34 35 31 38 30 30 30 30 30 30 30 30 30 30 30 30 30 30 30 30 0D
1779567677973,74 34 35 35 38 45 41 46 46 30 37 30 30 39 46 46 46 30 30 30 30 0D
1779567677980,74 34 35 31 38 30 30 30 30 30 30 30 30 30 30 30 30 30 30 30 30 0D
1779567677986,74 34 35 35 38 45 41 46 46 30 37 30 30 39 46 46 46 30 30 30 30 0D
1779567678000,74 34 35 31 38 30 30 30 30 30 30 30 30 30 30 30 30 30 30 30 30 0D
1779567678012,74 34 35 35 38 45 41 46 46 30 37 30 30 39 46 46 46 30 30 30 30 0D
1779567678019,74 34 35 30 38 30 30 30 30 30 37 30 30 30 30 30 30 45 34 30 35 0D
1779567678031,74 34 35 31 38 30 30 30 30 30 30 30 30 30 30 30 30 30 30 30 30 0D
1779567678038,74 34 35 31 38 30 30 30 30 30 30 30 30 30 30 30 30 30 30 30 30 0D
1779567678047,74 34 35 35 38 45 41 46 46 30 37 30 30 39 46 46 46 30 30 30 30 0D
1779567678060,74 34 35 31 38 30 30 30 30 30 30 30 30 30 30 30 30 30 30 30 30 0D
1779567678073,74 34 35 35 38 45 41 46 46 30 37 30 30 39 46 46 46 30 30 30 30 0D
1779567678084,74 34 35 31 38 30 30 30 30 30 30 30 30 30 30 30 30 30 30 30 30 0D
1779567678094,74 34 35 36 38 45 44 46 46 30 38 30 30 30 35 30 30 30 30 30 30 0D
1779567678098,74 34 35 31 38 30 30 30 30 30 30 30 30 30 30 30 30 30 30 30 30 0D
1779567678110,74 34 35 35 38 45 41 46 46 30 37 30 30 39 46 46 46 30 30 30 30 0D
1779567678118,74 34 35 30 38 30 30 30 30 30 37 30 30 30 30 30 30 45 34 30 35 0D
1779567678130,74 34 35 31 38 30 30 30 30 30 30 30 30 30 30 30 30 30 30 30 30 0D
1779567678136,74 34 35 31 38 30 30 30 30 30 30 30 30 30 30 30 30 30 30 30 30 0D
1779567678155,74 34 35 35 38 45 41 46 46 30 37 30 30 39 46 46 46 30 30 30 30 0D
1779567678164,74 34 35 31 38 30 30 30 30 30 30 30 30 30 30 30 30 30 30 30 30 0D
1779567678187,74 34 35 35 38 45 41 46 46 30 37 30 30 39 46 46 46 30 30 30 30 0D
1779567678197,74 34 35 31 38 30 30 30 30 30 30 30 30 30 30 30 30 30 30 30 30 0D
1779567678214,74 34 35 35 38 45 41 46 46 30 37 30 30 39 46 46 46 30 30 30 30 0D
1779567678221,74 34 35 30 38 30 30 30 30 30 37 30 30 30 30 30 30 45 34 30 35 0D
1779567678231,74 34 35 31 38 30 30 30 30 30 30 30 30 30 30 30 30 30 30 30 30 0D
1779567678243,74 34 35 31 38 30 30 30 30 30 30 30 30 30 30 30 30 30 30 30 30 0D
1779567678256,74 34 35 35 38 45 41 46 46 30 37 30 30 39 46 46 46 30 30 30 30 0D
1779567678263,74 34 35 31 38 30 30 30 30 30 30 30 30 30 30 30 30 30 30 30 30 0D
1779567678278,74 34 35 35 38 45 41 46 46 30 37 30 30 39 46 46 46 30 30 30 30 0D
1779567678283,74 34 35 31 38 30 30 30 30 30 30 30 30 30 30 30 30 30 30 30 30 0D
1779567678296,74 34 35 31 38 30 30 30 30 30 30 30 30 30 30 30 30 30 30 30 30 0D
1779567678310,74 34 35 35 38 45 41 46 46 30 37 30 30 39 46 46 46 30 30 30 30 0D
1779567678315,74 34 35 30 38 30 30 30 30 30 37 30 30 30 30 30 30 45 34 30 35 0D
1779567678332,74 34 35 31 38 30 30 30 30 30 30 30 30 30 30 30 30 30 30 30 30 0D
1779567678338,74 34 35 31 38 30 30 30 30 30 30 30 30 30 30 30 30 30 30 30 30 0D
1779567678349,74 34 35 35 38 45 41 46 46 30 37 30 30 39 46 46 46 30 30 30 30 0D
1779567678364,74 34 35 31 38 30 30 30 30 30 30 30 30 30 30 30 30 30 30 30 30 0D
1779567678379,74 34 35 35 38 45 41 46 46 30 37 30 30 39 46 46 46 30 30 30 30 0D
1779567678386,74 34 35 35 38 45 41 46 46 30 37 30 30 39 46 46 46 30 30 30 30 0D
1779567678397,74 34 35 31 38 30 30 30 30 30 30 30 30 30 30 30 30 30 30 30 30 0D
1779567678415,74 34 35 35 38 45 41 46 46 30 37 30 30 39 46 46 46 30 30 30 30 0D
1779567678424,74 34 35 30 38 30 30 30 30 30 37 30 30 30 30 30 30 45 34 30 35 0D
1779567678428,74 34 35 31 38 30 30 30 30 30 30 30 30 30 30 30 30 30 30 30 30 0D
1779567678435,74 34 35 31 38 30 30 30 30 30 30 30 30 30 30 30 30 30 30 30 30 0D
1779567678453,74 34 35 35 38 45 41 46 46 30 37 30 30 39 46 46 46 30 30 30 30 0D
1779567678459,74 34 35 31 38 30 30 30 30 30 30 30 30 30 30 30 30 30 30 30 30 0D
1779567678480,74 34 35 36 38 45 44 46 46 30 37 30 30 30 35 30 30 30 30 30 30 0D
1779567678488,74 34 35 31 38 30 30 30 30 30 30 30 30 30 30 30 30 30 30 30 30 0D
1779567678492,74 34 35 35 38 45 41 46 46 30 37 30 30 39 46 46 46 30 30 30 30 0D
1779567678498,74 34 35 31 38 30 30 30 30 30 30 30 30 30 30 30 30 30 30 30 30 0D
1779567678513,74 34 35 35 38 45 41 46 46 30 37 30 30 39 46 46 46 30 30 30 30 0D
1779567678516,74 34 35 30 38 30 30 30 30 30 37 30 30 30 30 30 30 45 34 30 35 0D
1779567678527,74 34 35 31 38 30 30 30 30 30 30 30 30 30 30 30 30 30 30 30 30 0D
1779567678551,74 34 35 31 38 30 30 30 30 30 30 30 30 30 30 30 30 30 30 30 30 0D
1779567678556,74 34 35 35 38 45 41 46 46 30 37 30 30 39 46 46 46 30 30 30 30 0D
1779567678567,74 34 35 31 38 30 30 30 30 30 30 30 30 30 30 30 30 30 30 30 30 0D
1779567678579,74 34 35 35 38 45 41 46 46 30 37 30 30 39 46 46 46 30 30 30 30 0D 74 34 35 31 38 30 30 30 30 30 30 30 30 30 30 30 30 30 30 30 30 0D
1779567678589,74 34 35 35 38 45 41 46 46 30 37 30 30 39 46 46 46 30 30 30 30 0D
1779567678601,74 34 35 31 38 30 30 30 30 30 30 30 30 30 30 30 30 30 30 30 30 0D
1779567678609,74 34 35 35 38 45 41 46 46 30 37 30 30 39 46 46 46 30 30 30 30 0D
1779567678618,74 34 35 30 38 30 30 30 30 30 37 30 30 30 30 30 30 45 34 30 35 0D
1779567678627,74 34 35 31 38 30 30 30 30 30 30 30 30 30 30 30 30 30 30 30 30 0D
1779567678637,74 34 35 31 38 30 30 30 30 30 30 30 30 30 30 30 30 30 30 30 30 0D
1779567678648,74 34 35 35 38 45 41 46 46 30 37 30 30 39 46 46 46 30 30 30 30 0D
1779567678665,74 34 35 31 38 30 30 30 30 30 30 30 30 30 30 30 30 30 30 30 30 0D
1779567678669,74 34 35 37 38 30 30 30 30 30 30 30 30 36 34 31 34 30 30 30 30 0D
1779567678678,74 34 35 31 38 30 30 30 30 30 30 30 30 30 30 30 30 30 30 30 30 0D
1779567678703,74 34 35 31 38 30 30 30 30 30 30 30 30 30 30 30 30 30 30 30 30 0D
1779567678707,74 34 35 35 38 45 41 46 46 30 37 30 30 39 46 46 46 30 30 30 30 0D
1779567678716,74 34 35 30 38 30 30 30 30 30 37 30 30 30 30 30 30 45 34 30 35 0D
1779567678731,74 34 35 31 38 30 30 30 30 30 30 30 30 30 30 30 30 30 30 30 30 0D
1779567678737,74 34 35 31 38 30 30 30 30 30 30 30 30 30 30 30 30 30 30 30 30 0D
1779567678747,74 34 35 35 38 45 39 46 46 30 37 30 30 39 46 46 46 30 30 30 30 0D
1779567678761,74 34 35 31 38 30 30 30 30 30 30 30 30 30 30 30 30 30 30 30 30 0D
1779567678765,74 34 35 35 38 45 39 46 46 30 37 30 30 39 46 46 46 30 30 30 30 0D
1779567678777,74 34 35 37 38 30 30 30 30 30 31 30 30 36 34 31 34 30 30 30 30 0D
1779567678782,74 34 35 31 38 30 30 30 30 30 30 30 30 30 30 30 30 30 30 30 30 0D
1779567678799,74 34 35 31 38 30 30 30 30 30 30 30 30 30 30 30 30 30 30 30 30 0D
1779567678811,74 34 35 35 38 45 39 46 46 30 37 30 30 39 46 46 46 30 30 30 30 0D
1779567678827,74 34 35 30 38 30 30 30 30 30 37 30 30 30 30 30 30 45 34 30 35 0D
1779567678831,74 34 35 31 38 30 30 30 30 30 30 30 30 30 30 30 30 30 30 30 30 0D
1779567678842,74 34 35 31 38 30 30 30 30 30 30 30 30 30 30 30 30 30 30 30 30 0D
1779567678852,74 34 35 35 38 45 39 46 46 30 37 30 30 39 46 46 46 30 30 30 30 0D
1779567678860,74 34 35 31 38 30 30 30 30 30 30 30 30 30 30 30 30 30 30 30 30 0D
1779567678893,74 34 35 35 38 45 39 46 46 30 37 30 30 39 46 46 46 30 30 30 30 0D
1779567678901,74 34 35 31 38 30 30 30 30 30 30 30 30 30 30 30 30 30 30 30 30 0D
1779567678913,74 34 35 35 38 45 39 46 46 30 37 30 30 39 46 46 46 30 30 30 30 0D
1779567678921,74 34 35 30 38 30 30 30 30 30 37 30 30 30 30 30 30 45 34 30 35 0D
1779567678928,74 34 35 31 38 30 30 30 30 30 30 30 30 30 30 30 30 30 30 30 30 0D
1779567678936,74 34 35 31 38 30 30 30 30 30 30 30 30 30 30 30 30 30 30 30 30 0D
1779567678954,74 34 35 35 38 45 41 46 46 30 37 30 30 39 45 46 46 30 30 30 30 0D
1779567678964,74 34 35 31 38 30 30 30 30 30 30 30 30 30 30 30 30 30 30 30 30 0D
1779567678975,74 34 35 35 38 45 41 46 46 30 37 30 30 39 45 46 46 30 30 30 30 0D
1779567678982,74 34 35 31 38 30 30 30 30 30 30 30 30 30 30 30 30 30 30 30 30 0D
1779567678991,74 34 35 35 38 45 41 46 46 30 37 30 30 39 45 46 46 30 30 30 30 0D
1779567678998,74 34 35 31 38 30 30 30 30 30 30 30 30 30 30 30 30 30 30 30 30 0D
1779567679008,74 34 35 35 38 45 41 46 46 30 37 30 30 39 45 46 46 30 30 30 30 0D
1779567679016,74 34 35 30 38 30 30 30 30 30 37 30 30 30 30 30 30 45 34 30 35 0D
1779567679035,74 34 35 31 38 30 30 30 30 30 30 30 30 30 30 30 30 30 30 30 30 0D
1779567679043,74 34 35 31 38 30 30 30 30 30 30 30 30 30 30 30 30 30 30 30 30 0D
1779567679050,74 34 35 35 38 45 41 46 46 30 37 30 30 39 45 46 46 30 30 30 30 0D
1779567679057,74 34 35 31 38 30 30 30 30 30 30 30 30 30 30 30 30 30 30 30 30 0D
1779567679089,74 34 35 35 38 45 41 46 46 30 37 30 30 39 45 46 46 30 30 30 30 0D
1779567679104,74 34 35 31 38 30 30 30 30 30 30 30 30 30 30 30 30 30 30 30 30 0D
1779567679109,74 34 35 35 38 45 41 46 46 30 37 30 30 39 45 46 46 30 30 30 30 0D
1779567679118,74 34 35 30 38 30 30 30 30 30 37 30 30 30 30 30 30 45 34 30 35 0D
1779567679127,74 34 35 31 38 30 30 30 30 30 30 30 30 30 30 30 30 30 30 30 30 0D
1779567679140,74 34 35 31 38 30 30 30 30 30 30 30 30 30 30 30 30 30 30 30 30 0D
1779567679148,74 34 35 35 38 45 42 46 46 30 37 30 30 39 46 46 46 30 30 30 30 0D
1779567679162,74 34 35 31 38 30 30 30 30 30 30 30 30 30 30 30 30 30 30 30 30 0D
1779567679197,74 34 35 35 38 45 42 46 46 30 37 30 30 39 46 46 46 30 30 30 30 0D
1779567679203,74 34 35 31 38 30 30 30 30 30 30 30 30 30 30 30 30 30 30 30 30 0D
1779567679208,74 34 35 35 38 45 42 46 46 30 37 30 30 39 46 46 46 30 30 30 30 0D
1779567679218,74 34 35 30 38 30 30 30 30 30 37 30 30 30 30 30 30 45 34 30 35 0D
1779567679234,74 34 35 31 38 30 30 30 30 30 30 30 30 30 30 30 30 30 30 30 30 0D
1779567679241,74 34 35 31 38 30 30 30 30 30 30 30 30 30 30 30 30 30 30 30 30 0D
1779567679253,74 34 35 35 38 45 42 46 46 30 37 30 30 39 46 46 46 30 30 30 30 0D
1779567679270,74 34 35 31 38 30 30 30 30 30 30 30 30 30 30 30 30 30 30 30 30 0D 74 34 35 35 38 45 42 46 46 30 37 30 30 39 46 46 46 30 30 30 30 0D
1779567679279,74 34 35 37 38 30 30 30 30 30 30 30 30 36 34 31 34 30 30 30 30 0D
1779567679293,74 34 35 39 38 36 46 41 34 42 45 31 36 42 44 31 41 30 33 42 37 0D
1779567679299,74 34 35 31 38 30 30 30 30 30 30 30 30 30 30 30 30 30 30 30 30 0D
1779567679310,74 34 35 35 38 45 42 46 46 30 37 30 30 39 46 46 46 30 30 30 30 0D
1779567679315,74 34 35 30 38 30 30 30 30 30 37 30 30 30 30 30 30 45 34 30 35 0D
1779567679331,74 34 35 31 38 30 30 30 30 30 30 30 30 30 30 30 30 30 30 30 30 0D
1779567679335,74 34 35 31 38 30 30 30 30 30 30 30 30 30 30 30 30 30 30 30 30 0D
1779567679351,74 34 35 35 38 45 41 46 46 30 37 30 30 39 46 46 46 30 30 30 30 0D
1779567679361,74 34 35 31 38 30 30 30 30 30 30 30 30 30 30 30 30 30 30 30 30 0D
1779567679366,74 34 35 35 38 45 41 46 46 30 37 30 30 39 46 46 46 30 30 30 30 0D
1779567679371,74 34 35 37 38 30 30 30 30 30 30 30 30 36 34 31 34 30 30 30 30 0D
1779567679392,74 34 35 39 38 36 46 41 34 42 45 31 36 42 45 31 41 30 33 42 37 0D
1779567679395,74 34 35 31 38 30 30 30 30 30 30 30 30 30 30 30 30 30 30 30 30 0D
1779567679409,74 34 35 35 38 45 41 46 46 30 37 30 30 39 46 46 46 30 30 30 30 0D
1779567679422,74 34 35 30 38 30 30 30 30 30 37 30 30 30 30 30 30 45 34 30 35 0D
1779567679428,74 34 35 31 38 30 30 30 30 30 30 30 30 30 30 30 30 30 30 30 30 0D
1779567679442,74 34 35 31 38 30 30 30 30 30 30 30 30 30 30 30 30 30 30 30 30 0D
1779567679450,74 34 35 35 38 45 41 46 46 30 37 30 30 39 46 46 46 30 30 30 30 0D
1779567679459,74 34 35 31 38 30 30 30 30 30 30 30 30 30 30 30 30 30 30 30 30 0D
1779567679479,74 34 35 35 38 45 41 46 46 30 37 30 30 39 46 46 46 30 30 30 30 0D
1779567679488,74 34 35 31 38 30 30 30 30 30 30 30 30 30 30 30 30 30 30 30 30 0D
1779567679500,74 34 35 31 38 30 30 30 30 30 30 30 30 30 30 30 30 30 30 30 30 0D
1779567679511,74 34 35 35 38 45 41 46 46 30 37 30 30 39 46 46 46 30 30 30 30 0D
1779567679521,74 34 35 30 38 30 30 30 30 30 37 30 30 30 30 30 30 45 34 30 35 0D
1779567679533,74 34 35 31 38 30 30 30 30 30 30 30 30 30 30 30 30 30 30 30 30 0D
1779567679536,74 34 35 31 38 30 30 30 30 30 30 30 30 30 30 30 30 30 30 30 30 0D
1779567679551,74 34 35 35 38 45 41 46 46 30 37 30 30 39 46 46 46 30 30 30 30 0D
1779567679559,74 34 35 31 38 30 30 30 30 30 30 30 30 30 30 30 30 30 30 30 30 0D
1779567679578,74 34 35 35 38 45 41 46 46 30 37 30 30 39 46 46 46 30 30 30 30 0D
1779567679583,74 34 35 31 38 30 30 30 30 30 30 30 30 30 30 30 30 30 30 30 30 0D
1779567679592,74 34 35 35 38 45 41 46 46 30 37 30 30 39 46 46 46 30 30 30 30 0D
1779567679600,74 34 35 31 38 30 30 30 30 30 30 30 30 30 30 30 30 30 30 30 30 0D
1779567679608,74 34 35 35 38 45 41 46 46 30 37 30 30 39 46 46 46 30 30 30 30 0D
1779567679618,74 34 35 30 38 30 30 30 30 30 37 30 30 30 30 30 30 45 34 30 35 0D
1779567679628,74 34 35 31 38 30 30 30 30 30 30 30 30 30 30 30 30 30 30 30 30 0D
1779567679639,74 34 35 31 38 30 30 30 30 30 30 30 30 30 30 30 30 30 30 30 30 0D
1779567679651,74 34 35 35 38 45 41 46 46 30 37 30 30 39 46 46 46 30 30 30 30 0D
1779567679655,74 34 35 31 38 30 30 30 30 30 30 30 30 30 30 30 30 30 30 30 30 0D
1779567679666,74 34 35 35 38 45 41 46 46 30 37 30 30 39 46 46 46 30 30 30 30 0D
1779567679677,74 34 35 37 38 30 30 30 30 30 30 30 30 36 34 31 34 30 30 30 30 0D
1779567679683,74 34 35 31 38 30 30 30 30 30 30 30 30 30 30 30 30 30 30 30 30 0D
1779567679697,74 34 35 31 38 30 30 30 30 30 30 30 30 30 30 30 30 30 30 30 30 0D
1779567679709,74 34 35 35 38 45 41 46 46 30 37 30 30 39 46 46 46 30 30 30 30 0D
1779567679714,74 34 35 30 38 30 30 30 30 30 37 30 30 30 30 30 30 45 34 30 35 0D
1779567679727,74 34 35 31 38 30 30 30 30 30 30 30 30 30 30 30 30 30 30 30 30 0D
1779567679740,74 34 35 31 38 30 30 30 30 30 30 30 30 30 30 30 30 30 30 30 30 0D
1779567679749,74 34 35 35 38 45 41 46 46 30 37 30 30 39 46 46 46 30 30 30 30 0D
1779567679755,74 34 35 31 38 30 30 30 30 30 30 30 30 30 30 30 30 30 30 30 30 0D
1779567679786,74 34 35 35 38 45 41 46 46 30 37 30 30 39 46 46 46 30 30 30 30 0D
1779567679798,74 34 35 31 38 30 30 30 30 30 30 30 30 30 30 30 30 30 30 30 30 0D
1779567679810,74 34 35 35 38 45 41 46 46 30 37 30 30 39 46 46 46 30 30 30 30 0D
1779567679823,74 34 35 30 38 30 30 30 30 30 37 30 30 30 30 30 30 45 34 30 35 0D
1779567679837,74 34 35 31 38 30 30 30 30 30 30 30 30 30 30 30 30 30 30 30 30 0D
1779567679849,74 34 35 35 38 45 41 46 46 30 37 30 30 39 46 46 46 30 30 30 30 0D
1779567679857,74 34 35 31 38 30 30 30 30 30 30 30 30 30 30 30 30 30 30 30 30 0D
1779567679880,74 34 35 35 38 45 41 46 46 30 37 30 30 39 46 46 46 30 30 30 30 0D
1779567679885,74 34 35 31 38 30 30 30 30 30 30 30 30 30 30 30 30 30 30 30 30 0D
1779567679899,74 34 35 31 38 30 30 30 30 30 30 30 30 30 30 30 30 30 30 30 30 0D
1779567679913,74 34 35 35 38 45 41 46 46 30 37 30 30 39 46 46 46 30 30 30 30 0D
1779567679917,74 34 35 30 38 30 30 30 30 30 37 30 30 30 30 30 30 45 34 30 35 0D
1779567679929,74 34 35 31 38 30 30 30 30 30 30 30 30 30 30 30 30 30 30 30 30 0D
1779567679938,74 34 35 31 38 30 30 30 30 30 30 30 30 30 30 30 30 30 30 30 30 0D
1779567679954,74 34 35 35 38 45 41 46 46 30 37 30 30 39 46 46 46 30 30 30 30 0D
1779567679962,74 34 35 31 38 30 30 30 30 30 30 30 30 30 30 30 30 30 30 30 30 0D
1779567679982,74 34 35 35 38 45 41 46 46 30 37 30 30 39 46 46 46 30 30 30 30 0D
1779567679992,74 34 35 31 38 30 30 30 30 30 30 30 30 30 30 30 30 30 30 30 30 0D
1779567679999,74 34 35 31 38 30 30 30 30 30 30 30 30 30 30 30 30 30 30 30 30 0D
1779567680009,74 34 35 35 38 45 41 46 46 30 37 30 30 39 46 46 46 30 30 30 30 0D
1779567680021,74 34 35 30 38 30 30 30 30 30 37 30 30 30 30 30 30 45 34 30 35 0D
1779567680030,74 34 35 31 38 30 30 30 30 30 30 30 30 30 30 30 30 30 30 30 30 0D
1779567680040,74 34 35 31 38 30 30 30 30 30 30 30 30 30 30 30 30 30 30 30 30 0D
1779567680048,74 34 35 35 38 45 41 46 46 30 37 30 30 39 46 46 46 30 30 30 30 0D
1779567680054,74 34 35 31 38 30 30 30 30 30 30 30 30 30 30 30 30 30 30 30 30 0D
1779567680077,74 34 35 35 38 45 41 46 46 30 37 30 30 39 46 46 46 30 30 30 30 0D
1779567680081,74 34 35 31 38 30 30 30 30 30 30 30 30 30 30 30 30 30 30 30 30 0D
1779567680089,74 34 35 35 38 45 41 46 46 30 37 30 30 39 46 46 46 30 30 30 30 0D
1779567680098,74 34 35 31 38 30 30 30 30 30 30 30 30 30 30 30 30 30 30 30 30 0D
1779567680109,74 34 35 35 38 45 41 46 46 30 37 30 30 39 46 46 46 30 30 30 30 0D
1779567680115,74 34 35 30 38 30 30 30 30 30 37 30 30 30 30 30 30 45 34 30 35 0D
1779567680127,74 34 35 31 38 30 30 30 30 30 30 30 30 30 30 30 30 30 30 30 30 0D
1779567680136,74 34 35 31 38 30 30 30 30 30 30 30 30 30 30 30 30 30 30 30 30 0D
1779567680159,74 34 35 35 38 45 41 46 46 30 37 30 30 39 46 46 46 30 30 30 30 0D
1779567680163,74 34 35 31 38 30 30 30 30 30 30 30 30 30 30 30 30 30 30 30 30 0D
1779567680177,74 34 35 37 38 30 30 30 30 30 30 30 30 36 34 31 34 30 30 30 30 0D
1779567680186,74 34 35 31 38 30 30 30 30 30 30 30 30 30 30 30 30 30 30 30 30 0D
1779567680196,74 34 35 31 38 30 30 30 30 30 30 30 30 30 30 30 30 30 30 30 30 0D
1779567680207,74 34 35 35 38 45 41 46 46 30 37 30 30 39 46 46 46 30 30 30 30 0D
1779567680215,74 34 35 30 38 30 30 30 30 30 37 30 30 30 30 30 30 45 34 30 35 0D
1779567680227,74 34 35 31 38 30 30 30 30 30 30 30 30 30 30 30 30 30 30 30 30 0D
1779567680243,74 34 35 31 38 30 30 30 30 30 30 30 30 30 30 30 30 30 30 30 30 0D
1779567680249,74 34 35 35 38 45 41 46 46 30 37 30 30 39 46 46 46 30 30 30 30 0D
1779567680258,74 34 35 31 38 30 30 30 30 30 30 30 30 30 30 30 30 30 30 30 30 0D
1779567680273,74 34 35 35 38 45 41 46 46 30 37 30 30 39 46 46 46 30 30 30 30 0D
1779567680280,74 34 35 31 38 30 30 30 30 30 30 30 30 30 30 30 30 30 30 30 30 0D
1779567680287,74 34 35 35 38 45 41 46 46 30 37 30 30 39 46 46 46 30 30 30 30 0D
1779567680303,74 34 35 31 38 30 30 30 30 30 30 30 30 30 30 30 30 30 30 30 30 0D
1779567680311,74 34 35 35 38 45 41 46 46 30 37 30 30 39 46 46 46 30 30 30 30 0D
1779567680321,74 34 35 30 38 30 30 30 30 30 37 30 30 30 30 30 30 45 34 30 35 0D
1779567680332,74 34 35 31 38 30 30 30 30 30 30 30 30 30 30 30 30 30 30 30 30 0D
1779567680340,74 34 35 31 38 30 30 30 30 30 30 30 30 30 30 30 30 30 30 30 30 0D
1779567680351,74 34 35 35 38 45 41 46 46 30 37 30 30 39 46 46 46 30 30 30 30 0D
1779567680358,74 34 35 31 38 30 30 30 30 30 30 30 30 30 30 30 30 30 30 30 30 0D
1779567680376,74 34 35 35 38 45 41 46 46 30 37 30 30 39 46 46 46 30 30 30 30 0D
1779567680382,74 34 35 31 38 30 30 30 30 30 30 30 30 30 30 30 30 30 30 30 30 0D
1779567680388,74 34 35 35 38 45 41 46 46 30 37 30 30 39 46 46 46 30 30 30 30 0D
1779567680396,74 34 35 31 38 30 30 30 30 30 30 30 30 30 30 30 30 30 30 30 30 0D
1779567680406,74 34 35 35 38 45 41 46 46 30 37 30 30 39 46 46 46 30 30 30 30 0D
1779567680422,74 34 35 30 38 30 30 30 30 30 37 30 30 30 30 30 30 45 34 30 35 0D
1779567680431,74 34 35 31 38 30 30 30 30 30 30 30 30 30 30 30 30 30 30 30 30 0D
1779567680437,74 34 35 31 38 30 30 30 30 30 30 30 30 30 30 30 30 30 30 30 30 0D
1779567680452,74 34 35 35 38 45 41 46 46 30 37 30 30 39 46 46 46 30 30 30 30 0D
1779567680458,74 34 35 31 38 30 30 30 30 30 30 30 30 30 30 30 30 30 30 30 30 0D
1779567680475,74 34 35 35 38 45 41 46 46 30 37 30 30 39 46 46 46 30 30 30 30 0D
1779567680481,74 34 35 31 38 30 30 30 30 30 30 30 30 30 30 30 30 30 30 30 30 0D
1779567680485,74 34 35 35 38 45 41 46 46 30 37 30 30 39 46 46 46 30 30 30 30 0D
1779567680501,74 34 35 31 38 30 30 30 30 30 30 30 30 30 30 30 30 30 30 30 30 0D
1779567680508,74 34 35 35 38 45 41 46 46 30 37 30 30 39 46 46 46 30 30 30 30 0D
1779567680519,74 34 35 30 38 30 30 30 30 30 37 30 30 30 30 30 30 45 34 30 35 0D
1779567680526,74 34 35 31 38 30 30 30 30 30 30 30 30 30 30 30 30 30 30 30 30 0D
1779567680537,74 34 35 31 38 30 30 30 30 30 30 30 30 30 30 30 30 30 30 30 30 0D
1779567680555,74 34 35 35 38 45 41 46 46 30 37 30 30 39 46 46 46 30 30 30 30 0D
1779567680556,74 34 35 31 38 30 30 30 30 30 30 30 30 30 30 30 30 30 30 30 30 0D
1779567680577,74 34 35 35 38 45 41 46 46 30 37 30 30 39 46 46 46 30 30 30 30 0D
1779567680585,74 34 35 31 38 30 30 30 30 30 30 30 30 30 30 30 30 30 30 30 30 0D
1779567680601,74 34 35 31 38 30 30 30 30 30 30 30 30 30 30 30 30 30 30 30 30 0D
1779567680607,74 34 35 35 38 45 41 46 46 30 37 30 30 39 46 46 46 30 30 30 30 0D
1779567680619,74 34 35 30 38 30 30 30 30 30 37 30 30 30 30 30 30 45 34 30 35 0D
1779567680628,74 34 35 31 38 30 30 30 30 30 30 30 30 30 30 30 30 30 30 30 30 0D
1779567680638,74 34 35 31 38 30 30 30 30 30 30 30 30 30 30 30 30 30 30 30 30 0D
1779567680651,74 34 35 35 38 45 41 46 46 30 37 30 30 39 46 46 46 30 30 30 30 0D
1779567680658,74 34 35 31 38 30 30 30 30 30 30 30 30 30 30 30 30 30 30 30 30 0D
1779567680678,74 34 35 35 38 45 41 46 46 30 37 30 30 39 46 46 46 30 30 30 30 0D
1779567680686,74 34 35 31 38 30 30 30 30 30 30 30 30 30 30 30 30 30 30 30 30 0D
1779567680698,74 34 35 31 38 30 30 30 30 30 30 30 30 30 30 30 30 30 30 30 30 0D
1779567680709,74 34 35 35 38 45 41 46 46 30 37 30 30 39 46 46 46 30 30 30 30 0D
1779567680720,74 34 35 30 38 30 30 30 30 30 37 30 30 30 30 30 30 45 34 30 35 0D
1779567680737,74 34 35 31 38 30 30 30 30 30 30 30 30 30 30 30 30 30 30 30 30 0D
1779567680744,74 34 35 31 38 30 30 30 30 30 30 30 30 30 30 30 30 30 30 30 30 0D
1779567680747,74 34 35 35 38 45 42 46 46 30 37 30 30 39 46 46 46 30 30 30 30 0D
1779567680760,74 34 35 31 38 30 30 30 30 30 30 30 30 30 30 30 30 30 30 30 30 0D
1779567680773,74 34 35 35 38 45 42 46 46 30 37 30 30 39 46 46 46 30 30 30 30 0D
1779567680780,74 34 35 31 38 30 30 30 30 30 30 30 30 30 30 30 30 30 30 30 30 0D
1779567680786,74 34 35 35 38 45 42 46 46 30 37 30 30 39 46 46 46 30 30 30 30 0D
1779567680799,74 34 35 31 38 30 30 30 30 30 30 30 30 30 30 30 30 30 30 30 30 0D
1779567680813,74 34 35 35 38 45 42 46 46 30 37 30 30 39 46 46 46 30 30 30 30 0D
1779567680822,74 34 35 30 38 30 30 30 30 30 37 30 30 30 30 30 30 45 34 30 35 0D
1779567680828,74 34 35 31 38 30 30 30 30 30 30 30 30 30 30 30 30 30 30 30 30 0D
1779567680840,74 34 35 31 38 30 30 30 30 30 30 30 30 30 30 30 30 30 30 30 30 0D
1779567680851,74 34 35 35 38 45 42 46 46 30 37 30 30 39 46 46 46 30 30 30 30 0D
1779567680861,74 34 35 31 38 30 30 30 30 30 30 30 30 30 30 30 30 30 30 30 30 0D
1779567680873,74 34 35 35 38 45 42 46 46 30 37 30 30 39 46 46 46 30 30 30 30 0D
1779567680879,74 34 35 31 38 30 30 30 30 30 30 30 30 30 30 30 30 30 30 30 30 0D
1779567680885,74 34 35 35 38 45 42 46 46 30 37 30 30 39 46 46 46 30 30 30 30 0D
1779567680896,74 34 35 31 38 30 30 30 30 30 30 30 30 30 30 30 30 30 30 30 30 0D
1779567680912,74 34 35 35 38 45 42 46 46 30 37 30 30 39 46 46 46 30 30 30 30 0D
1779567680918,74 34 35 30 38 30 30 30 30 30 37 30 30 30 30 30 30 45 34 30 35 0D
1779567680929,74 34 35 31 38 30 30 30 30 30 30 30 30 30 30 30 30 30 30 30 30 0D
1779567680935,74 34 35 31 38 30 30 30 30 30 30 30 30 30 30 30 30 30 30 30 30 0D
1779567680951,74 34 35 35 38 45 41 46 46 30 37 30 30 39 45 46 46 30 30 30 30 0D
1779567680956,74 34 35 31 38 30 30 30 30 30 30 30 30 30 30 30 30 30 30 30 30 0D
1779567680978,74 34 35 35 38 45 41 46 46 30 37 30 30 39 45 46 46 30 30 30 30 0D
1779567680990,74 34 35 31 38 30 30 30 30 30 30 30 30 30 30 30 30 30 30 30 30 0D
1779567680998,74 34 35 31 38 30 30 30 30 30 30 30 30 30 30 30 30 30 30 30 30 0D
1779567681009,74 34 35 35 38 45 41 46 46 30 37 30 30 39 45 46 46 30 30 30 30 0D
1779567681018,74 34 35 30 38 30 30 30 30 30 37 30 30 30 30 30 30 45 34 30 35 0D
1779567681032,74 34 35 31 38 30 30 30 30 30 30 30 30 30 30 30 30 30 30 30 30 0D
1779567681037,74 34 35 31 38 30 30 30 30 30 30 30 30 30 30 30 30 30 30 30 30 0D
1779567681052,74 34 35 35 38 45 41 46 46 30 37 30 30 39 45 46 46 30 30 30 30 0D
1779567681058,74 34 35 31 38 30 30 30 30 30 30 30 30 30 30 30 30 30 30 30 30 0D
1779567681081,74 34 35 35 38 45 41 46 46 30 37 30 30 39 45 46 46 30 30 30 30 0D
1779567681086,74 34 35 31 38 30 30 30 30 30 30 30 30 30 30 30 30 30 30 30 30 0D
1779567681099,74 34 35 31 38 30 30 30 30 30 30 30 30 30 30 30 30 30 30 30 30 0D
1779567681119,74 34 35 35 38 45 41 46 46 30 37 30 30 39 45 46 46 30 30 30 30 0D
1779567681124,74 34 35 30 38 30 30 30 30 30 37 30 30 30 30 30 30 45 34 30 35 0D
1779567681135,74 34 35 31 38 30 30 30 30 30 30 30 30 30 30 30 30 30 30 30 30 0D
1779567681150,74 34 35 35 38 45 41 46 46 30 37 30 30 39 46 46 46 30 30 30 30 0D
1779567681159,74 34 35 31 38 30 30 30 30 30 30 30 30 30 30 30 30 30 30 30 30 0D
1779567681166,74 34 35 35 38 45 41 46 46 30 37 30 30 39 46 46 46 30 30 30 30 0D
1779567681173,74 34 35 37 38 30 30 30 30 30 30 30 30 36 34 31 34 30 30 30 30 0D
1779567681177,74 34 35 31 38 30 30 30 30 30 30 30 30 30 30 30 30 30 30 30 30 0D
1779567681188,74 34 35 35 38 45 41 46 46 30 37 30 30 39 46 46 46 30 30 30 30 0D
1779567681199,74 34 35 31 38 30 30 30 30 30 30 30 30 30 30 30 30 30 30 30 30 0D
1779567681209,74 34 35 35 38 45 41 46 46 30 37 30 30 39 46 46 46 30 30 30 30 0D
1779567681217,74 34 35 30 38 30 30 30 30 30 37 30 30 30 30 30 30 45 34 30 35 0D
1779567681231,74 34 35 31 38 30 30 30 30 30 30 30 30 30 30 30 30 30 30 30 30 0D
1779567681237,74 34 35 31 38 30 30 30 30 30 30 30 30 30 30 30 30 30 30 30 30 0D
1779567681257,74 34 35 35 38 45 41 46 46 30 37 30 30 39 46 46 46 30 30 30 30 0D
1779567681264,74 34 35 31 38 30 30 30 30 30 30 30 30 30 30 30 30 30 30 30 30 0D
1779567681296,74 34 35 35 38 45 41 46 46 30 37 30 30 39 46 46 46 30 30 30 30 0D
1779567681304,74 34 35 31 38 30 30 30 30 30 30 30 30 30 30 30 30 30 30 30 30 0D
1779567681312,74 34 35 35 38 45 41 46 46 30 37 30 30 39 46 46 46 30 30 30 30 0D
1779567681317,74 34 35 30 38 30 30 30 30 30 37 30 30 30 30 30 30 45 34 30 35 0D
1779567681334,74 34 35 31 38 30 30 30 30 30 30 30 30 30 30 30 30 30 30 30 30 0D
1779567681341,74 34 35 31 38 30 30 30 30 30 30 30 30 30 30 30 30 30 30 30 30 0D
1779567681349,74 34 35 35 38 45 41 46 46 30 38 30 30 39 46 46 46 30 30 30 30 0D
1779567681357,74 34 35 31 38 30 30 30 30 30 30 30 30 30 30 30 30 30 30 30 30 0D
1779567681380,74 34 35 35 38 45 41 46 46 30 38 30 30 39 46 46 46 30 30 30 30 0D
1779567681388,74 34 35 31 38 30 30 30 30 30 30 30 30 30 30 30 30 30 30 30 30 0D
1779567681399,74 34 35 31 38 30 30 30 30 30 30 30 30 30 30 30 30 30 30 30 30 0D
1779567681408,74 34 35 35 38 45 41 46 46 30 38 30 30 39 46 46 46 30 30 30 30 0D
1779567681422,74 34 35 30 38 30 30 30 30 30 37 30 30 30 30 30 30 45 34 30 35 0D
1779567681433,74 34 35 31 38 30 30 30 30 30 30 30 30 30 30 30 30 30 30 30 30 0D
1779567681438,74 34 35 31 38 30 30 30 30 30 30 30 30 30 30 30 30 30 30 30 30 0D
1779567681453,74 34 35 35 38 45 41 46 46 30 38 30 30 39 46 46 46 30 30 30 30 0D
1779567681461,74 34 35 31 38 30 30 30 30 30 30 30 30 30 30 30 30 30 30 30 30 0D
1779567681481,74 34 35 35 38 45 41 46 46 30 38 30 30 39 46 46 46 30 30 30 30 0D
1779567681487,74 34 35 31 38 30 30 30 30 30 30 30 30 30 30 30 30 30 30 30 30 0D
1779567681498,74 34 35 31 38 30 30 30 30 30 30 30 30 30 30 30 30 30 30 30 30 0D
1779567681513,74 34 35 35 38 45 41 46 46 30 38 30 30 39 46 46 46 30 30 30 30 0D
1779567681518,74 34 35 30 38 30 30 30 30 30 37 30 30 30 30 30 30 45 34 30 35 0D
1779567681531,74 34 35 31 38 30 30 30 30 30 30 30 30 30 30 30 30 30 30 30 30 0D
1779567681536,74 34 35 31 38 30 30 30 30 30 30 30 30 30 30 30 30 30 30 30 30 0D
1779567681549,74 34 35 35 38 45 41 46 46 30 38 30 30 39 46 46 46 30 30 30 30 0D
1779567681557,74 34 35 31 38 30 30 30 30 30 30 30 30 30 30 30 30 30 30 30 30 0D
1779567681575,74 34 35 35 38 45 41 46 46 30 38 30 30 39 46 46 46 30 30 30 30 0D
1779567681582,74 34 35 31 38 30 30 30 30 30 30 30 30 30 30 30 30 30 30 30 30 0D
1779567681598,74 34 35 31 38 30 30 30 30 30 30 30 30 30 30 30 30 30 30 30 30 0D
1779567681608,74 34 35 35 38 45 41 46 46 30 38 30 30 39 46 46 46 30 30 30 30 0D
1779567681621,74 34 35 30 38 30 30 30 30 30 37 30 30 30 30 30 30 45 34 30 35 0D
1779567681632,74 34 35 31 38 30 30 30 30 30 30 30 30 30 30 30 30 30 30 30 30 0D
1779567681639,74 34 35 31 38 30 30 30 30 30 30 30 30 30 30 30 30 30 30 30 30 0D
1779567681650,74 34 35 35 38 45 41 46 46 30 38 30 30 39 46 46 46 30 30 30 30 0D
1779567681657,74 34 35 31 38 30 30 30 30 30 30 30 30 30 30 30 30 30 30 30 30 0D
1779567681683,74 34 35 35 38 45 41 46 46 30 38 30 30 39 46 46 46 30 30 30 30 0D
1779567681692,74 34 35 31 38 30 30 30 30 30 30 30 30 30 30 30 30 30 30 30 30 0D
1779567681698,74 34 35 31 38 30 30 30 30 30 30 30 30 30 30 30 30 30 30 30 30 0D
1779567681705,74 34 35 35 38 45 41 46 46 30 38 30 30 39 46 46 46 30 30 30 30 0D
1779567681717,74 34 35 30 38 30 30 30 30 30 37 30 30 30 30 30 30 45 34 30 35 0D
1779567681735,74 34 35 34 38 30 31 30 30 30 30 30 30 30 30 30 30 30 30 30 30 0D 74 34 35 35 38 45 41 46 46 30 37 30 30 39 46 46 46 30 30 30 30 0D
1779567681742,74 34 35 31 38 30 30 30 30 30 30 30 30 30 30 30 30 30 30 30 30 0D
1779567681749,74 34 35 35 38 45 41 46 46 30 37 30 30 39 46 46 46 30 30 30 30 0D
1779567681754,74 34 35 31 38 30 30 30 30 30 30 30 30 30 30 30 30 30 30 30 30 0D
1779567681766,74 34 35 35 38 45 41 46 46 30 37 30 30 39 46 46 46 30 30 30 30 0D
1779567681772,74 34 35 37 38 30 30 30 30 30 30 30 30 36 34 31 34 30 31 30 30 0D
1779567681781,74 34 35 31 38 30 30 30 30 30 30 30 30 30 30 30 30 30 30 30 30 0D
1779567681786,74 34 35 35 38 45 41 46 46 30 37 30 30 39 46 46 46 30 30 30 30 0D
1779567681800,74 34 35 31 38 30 30 30 30 30 30 30 30 30 30 30 30 30 30 30 30 0D
1779567681815,74 34 35 35 38 45 41 46 46 30 37 30 30 39 46 46 46 30 30 30 30 0D
1779567681819,74 34 35 30 38 30 30 30 30 30 37 30 30 30 30 30 30 45 34 30 35 0D
1779567681829,74 34 35 32 38 38 43 30 30 30 30 30 30 30 30 30 30 32 37 30 30 0D
1779567681838,74 34 35 31 38 30 30 30 30 30 30 30 30 30 30 30 30 30 30 30 30 0D
1779567681847,74 34 35 35 38 45 41 46 46 30 37 30 30 39 46 46 46 30 30 30 30 0D
1779567681865,74 34 35 31 38 30 30 30 30 30 30 30 30 30 30 30 30 30 30 30 30 0D
1779567681871,74 34 35 35 38 45 41 46 46 30 37 30 30 39 46 46 46 30 30 30 30 0D
1779567681874,74 34 35 37 38 30 30 30 30 30 30 30 30 36 34 31 34 30 30 30 30 0D
1779567681883,74 34 35 31 38 30 30 30 30 30 30 30 30 30 30 30 30 30 30 30 30 0D
1779567681887,74 34 35 35 38 45 41 46 46 30 37 30 30 39 46 46 46 30 30 30 30 0D
1779567681899,74 34 35 31 38 30 30 30 30 30 30 30 30 30 30 30 30 30 30 30 30 0D
1779567681913,74 34 35 35 38 45 41 46 46 30 37 30 30 39 46 46 46 30 30 30 30 0D
1779567681919,74 34 35 30 38 30 30 30 30 30 37 30 30 30 30 30 30 45 34 30 35 0D
1779567681933,74 34 35 31 38 30 30 30 30 30 30 30 30 30 30 30 30 30 30 30 30 0D
1779567681938,74 34 35 31 38 30 30 30 30 30 30 30 30 30 30 30 30 30 30 30 30 0D
1779567681947,74 34 35 35 38 45 41 46 46 30 37 30 30 39 46 46 46 30 30 30 30 0D
1779567681963,74 34 35 31 38 30 30 30 30 30 30 30 30 30 30 30 30 30 30 30 30 0D
1779567681998,74 34 35 35 38 45 41 46 46 30 37 30 30 39 46 46 46 30 30 30 30 0D
1779567682004,74 34 35 31 38 30 30 30 30 30 30 30 30 30 30 30 30 30 30 30 30 0D
1779567682015,74 34 35 35 38 45 41 46 46 30 37 30 30 39 46 46 46 30 30 30 30 0D
1779567682020,74 34 35 30 38 30 30 30 30 30 37 30 30 30 30 30 30 45 34 30 35 0D
1779567682036,74 34 35 31 38 30 30 30 30 30 30 30 30 30 30 30 30 30 30 30 30 0D
1779567682040,74 34 35 31 38 30 30 30 30 30 30 30 30 30 30 30 30 30 30 30 30 0D
1779567682051,74 34 35 35 38 45 41 46 46 30 37 30 30 39 46 46 46 30 30 30 30 0D
1779567682057,74 34 35 31 38 30 30 30 30 30 30 30 30 30 30 30 30 30 30 30 30 0D
1779567682084,74 34 35 35 38 45 41 46 46 30 37 30 30 39 46 46 46 30 30 30 30 0D 74 34 35 31 38 30 30 30 30 30 30 30 30 30 30 30 30 30 30 30 30 0D
1779567682101,74 34 35 31 38 30 30 30 30 30 30 30 30 30 30 30 30 30 30 30 30 0D
1779567682108,74 34 35 36 38 45 44 46 46 30 37 30 30 30 34 30 30 30 30 30 30 0D
1779567682119,74 34 35 30 38 30 30 30 30 30 37 30 30 30 30 30 30 45 34 30 35 0D
1779567682129,74 34 35 31 38 30 30 30 30 30 30 30 30 30 30 30 30 30 30 30 30 0D
1779567682137,74 34 35 31 38 30 30 30 30 30 30 30 30 30 30 30 30 30 30 30 30 0D
1779567682153,74 34 35 35 38 45 39 46 46 30 37 30 30 39 46 46 46 30 30 30 30 0D
1779567682167,74 34 35 31 38 30 30 30 30 30 30 30 30 30 30 30 30 30 30 30 30 0D
1779567682186,74 34 35 35 38 45 39 46 46 30 37 30 30 39 46 46 46 30 30 30 30 0D
1779567682204,74 34 35 31 38 30 30 30 30 30 30 30 30 30 30 30 30 30 30 30 30 0D
1779567682211,74 34 35 35 38 45 39 46 46 30 37 30 30 39 46 46 46 30 30 30 30 0D
1779567682221,74 34 35 30 38 30 30 30 30 30 37 30 30 30 30 30 30 45 34 30 35 0D
1779567682230,74 34 35 31 38 30 30 30 30 30 30 30 30 30 30 30 30 30 30 30 30 0D
1779567682236,74 34 35 31 38 30 30 30 30 30 30 30 30 30 30 30 30 30 30 30 30 0D
1779567682248,74 34 35 35 38 45 39 46 46 30 37 30 30 39 46 46 46 30 30 30 30 0D
1779567682263,74 34 35 31 38 30 30 30 30 30 30 30 30 30 30 30 30 30 30 30 30 0D
1779567682294,74 34 35 35 38 45 39 46 46 30 37 30 30 39 46 46 46 30 30 30 30 0D
1779567682298,74 34 35 31 38 30 30 30 30 30 30 30 30 30 30 30 30 30 30 30 30 0D
1779567682307,74 34 35 35 38 45 39 46 46 30 37 30 30 39 46 46 46 30 30 30 30 0D
1779567682321,74 34 35 30 38 30 30 30 30 30 37 30 30 30 30 30 30 45 34 30 35 0D
1779567682333,74 34 35 31 38 30 30 30 30 30 30 30 30 30 30 30 30 30 30 30 30 0D
1779567682337,74 34 35 31 38 30 30 30 30 30 30 30 30 30 30 30 30 30 30 30 30 0D
1779567682355,74 34 35 35 38 45 41 46 46 30 37 30 30 39 46 46 46 30 30 30 30 0D
1779567682364,74 34 35 31 38 30 30 30 30 30 30 30 30 30 30 30 30 30 30 30 30 0D
1779567682390,74 34 35 35 38 45 41 46 46 30 37 30 30 39 46 46 46 30 30 30 30 0D
1779567682398,74 34 35 31 38 30 30 30 30 30 30 30 30 30 30 30 30 30 30 30 30 0D
1779567682412,74 34 35 35 38 45 41 46 46 30 37 30 30 39 46 46 46 30 30 30 30 0D
1779567682417,74 34 35 30 38 30 30 30 30 30 37 30 30 30 30 30 30 45 34 30 35 0D
1779567682431,74 34 35 31 38 30 30 30 30 30 30 30 30 30 30 30 30 30 30 30 30 0D
1779567682437,74 34 35 31 38 30 30 30 30 30 30 30 30 30 30 30 30 30 30 30 30 0D
1779567682447,74 34 35 35 38 45 41 46 46 30 37 30 30 39 46 46 46 30 30 30 30 0D
1779567682455,74 34 35 31 38 30 30 30 30 30 30 30 30 30 30 30 30 30 30 30 30 0D
1779567682476,74 34 35 35 38 45 41 46 46 30 37 30 30 39 46 46 46 30 30 30 30 0D
1779567682488,74 34 35 31 38 30 30 30 30 30 30 30 30 30 30 30 30 30 30 30 30 0D
1779567682499,74 34 35 31 38 30 30 30 30 30 30 30 30 30 30 30 30 30 30 30 30 0D
1779567682513,74 34 35 35 38 45 41 46 46 30 37 30 30 39 46 46 46 30 30 30 30 0D
1779567682518,74 34 35 30 38 30 30 30 30 30 37 30 30 30 30 30 30 45 34 30 35 0D
1779567682535,74 34 35 31 38 30 30 30 30 30 30 30 30 30 30 30 30 30 30 30 30 0D
1779567682541,74 34 35 31 38 30 30 30 30 30 30 30 30 30 30 30 30 30 30 30 30 0D
1779567682545,74 34 35 35 38 45 41 46 46 30 37 30 30 39 45 46 46 30 30 30 30 0D
1779567682556,74 34 35 31 38 30 30 30 30 30 30 30 30 30 30 30 30 30 30 30 30 0D
1779567682577,74 34 35 35 38 45 41 46 46 30 37 30 30 39 45 46 46 30 30 30 30 0D
1779567682583,74 34 35 31 38 30 30 30 30 30 30 30 30 30 30 30 30 30 30 30 30 0D
1779567682588,74 34 35 35 38 45 41 46 46 30 37 30 30 39 45 46 46 30 30 30 30 0D
1779567682599,74 34 35 31 38 30 30 30 30 30 30 30 30 30 30 30 30 30 30 30 30 0D
1779567682613,74 34 35 35 38 45 41 46 46 30 37 30 30 39 45 46 46 30 30 30 30 0D
1779567682619,74 34 35 30 38 30 30 30 30 30 37 30 30 30 30 30 30 45 34 30 35 0D
1779567682633,74 34 35 31 38 30 30 30 30 30 30 30 30 30 30 30 30 30 30 30 30 0D
1779567682640,74 34 35 31 38 30 30 30 30 30 30 30 30 30 30 30 30 30 30 30 30 0D
1779567682654,74 34 35 35 38 45 41 46 46 30 37 30 30 39 45 46 46 30 30 30 30 0D
1779567682658,74 34 35 31 38 30 30 30 30 30 30 30 30 30 30 30 30 30 30 30 30 0D
1779567682668,74 34 35 35 38 45 41 46 46 30 37 30 30 39 45 46 46 30 30 30 30 0D
1779567682674,74 34 35 37 38 30 30 30 30 30 30 30 30 36 34 31 34 30 30 30 30 0D
1779567682678,74 34 35 31 38 30 30 30 30 30 30 30 30 30 30 30 30 30 30 30 30 0D
1779567682701,74 34 35 31 38 30 30 30 30 30 30 30 30 30 30 30 30 30 30 30 30 0D
1779567682712,74 34 35 35 38 45 41 46 46 30 37 30 30 39 45 46 46 30 30 30 30 0D
1779567682718,74 34 35 30 38 30 30 30 30 30 37 30 30 30 30 30 30 45 34 30 35 0D
1779567682730,74 34 35 31 38 30 30 30 30 30 30 30 30 30 30 30 30 30 30 30 30 0D
1779567682737,74 34 35 31 38 30 30 30 30 30 30 30 30 30 30 30 30 30 30 30 30 0D
1779567682747,74 34 35 35 38 45 39 46 46 30 37 30 30 39 46 46 46 30 30 30 30 0D
1779567682760,74 34 35 31 38 30 30 30 30 30 30 30 30 30 30 30 30 30 30 30 30 0D
1779567682791,74 34 35 35 38 45 39 46 46 30 37 30 30 39 46 46 46 30 30 30 30 0D
1779567682797,74 34 35 31 38 30 30 30 30 30 30 30 30 30 30 30 30 30 30 30 30 0D
1779567682805,74 34 35 35 38 45 39 46 46 30 37 30 30 39 46 46 46 30 30 30 30 0D
1779567682818,74 34 35 30 38 30 30 30 30 30 37 30 30 30 30 30 30 45 34 30 35 0D
1779567682831,74 34 35 31 38 30 30 30 30 30 30 30 30 30 30 30 30 30 30 30 30 0D
1779567682835,74 34 35 31 38 30 30 30 30 30 30 30 30 30 30 30 30 30 30 30 30 0D
1779567682848,74 34 35 35 38 45 39 46 46 30 37 30 30 39 46 46 46 30 30 30 30 0D
1779567682861,74 34 35 31 38 30 30 30 30 30 30 30 30 30 30 30 30 30 30 30 30 0D
1779567682879,74 34 35 35 38 45 39 46 46 30 37 30 30 39 46 46 46 30 30 30 30 0D
1779567682887,74 34 35 31 38 30 30 30 30 30 30 30 30 30 30 30 30 30 30 30 30 0D
1779567682901,74 34 35 31 38 30 30 30 30 30 30 30 30 30 30 30 30 30 30 30 30 0D
1779567682912,74 34 35 35 38 45 39 46 46 30 37 30 30 39 46 46 46 30 30 30 30 0D
1779567682917,74 34 35 30 38 30 30 30 30 30 37 30 30 30 30 30 30 45 34 30 35 0D
1779567682928,74 34 35 31 38 30 30 30 30 30 30 30 30 30 30 30 30 30 30 30 30 0D
1779567682941,74 34 35 31 38 30 30 30 30 30 30 30 30 30 30 30 30 30 30 30 30 0D
1779567682953,74 34 35 35 38 45 39 46 46 30 37 30 30 39 46 46 46 30 30 30 30 0D
1779567682961,74 34 35 31 38 30 30 30 30 30 30 30 30 30 30 30 30 30 30 30 30 0D
1779567682966,74 34 35 35 38 45 39 46 46 30 37 30 30 39 46 46 46 30 30 30 30 0D 74 34 35 37 38 30 30 30 30 30 30 30 30 36 34 31 34 30 30 30 30 0D
1779567682977,74 34 35 39 38 37 36 41 34 42 45 31 36 42 39 31 41 30 33 42 37 0D
1779567682987,74 34 35 31 38 30 30 30 30 30 30 30 30 30 30 30 30 30 30 30 30 0D
1779567682995,74 34 35 31 38 30 30 30 30 30 30 30 30 30 30 30 30 30 30 30 30 0D
1779567683007,74 34 35 35 38 45 39 46 46 30 37 30 30 39 46 46 46 30 30 30 30 0D
1779567683017,74 34 35 30 38 30 30 30 30 30 37 30 30 30 30 30 30 45 34 30 35 0D
1779567683027,74 34 35 31 38 30 30 30 30 30 30 30 30 30 30 30 30 30 30 30 30 0D
1779567683038,74 34 35 31 38 30 30 30 30 30 30 30 30 30 30 30 30 30 30 30 30 0D
1779567683044,74 34 35 35 38 45 39 46 46 30 37 30 30 39 46 46 46 30 30 30 30 0D
1779567683057,74 34 35 31 38 30 30 30 30 30 30 30 30 30 30 30 30 30 30 30 30 0D
1779567683085,74 34 35 35 38 45 39 46 46 30 37 30 30 39 46 46 46 30 30 30 30 0D
1779567683099,74 34 35 31 38 30 30 30 30 30 30 30 30 30 30 30 30 30 30 30 30 0D
1779567683110,74 34 35 35 38 45 39 46 46 30 37 30 30 39 46 46 46 30 30 30 30 0D
1779567683117,74 34 35 30 38 30 30 30 30 30 37 30 30 30 30 30 30 45 34 30 35 0D
1779567683133,74 34 35 31 38 30 30 30 30 30 30 30 30 30 30 30 30 30 30 30 30 0D
1779567683140,74 34 35 31 38 30 30 30 30 30 30 30 30 30 30 30 30 30 30 30 30 0D
1779567683153,74 34 35 35 38 45 42 46 46 30 38 30 30 39 46 46 46 30 30 30 30 0D
1779567683159,74 34 35 31 38 30 30 30 30 30 30 30 30 30 30 30 30 30 30 30 30 0D
1779567683177,74 34 35 35 38 45 42 46 46 30 38 30 30 39 46 46 46 30 30 30 30 0D
1779567683182,74 34 35 31 38 30 30 30 30 30 30 30 30 30 30 30 30 30 30 30 30 0D
1779567683187,74 34 35 35 38 45 42 46 46 30 38 30 30 39 46 46 46 30 30 30 30 0D
1779567683207,74 34 35 31 38 30 30 30 30 30 30 30 30 30 30 30 30 30 30 30 30 0D
1779567683212,74 34 35 35 38 45 42 46 46 30 38 30 30 39 46 46 46 30 30 30 30 0D
1779567683217,74 34 35 30 38 30 30 30 30 30 37 30 30 30 30 30 30 45 34 30 35 0D
1779567683229,74 34 35 31 38 30 30 30 30 30 30 30 30 30 30 30 30 30 30 30 30 0D
1779567683235,74 34 35 31 38 30 30 30 30 30 30 30 30 30 30 30 30 30 30 30 30 0D
1779567683252,74 34 35 35 38 45 42 46 46 30 38 30 30 39 46 46 46 30 30 30 30 0D
1779567683259,74 34 35 31 38 30 30 30 30 30 30 30 30 30 30 30 30 30 30 30 30 0D
1779567683291,74 34 35 35 38 45 42 46 46 30 38 30 30 39 46 46 46 30 30 30 30 0D
1779567683298,74 34 35 31 38 30 30 30 30 30 30 30 30 30 30 30 30 30 30 30 30 0D
1779567683311,74 34 35 35 38 45 42 46 46 30 38 30 30 39 46 46 46 30 30 30 30 0D
1779567683320,74 34 35 30 38 30 30 30 30 30 37 30 30 30 30 30 30 45 34 30 35 0D
1779567683330,74 34 35 31 38 30 30 30 30 30 30 30 30 30 30 30 30 30 30 30 30 0D
1779567683341,74 34 35 31 38 30 30 30 30 30 30 30 30 30 30 30 30 30 30 30 30 0D
1779567683351,74 34 35 35 38 45 41 46 46 30 37 30 30 39 46 46 46 30 30 30 30 0D
1779567683361,74 34 35 31 38 30 30 30 30 30 30 30 30 30 30 30 30 30 30 30 30 0D
1779567683374,74 34 35 35 38 45 41 46 46 30 37 30 30 39 46 46 46 30 30 30 30 0D
1779567683379,74 34 35 31 38 30 30 30 30 30 30 30 30 30 30 30 30 30 30 30 30 0D
1779567683386,74 34 35 35 38 45 41 46 46 30 37 30 30 39 46 46 46 30 30 30 30 0D
1779567683397,74 34 35 31 38 30 30 30 30 30 30 30 30 30 30 30 30 30 30 30 30 0D
1779567683408,74 34 35 35 38 45 41 46 46 30 37 30 30 39 46 46 46 30 30 30 30 0D
1779567683418,74 34 35 30 38 30 30 30 30 30 37 30 30 30 30 30 30 45 34 30 35 0D
1779567683433,74 34 35 31 38 30 30 30 30 30 30 30 30 30 30 30 30 30 30 30 30 0D
1779567683441,74 34 35 31 38 30 30 30 30 30 30 30 30 30 30 30 30 30 30 30 30 0D
1779567683450,74 34 35 35 38 45 41 46 46 30 37 30 30 39 46 46 46 30 30 30 30 0D
1779567683459,74 34 35 31 38 30 30 30 30 30 30 30 30 30 30 30 30 30 30 30 30 0D
1779567683479,74 34 35 35 38 45 41 46 46 30 37 30 30 39 46 46 46 30 30 30 30 0D
1779567683490,74 34 35 31 38 30 30 30 30 30 30 30 30 30 30 30 30 30 30 30 30 0D
1779567683496,74 34 35 31 38 30 30 30 30 30 30 30 30 30 30 30 30 30 30 30 30 0D
1779567683513,74 34 35 35 38 45 41 46 46 30 37 30 30 39 46 46 46 30 30 30 30 0D
1779567683521,74 34 35 30 38 30 30 30 30 30 37 30 30 30 30 30 30 45 34 30 35 0D
1779567683532,74 34 35 31 38 30 30 30 30 30 30 30 30 30 30 30 30 30 30 30 30 0D
1779567683535,74 34 35 31 38 30 30 30 30 30 30 30 30 30 30 30 30 30 30 30 30 0D
1779567683552,74 34 35 35 38 45 41 46 46 30 37 30 30 39 46 46 46 30 30 30 30 0D
1779567683557,74 34 35 31 38 30 30 30 30 30 30 30 30 30 30 30 30 30 30 30 30 0D
1779567683582,74 34 35 35 38 45 41 46 46 30 37 30 30 39 46 46 46 30 30 30 30 0D
1779567683590,74 34 35 31 38 30 30 30 30 30 30 30 30 30 30 30 30 30 30 30 30 0D
1779567683599,74 34 35 31 38 30 30 30 30 30 30 30 30 30 30 30 30 30 30 30 30 0D
1779567683611,74 34 35 35 38 45 41 46 46 30 37 30 30 39 46 46 46 30 30 30 30 0D
1779567683617,74 34 35 30 38 30 30 30 30 30 37 30 30 30 30 30 30 45 34 30 35 0D
1779567683628,74 34 35 31 38 30 30 30 30 30 30 30 30 30 30 30 30 30 30 30 30 0D
1779567683639,74 34 35 31 38 30 30 30 30 30 30 30 30 30 30 30 30 30 30 30 30 0D
1779567683651,74 34 35 35 38 45 41 46 46 30 37 30 30 39 46 46 46 30 30 30 30 0D
1779567683660,74 34 35 31 38 30 30 30 30 30 30 30 30 30 30 30 30 30 30 30 30 0D
1779567683688,74 34 35 35 38 45 39 46 46 30 37 30 30 39 46 46 46 30 30 30 30 0D
1779567683699,74 34 35 31 38 30 30 30 30 30 30 30 30 30 30 30 30 30 30 30 30 0D
1779567683712,74 34 35 35 38 45 39 46 46 30 37 30 30 39 46 46 46 30 30 30 30 0D
1779567683722,74 34 35 30 38 30 30 30 30 30 37 30 30 30 30 30 30 45 34 30 35 0D
1779567683732,74 34 35 31 38 30 30 30 30 30 30 30 30 30 30 30 30 30 30 30 30 0D
1779567683741,74 34 35 31 38 30 30 30 30 30 30 30 30 30 30 30 30 30 30 30 30 0D
1779567683751,74 34 35 35 38 45 39 46 46 30 37 30 30 39 46 46 46 30 30 30 30 0D
1779567683760,74 34 35 31 38 30 30 30 30 30 30 30 30 30 30 30 30 30 30 30 30 0D
1779567683764,74 34 35 37 38 30 30 30 30 30 30 30 30 36 34 31 34 30 30 30 30 0D
1779567683792,74 34 35 39 38 37 35 41 34 42 45 31 36 42 38 31 41 30 33 42 37 0D
1779567683801,74 34 35 31 38 30 30 30 30 30 30 30 30 30 30 30 30 30 30 30 30 0D
1779567683817,74 34 35 35 38 45 39 46 46 30 37 30 30 39 46 46 46 30 30 30 30 0D
1779567683824,74 34 35 30 38 30 30 30 30 30 37 30 30 30 30 30 30 45 34 30 35 0D
1779567683831,74 34 35 31 38 30 30 30 30 30 30 30 30 30 30 30 30 30 30 30 30 0D
1779567683839,74 34 35 31 38 30 30 30 30 30 30 30 30 30 30 30 30 30 30 30 30 0D
1779567683848,74 34 35 35 38 45 39 46 46 30 37 30 30 39 46 46 46 30 30 30 30 0D
1779567683855,74 34 35 31 38 30 30 30 30 30 30 30 30 30 30 30 30 30 30 30 30 0D
1779567683879,74 34 35 35 38 45 39 46 46 30 37 30 30 39 46 46 46 30 30 30 30 0D
1779567683885,74 34 35 31 38 30 30 30 30 30 30 30 30 30 30 30 30 30 30 30 30 0D
1779567683890,74 34 35 35 38 45 39 46 46 30 37 30 30 39 46 46 46 30 30 30 30 0D
1779567683898,74 34 35 31 38 30 30 30 30 30 30 30 30 30 30 30 30 30 30 30 30 0D
1779567683906,74 34 35 35 38 45 39 46 46 30 37 30 30 39 46 46 46 30 30 30 30 0D
1779567683923,74 34 35 30 38 30 30 30 30 30 37 30 30 30 30 30 30 45 34 30 35 0D
1779567683936,74 34 35 31 38 30 30 30 30 30 30 30 30 30 30 30 30 30 30 30 30 0D
1779567683941,74 34 35 31 38 30 30 30 30 30 30 30 30 30 30 30 30 30 30 30 30 0D
1779567683948,74 34 35 35 38 45 41 46 46 30 37 30 30 39 46 46 46 30 30 30 30 0D
1779567683957,74 34 35 31 38 30 30 30 30 30 30 30 30 30 30 30 30 30 30 30 30 0D
1779567683980,74 34 35 35 38 45 41 46 46 30 37 30 30 39 46 46 46 30 30 30 30 0D
1779567683985,74 34 35 31 38 30 30 30 30 30 30 30 30 30 30 30 30 30 30 30 30 0D
1779567683999,74 34 35 31 38 30 30 30 30 30 30 30 30 30 30 30 30 30 30 30 30 0D
1779567684011,74 34 35 35 38 45 41 46 46 30 37 30 30 39 46 46 46 30 30 30 30 0D
1779567684026,74 34 35 30 38 30 30 30 30 30 37 30 30 30 30 30 30 45 34 30 35 0D
1779567684038,74 34 35 31 38 30 30 30 30 30 30 30 30 30 30 30 30 30 30 30 30 0D
1779567684041,74 34 35 31 38 30 30 30 30 30 30 30 30 30 30 30 30 30 30 30 30 0D
1779567684066,74 34 35 31 38 30 30 30 30 30 30 30 30 30 30 30 30 30 30 30 30 0D
1779567684075,74 34 35 35 38 45 41 46 46 30 37 30 30 39 46 46 46 30 30 30 30 0D
1779567684081,74 34 35 31 38 30 30 30 30 30 30 30 30 30 30 30 30 30 30 30 30 0D
1779567684093,74 34 35 35 38 45 41 46 46 30 37 30 30 39 46 46 46 30 30 30 30 0D
1779567684101,74 34 35 31 38 30 30 30 30 30 30 30 30 30 30 30 30 30 30 30 30 0D
1779567684106,74 34 35 35 38 45 41 46 46 30 37 30 30 39 46 46 46 30 30 30 30 0D
1779567684121,74 34 35 30 38 30 30 30 30 30 37 30 30 30 30 30 30 45 34 30 35 0D
1779567684133,74 34 35 31 38 30 30 30 30 30 30 30 30 30 30 30 30 30 30 30 30 0D
1779567684142,74 34 35 31 38 30 30 30 30 30 30 30 30 30 30 30 30 30 30 30 30 0D
1779567684149,74 34 35 35 38 45 41 46 46 30 37 30 30 39 46 46 46 30 30 30 30 0D
1779567684160,74 34 35 31 38 30 30 30 30 30 30 30 30 30 30 30 30 30 30 30 30 0D
1779567684172,74 34 35 37 38 30 30 30 30 30 30 30 30 36 34 31 34 30 31 30 30 0D
1779567684183,74 34 35 39 38 37 35 41 34 42 45 31 36 42 38 31 41 30 33 42 37 0D
1779567684199,74 34 35 31 38 30 30 30 30 30 30 30 30 30 30 30 30 30 30 30 30 0D
1779567684210,74 34 35 35 38 45 41 46 46 30 37 30 30 39 46 46 46 30 30 30 30 0D
1779567684216,74 34 35 30 38 30 30 30 30 30 37 30 30 30 30 30 30 45 34 30 35 0D
1779567684230,74 34 35 31 38 30 30 30 30 30 30 30 30 30 30 30 30 30 30 30 30 0D
1779567684237,74 34 35 31 38 30 30 30 30 30 30 30 30 30 30 30 30 30 30 30 30 0D
1779567684248,74 34 35 35 38 45 41 46 46 30 37 30 30 39 46 46 46 30 30 30 30 0D
1779567684258,74 34 35 31 38 30 30 30 30 30 30 30 30 30 30 30 30 30 30 30 30 0D
1779567684285,74 34 35 35 38 45 41 46 46 30 37 30 30 39 45 46 46 30 30 30 30 0D
1779567684300,74 34 35 31 38 30 30 30 30 30 30 30 30 30 30 30 30 30 30 30 30 0D
1779567684313,74 34 35 35 38 45 41 46 46 30 37 30 30 39 45 46 46 30 30 30 30 0D
1779567684320,74 34 35 30 38 30 30 30 30 30 37 30 30 30 30 30 30 45 34 30 35 0D
1779567684327,74 34 35 31 38 30 30 30 30 30 30 30 30 30 30 30 30 30 30 30 30 0D
1779567684340,74 34 35 31 38 30 30 30 30 30 30 30 30 30 30 30 30 30 30 30 30 0D
1779567684348,74 34 35 35 38 45 41 46 46 30 37 30 30 39 45 46 46 30 30 30 30 0D
1779567684361,74 34 35 31 38 30 30 30 30 30 30 30 30 30 30 30 30 30 30 30 30 0D
1779567684388,74 34 35 35 38 45 41 46 46 30 37 30 30 39 45 46 46 30 30 30 30 0D
1779567684398,74 34 35 31 38 30 30 30 30 30 30 30 30 30 30 30 30 30 30 30 30 0D
1779567684411,74 34 35 35 38 45 41 46 46 30 37 30 30 39 45 46 46 30 30 30 30 0D
1779567684420,74 34 35 30 38 30 30 30 30 30 37 30 30 30 30 30 30 45 34 30 35 0D
1779567684429,74 34 35 31 38 30 30 30 30 30 30 30 30 30 30 30 30 30 30 30 30 0D
1779567684437,74 34 35 31 38 30 30 30 30 30 30 30 30 30 30 30 30 30 30 30 30 0D
1779567684454,74 34 35 35 38 45 41 46 46 30 37 30 30 39 45 46 46 30 30 30 30 0D
1779567684460,74 34 35 31 38 30 30 30 30 30 30 30 30 30 30 30 30 30 30 30 30 0D
1779567684473,74 34 35 35 38 45 41 46 46 30 37 30 30 39 45 46 46 30 30 30 30 0D
1779567684477,74 34 35 31 38 30 30 30 30 30 30 30 30 30 30 30 30 30 30 30 30 0D
1779567684486,74 34 35 36 38 45 45 46 46 30 37 30 30 30 35 30 30 30 30 30 30 0D
1779567684496,74 34 35 31 38 30 30 30 30 30 30 30 30 30 30 30 30 30 30 30 30 0D
1779567684503,74 34 35 35 38 45 41 46 46 30 37 30 30 39 45 46 46 30 30 30 30 0D
1779567684514,74 34 35 36 38 45 45 46 46 30 37 30 30 30 35 30 30 30 30 30 30 0D
1779567684520,74 34 35 30 38 30 30 30 30 30 37 30 30 30 30 30 30 45 34 30 35 0D
1779567684527,74 34 35 31 38 30 30 30 30 30 30 30 30 30 30 30 30 30 30 30 30 0D
1779567684538,74 34 35 31 38 30 30 30 30 30 30 30 30 30 30 30 30 30 30 30 30 0D
1779567684553,74 34 35 35 38 45 41 46 46 30 37 30 30 39 46 46 46 30 30 30 30 0D
1779567684555,74 34 35 31 38 30 30 30 30 30 30 30 30 30 30 30 30 30 30 30 30 0D
1779567684570,74 34 35 35 38 45 41 46 46 30 37 30 30 39 46 46 46 30 30 30 30 0D
1779567684576,74 34 35 31 38 30 30 30 30 30 30 30 30 30 30 30 30 30 30 30 30 0D
1779567684589,74 34 35 35 38 45 41 46 46 30 37 30 30 39 46 46 46 30 30 30 30 0D
1779567684603,74 34 35 31 38 30 30 30 30 30 30 30 30 30 30 30 30 30 30 30 30 0D
1779567684620,74 34 35 35 38 45 41 46 46 30 37 30 30 39 46 46 46 30 30 30 30 0D
1779567684633,74 34 35 31 38 30 30 30 30 30 30 30 30 30 30 30 30 30 30 30 30 0D
1779567684636,74 34 35 31 38 30 30 30 30 30 30 30 30 30 30 30 30 30 30 30 30 0D
1779567684654,74 34 35 35 38 45 41 46 46 30 37 30 30 39 46 46 46 30 30 30 30 0D
1779567684662,74 34 35 31 38 30 30 30 30 30 30 30 30 30 30 30 30 30 30 30 30 0D
1779567684669,74 34 35 37 38 30 30 30 30 30 30 30 30 36 34 31 34 30 30 30 30 0D
1779567684676,74 34 35 39 38 37 36 41 34 42 45 31 36 42 41 31 41 30 33 42 37 0D
1779567684682,74 34 35 31 38 30 30 30 30 30 30 30 30 30 30 30 30 30 30 30 30 0D
1779567684705,74 34 35 31 38 30 30 30 30 30 30 30 30 30 30 30 30 30 30 30 30 0D
1779567684725,74 34 35 35 38 45 41 46 46 30 37 30 30 39 46 46 46 30 30 30 30 0D
1779567684742,74 34 35 31 38 30 30 30 30 30 30 30 30 30 30 30 30 30 30 30 30 0D
1779567684752,74 34 35 35 38 45 41 46 46 30 37 30 30 39 45 46 46 30 30 30 30 0D
1779567684755,74 34 35 31 38 30 30 30 30 30 30 30 30 30 30 30 30 30 30 30 30 0D
1779567684762,74 34 35 35 38 45 41 46 46 30 37 30 30 39 45 46 46 30 30 30 30 0D
1779567684768,74 34 35 37 38 30 30 30 30 30 30 30 30 36 34 31 34 30 30 30 30 0D
1779567684773,74 34 35 39 38 37 36 41 34 42 45 31 36 42 41 31 41 30 33 42 37 0D
1779567684779,74 34 35 31 38 30 30 30 30 30 30 30 30 30 30 30 30 30 30 30 30 0D
1779567684786,74 34 35 35 38 45 41 46 46 30 37 30 30 39 45 46 46 30 30 30 30 0D
1779567684804,74 34 35 31 38 30 30 30 30 30 30 30 30 30 30 30 30 30 30 30 30 0D
1779567684812,74 34 35 35 38 45 41 46 46 30 37 30 30 39 45 46 46 30 30 30 30 0D
1779567684819,74 34 35 30 38 30 30 30 30 30 37 30 30 30 30 30 30 45 34 30 35 0D
1779567684827,74 34 35 31 38 30 30 30 30 30 30 30 30 30 30 30 30 30 30 30 30 0D
1779567684838,74 34 35 31 38 30 30 30 30 30 30 30 30 30 30 30 30 30 30 30 30 0D
1779567684852,74 34 35 35 38 45 41 46 46 30 37 30 30 39 45 46 46 30 30 30 30 0D
1779567684857,74 34 35 31 38 30 30 30 30 30 30 30 30 30 30 30 30 30 30 30 30 0D
1779567684877,74 34 35 35 38 45 41 46 46 30 37 30 30 39 45 46 46 30 30 30 30 0D
1779567684884,74 34 35 31 38 30 30 30 30 30 30 30 30 30 30 30 30 30 30 30 30 0D
1779567684889,74 34 35 36 38 45 45 46 46 30 37 30 30 30 33 30 30 30 30 30 30 0D
1779567684896,74 34 35 31 38 30 30 30 30 30 30 30 30 30 30 30 30 30 30 30 30 0D
1779567684905,74 34 35 35 38 45 41 46 46 30 37 30 30 39 45 46 46 30 30 30 30 0D
1779567684920,74 34 35 30 38 30 30 30 30 30 37 30 30 30 30 30 30 45 34 30 35 0D
1779567684935,74 34 35 31 38 30 30 30 30 30 30 30 30 30 30 30 30 30 30 30 30 0D
1779567684941,74 34 35 31 38 30 30 30 30 30 30 30 30 30 30 30 30 30 30 30 30 0D
1779567684950,74 34 35 35 38 45 39 46 46 30 37 30 30 39 46 46 46 30 30 30 30 0D
1779567684956,74 34 35 31 38 30 30 30 30 30 30 30 30 30 30 30 30 30 30 30 30 0D
1779567684977,74 34 35 35 38 45 39 46 46 30 37 30 30 39 46 46 46 30 30 30 30 0D 74 34 35 31 38 30 30 30 30 30 30 30 30 30 30 30 30 30 30 30 30 0D
1779567684987,74 34 35 35 38 45 39 46 46 30 37 30 30 39 46 46 46 30 30 30 30 0D
1779567685001,74 34 35 31 38 30 30 30 30 30 30 30 30 30 30 30 30 30 30 30 30 0D
1779567685006,74 34 35 35 38 45 39 46 46 30 37 30 30 39 46 46 46 30 30 30 30 0D
1779567685022,74 34 35 30 38 30 30 30 30 30 37 30 30 30 30 30 30 45 34 30 35 0D
1779567685034,74 34 35 31 38 30 30 30 30 30 30 30 30 30 30 30 30 30 30 30 30 0D
1779567685040,74 34 35 31 38 30 30 30 30 30 30 30 30 30 30 30 30 30 30 30 30 0D
1779567685047,74 34 35 35 38 45 39 46 46 30 37 30 30 39 46 46 46 30 30 30 30 0D
1779567685058,74 34 35 31 38 30 30 30 30 30 30 30 30 30 30 30 30 30 30 30 30 0D
1779567685075,74 34 35 35 38 45 39 46 46 30 37 30 30 39 46 46 46 30 30 30 30 0D
1779567685080,74 34 35 31 38 30 30 30 30 30 30 30 30 30 30 30 30 30 30 30 30 0D
1779567685097,74 34 35 35 38 45 39 46 46 30 37 30 30 39 46 46 46 30 30 30 30 0D
1779567685106,74 34 35 31 38 30 30 30 30 30 30 30 30 30 30 30 30 30 30 30 30 0D
1779567685112,74 34 35 36 38 45 45 46 46 30 37 30 30 30 33 30 30 30 30 30 30 0D
1779567685121,74 34 35 30 38 30 30 30 30 30 37 30 30 30 30 30 30 45 34 30 35 0D
1779567685127,74 34 35 31 38 30 30 30 30 30 30 30 30 30 30 30 30 30 30 30 30 0D
1779567685139,74 34 35 31 38 30 30 30 30 30 30 30 30 30 30 30 30 30 30 30 30 0D
1779567685151,74 34 35 35 38 45 39 46 46 30 37 30 30 39 46 46 46 30 30 30 30 0D
1779567685157,74 34 35 31 38 30 30 30 30 30 30 30 30 30 30 30 30 30 30 30 30 0D
1779567685178,74 34 35 35 38 45 39 46 46 30 37 30 30 39 46 46 46 30 30 30 30 0D
1779567685191,74 34 35 31 38 30 30 30 30 30 30 30 30 30 30 30 30 30 30 30 30 0D
1779567685201,74 34 35 31 38 30 30 30 30 30 30 30 30 30 30 30 30 30 30 30 30 0D
1779567685213,74 34 35 35 38 45 39 46 46 30 37 30 30 39 46 46 46 30 30 30 30 0D
1779567685217,74 34 35 30 38 30 30 30 30 30 37 30 30 30 30 30 30 45 34 30 35 0D
1779567685231,74 34 35 31 38 30 30 30 30 30 30 30 30 30 30 30 30 30 30 30 30 0D
1779567685236,74 34 35 31 38 30 30 30 30 30 30 30 30 30 30 30 30 30 30 30 30 0D
1779567685250,74 34 35 35 38 45 39 46 46 30 37 30 30 39 46 46 46 30 30 30 30 0D
1779567685256,74 34 35 31 38 30 30 30 30 30 30 30 30 30 30 30 30 30 30 30 30 0D
1779567685271,74 34 35 35 38 45 39 46 46 30 37 30 30 39 46 46 46 30 30 30 30 0D
1779567685276,74 34 35 37 38 30 30 30 30 30 30 30 30 36 34 31 34 30 31 30 30 0D
1779567685282,74 34 35 31 38 30 30 30 30 30 30 30 30 30 30 30 30 30 30 30 30 0D
1779567685291,74 34 35 35 38 45 39 46 46 30 37 30 30 39 46 46 46 30 30 30 30 0D
1779567685299,74 34 35 31 38 30 30 30 30 30 30 30 30 30 30 30 30 30 30 30 30 0D
1779567685312,74 34 35 35 38 45 39 46 46 30 37 30 30 39 46 46 46 30 30 30 30 0D
1779567685319,74 34 35 30 38 30 30 30 30 30 37 30 30 30 30 30 30 45 34 30 35 0D
1779567685325,74 34 35 31 38 30 30 30 30 30 30 30 30 30 30 30 30 30 30 30 30 0D
1779567685339,74 34 35 31 38 30 30 30 30 30 30 30 30 30 30 30 30 30 30 30 30 0D
1779567685352,74 34 35 35 38 45 41 46 46 30 37 30 30 39 46 46 46 30 30 30 30 0D
1779567685359,74 34 35 31 38 30 30 30 30 30 30 30 30 30 30 30 30 30 30 30 30 0D
1779567685377,74 34 35 35 38 45 41 46 46 30 37 30 30 39 46 46 46 30 30 30 30 0D
1779567685382,74 34 35 31 38 30 30 30 30 30 30 30 30 30 30 30 30 30 30 30 30 0D
1779567685387,74 34 35 35 38 45 41 46 46 30 37 30 30 39 46 46 46 30 30 30 30 0D
1779567685401,74 34 35 31 38 30 30 30 30 30 30 30 30 30 30 30 30 30 30 30 30 0D
1779567685407,74 34 35 35 38 45 41 46 46 30 37 30 30 39 46 46 46 30 30 30 30 0D
1779567685418,74 34 35 30 38 30 30 30 30 30 37 30 30 30 30 30 30 45 34 30 35 0D
1779567685434,74 34 35 31 38 30 30 30 30 30 30 30 30 30 30 30 30 30 30 30 30 0D
1779567685442,74 34 35 31 38 30 30 30 30 30 30 30 30 30 30 30 30 30 30 30 30 0D
1779567685450,74 34 35 35 38 45 41 46 46 30 37 30 30 39 46 46 46 30 30 30 30 0D
1779567685459,74 34 35 31 38 30 30 30 30 30 30 30 30 30 30 30 30 30 30 30 30 0D
1779567685480,74 34 35 35 38 45 41 46 46 30 36 30 30 39 46 46 46 30 30 30 30 0D
1779567685496,74 34 35 31 38 30 30 30 30 30 30 30 30 30 30 30 30 30 30 30 30 0D
1779567685500,74 34 35 31 38 30 30 30 30 30 30 30 30 30 30 30 30 30 30 30 30 0D
1779567685510,74 34 35 35 38 45 41 46 46 30 36 30 30 39 46 46 46 30 30 30 30 0D
1779567685521,74 34 35 30 38 30 30 30 30 30 37 30 30 30 30 30 30 45 34 30 35 0D
1779567685528,74 34 35 31 38 30 30 30 30 30 30 30 30 30 30 30 30 30 30 30 30 0D
1779567685538,74 34 35 31 38 30 30 30 30 30 30 30 30 30 30 30 30 30 30 30 30 0D
1779567685548,74 34 35 35 38 45 41 46 46 30 36 30 30 39 46 46 46 30 30 30 30 0D
1779567685555,74 34 35 31 38 30 30 30 30 30 30 30 30 30 30 30 30 30 30 30 30 0D
1779567685587,74 34 35 35 38 45 41 46 46 30 36 30 30 39 46 46 46 30 30 30 30 0D
1779567685601,74 34 35 31 38 30 30 30 30 30 30 30 30 30 30 30 30 30 30 30 30 0D
1779567685617,74 34 35 35 38 45 41 46 46 30 36 30 30 39 46 46 46 30 30 30 30 0D
1779567685619,74 34 35 30 38 30 30 30 30 30 37 30 30 30 30 30 30 45 34 30 35 0D
1779567685631,74 34 35 31 38 30 30 30 30 30 30 30 30 30 30 30 30 30 30 30 30 0D
1779567685639,74 34 35 31 38 30 30 30 30 30 30 30 30 30 30 30 30 30 30 30 30 0D
1779567685661,74 34 35 31 38 30 30 30 30 30 30 30 30 30 30 30 30 30 30 30 30 0D
1779567685673,74 34 35 35 38 45 41 46 46 30 37 30 30 39 46 46 46 30 30 30 30 0D
1779567685682,74 34 35 31 38 30 30 30 30 30 30 30 30 30 30 30 30 30 30 30 30 0D
1779567685688,74 34 35 36 38 45 44 46 46 30 37 30 30 30 34 30 30 30 30 30 30 0D
1779567685700,74 34 35 31 38 30 30 30 30 30 30 30 30 30 30 30 30 30 30 30 30 0D
1779567685711,74 34 35 35 38 45 41 46 46 30 37 30 30 39 46 46 46 30 30 30 30 0D
1779567685719,74 34 35 30 38 30 30 30 30 30 37 30 30 30 30 30 30 45 34 30 35 0D
1779567685731,74 34 35 31 38 30 30 30 30 30 30 30 30 30 30 30 30 30 30 30 30 0D
1779567685740,74 34 35 31 38 30 30 30 30 30 30 30 30 30 30 30 30 30 30 30 30 0D
1779567685751,74 34 35 35 38 45 41 46 46 30 37 30 30 39 46 46 46 30 30 30 30 0D
1779567685756,74 34 35 31 38 30 30 30 30 30 30 30 30 30 30 30 30 30 30 30 30 0D
1779567685776,74 34 35 35 38 45 41 46 46 30 37 30 30 39 46 46 46 30 30 30 30 0D
1779567685785,74 34 35 31 38 30 30 30 30 30 30 30 30 30 30 30 30 30 30 30 30 0D
1779567685793,74 34 35 35 38 45 41 46 46 30 37 30 30 39 46 46 46 30 30 30 30 0D
1779567685797,74 34 35 31 38 30 30 30 30 30 30 30 30 30 30 30 30 30 30 30 30 0D
1779567685811,74 34 35 35 38 45 41 46 46 30 37 30 30 39 46 46 46 30 30 30 30 0D
1779567685819,74 34 35 30 38 30 30 30 30 30 37 30 30 30 30 30 30 45 34 30 35 0D
1779567685834,74 34 35 31 38 30 30 30 30 30 30 30 30 30 30 30 30 30 30 30 30 0D
1779567685839,74 34 35 31 38 30 30 30 30 30 30 30 30 30 30 30 30 30 30 30 30 0D
1779567685849,74 34 35 35 38 45 41 46 46 30 37 30 30 39 46 46 46 30 30 30 30 0D
1779567685860,74 34 35 31 38 30 30 30 30 30 30 30 30 30 30 30 30 30 30 30 30 0D
1779567685878,74 34 35 35 38 45 41 46 46 30 37 30 30 39 45 46 46 30 30 30 30 0D
1779567685884,74 34 35 31 38 30 30 30 30 30 30 30 30 30 30 30 30 30 30 30 30 0D
1779567685890,74 34 35 36 38 45 44 46 46 30 37 30 30 30 34 30 30 30 30 30 30 0D
1779567685898,74 34 35 31 38 30 30 30 30 30 30 30 30 30 30 30 30 30 30 30 30 0D
1779567685907,74 34 35 35 38 45 41 46 46 30 37 30 30 39 45 46 46 30 30 30 30 0D
1779567685923,74 34 35 30 38 30 30 30 30 30 37 30 30 30 30 30 30 45 34 30 35 0D
1779567685928,74 34 35 31 38 30 30 30 30 30 30 30 30 30 30 30 30 30 30 30 30 0D
1779567685940,74 34 35 31 38 30 30 30 30 30 30 30 30 30 30 30 30 30 30 30 30 0D
1779567685952,74 34 35 35 38 45 41 46 46 30 37 30 30 39 45 46 46 30 30 30 30 0D
1779567685959,74 34 35 31 38 30 30 30 30 30 30 30 30 30 30 30 30 30 30 30 30 0D
1779567685973,74 34 35 35 38 45 41 46 46 30 37 30 30 39 45 46 46 30 30 30 30 0D
1779567685979,74 34 35 31 38 30 30 30 30 30 30 30 30 30 30 30 30 30 30 30 30 0D
1779567685989,74 34 35 35 38 45 41 46 46 30 37 30 30 39 45 46 46 30 30 30 30 0D
1779567685998,74 34 35 31 38 30 30 30 30 30 30 30 30 30 30 30 30 30 30 30 30 0D
1779567686017,74 34 35 35 38 45 41 46 46 30 37 30 30 39 45 46 46 30 30 30 30 0D
1779567686022,74 34 35 30 38 30 30 30 30 30 37 30 30 30 30 30 30 45 34 30 35 0D
1779567686030,74 34 35 31 38 30 30 30 30 30 30 30 30 30 30 30 30 30 30 30 30 0D
1779567686039,74 34 35 31 38 30 30 30 30 30 30 30 30 30 30 30 30 30 30 30 30 0D
1779567686055,74 34 35 35 38 45 41 46 46 30 37 30 30 39 45 46 46 30 30 30 30 0D
1779567686061,74 34 35 31 38 30 30 30 30 30 30 30 30 30 30 30 30 30 30 30 30 0D
1779567686070,74 34 35 35 38 45 41 46 46 30 37 30 30 39 45 46 46 30 30 30 30 0D
1779567686079,74 34 35 37 38 30 30 30 30 30 31 30 30 36 34 31 34 30 30 30 30 0D
1779567686085,74 34 35 31 38 30 30 30 30 30 30 30 30 30 30 30 30 30 30 30 30 0D
1779567686103,74 34 35 31 38 30 30 30 30 30 30 30 30 30 30 30 30 30 30 30 30 0D
1779567686121,74 34 35 30 38 30 30 30 30 30 37 30 30 30 30 30 30 45 34 30 35 0D
1779567686133,74 34 35 31 38 30 30 30 30 30 30 30 30 30 30 30 30 30 30 30 30 0D
1779567686139,74 34 35 31 38 30 30 30 30 30 30 30 30 30 30 30 30 30 30 30 30 0D
1779567686146,74 34 35 35 38 45 39 46 46 30 36 30 30 39 46 46 46 30 30 30 30 0D
1779567686157,74 34 35 31 38 30 30 30 30 30 30 30 30 30 30 30 30 30 30 30 30 0D
1779567686162,74 34 35 35 38 45 39 46 46 30 36 30 30 39 46 46 46 30 30 30 30 0D
1779567686180,74 34 35 36 38 45 44 46 46 30 37 30 30 30 34 30 30 30 30 30 30 0D
1779567686186,74 34 35 31 38 30 30 30 30 30 30 30 30 30 30 30 30 30 30 30 30 0D
1779567686198,74 34 35 31 38 30 30 30 30 30 30 30 30 30 30 30 30 30 30 30 30 0D
1779567686208,74 34 35 35 38 45 39 46 46 30 36 30 30 39 46 46 46 30 30 30 30 0D
1779567686220,74 34 35 30 38 30 30 30 30 30 37 30 30 30 30 30 30 45 34 30 35 0D
1779567686231,74 34 35 31 38 30 30 30 30 30 30 30 30 30 30 30 30 30 30 30 30 0D
1779567686237,74 34 35 31 38 30 30 30 30 30 30 30 30 30 30 30 30 30 30 30 30 0D
1779567686249,74 34 35 35 38 45 39 46 46 30 36 30 30 39 46 46 46 30 30 30 30 0D
1779567686257,74 34 35 31 38 30 30 30 30 30 30 30 30 30 30 30 30 30 30 30 30 0D
1779567686268,74 34 35 35 38 45 41 46 46 30 38 30 30 39 46 46 46 30 30 30 30 0D
1779567686271,74 34 35 37 38 30 30 30 30 30 31 30 30 36 34 31 34 30 30 30 30 0D
1779567686283,74 34 35 31 38 30 30 30 30 30 30 30 30 30 30 30 30 30 30 30 30 0D
1779567686288,74 34 35 35 38 45 41 46 46 30 38 30 30 39 46 46 46 30 30 30 30 0D
1779567686299,74 34 35 31 38 30 30 30 30 30 30 30 30 30 30 30 30 30 30 30 30 0D
1779567686312,74 34 35 35 38 45 41 46 46 30 38 30 30 39 46 46 46 30 30 30 30 0D
1779567686318,74 34 35 30 38 30 30 30 30 30 37 30 30 30 30 30 30 45 34 30 35 0D
1779567686331,74 34 35 31 38 30 30 30 30 30 30 30 30 30 30 30 30 30 30 30 30 0D
1779567686335,74 34 35 31 38 30 30 30 30 30 30 30 30 30 30 30 30 30 30 30 30 0D
1779567686348,74 34 35 35 38 45 41 46 46 30 38 30 30 39 46 46 46 30 30 30 30 0D
1779567686356,74 34 35 31 38 30 30 30 30 30 30 30 30 30 30 30 30 30 30 30 30 0D
1779567686392,74 34 35 35 38 45 41 46 46 30 38 30 30 39 46 46 46 30 30 30 30 0D
1779567686406,74 34 35 31 38 30 30 30 30 30 30 30 30 30 30 30 30 30 30 30 30 0D
1779567686413,74 34 35 35 38 45 41 46 46 30 38 30 30 39 46 46 46 30 30 30 30 0D
1779567686422,74 34 35 30 38 30 30 30 30 30 37 30 30 30 30 30 30 45 34 30 35 0D
1779567686433,74 34 35 31 38 30 30 30 30 30 30 30 30 30 30 30 30 30 30 30 30 0D
1779567686437,74 34 35 31 38 30 30 30 30 30 30 30 30 30 30 30 30 30 30 30 30 0D
1779567686446,74 34 35 35 38 45 41 46 46 30 38 30 30 39 46 46 46 30 30 30 30 0D
1779567686457,74 34 35 31 38 30 30 30 30 30 30 30 30 30 30 30 30 30 30 30 30 0D
1779567686470,74 34 35 35 38 45 41 46 46 30 37 30 30 39 46 46 46 30 30 30 30 0D
1779567686479,74 34 35 37 38 30 30 30 30 30 30 30 30 36 34 31 34 30 30 30 30 0D
1779567686490,74 34 35 35 38 45 41 46 46 30 37 30 30 39 46 46 46 30 30 30 30 0D
1779567686499,74 34 35 31 38 30 30 30 30 30 30 30 30 30 30 30 30 30 30 30 30 0D
1779567686508,74 34 35 35 38 45 41 46 46 30 37 30 30 39 46 46 46 30 30 30 30 0D
1779567686522,74 34 35 30 38 30 30 30 30 30 37 30 30 30 30 30 30 45 34 30 35 0D
1779567686541,74 34 35 32 38 38 43 30 30 30 30 30 30 30 30 30 30 32 37 30 30 0D 74 34 35 33 38 39 45 30 30 30 30 30 30 30 30 30 30 30 30 30 30 0D 74 34 35 34 38 30 31 30 30 30 30 30 30 30 30 30 30 30 30 30
1779567686544,74 34 35 31 38 30 30 30 30 30 30 30 30 30 30 30 30 30 30 30 30 0D
1779567686550,74 34 35 35 38 45 41 46 46 30 37 30 30 39 46 46 46 30 30 30 30 0D
1779567686556,74 34 35 31 38 30 30 30 30 30 30 30 30 30 30 30 30 30 30 30 30 0D
1779567686592,74 34 35 35 38 45 41 46 46 30 37 30 30 39 46 46 46 30 30 30 30 0D
1779567686601,74 34 35 31 38 30 30 30 30 30 30 30 30 30 30 30 30 30 30 30 30 0D
1779567686608,74 34 35 35 38 45 41 46 46 30 37 30 30 39 46 46 46 30 30 30 30 0D
1779567686619,74 34 35 30 38 30 30 30 30 30 37 30 30 30 30 30 30 45 34 30 35 0D
1779567686625,74 34 35 31 38 30 30 30 30 30 30 30 30 30 30 30 30 30 30 30 30 0D
1779567686637,74 34 35 31 38 30 30 30 30 30 30 30 30 30 30 30 30 30 30 30 30 0D
1779567686648,74 34 35 35 38 45 41 46 46 30 37 30 30 39 46 46 46 30 30 30 30 0D
1779567686667,74 34 35 31 38 30 30 30 30 30 30 30 30 30 30 30 30 30 30 30 30 0D
1779567686692,74 34 35 35 38 45 41 46 46 30 37 30 30 39 46 46 46 30 30 30 30 0D
1779567686701,74 34 35 31 38 30 30 30 30 30 30 30 30 30 30 30 30 30 30 30 30 0D
1779567686707,74 34 35 35 38 45 41 46 46 30 37 30 30 39 46 46 46 30 30 30 30 0D
1779567686719,74 34 35 30 38 30 30 30 30 30 37 30 30 30 30 30 30 45 34 30 35 0D
1779567686731,74 34 35 31 38 30 30 30 30 30 30 30 30 30 30 30 30 30 30 30 30 0D
1779567686736,74 34 35 31 38 30 30 30 30 30 30 30 30 30 30 30 30 30 30 30 30 0D
1779567686749,74 34 35 35 38 45 41 46 46 30 37 30 30 39 46 46 46 30 30 30 30 0D
1779567686762,74 34 35 31 38 30 30 30 30 30 30 30 30 30 30 30 30 30 30 30 30 0D
1779567686768,74 34 35 35 38 45 41 46 46 30 37 30 30 39 46 46 46 30 30 30 30 0D
1779567686780,74 34 35 37 38 30 30 30 30 30 30 30 30 36 34 31 34 30 30 30 30 0D
1779567686785,74 34 35 31 38 30 30 30 30 30 30 30 30 30 30 30 30 30 30 30 30 0D
1779567686798,74 34 35 31 38 30 30 30 30 30 30 30 30 30 30 30 30 30 30 30 30 0D
1779567686807,74 34 35 36 38 45 44 46 46 30 37 30 30 30 34 30 30 30 30 30 30 0D
1779567686818,74 34 35 30 38 30 30 30 30 30 37 30 30 30 30 30 30 45 34 30 35 0D
1779567686829,74 34 35 31 38 30 30 30 30 30 30 30 30 30 30 30 30 30 30 30 30 0D
1779567686835,74 34 35 31 38 30 30 30 30 30 30 30 30 30 30 30 30 30 30 30 30 0D
1779567686847,74 34 35 35 38 45 41 46 46 30 37 30 30 39 46 46 46 30 30 30 30 0D
1779567686856,74 34 35 31 38 30 30 30 30 30 30 30 30 30 30 30 30 30 30 30 30 0D
1779567686865,74 34 35 35 38 45 41 46 46 30 37 30 30 39 46 46 46 30 30 30 30 0D
1779567686873,74 34 35 37 38 30 30 30 30 30 30 30 30 36 34 31 34 30 30 30 30 0D
1779567686879,74 34 35 31 38 30 30 30 30 30 30 30 30 30 30 30 30 30 30 30 30 0D
1779567686889,74 34 35 35 38 45 41 46 46 30 37 30 30 39 46 46 46 30 30 30 30 0D
1779567686895,74 34 35 31 38 30 30 30 30 30 30 30 30 30 30 30 30 30 30 30 30 0D
1779567686914,74 34 35 35 38 45 41 46 46 30 37 30 30 39 46 46 46 30 30 30 30 0D
1779567686920,74 34 35 30 38 30 30 30 30 30 37 30 30 30 30 30 30 45 34 30 35 0D
1779567686930,74 34 35 31 38 30 30 30 30 30 30 30 30 30 30 30 30 30 30 30 30 0D
1779567686938,74 34 35 31 38 30 30 30 30 30 30 30 30 30 30 30 30 30 30 30 30 0D
1779567686959,74 34 35 35 38 45 41 46 46 30 37 30 30 39 46 46 46 30 30 30 30 0D
1779567686965,74 34 35 31 38 30 30 30 30 30 30 30 30 30 30 30 30 30 30 30 30 0D
1779567686981,74 34 35 35 38 45 41 46 46 30 37 30 30 39 46 46 46 30 30 30 30 0D
1779567686987,74 34 35 36 38 45 44 46 46 30 37 30 30 30 33 30 30 30 30 30 30 0D
1779567687001,74 34 35 31 38 30 30 30 30 30 30 30 30 30 30 30 30 30 30 30 30 0D
1779567687013,74 34 35 35 38 45 41 46 46 30 37 30 30 39 46 46 46 30 30 30 30 0D
1779567687018,74 34 35 30 38 30 30 30 30 30 37 30 30 30 30 30 30 45 34 30 35 0D
1779567687030,74 34 35 31 38 30 30 30 30 30 30 30 30 30 30 30 30 30 30 30 30 0D
1779567687035,74 34 35 31 38 30 30 30 30 30 30 30 30 30 30 30 30 30 30 30 30 0D
1779567687046,74 34 35 35 38 45 41 46 46 30 37 30 30 39 46 46 46 30 30 30 30 0D
1779567687061,74 34 35 31 38 30 30 30 30 30 30 30 30 30 30 30 30 30 30 30 30 0D
1779567687070,74 34 35 35 38 45 41 46 46 30 37 30 30 39 46 46 46 30 30 30 30 0D
1779567687083,74 34 35 37 38 30 30 30 30 30 30 30 30 36 34 31 34 30 30 30 30 0D
1779567687100,74 34 35 31 38 30 30 30 30 30 30 30 30 30 30 30 30 30 30 30 30 0D
1779567687111,74 34 35 35 38 45 41 46 46 30 37 30 30 39 46 46 46 30 30 30 30 0D
1779567687118,74 34 35 30 38 30 30 30 30 30 37 30 30 30 30 30 30 45 34 30 35 0D
1779567687130,74 34 35 31 38 30 30 30 30 30 30 30 30 30 30 30 30 30 30 30 30 0D
1779567687136,74 34 35 31 38 30 30 30 30 30 30 30 30 30 30 30 30 30 30 30 30 0D
1779567687151,74 34 35 35 38 45 41 46 46 30 37 30 30 39 46 46 46 30 30 30 30 0D
1779567687161,74 34 35 31 38 30 30 30 30 30 30 30 30 30 30 30 30 30 30 30 30 0D
1779567687168,74 34 35 35 38 45 41 46 46 30 37 30 30 39 46 46 46 30 30 30 30 0D
1779567687179,74 34 35 31 38 30 30 30 30 30 30 30 30 30 30 30 30 30 30 30 30 0D
1779567687188,74 34 35 35 38 45 41 46 46 30 37 30 30 39 46 46 46 30 30 30 30 0D
1779567687196,74 34 35 31 38 30 30 30 30 30 30 30 30 30 30 30 30 30 30 30 30 0D
1779567687206,74 34 35 35 38 45 41 46 46 30 37 30 30 39 46 46 46 30 30 30 30 0D
1779567687218,74 34 35 30 38 30 30 30 30 30 37 30 30 30 30 30 30 45 34 30 35 0D
1779567687229,74 34 35 31 38 30 30 30 30 30 30 30 30 30 30 30 30 30 30 30 30 0D
1779567687245,74 34 35 31 38 30 30 30 30 30 30 30 30 30 30 30 30 30 30 30 30 0D
1779567687263,74 34 35 35 38 45 41 46 46 30 37 30 30 39 46 46 46 30 30 30 30 0D
1779567687270,74 34 35 37 38 30 30 30 30 30 31 30 30 36 34 31 34 30 30 30 30 0D
1779567687280,74 34 35 39 38 37 30 41 34 42 45 31 36 43 35 31 41 30 33 42 37 0D
1779567687286,74 34 35 31 38 30 30 30 30 30 30 30 30 30 30 30 30 30 30 30 30 0D
1779567687302,74 34 35 31 38 30 30 30 30 30 30 30 30 30 30 30 30 30 30 30 30 0D
1779567687312,74 34 35 35 38 45 41 46 46 30 37 30 30 39 45 46 46 30 30 30 30 0D
1779567687317,74 34 35 30 38 30 30 30 30 30 37 30 30 30 30 30 30 45 34 30 35 0D
1779567687330,74 34 35 31 38 30 30 30 30 30 30 30 30 30 30 30 30 30 30 30 30 0D
1779567687337,74 34 35 31 38 30 30 30 30 30 30 30 30 30 30 30 30 30 30 30 30 0D
1779567687348,74 34 35 35 38 45 41 46 46 30 37 30 30 39 45 46 46 30 30 30 30 0D
1779567687357,74 34 35 31 38 30 30 30 30 30 30 30 30 30 30 30 30 30 30 30 30 0D
1779567687379,74 34 35 35 38 45 41 46 46 30 37 30 30 39 45 46 46 30 30 30 30 0D
1779567687394,74 34 35 31 38 30 30 30 30 30 30 30 30 30 30 30 30 30 30 30 30 0D
1779567687402,74 34 35 31 38 30 30 30 30 30 30 30 30 30 30 30 30 30 30 30 30 0D
1779567687411,74 34 35 35 38 45 41 46 46 30 37 30 30 39 45 46 46 30 30 30 30 0D
1779567687419,74 34 35 30 38 30 30 30 30 30 37 30 30 30 30 30 30 45 34 30 35 0D
1779567687434,74 34 35 31 38 30 30 30 30 30 30 30 30 30 30 30 30 30 30 30 30 0D
1779567687441,74 34 35 31 38 30 30 30 30 30 30 30 30 30 30 30 30 30 30 30 30 0D
1779567687449,74 34 35 35 38 45 41 46 46 30 37 30 30 39 45 46 46 30 30 30 30 0D
1779567687458,74 34 35 31 38 30 30 30 30 30 30 30 30 30 30 30 30 30 30 30 30 0D
1779567687490,74 34 35 35 38 45 41 46 46 30 37 30 30 39 45 46 46 30 30 30 30 0D
1779567687500,74 34 35 31 38 30 30 30 30 30 30 30 30 30 30 30 30 30 30 30 30 0D
1779567687517,74 34 35 35 38 45 41 46 46 30 37 30 30 39 45 46 46 30 30 30 30 0D
1779567687525,74 34 35 30 38 30 30 30 30 30 37 30 30 30 30 30 30 45 34 30 35 0D
1779567687537,74 34 35 31 38 30 30 30 30 30 30 30 30 30 30 30 30 30 30 30 30 0D
1779567687552,74 34 35 35 38 45 42 46 46 30 37 30 30 39 46 46 46 30 30 30 30 0D
1779567687561,74 34 35 31 38 30 30 30 30 30 30 30 30 30 30 30 30 30 30 30 30 0D
1779567687564,74 34 35 35 38 45 42 46 46 30 37 30 30 39 46 46 46 30 30 30 30 0D
1779567687569,74 34 35 37 38 30 30 30 30 30 31 30 30 36 34 31 34 30 30 30 30 0D
1779567687583,74 34 35 31 38 30 30 30 30 30 30 30 30 30 30 30 30 30 30 30 30 0D
1779567687586,74 34 35 35 38 45 42 46 46 30 37 30 30 39 46 46 46 30 30 30 30 0D
1779567687598,74 34 35 31 38 30 30 30 30 30 30 30 30 30 30 30 30 30 30 30 30 0D
1779567687613,74 34 35 35 38 45 42 46 46 30 37 30 30 39 46 46 46 30 30 30 30 0D
1779567687618,74 34 35 30 38 30 30 30 30 30 37 30 30 30 30 30 30 45 34 30 35 0D
1779567687635,74 34 35 31 38 30 30 30 30 30 30 30 30 30 30 30 30 30 30 30 30 0D
1779567687643,74 34 35 31 38 30 30 30 30 30 30 30 30 30 30 30 30 30 30 30 30 0D
1779567687651,74 34 35 35 38 45 42 46 46 30 37 30 30 39 46 46 46 30 30 30 30 0D
1779567687669,74 34 35 31 38 30 30 30 30 30 30 30 30 30 30 30 30 30 30 30 30 0D
1779567687677,74 34 35 35 38 45 42 46 46 30 37 30 30 39 46 46 46 30 30 30 30 0D
1779567687686,74 34 35 35 38 45 42 46 46 30 37 30 30 39 46 46 46 30 30 30 30 0D
1779567687701,74 34 35 31 38 30 30 30 30 30 30 30 30 30 30 30 30 30 30 30 30 0D
1779567687704,74 34 35 35 38 45 42 46 46 30 37 30 30 39 46 46 46 30 30 30 30 0D
1779567687718,74 34 35 30 38 30 30 30 30 30 37 30 30 30 30 30 30 45 34 30 35 0D
1779567687739,74 34 35 31 38 30 30 30 30 30 30 30 30 30 30 30 30 30 30 30 30 0D
1779567687749,74 34 35 31 38 30 30 30 30 30 30 30 30 30 30 30 30 30 30 30 30 0D
1779567687759,74 34 35 35 38 45 41 46 46 30 38 30 30 39 46 46 46 30 30 30 30 0D
1779567687765,74 34 35 35 38 45 41 46 46 30 38 30 30 39 46 46 46 30 30 30 30 0D
1779567687771,74 34 35 37 38 30 30 30 30 30 30 30 30 36 34 31 34 30 30 30 30 0D
1779567687779,74 34 35 31 38 30 30 30 30 30 30 30 30 30 30 30 30 30 30 30 30 0D
1779567687797,74 34 35 31 38 30 30 30 30 30 30 30 30 30 30 30 30 30 30 30 30 0D
1779567687807,74 34 35 35 38 45 41 46 46 30 38 30 30 39 46 46 46 30 30 30 30 0D
1779567687818,74 34 35 30 38 30 30 30 30 30 37 30 30 30 30 30 30 45 34 30 35 0D
1779567687836,74 34 35 31 38 30 30 30 30 30 30 30 30 30 30 30 30 30 30 30 30 0D
1779567687840,74 34 35 31 38 30 30 30 30 30 30 30 30 30 30 30 30 30 30 30 30 0D
1779567687848,74 34 35 35 38 45 41 46 46 30 38 30 30 39 46 46 46 30 30 30 30 0D
1779567687857,74 34 35 31 38 30 30 30 30 30 30 30 30 30 30 30 30 30 30 30 30 0D
1779567687870,74 34 35 35 38 45 41 46 46 30 38 30 30 39 46 46 46 30 30 30 30 0D
1779567687887,74 34 35 39 38 36 46 41 34 42 45 31 36 43 36 31 41 30 33 42 37 0D
1779567687902,74 34 35 31 38 30 30 30 30 30 30 30 30 30 30 30 30 30 30 30 30 0D
1779567687914,74 34 35 35 38 45 41 46 46 30 38 30 30 39 46 46 46 30 30 30 30 0D
1779567687920,74 34 35 30 38 30 30 30 30 30 37 30 30 30 30 30 30 45 34 30 35 0D
1779567687931,74 34 35 31 38 30 30 30 30 30 30 30 30 30 30 30 30 30 30 30 30 0D
1779567687933,74 34 35 31 38 30 30 30 30 30 30 30 30 30 30 30 30 30 30 30 30 0D
1779567687950,74 34 35 35 38 45 41 46 46 30 37 30 30 39 45 46 46 30 30 30 30 0D
1779567687961,74 34 35 31 38 30 30 30 30 30 30 30 30 30 30 30 30 30 30 30 30 0D
1779567687965,74 34 35 35 38 45 41 46 46 30 37 30 30 39 45 46 46 30 30 30 30 0D
1779567687980,74 34 35 37 38 30 30 30 30 30 30 30 30 36 34 31 34 30 30 30 30 0D
1779567687997,74 34 35 31 38 30 30 30 30 30 30 30 30 30 30 30 30 30 30 30 30 0D
1779567688007,74 34 35 35 38 45 41 46 46 30 37 30 30 39 45 46 46 30 30 30 30 0D
1779567688018,74 34 35 30 38 30 30 30 30 30 37 30 30 30 30 30 30 45 34 30 35 0D
1779567688031,74 34 35 31 38 30 30 30 30 30 30 30 30 30 30 30 30 30 30 30 30 0D
1779567688039,74 34 35 31 38 30 30 30 30 30 30 30 30 30 30 30 30 30 30 30 30 0D
1779567688049,74 34 35 35 38 45 41 46 46 30 37 30 30 39 45 46 46 30 30 30 30 0D
1779567688056,74 34 35 31 38 30 30 30 30 30 30 30 30 30 30 30 30 30 30 30 30 0D
1779567688082,74 34 35 35 38 45 41 46 46 30 37 30 30 39 46 46 46 30 30 30 30 0D
1779567688087,74 34 35 31 38 30 30 30 30 30 30 30 30 30 30 30 30 30 30 30 30 0D
1779567688099,74 34 35 31 38 30 30 30 30 30 30 30 30 30 30 30 30 30 30 30 30 0D
1779567688112,74 34 35 35 38 45 41 46 46 30 37 30 30 39 46 46 46 30 30 30 30 0D
1779567688117,74 34 35 30 38 30 30 30 30 30 37 30 30 30 30 30 30 45 34 30 35 0D
1779567688124,74 34 35 31 38 30 30 30 30 30 30 30 30 30 30 30 30 30 30 30 30 0D
1779567688133,30 0D 74 34 35 36 38 45 45 46 46 30 37 30 30 30 34 30 30 30 30 30 30 0D 74 34 35 37 38 30 30 30 30 30 30 30 30 36 34 31 34 30 30 30 30 0D 74 34 35 39 38 36 45 41 34 42 45 31 36 43 36 31 41 30
1779567688136,74 34 35 31 38 30 30 30 30 30 30 30 30 30 30 30 30 30 30 30 30 0D
1779567688146,74 34 35 35 38 45 41 46 46 30 37 30 30 39 46 46 46 30 30 30 30 0D
1779567688156,74 34 35 31 38 30 30 30 30 30 30 30 30 30 30 30 30 30 30 30 30 0D
1779567688187,74 34 35 35 38 45 41 46 46 30 37 30 30 39 46 46 46 30 30 30 30 0D
1779567688199,74 34 35 31 38 30 30 30 30 30 30 30 30 30 30 30 30 30 30 30 30 0D
1779567688210,74 34 35 35 38 45 41 46 46 30 37 30 30 39 46 46 46 30 30 30 30 0D
1779567688215,74 34 35 30 38 30 30 30 30 30 37 30 30 30 30 30 30 45 34 30 35 0D
1779567688232,74 34 35 31 38 30 30 30 30 30 30 30 30 30 30 30 30 30 30 30 30 0D
1779567688240,74 34 35 31 38 30 30 30 30 30 30 30 30 30 30 30 30 30 30 30 30 0D
1779567688252,74 34 35 35 38 45 41 46 46 30 37 30 30 39 46 46 46 30 30 30 30 0D
1779567688260,74 34 35 31 38 30 30 30 30 30 30 30 30 30 30 30 30 30 30 30 30 0D
1779567688268,74 34 35 37 38 30 30 30 30 30 30 30 30 36 34 31 34 30 30 30 30 0D
1779567688286,74 34 35 39 38 36 45 41 34 42 45 31 36 43 36 31 41 30 33 42 37 0D
1779567688298,74 34 35 31 38 30 30 30 30 30 30 30 30 30 30 30 30 30 30 30 30 0D
1779567688309,74 34 35 35 38 45 41 46 46 30 37 30 30 39 45 46 46 30 30 30 30 0D
1779567688317,74 34 35 30 38 30 30 30 30 30 37 30 30 30 30 30 30 45 34 30 35 0D
1779567688333,74 34 35 31 38 30 30 30 30 30 30 30 30 30 30 30 30 30 30 30 30 0D
1779567688341,74 34 35 31 38 30 30 30 30 30 30 30 30 30 30 30 30 30 30 30 30 0D
1779567688350,74 34 35 35 38 45 41 46 46 30 37 30 30 39 45 46 46 30 30 30 30 0D
1779567688358,74 34 35 31 38 30 30 30 30 30 30 30 30 30 30 30 30 30 30 30 30 0D
1779567688367,74 34 35 35 38 45 41 46 46 30 37 30 30 39 45 46 46 30 30 30 30 0D
1779567688373,74 34 35 37 38 30 30 30 30 30 31 30 30 36 34 31 34 30 30 30 30 0D
1779567688390,74 34 35 39 38 36 44 41 34 42 45 31 36 43 37 31 41 30 33 42 37 0D
1779567688395,74 34 35 31 38 30 30 30 30 30 30 30 30 30 30 30 30 30 30 30 30 0D
1779567688410,74 34 35 35 38 45 41 46 46 30 37 30 30 39 45 46 46 30 30 30 30 0D
1779567688423,74 34 35 30 38 30 30 30 30 30 37 30 30 30 30 30 30 45 34 30 35 0D
1779567688428,30 30 30 0D 74 34 35 39 38 36 44 41 34 42 45 31 36 43 37 31 41 30 33 42 37 0D
1779567688439,74 34 35 31 38 30 30 30 30 30 30 30 30 30 30 30 30 30 30 30 30 0D
1779567688450,74 34 35 35 38 45 41 46 46 30 37 30 30 39 45 46 46 30 30 30 30 0D
1779567688459,74 34 35 31 38 30 30 30 30 30 30 30 30 30 30 30 30 30 30 30 30 0D
1779567688489,74 34 35 35 38 45 41 46 46 30 37 30 30 39 46 46 46 30 30 30 30 0D
1779567688497,74 34 35 31 38 30 30 30 30 30 30 30 30 30 30 30 30 30 30 30 30 0D
1779567688521,74 34 35 35 38 45 41 46 46 30 37 30 30 39 46 46 46 30 30 30 30 0D
1779567688525,74 34 35 30 38 30 30 30 30 30 37 30 30 30 30 30 30 45 34 30 35 0D
1779567688533,74 34 35 32 38 38 43 30 30 30 30 30 30 30 30 30 30 30 30 30 30 0D 74 34 35 33 38 39 45 30 30 30 30 30 30 30 30 30 30 30 30 30 30 0D
1779567688542,74 34 35 31 38 30 30 30 30 30 30 30 30 30 30 30 30 30 30 30 30 0D
1779567688560,74 34 35 31 38 30 30 30 30 30 30 30 30 30 30 30 30 30 30 30 30 0D
1779567688589,74 34 35 35 38 45 41 46 46 30 37 30 30 39 46 46 46 30 30 30 30 0D
1779567688609,74 34 35 31 38 30 30 30 30 30 30 30 30 30 30 30 30 30 30 30 30 0D
1779567688634,74 34 35 35 38 45 41 46 46 30 37 30 30 39 46 46 46 30 30 30 30 0D
1779567688645,74 34 35 31 38 30 30 30 30 30 30 30 30 30 30 30 30 30 30 30 30 0D
1779567688653,74 34 35 35 38 45 41 46 46 30 37 30 30 39 46 46 46 30 30 30 30 0D
1779567688657,74 34 35 31 38 30 30 30 30 30 30 30 30 30 30 30 30 30 30 30 30 0D
1779567688672,74 34 35 35 38 45 41 46 46 30 37 30 30 39 46 46 46 30 30 30 30 0D
1779567688677,74 34 35 31 38 30 30 30 30 30 30 30 30 30 30 30 30 30 30 30 30 0D
1779567688690,74 34 35 35 38 45 41 46 46 30 37 30 30 39 46 46 46 30 30 30 30 0D
1779567688698,74 34 35 31 38 30 30 30 30 30 30 30 30 30 30 30 30 30 30 30 30 0D
1779567688710,74 34 35 35 38 45 41 46 46 30 37 30 30 39 46 46 46 30 30 30 30 0D
1779567688723,74 34 35 30 38 30 30 30 30 30 37 30 30 30 30 30 30 45 34 30 35 0D
1779567688732,74 34 35 31 38 30 30 30 30 30 30 30 30 30 30 30 30 30 30 30 30 0D
1779567688742,74 34 35 31 38 30 30 30 30 30 30 30 30 30 30 30 30 30 30 30 30 0D
1779567688761,74 34 35 31 38 30 30 30 30 30 30 30 30 30 30 30 30 30 30 30 30 0D
1779567688777,74 34 35 35 38 45 41 46 46 30 37 30 30 39 46 46 46 30 30 30 30 0D
1779567688781,74 34 35 31 38 30 30 30 30 30 30 30 30 30 30 30 30 30 30 30 30 0D
1779567688788,74 34 35 36 38 45 45 46 46 30 37 30 30 30 34 30 30 30 30 30 30 0D
1779567688798,74 34 35 31 38 30 30 30 30 30 30 30 30 30 30 30 30 30 30 30 30 0D
1779567688807,74 34 35 35 38 45 41 46 46 30 37 30 30 39 46 46 46 30 30 30 30 0D
1779567688819,74 34 35 30 38 30 30 30 30 30 37 30 30 30 30 30 30 45 34 30 35 0D
1779567688832,74 34 35 31 38 30 30 30 30 30 30 30 30 30 30 30 30 30 30 30 30 0D
1779567688838,74 34 35 31 38 30 30 30 30 30 30 30 30 30 30 30 30 30 30 30 30 0D
1779567688848,74 34 35 35 38 45 41 46 46 30 37 30 30 39 46 46 46 30 30 30 30 0D
1779567688858,74 34 35 31 38 30 30 30 30 30 30 30 30 30 30 30 30 30 30 30 30 0D
1779567688873,74 34 35 35 38 45 41 46 46 30 37 30 30 39 46 46 46 30 30 30 30 0D
1779567688880,74 34 35 31 38 30 30 30 30 30 30 30 30 30 30 30 30 30 30 30 30 0D
1779567688889,74 34 35 35 38 45 41 46 46 30 37 30 30 39 46 46 46 30 30 30 30 0D
1779567688899,74 34 35 31 38 30 30 30 30 30 30 30 30 30 30 30 30 30 30 30 30 0D
1779567688909,74 34 35 35 38 45 41 46 46 30 37 30 30 39 46 46 46 30 30 30 30 0D
1779567688919,74 34 35 30 38 30 30 30 30 30 37 30 30 30 30 30 30 45 34 30 35 0D
1779567688929,74 34 35 31 38 30 30 30 30 30 30 30 30 30 30 30 30 30 30 30 30 0D
1779567688940,74 34 35 31 38 30 30 30 30 30 30 30 30 30 30 30 30 30 30 30 30 0D
1779567688948,74 34 35 35 38 45 41 46 46 30 37 30 30 39 46 46 46 30 30 30 30 0D
1779567688959,74 34 35 31 38 30 30 30 30 30 30 30 30 30 30 30 30 30 30 30 30 0D
1779567688977,74 34 35 35 38 45 41 46 46 30 37 30 30 39 46 46 46 30 30 30 30 0D 74 34 35 31 38 30 30 30 30 30 30 30 30 30 30 30 30 30 30 30 30 0D
1779567688989,74 34 35 35 38 45 41 46 46 30 37 30 30 39 46 46 46 30 30 30 30 0D
1779567688997,74 34 35 31 38 30 30 30 30 30 30 30 30 30 30 30 30 30 30 30 30 0D
1779567689007,74 34 35 35 38 45 41 46 46 30 37 30 30 39 46 46 46 30 30 30 30 0D
1779567689022,74 34 35 30 38 30 30 30 30 30 37 30 30 30 30 30 30 45 34 30 35 0D
1779567689027,74 34 35 31 38 30 30 30 30 30 30 30 30 30 30 30 30 30 30 30 30 0D
1779567689040,74 34 35 31 38 30 30 30 30 30 30 30 30 30 30 30 30 30 30 30 30 0D
1779567689048,74 34 35 35 38 45 41 46 46 30 37 30 30 39 46 46 46 30 30 30 30 0D
1779567689059,74 34 35 31 38 30 30 30 30 30 30 30 30 30 30 30 30 30 30 30 30 0D
1779567689092,74 34 35 37 38 30 30 30 30 30 30 30 30 36 34 31 34 30 30 30 30 0D
1779567689106,74 34 35 31 38 30 30 30 30 30 30 30 30 30 30 30 30 30 30 30 30 0D
1779567689112,74 34 35 35 38 45 41 46 46 30 37 30 30 39 46 46 46 30 30 30 30 0D
1779567689119,74 34 35 30 38 30 30 30 30 30 37 30 30 30 30 30 30 45 34 30 35 0D
1779567689128,74 34 35 31 38 30 30 30 30 30 30 30 30 30 30 30 30 30 30 30 30 0D
1779567689139,74 34 35 31 38 30 30 30 30 30 30 30 30 30 30 30 30 30 30 30 30 0D
1779567689147,74 34 35 35 38 45 41 46 46 30 37 30 30 39 46 46 46 30 30 30 30 0D
1779567689157,74 34 35 31 38 30 30 30 30 30 30 30 30 30 30 30 30 30 30 30 30 0D
1779567689195,74 34 35 35 38 45 41 46 46 30 37 30 30 39 46 46 46 30 30 30 30 0D
1779567689200,74 34 35 31 38 30 30 30 30 30 30 30 30 30 30 30 30 30 30 30 30 0D
1779567689208,74 34 35 35 38 45 41 46 46 30 37 30 30 39 46 46 46 30 30 30 30 0D
1779567689223,74 34 35 30 38 30 30 30 30 30 37 30 30 30 30 30 30 45 34 30 35 0D
1779567689231,74 34 35 31 38 30 30 30 30 30 30 30 30 30 30 30 30 30 30 30 30 0D
1779567689239,74 34 35 31 38 30 30 30 30 30 30 30 30 30 30 30 30 30 30 30 30 0D
1779567689248,74 34 35 35 38 45 41 46 46 30 37 30 30 39 46 46 46 30 30 30 30 0D
1779567689258,74 34 35 31 38 30 30 30 30 30 30 30 30 30 30 30 30 30 30 30 30 0D
1779567689277,74 34 35 35 38 45 41 46 46 30 37 30 30 39 45 46 46 30 30 30 30 0D
1779567689282,74 34 35 31 38 30 30 30 30 30 30 30 30 30 30 30 30 30 30 30 30 0D
1779567689289,74 34 35 36 38 45 44 46 46 30 38 30 30 30 34 30 30 30 30 30 30 0D
1779567689303,74 34 35 31 38 30 30 30 30 30 30 30 30 30 30 30 30 30 30 30 30 0D
1779567689311,74 34 35 35 38 45 41 46 46 30 37 30 30 39 45 46 46 30 30 30 30 0D
1779567689318,74 34 35 30 38 30 30 30 30 30 37 30 30 30 30 30 30 45 34 30 35 0D
1779567689329,74 34 35 31 38 30 30 30 30 30 30 30 30 30 30 30 30 30 30 30 30 0D
1779567689342,74 34 35 31 38 30 30 30 30 30 30 30 30 30 30 30 30 30 30 30 30 0D
1779567689361,74 34 35 31 38 30 30 30 30 30 30 30 30 30 30 30 30 30 30 30 30 0D
1779567689369,74 34 35 35 38 45 41 46 46 30 37 30 30 39 45 46 46 30 30 30 30 0D
1779567689376,74 34 35 37 38 30 30 30 30 30 30 30 30 36 34 31 34 30 30 30 30 0D
1779567689388,74 34 35 31 38 30 30 30 30 30 30 30 30 30 30 30 30 30 30 30 30 0D
1779567689403,74 34 35 31 38 30 30 30 30 30 30 30 30 30 30 30 30 30 30 30 30 0D
1779567689409,74 34 35 35 38 45 41 46 46 30 37 30 30 39 45 46 46 30 30 30 30 0D
1779567689419,74 34 35 30 38 30 30 30 30 30 37 30 30 30 30 30 30 45 34 30 35 0D
1779567689430,74 34 35 31 38 30 30 30 30 30 30 30 30 30 30 30 30 30 30 30 30 0D
1779567689438,74 34 35 31 38 30 30 30 30 30 30 30 30 30 30 30 30 30 30 30 30 0D
1779567689463,74 34 35 31 38 30 30 30 30 30 30 30 30 30 30 30 30 30 30 30 30 0D
1779567689478,74 34 35 35 38 45 41 46 46 30 37 30 30 39 46 46 46 30 30 30 30 0D
1779567689488,74 34 35 35 38 45 41 46 46 30 37 30 30 39 46 46 46 30 30 30 30 0D
1779567689502,74 34 35 31 38 30 30 30 30 30 30 30 30 30 30 30 30 30 30 30 30 0D
1779567689513,74 34 35 35 38 45 41 46 46 30 37 30 30 39 46 46 46 30 30 30 30 0D
1779567689520,74 34 35 30 38 30 30 30 30 30 37 30 30 30 30 30 30 45 34 30 35 0D
1779567689534,74 34 35 31 38 30 30 30 30 30 30 30 30 30 30 30 30 30 30 30 30 0D
1779567689539,74 34 35 31 38 30 30 30 30 30 30 30 30 30 30 30 30 30 30 30 30 0D
1779567689551,74 34 35 35 38 45 41 46 46 30 37 30 30 39 46 46 46 30 30 30 30 0D
1779567689561,74 34 35 31 38 30 30 30 30 30 30 30 30 30 30 30 30 30 30 30 30 0D
1779567689579,74 34 35 35 38 45 41 46 46 30 37 30 30 39 46 46 46 30 30 30 30 0D
1779567689585,74 34 35 31 38 30 30 30 30 30 30 30 30 30 30 30 30 30 30 30 30 0D
1779567689605,74 34 35 31 38 30 30 30 30 30 30 30 30 30 30 30 30 30 30 30 30 0D
1779567689620,74 34 35 35 38 45 41 46 46 30 37 30 30 39 46 46 46 30 30 30 30 0D
1779567689636,74 34 35 33 38 39 45 30 30 30 30 30 30 30 30 30 30 30 30 30 30 0D 74 34 35 34 38 30 31 30 30 30 30 30 30 30 30 30 30 30 30 30 30 0D
1779567689639,74 34 35 31 38 30 30 30 30 30 30 30 30 30 30 30 30 30 30 30 30 0D
1779567689651,74 34 35 35 38 45 41 46 46 30 37 30 30 39 46 46 46 30 30 30 30 0D
1779567689657,74 34 35 31 38 30 30 30 30 30 30 30 30 30 30 30 30 30 30 30 30 0D
1779567689675,74 34 35 35 38 45 41 46 46 30 37 30 30 39 46 46 46 30 30 30 30 0D
1779567689682,74 34 35 31 38 30 30 30 30 30 30 30 30 30 30 30 30 30 30 30 30 0D
1779567689686,74 34 35 35 38 45 41 46 46 30 37 30 30 39 46 46 46 30 30 30 30 0D
1779567689699,74 34 35 31 38 30 30 30 30 30 30 30 30 30 30 30 30 30 30 30 30 0D
1779567689710,74 34 35 35 38 45 41 46 46 30 37 30 30 39 46 46 46 30 30 30 30 0D
1779567689719,74 34 35 30 38 30 30 30 30 30 37 30 30 30 30 30 30 45 34 30 35 0D
1779567689729,74 34 35 31 38 30 30 30 30 30 30 30 30 30 30 30 30 30 30 30 30 0D
1779567689741,74 34 35 31 38 30 30 30 30 30 30 30 30 30 30 30 30 30 30 30 30 0D
1779567689749,74 34 35 35 38 45 41 46 46 30 37 30 30 39 46 46 46 30 30 30 30 0D
1779567689759,74 34 35 31 38 30 30 30 30 30 30 30 30 30 30 30 30 30 30 30 30 0D
1779567689778,74 34 35 35 38 45 41 46 46 30 37 30 30 39 46 46 46 30 30 30 30 0D
1779567689783,74 34 35 31 38 30 30 30 30 30 30 30 30 30 30 30 30 30 30 30 30 0D
1779567689790,74 34 35 36 38 45 44 46 46 30 38 30 30 30 34 30 30 30 30 30 30 0D
1779567689799,74 34 35 31 38 30 30 30 30 30 30 30 30 30 30 30 30 30 30 30 30 0D
1779567689807,74 34 35 35 38 45 41 46 46 30 37 30 30 39 46 46 46 30 30 30 30 0D
1779567689818,74 34 35 30 38 30 30 30 30 30 37 30 30 30 30 30 30 45 34 30 35 0D
1779567689828,74 34 35 31 38 30 30 30 30 30 30 30 30 30 30 30 30 30 30 30 30 0D
1779567689840,74 34 35 31 38 30 30 30 30 30 30 30 30 30 30 30 30 30 30 30 30 0D
1779567689851,74 34 35 35 38 45 41 46 46 30 37 30 30 39 46 46 46 30 30 30 30 0D
1779567689857,74 34 35 31 38 30 30 30 30 30 30 30 30 30 30 30 30 30 30 30 30 0D
1779567689880,74 34 35 35 38 45 41 46 46 30 37 30 30 39 46 46 46 30 30 30 30 0D
1779567689885,74 34 35 31 38 30 30 30 30 30 30 30 30 30 30 30 30 30 30 30 30 0D
1779567689895,74 34 35 31 38 30 30 30 30 30 30 30 30 30 30 30 30 30 30 30 30 0D
1779567689907,74 34 35 35 38 45 41 46 46 30 37 30 30 39 46 46 46 30 30 30 30 0D
1779567689917,74 34 35 30 38 30 30 30 30 30 37 30 30 30 30 30 30 45 34 30 35 0D
1779567689935,74 34 35 31 38 30 30 30 30 30 30 30 30 30 30 30 30 30 30 30 30 0D
1779567689942,74 34 35 31 38 30 30 30 30 30 30 30 30 30 30 30 30 30 30 30 30 0D
1779567689960,74 34 35 31 38 30 30 30 30 30 30 30 30 30 30 30 30 30 30 30 30 0D
1779567689976,74 34 35 35 38 45 41 46 46 30 37 30 30 39 46 46 46 30 30 30 30 0D
1779567689982,74 34 35 31 38 30 30 30 30 30 30 30 30 30 30 30 30 30 30 30 30 0D
1779567689992,74 34 35 36 38 45 44 46 46 30 38 30 30 30 34 30 30 30 30 30 30 0D
1779567689998,74 34 35 31 38 30 30 30 30 30 30 30 30 30 30 30 30 30 30 30 30 0D
1779567690010,74 34 35 35 38 45 41 46 46 30 37 30 30 39 46 46 46 30 30 30 30 0D
1779567690019,74 34 35 30 38 30 30 30 30 30 37 30 30 30 30 30 30 45 34 30 35 0D
1779567690027,74 34 35 31 38 30 30 30 30 30 30 30 30 30 30 30 30 30 30 30 30 0D
1779567690035,74 34 35 31 38 30 30 30 30 30 30 30 30 30 30 30 30 30 30 30 30 0D
1779567690050,74 34 35 35 38 45 41 46 46 30 37 30 30 39 46 46 46 30 30 30 30 0D
1779567690058,74 34 35 31 38 30 30 30 30 30 30 30 30 30 30 30 30 30 30 30 30 0D
1779567690067,74 34 35 35 38 45 41 46 46 30 37 30 30 39 46 46 46 30 30 30 30 0D
1779567690072,74 34 35 37 38 30 30 30 30 30 31 30 30 36 34 31 34 30 30 30 30 0D
1779567690082,74 34 35 31 38 30 30 30 30 30 30 30 30 30 30 30 30 30 30 30 30 0D
1779567690088,74 34 35 35 38 45 41 46 46 30 37 30 30 39 46 46 46 30 30 30 30 0D
1779567690099,74 34 35 31 38 30 30 30 30 30 30 30 30 30 30 30 30 30 30 30 30 0D
1779567690105,74 34 35 35 38 45 41 46 46 30 37 30 30 39 46 46 46 30 30 30 30 0D
1779567690120,74 34 35 30 38 30 30 30 30 30 37 30 30 30 30 30 30 45 34 30 35 0D
1779567690133,74 34 35 31 38 30 30 30 30 30 30 30 30 30 30 30 30 30 30 30 30 0D
1779567690138,74 34 35 31 38 30 30 30 30 30 30 30 30 30 30 30 30 30 30 30 30 0D
1779567690150,74 34 35 35 38 45 41 46 46 30 37 30 30 39 46 46 46 30 30 30 30 0D
1779567690158,74 34 35 31 38 30 30 30 30 30 30 30 30 30 30 30 30 30 30 30 30 0D
1779567690170,74 34 35 35 38 45 41 46 46 30 37 30 30 39 46 46 46 30 30 30 30 0D
1779567690176,74 34 35 37 38 30 30 30 30 30 31 30 30 36 34 31 34 30 30 30 30 0D
1779567690183,74 34 35 31 38 30 30 30 30 30 30 30 30 30 30 30 30 30 30 30 30 0D
1779567690199,74 34 35 31 38 30 30 30 30 30 30 30 30 30 30 30 30 30 30 30 30 0D
1779567690211,74 34 35 35 38 45 41 46 46 30 37 30 30 39 46 46 46 30 30 30 30 0D
1779567690219,74 34 35 30 38 30 30 30 30 30 37 30 30 30 30 30 30 45 34 30 35 0D
1779567690235,74 34 35 31 38 30 30 30 30 30 30 30 30 30 30 30 30 30 30 30 30 0D
1779567690243,74 34 35 31 38 30 30 30 30 30 30 30 30 30 30 30 30 30 30 30 30 0D
1779567690250,74 34 35 35 38 45 41 46 46 30 37 30 30 39 46 46 46 30 30 30 30 0D
1779567690261,74 34 35 31 38 30 30 30 30 30 30 30 30 30 30 30 30 30 30 30 30 0D
1779567690275,74 34 35 35 38 45 41 46 46 30 37 30 30 39 46 46 46 30 30 30 30 0D
1779567690283,74 34 35 31 38 30 30 30 30 30 30 30 30 30 30 30 30 30 30 30 30 0D
1779567690303,74 34 35 31 38 30 30 30 30 30 30 30 30 30 30 30 30 30 30 30 30 0D
1779567690310,74 34 35 35 38 45 41 46 46 30 37 30 30 39 46 46 46 30 30 30 30 0D
1779567690320,74 34 35 30 38 30 30 30 30 30 37 30 30 30 30 30 30 45 34 30 35 0D
1779567690333,74 34 35 33 38 39 45 30 30 30 30 30 30 30 30 30 30 30 30 30 30 0D 74 34 35 34 38 30 31 30 30 30 30 30 30 30 30 30 30 30 30 30 30 0D 74 34 35 35 38 45 41 46 46 30 37 30 30 39 46 46 46 30 30 30
1779567690338,74 34 35 31 38 30 30 30 30 30 30 30 30 30 30 30 30 30 30 30 30 0D
1779567690351,74 34 35 35 38 45 41 46 46 30 37 30 30 39 46 46 46 30 30 30 30 0D
1779567690358,74 34 35 31 38 30 30 30 30 30 30 30 30 30 30 30 30 30 30 30 30 0D
1779567690377,74 34 35 35 38 45 41 46 46 30 37 30 30 39 46 46 46 30 30 30 30 0D
1779567690385,74 34 35 31 38 30 30 30 30 30 30 30 30 30 30 30 30 30 30 30 30 0D
1779567690398,74 34 35 31 38 30 30 30 30 30 30 30 30 30 30 30 30 30 30 30 30 0D
1779567690417,74 34 35 35 38 45 41 46 46 30 37 30 30 39 46 46 46 30 30 30 30 0D
1779567690424,74 34 35 30 38 30 30 30 30 30 37 30 30 30 30 30 30 45 34 30 35 0D
1779567690431,74 34 35 31 38 30 30 30 30 30 30 30 30 30 30 30 30 30 30 30 30 0D
1779567690439,74 34 35 31 38 30 30 30 30 30 30 30 30 30 30 30 30 30 30 30 30 0D
1779567690452,74 34 35 35 38 45 41 46 46 30 37 30 30 39 46 46 46 30 30 30 30 0D
1779567690458,74 34 35 31 38 30 30 30 30 30 30 30 30 30 30 30 30 30 30 30 30 0D
1779567690477,74 34 35 35 38 45 41 46 46 30 37 30 30 39 46 46 46 30 30 30 30 0D
1779567690484,74 34 35 31 38 30 30 30 30 30 30 30 30 30 30 30 30 30 30 30 30 0D
1779567690490,74 34 35 36 38 45 45 46 46 30 37 30 30 30 34 30 30 30 30 30 30 0D
1779567690498,74 34 35 31 38 30 30 30 30 30 30 30 30 30 30 30 30 30 30 30 30 0D
1779567690517,74 34 35 35 38 45 41 46 46 30 37 30 30 39 46 46 46 30 30 30 30 0D
1779567690525,74 34 35 30 38 30 30 30 30 30 37 30 30 30 30 30 30 45 34 30 35 0D
1779567690530,74 34 35 31 38 30 30 30 30 30 30 30 30 30 30 30 30 30 30 30 30 0D
1779567690540,74 34 35 31 38 30 30 30 30 30 30 30 30 30 30 30 30 30 30 30 30 0D
1779567690550,74 34 35 35 38 45 41 46 46 30 37 30 30 39 46 46 46 30 30 30 30 0D
1779567690558,74 34 35 31 38 30 30 30 30 30 30 30 30 30 30 30 30 30 30 30 30 0D
1779567690594,74 34 35 35 38 45 41 46 46 30 37 30 30 39 46 46 46 30 30 30 30 0D
1779567690600,74 34 35 31 38 30 30 30 30 30 30 30 30 30 30 30 30 30 30 30 30 0D
1779567690611,74 34 35 35 38 45 41 46 46 30 37 30 30 39 46 46 46 30 30 30 30 0D
1779567690624,74 34 35 30 38 30 30 30 30 30 37 30 30 30 30 30 30 45 34 30 35 0D
1779567690632,74 34 35 31 38 30 30 30 30 30 30 30 30 30 30 30 30 30 30 30 30 0D
1779567690637,74 34 35 31 38 30 30 30 30 30 30 30 30 30 30 30 30 30 30 30 30 0D
1779567690649,74 34 35 35 38 45 41 46 46 30 37 30 30 39 46 46 46 30 30 30 30 0D
1779567690656,74 34 35 31 38 30 30 30 30 30 30 30 30 30 30 30 30 30 30 30 30 0D
1779567690678,74 34 35 35 38 45 41 46 46 30 37 30 30 39 46 46 46 30 30 30 30 0D
1779567690683,74 34 35 31 38 30 30 30 30 30 30 30 30 30 30 30 30 30 30 30 30 0D
1779567690690,74 34 35 35 38 45 41 46 46 30 37 30 30 39 46 46 46 30 30 30 30 0D
1779567690715,74 34 35 31 38 30 30 30 30 30 30 30 30 30 30 30 30 30 30 30 30 0D
1779567690720,74 34 35 30 38 30 30 30 30 30 37 30 30 30 30 30 30 45 34 30 35 0D
1779567690731,74 34 35 31 38 30 30 30 30 30 30 30 30 30 30 30 30 30 30 30 30 0D
1779567690738,74 34 35 31 38 30 30 30 30 30 30 30 30 30 30 30 30 30 30 30 30 0D
1779567690747,74 34 35 35 38 45 41 46 46 30 37 30 30 39 46 46 46 30 30 30 30 0D
1779567690765,74 34 35 31 38 30 30 30 30 30 30 30 30 30 30 30 30 30 30 30 30 0D
1779567690778,74 34 35 35 38 45 41 46 46 30 37 30 30 39 46 46 46 30 30 30 30 0D
1779567690785,74 34 35 31 38 30 30 30 30 30 30 30 30 30 30 30 30 30 30 30 30 0D
1779567690803,74 34 35 31 38 30 30 30 30 30 30 30 30 30 30 30 30 30 30 30 30 0D
1779567690815,74 34 35 35 38 45 41 46 46 30 37 30 30 39 46 46 46 30 30 30 30 0D
1779567690821,74 34 35 30 38 30 30 30 30 30 37 30 30 30 30 30 30 45 34 30 35 0D
1779567690833,74 34 35 31 38 30 30 30 30 30 30 30 30 30 30 30 30 30 30 30 30 0D
1779567690838,74 34 35 31 38 30 30 30 30 30 30 30 30 30 30 30 30 30 30 30 30 0D
1779567690849,74 34 35 35 38 45 41 46 46 30 37 30 30 39 46 46 46 30 30 30 30 0D
1779567690863,74 34 35 31 38 30 30 30 30 30 30 30 30 30 30 30 30 30 30 30 30 0D
1779567690892,74 34 35 35 38 45 41 46 46 30 37 30 30 39 46 46 46 30 30 30 30 0D
1779567690901,74 34 35 31 38 30 30 30 30 30 30 30 30 30 30 30 30 30 30 30 30 0D
1779567690911,74 34 35 35 38 45 41 46 46 30 37 30 30 39 46 46 46 30 30 30 30 0D
1779567690917,74 34 35 30 38 30 30 30 30 30 37 30 30 30 30 30 30 45 34 30 35 0D
1779567690933,74 34 35 33 38 39 45 30 30 30 30 30 30 30 30 30 30 30 30 30 30 0D
1779567690941,74 34 35 31 38 30 30 30 30 30 30 30 30 30 30 30 30 30 30 30 30 0D
1779567690948,74 34 35 35 38 45 41 46 46 30 37 30 30 39 46 46 46 30 30 30 30 0D
1779567690964,74 34 35 31 38 30 30 30 30 30 30 30 30 30 30 30 30 30 30 30 30 0D
1779567690990,74 34 35 35 38 45 41 46 46 30 37 30 30 39 46 46 46 30 30 30 30 0D
1779567691002,74 34 35 31 38 30 30 30 30 30 30 30 30 30 30 30 30 30 30 30 30 0D
1779567691012,74 34 35 35 38 45 41 46 46 30 37 30 30 39 46 46 46 30 30 30 30 0D
1779567691025,74 34 35 30 38 30 30 30 30 30 37 30 30 30 30 30 30 45 34 30 35 0D
1779567691041,74 34 35 31 38 30 30 30 30 30 30 30 30 30 30 30 30 30 30 30 30 0D
1779567691054,74 34 35 35 38 45 41 46 46 30 37 30 30 39 46 46 46 30 30 30 30 0D
1779567691062,74 34 35 31 38 30 30 30 30 30 30 30 30 30 30 30 30 30 30 30 30 0D
1779567691078,74 34 35 35 38 45 41 46 46 30 37 30 30 39 46 46 46 30 30 30 30 0D 74 34 35 31 38 30 30 30 30 30 30 30 30 30 30 30 30 30 30 30 30 0D
1779567691088,74 34 35 35 38 45 41 46 46 30 37 30 30 39 46 46 46 30 30 30 30 0D
1779567691100,74 34 35 31 38 30 30 30 30 30 30 30 30 30 30 30 30 30 30 30 30 0D
1779567691115,74 34 35 35 38 45 41 46 46 30 37 30 30 39 46 46 46 30 30 30 30 0D
1779567691118,74 34 35 30 38 30 30 30 30 30 37 30 30 30 30 30 30 45 34 30 35 0D
1779567691136,74 34 35 31 38 30 30 30 30 30 30 30 30 30 30 30 30 30 30 30 30 0D
1779567691152,74 34 35 31 38 30 30 30 30 30 30 30 30 30 30 30 30 30 30 30 30 0D
1779567691165,74 34 35 31 38 30 30 30 30 30 30 30 30 30 30 30 30 30 30 30 30 0D
1779567691180,74 34 35 35 38 45 41 46 46 30 37 30 30 39 46 46 46 30 30 30 30 0D
1779567691187,74 34 35 35 38 45 41 46 46 30 37 30 30 39 46 46 46 30 30 30 30 0D
1779567691199,74 34 35 31 38 30 30 30 30 30 30 30 30 30 30 30 30 30 30 30 30 0D
1779567691207,74 34 35 35 38 45 41 46 46 30 37 30 30 39 46 46 46 30 30 30 30 0D
1779567691222,74 34 35 30 38 30 30 30 30 30 37 30 30 30 30 30 30 45 34 30 35 0D
1779567691230,74 34 35 31 38 30 30 30 30 30 30 30 30 30 30 30 30 30 30 30 30 0D
1779567691240,74 34 35 31 38 30 30 30 30 30 30 30 30 30 30 30 30 30 30 30 30 0D
1779567691253,74 34 35 35 38 45 41 46 46 30 37 30 30 39 46 46 46 30 30 30 30 0D
1779567691261,74 34 35 31 38 30 30 30 30 30 30 30 30 30 30 30 30 30 30 30 30 0D
1779567691294,74 34 35 35 38 46 30 46 46 30 35 30 30 39 42 46 46 30 30 30 30 0D
1779567691301,74 34 35 31 38 30 30 30 30 30 30 30 30 30 30 30 30 30 30 30 30 0D
1779567691305,74 34 35 35 38 46 30 46 46 30 35 30 30 39 42 46 46 30 30 30 30 0D
1779567691317,74 34 35 30 38 30 30 30 30 30 37 30 30 30 30 30 30 45 34 30 35 0D
1779567691330,74 34 35 31 38 30 30 30 30 30 30 30 30 30 30 30 30 30 30 30 30 0D
1779567691339,74 34 35 31 38 30 30 30 30 30 30 30 30 30 30 30 30 30 30 30 30 0D
1779567691357,74 34 35 35 38 46 30 46 46 30 35 30 30 39 42 46 46 30 30 30 30 0D
1779567691364,74 34 35 31 38 30 30 30 30 30 30 30 30 30 30 30 30 30 30 30 30 0D
1779567691380,74 34 35 35 38 46 30 46 46 30 35 30 30 39 42 46 46 30 30 30 30 0D
1779567691387,74 34 35 35 38 46 30 46 46 30 35 30 30 39 42 46 46 30 30 30 30 0D
1779567691400,74 34 35 31 38 30 30 30 30 30 30 30 30 30 30 30 30 30 30 30 30 0D
1779567691413,74 34 35 35 38 46 30 46 46 30 35 30 30 39 42 46 46 30 30 30 30 0D
1779567691419,74 34 35 30 38 30 30 30 30 30 37 30 30 30 30 30 30 45 34 30 35 0D
1779567691429,74 34 35 31 38 30 30 30 30 30 30 30 30 30 30 30 30 30 30 30 30 0D
1779567691436,74 34 35 31 38 30 30 30 30 30 30 30 30 30 30 30 30 30 30 30 30 0D
1779567691460,74 34 35 35 38 46 30 46 46 30 35 30 30 39 42 46 46 30 30 30 30 0D
1779567691466,74 34 35 31 38 30 30 30 30 30 30 30 30 30 30 30 30 30 30 30 30 0D
1779567691479,74 34 35 35 38 45 45 46 46 30 41 30 30 41 33 46 46 30 30 30 30 0D
1779567691488,74 34 35 35 38 45 45 46 46 30 41 30 30 41 33 46 46 30 30 30 30 0D
1779567691503,74 34 35 31 38 30 30 30 30 30 30 30 30 30 30 30 30 30 30 30 30 0D
1779567691515,74 34 35 35 38 45 45 46 46 30 41 30 30 41 33 46 46 30 30 30 30 0D
1779567691521,74 34 35 30 38 30 30 30 30 30 37 30 30 30 30 30 30 45 34 30 35 0D
1779567691530,74 34 35 31 38 30 30 30 30 30 30 30 30 30 30 30 30 30 30 30 30 0D
1779567691537,74 34 35 31 38 30 30 30 30 30 30 30 30 30 30 30 30 30 30 30 30 0D
1779567691548,74 34 35 35 38 45 45 46 46 30 41 30 30 41 33 46 46 30 30 30 30 0D
1779567691561,74 34 35 31 38 30 30 30 30 30 30 30 30 30 30 30 30 30 30 30 30 0D
1779567691565,74 34 35 35 38 45 45 46 46 30 41 30 30 41 33 46 46 30 30 30 30 0D
1779567691591,74 34 35 39 38 35 41 41 34 42 45 31 36 42 41 31 41 30 33 42 37 0D
1779567691598,74 34 35 31 38 30 30 30 30 30 30 30 30 30 30 30 30 30 30 30 30 0D
1779567691605,74 34 35 35 38 45 45 46 46 30 41 30 30 41 33 46 46 30 30 30 30 0D
1779567691620,74 34 35 30 38 30 30 30 30 30 37 30 30 30 30 30 30 45 34 30 35 0D
1779567691630,74 34 35 31 38 30 30 30 30 30 30 30 30 30 30 30 30 30 30 30 30 0D
1779567691639,74 34 35 31 38 30 30 30 30 30 30 30 30 30 30 30 30 30 30 30 30 0D
1779567691650,74 34 35 35 38 45 45 46 46 30 41 30 30 41 33 46 46 30 30 30 30 0D
1779567691657,74 34 35 31 38 30 30 30 30 30 30 30 30 30 30 30 30 30 30 30 30 0D
1779567691674,74 34 35 35 38 45 45 46 46 30 41 30 30 41 33 46 46 30 30 30 30 0D
1779567691683,74 34 35 31 38 30 30 30 30 30 30 30 30 30 30 30 30 30 30 30 30 0D
1779567691687,74 34 35 35 38 45 45 46 46 30 41 30 30 41 33 46 46 30 30 30 30 0D
1779567691698,74 34 35 31 38 30 30 30 30 30 30 30 30 30 30 30 30 30 30 30 30 0D
1779567691711,74 34 35 35 38 45 45 46 46 30 41 30 30 41 33 46 46 30 30 30 30 0D
1779567691720,74 34 35 30 38 30 30 30 30 30 37 30 30 30 30 30 30 45 34 30 35 0D
1779567691733,74 34 35 31 38 30 30 30 30 30 30 30 30 30 30 30 30 30 30 30 30 0D
1779567691738,74 34 35 31 38 30 30 30 30 30 30 30 30 30 30 30 30 30 30 30 30 0D
1779567691754,74 34 35 35 38 46 31 46 46 30 38 30 30 41 34 46 46 30 30 30 30 0D
1779567691762,74 34 35 31 38 30 30 30 30 30 30 30 30 30 30 30 30 30 30 30 30 0D
1779567691779,74 34 35 35 38 46 31 46 46 30 38 30 30 41 34 46 46 30 30 30 30 0D
1779567691785,74 34 35 31 38 30 30 30 30 30 30 30 30 30 30 30 30 30 30 30 30 0D
1779567691793,74 34 35 35 38 46 31 46 46 30 38 30 30 41 34 46 46 30 30 30 30 0D
1779567691799,74 34 35 31 38 30 30 30 30 30 30 30 30 30 30 30 30 30 30 30 30 0D
1779567691809,74 34 35 35 38 46 31 46 46 30 38 30 30 41 34 46 46 30 30 30 30 0D
1779567691816,74 34 35 30 38 30 30 30 30 30 37 30 30 30 30 30 30 45 34 30 35 0D
1779567691829,74 34 35 31 38 30 30 30 30 30 30 30 30 30 30 30 30 30 30 30 30 0D
1779567691837,74 34 35 31 38 30 30 30 30 30 30 30 30 30 30 30 30 30 30 30 30 0D
1779567691848,74 34 35 35 38 46 31 46 46 30 38 30 30 41 34 46 46 30 30 30 30 0D
1779567691860,74 34 35 31 38 30 30 30 30 30 30 30 30 30 30 30 30 30 30 30 30 0D
1779567691877,74 34 35 35 38 46 31 46 46 30 38 30 30 41 34 46 46 30 30 30 30 0D
1779567691886,74 34 35 31 38 30 30 30 30 30 30 30 30 30 30 30 30 30 30 30 30 0D
1779567691900,74 34 35 31 38 30 30 30 30 30 30 30 30 30 30 30 30 30 30 30 30 0D
1779567691911,74 34 35 35 38 46 31 46 46 30 38 30 30 41 34 46 46 30 30 30 30 0D
1779567691919,74 34 35 30 38 30 30 30 30 30 37 30 30 30 30 30 30 45 34 30 35 0D
1779567691930,74 34 35 31 38 30 30 30 30 30 30 30 30 30 30 30 30 30 30 30 30 0D
1779567691943,74 34 35 31 38 30 30 30 30 30 30 30 30 30 30 30 30 30 30 30 30 0D
1779567691954,74 34 35 35 38 45 39 46 46 30 38 30 30 39 45 46 46 30 30 30 30 0D
1779567691962,74 34 35 31 38 30 30 30 30 30 30 30 30 30 30 30 30 30 30 30 30 0D
1779567691993,74 34 35 35 38 45 39 46 46 30 38 30 30 39 45 46 46 30 30 30 30 0D
1779567691999,74 34 35 31 38 30 30 30 30 30 30 30 30 30 30 30 30 30 30 30 30 0D
1779567692011,74 34 35 35 38 45 39 46 46 30 38 30 30 39 45 46 46 30 30 30 30 0D
1779567692017,74 34 35 30 38 30 30 30 30 30 37 30 30 30 30 30 30 45 34 30 35 0D
1779567692028,74 34 35 31 38 30 30 30 30 30 30 30 30 30 30 30 30 30 30 30 30 0D
1779567692046,74 34 35 31 38 30 30 30 30 30 30 30 30 30 30 30 30 30 30 30 30 0D
1779567692059,74 34 35 36 38 46 31 46 46 31 30 30 30 30 35 30 30 30 30 30 30 0D
1779567692077,74 34 35 35 38 45 41 46 46 30 37 30 30 39 46 46 46 30 30 30 30 0D
1779567692094,74 34 35 36 38 45 46 46 46 30 36 30 30 30 36 30 30 30 30 30 30 0D
1779567692100,74 34 35 31 38 30 30 30 30 30 30 30 30 30 30 30 30 30 30 30 30 0D
1779567692109,74 34 35 35 38 45 41 46 46 30 37 30 30 39 46 46 46 30 30 30 30 0D
1779567692118,74 34 35 30 38 30 30 30 30 30 37 30 30 30 30 30 30 45 34 30 35 0D
1779567692130,74 34 35 31 38 30 30 30 30 30 30 30 30 30 30 30 30 30 30 30 30 0D
1779567692142,74 34 35 31 38 30 30 30 30 30 30 30 30 30 30 30 30 30 30 30 30 0D
1779567692159,74 34 35 35 38 45 41 46 46 30 37 30 30 39 46 46 46 30 30 30 30 0D
1779567692191,74 34 35 31 38 30 30 30 30 30 30 30 30 30 30 30 30 30 30 30 30 0D
1779567692196,74 34 35 31 38 30 30 30 30 30 30 30 30 30 30 30 30 30 30 30 30 0D
1779567692201,74 34 35 31 38 30 30 30 30 30 30 30 30 30 30 30 30 30 30 30 30 0D
1779567692208,74 34 35 35 38 45 41 46 46 30 37 30 30 39 46 46 46 30 30 30 30 0D
1779567692219,74 34 35 30 38 30 30 30 30 30 37 30 30 30 30 30 30 45 34 30 35 0D
1779567692229,74 34 35 31 38 30 30 30 30 30 30 30 30 30 30 30 30 30 30 30 30 0D
1779567692242,74 34 35 31 38 30 30 30 30 30 30 30 30 30 30 30 30 30 30 30 30 0D
1779567692264,74 34 35 35 38 45 41 46 46 30 37 30 30 39 46 46 46 30 30 30 30 0D
1779567692267,74 34 35 31 38 30 30 30 30 30 30 30 30 30 30 30 30 30 30 30 30 0D
1779567692269,74 34 35 37 38 30 30 30 30 30 30 30 30 36 34 31 34 30 30 30 30 0D
1779567692278,74 34 35 39 38 35 38 41 34 42 45 31 36 41 35 31 41 30 33 42 37 0D
1779567692283,74 34 35 31 38 30 30 30 30 30 30 30 30 30 30 30 30 30 30 30 30 0D
1779567692285,74 34 35 35 38 45 41 46 46 30 38 30 30 39 45 46 46 30 30 30 30 0D
1779567692298,74 34 35 31 38 30 30 30 30 30 30 30 30 30 30 30 30 30 30 30 30 0D
1779567692306,74 34 35 35 38 45 41 46 46 30 38 30 30 39 45 46 46 30 30 30 30 0D
1779567692317,74 34 35 30 38 30 30 30 30 30 37 30 30 30 30 30 30 45 34 30 35 0D
1779567692330,74 34 35 31 38 30 30 30 30 30 30 30 30 30 30 30 30 30 30 30 30 0D
1779567692339,74 34 35 31 38 30 30 30 30 30 30 30 30 30 30 30 30 30 30 30 30 0D
1779567692349,74 34 35 35 38 45 41 46 46 30 38 30 30 39 45 46 46 30 30 30 30 0D
1779567692360,74 34 35 31 38 30 30 30 30 30 30 30 30 30 30 30 30 30 30 30 30 0D
1779567692377,74 34 35 35 38 45 41 46 46 30 38 30 30 39 45 46 46 30 30 30 30 0D
1779567692383,74 34 35 31 38 30 30 30 30 30 30 30 30 30 30 30 30 30 30 30 30 0D
1779567692392,74 34 35 35 38 45 41 46 46 30 38 30 30 39 45 46 46 30 30 30 30 0D
1779567692398,74 34 35 31 38 30 30 30 30 30 30 30 30 30 30 30 30 30 30 30 30 0D
1779567692410,74 34 35 35 38 45 41 46 46 30 38 30 30 39 45 46 46 30 30 30 30 0D
1779567692417,74 34 35 30 38 30 30 30 30 30 37 30 30 30 30 30 30 45 34 30 35 0D
1779567692438,74 34 35 31 38 30 30 30 30 30 30 30 30 30 30 30 30 30 30 30 30 0D
1779567692442,74 34 35 31 38 30 30 30 30 30 30 30 30 30 30 30 30 30 30 30 30 0D
1779567692449,74 34 35 35 38 45 41 46 46 30 38 30 30 39 45 46 46 30 30 30 30 0D
1779567692460,74 34 35 31 38 30 30 30 30 30 30 30 30 30 30 30 30 30 30 30 30 0D
1779567692493,74 34 35 35 38 45 42 46 46 30 38 30 30 39 46 46 46 30 30 30 30 0D
1779567692510,74 34 35 31 38 30 30 30 30 30 30 30 30 30 30 30 30 30 30 30 30 0D
1779567692517,74 34 35 35 38 45 42 46 46 30 38 30 30 39 46 46 46 30 30 30 30 0D
1779567692524,74 34 35 30 38 30 30 30 30 30 37 30 30 30 30 30 30 45 34 30 35 0D
1779567692528,74 34 35 31 38 30 30 30 30 30 30 30 30 30 30 30 30 30 30 30 30 0D
1779567692543,74 34 35 31 38 30 30 30 30 30 30 30 30 30 30 30 30 30 30 30 30 0D
1779567692560,74 34 35 35 38 45 42 46 46 30 38 30 30 39 46 46 46 30 30 30 30 0D
1779567692587,74 34 35 35 38 45 42 46 46 30 38 30 30 39 46 46 46 30 30 30 30 0D
1779567692603,74 34 35 31 38 30 30 30 30 30 30 30 30 30 30 30 30 30 30 30 30 0D
1779567692616,74 34 35 35 38 45 42 46 46 30 38 30 30 39 46 46 46 30 30 30 30 0D
1779567692620,74 34 35 30 38 30 30 30 30 30 37 30 30 30 30 30 30 45 34 30 35 0D
1779567692628,74 34 35 31 38 30 30 30 30 30 30 30 30 30 30 30 30 30 30 30 30 0D
1779567692643,74 34 35 31 38 30 30 30 30 30 30 30 30 30 30 30 30 30 30 30 30 0D
1779567692652,74 34 35 35 38 45 42 46 46 30 38 30 30 39 46 46 46 30 30 30 30 0D
1779567692666,74 34 35 31 38 30 30 30 30 30 30 30 30 30 30 30 30 30 30 30 30 0D
1779567692672,74 34 35 35 38 45 39 46 46 30 37 30 30 39 46 46 46 30 30 30 30 0D
1779567692676,74 34 35 39 38 35 38 41 34 42 45 31 36 39 41 31 41 30 33 42 37 0D
1779567692686,74 34 35 31 38 30 30 30 30 30 30 30 30 30 30 30 30 30 30 30 30 0D
1779567692697,74 34 35 31 38 30 30 30 30 30 30 30 30 30 30 30 30 30 30 30 30 0D
1779567692708,74 34 35 35 38 45 39 46 46 30 37 30 30 39 46 46 46 30 30 30 30 0D
1779567692717,74 34 35 30 38 30 30 30 30 30 37 30 30 30 30 30 30 45 34 30 35 0D
1779567692732,74 34 35 31 38 30 30 30 30 30 30 30 30 30 30 30 30 30 30 30 30 0D
1779567692744,74 34 35 31 38 30 30 30 30 30 30 30 30 30 30 30 30 30 30 30 30 0D
1779567692756,74 34 35 35 38 45 39 46 46 30 37 30 30 39 46 46 46 30 30 30 30 0D
1779567692762,74 34 35 31 38 30 30 30 30 30 30 30 30 30 30 30 30 30 30 30 30 0D
1779567692766,74 34 35 35 38 45 39 46 46 30 37 30 30 39 46 46 46 30 30 30 30 0D
1779567692773,74 34 35 37 38 30 30 30 30 30 30 30 30 36 34 31 34 30 30 30 30 0D
1779567692790,74 34 35 39 38 35 38 41 34 42 45 31 36 39 36 31 41 30 33 42 37 0D
1779567692798,74 34 35 31 38 30 30 30 30 30 30 30 30 30 30 30 30 30 30 30 30 0D
1779567692810,74 34 35 35 38 45 39 46 46 30 37 30 30 39 46 46 46 30 30 30 30 0D
1779567692822,74 34 35 30 38 30 30 30 30 30 37 30 30 30 30 30 30 45 34 30 35 0D
1779567692827,74 34 35 31 38 30 30 30 30 30 30 30 30 30 30 30 30 30 30 30 30 0D
1779567692842,74 34 35 31 38 30 30 30 30 30 30 30 30 30 30 30 30 30 30 30 30 0D
1779567692856,74 34 35 35 38 45 39 46 46 30 37 30 30 39 46 46 46 30 30 30 30 0D
1779567692861,74 34 35 31 38 30 30 30 30 30 30 30 30 30 30 30 30 30 30 30 30 0D
1779567692873,74 34 35 37 38 30 30 30 30 30 30 30 30 36 34 31 34 30 31 30 30 0D
1779567692895,74 34 35 39 38 35 37 41 34 42 45 31 36 39 34 31 41 30 33 42 37 0D
1779567692903,74 34 35 31 38 30 30 30 30 30 30 30 30 30 30 30 30 30 30 30 30 0D
1779567692909,74 34 35 35 38 45 39 46 46 30 37 30 30 39 46 46 46 30 30 30 30 0D
1779567692918,74 34 35 30 38 30 30 30 30 30 37 30 30 30 30 30 30 45 34 30 35 0D
1779567692932,74 34 35 31 38 30 30 30 30 30 30 30 30 30 30 30 30 30 30 30 30 0D
1779567692939,74 34 35 31 38 30 30 30 30 30 30 30 30 30 30 30 30 30 30 30 30 0D
1779567692959,74 34 35 35 38 45 39 46 46 30 37 30 30 39 46 46 46 30 30 30 30 0D
1779567692967,74 34 35 31 38 30 30 30 30 30 30 30 30 30 30 30 30 30 30 30 30 0D
1779567692976,74 34 35 37 38 30 30 30 30 30 31 30 30 36 34 31 34 30 30 30 30 0D
1779567692983,74 34 35 39 38 35 36 41 34 42 45 31 36 39 33 31 41 30 33 42 37 0D
1779567693002,74 34 35 31 38 30 30 30 30 30 30 30 30 30 30 30 30 30 30 30 30 0D
1779567693011,74 34 35 35 38 45 39 46 46 30 37 30 30 39 46 46 46 30 30 30 30 0D
1779567693023,74 34 35 30 38 30 30 30 30 30 37 30 30 30 30 30 30 45 34 30 35 0D
1779567693032,74 34 35 31 38 30 30 30 30 30 30 30 30 30 30 30 30 30 30 30 30 0D
1779567693040,74 34 35 31 38 30 30 30 30 30 30 30 30 30 30 30 30 30 30 30 30 0D
1779567693054,74 34 35 35 38 45 39 46 46 30 37 30 30 39 46 46 46 30 30 30 30 0D
1779567693060,74 34 35 31 38 30 30 30 30 30 30 30 30 30 30 30 30 30 30 30 30 0D
1779567693078,74 34 35 35 38 45 41 46 46 30 38 30 30 39 45 46 46 30 30 30 30 0D
1779567693084,74 34 35 31 38 30 30 30 30 30 30 30 30 30 30 30 30 30 30 30 30 0D
1779567693104,74 34 35 31 38 30 30 30 30 30 30 30 30 30 30 30 30 30 30 30 30 0D
1779567693114,74 34 35 35 38 45 41 46 46 30 38 30 30 39 45 46 46 30 30 30 30 0D
1779567693123,74 34 35 30 38 30 30 30 30 30 37 30 30 30 30 30 30 45 34 30 35 0D
1779567693130,74 34 35 31 38 30 30 30 30 30 30 30 30 30 30 30 30 30 30 30 30 0D
1779567693140,74 34 35 31 38 30 30 30 30 30 30 30 30 30 30 30 30 30 30 30 30 0D
1779567693154,74 34 35 35 38 45 41 46 46 30 38 30 30 39 45 46 46 30 30 30 30 0D
1779567693161,74 34 35 31 38 30 30 30 30 30 30 30 30 30 30 30 30 30 30 30 30 0D
1779567693179,74 34 35 35 38 45 41 46 46 30 38 30 30 39 45 46 46 30 30 30 30 0D
1779567693186,74 34 35 31 38 30 30 30 30 30 30 30 30 30 30 30 30 30 30 30 30 0D
1779567693193,74 34 35 35 38 45 41 46 46 30 38 30 30 39 45 46 46 30 30 30 30 0D
1779567693198,74 34 35 31 38 30 30 30 30 30 30 30 30 30 30 30 30 30 30 30 30 0D
1779567693207,74 34 35 35 38 45 41 46 46 30 38 30 30 39 45 46 46 30 30 30 30 0D
1779567693220,74 34 35 30 38 30 30 30 30 30 37 30 30 30 30 30 30 45 34 30 35 0D
1779567693233,74 34 35 31 38 30 30 30 30 30 30 30 30 30 30 30 30 30 30 30 30 0D
1779567693242,74 34 35 31 38 30 30 30 30 30 30 30 30 30 30 30 30 30 30 30 30 0D
1779567693250,74 34 35 35 38 45 41 46 46 30 38 30 30 39 45 46 46 30 30 30 30 0D
1779567693258,74 34 35 31 38 30 30 30 30 30 30 30 30 30 30 30 30 30 30 30 30 0D
1779567693268,74 34 35 35 38 45 41 46 46 30 37 30 30 39 46 46 46 30 30 30 30 0D
1779567693273,74 34 35 37 38 30 30 30 30 30 31 30 30 36 34 31 34 30 30 30 30 0D
1779567693286,74 34 35 39 38 35 35 41 34 42 45 31 36 38 43 31 41 30 33 42 37 0D
1779567693299,74 34 35 31 38 30 30 30 30 30 30 30 30 30 30 30 30 30 30 30 30 0D
1779567693311,74 34 35 35 38 45 41 46 46 30 37 30 30 39 46 46 46 30 30 30 30 0D
1779567693316,74 34 35 30 38 30 30 30 30 30 37 30 30 30 30 30 30 45 34 30 35 0D
1779567693332,74 34 35 31 38 30 30 30 30 30 30 30 30 30 30 30 30 30 30 30 30 0D
1779567693340,74 34 35 31 38 30 30 30 30 30 30 30 30 30 30 30 30 30 30 30 30 0D
1779567693348,74 34 35 35 38 45 41 46 46 30 37 30 30 39 46 46 46 30 30 30 30 0D
1779567693362,74 34 35 31 38 30 30 30 30 30 30 30 30 30 30 30 30 30 30 30 30 0D
1779567693377,74 34 35 35 38 45 41 46 46 30 37 30 30 39 46 46 46 30 30 30 30 0D
1779567693383,74 34 35 31 38 30 30 30 30 30 30 30 30 30 30 30 30 30 30 30 30 0D
1779567693389,74 34 35 35 38 45 41 46 46 30 37 30 30 39 46 46 46 30 30 30 30 0D
1779567693398,74 34 35 31 38 30 30 30 30 30 30 30 30 30 30 30 30 30 30 30 30 0D
1779567693415,74 34 35 35 38 45 41 46 46 30 37 30 30 39 46 46 46 30 30 30 30 0D
1779567693420,74 34 35 30 38 30 30 30 30 30 37 30 30 30 30 30 30 45 34 30 35 0D
1779567693427,74 34 35 31 38 30 30 30 30 30 30 30 30 30 30 30 30 30 30 30 30 0D
1779567693438,74 34 35 31 38 30 30 30 30 30 30 30 30 30 30 30 30 30 30 30 30 0D
1779567693454,74 34 35 35 38 45 41 46 46 30 37 30 30 39 46 46 46 30 30 30 30 0D
1779567693461,74 34 35 31 38 30 30 30 30 30 30 30 30 30 30 30 30 30 30 30 30 0D
1779567693469,74 34 35 35 38 45 41 46 46 30 37 30 30 39 45 46 46 30 30 30 30 0D
1779567693478,74 34 35 37 38 30 30 30 30 30 32 30 30 36 34 31 34 30 30 30 30 0D
1779567693485,74 34 35 31 38 30 30 30 30 30 30 30 30 30 30 30 30 30 30 30 30 0D
1779567693499,74 34 35 31 38 30 30 30 30 30 30 30 30 30 30 30 30 30 30 30 30 0D
1779567693509,74 34 35 35 38 45 41 46 46 30 37 30 30 39 45 46 46 30 30 30 30 0D
1779567693519,74 34 35 30 38 30 30 30 30 30 37 30 30 30 30 30 30 45 34 30 35 0D
1779567693529,74 34 35 31 38 30 30 30 30 30 30 30 30 30 30 30 30 30 30 30 30 0D
1779567693542,74 34 35 31 38 30 30 30 30 30 30 30 30 30 30 30 30 30 30 30 30 0D
1779567693549,74 34 35 35 38 45 41 46 46 30 37 30 30 39 45 46 46 30 30 30 30 0D
1779567693561,74 34 35 31 38 30 30 30 30 30 30 30 30 30 30 30 30 30 30 30 30 0D
1779567693586,74 34 35 35 38 45 41 46 46 30 37 30 30 39 45 46 46 30 30 30 30 0D
1779567693609,74 34 35 31 38 30 30 30 30 30 30 30 30 30 30 30 30 30 30 30 30 0D
1779567693622,74 34 35 35 38 45 41 46 46 30 37 30 30 39 45 46 46 30 30 30 30 0D
1779567693627,74 34 35 30 38 30 30 30 30 30 37 30 30 30 30 30 30 45 34 30 35 0D
1779567693629,74 34 35 31 38 30 30 30 30 30 30 30 30 30 30 30 30 30 30 30 30 0D
1779567693638,74 34 35 31 38 30 30 30 30 30 30 30 30 30 30 30 30 30 30 30 30 0D
1779567693655,74 34 35 35 38 45 41 46 46 30 37 30 30 39 45 46 46 30 30 30 30 0D
1779567693663,74 34 35 31 38 30 30 30 30 30 30 30 30 30 30 30 30 30 30 30 30 0D
1779567693673,74 34 35 37 38 30 30 30 30 30 30 30 30 36 34 31 34 30 30 30 30 0D
1779567693687,74 34 35 31 38 30 30 30 30 30 30 30 30 30 30 30 30 30 30 30 30 0D
1779567693706,74 34 35 31 38 30 30 30 30 30 30 30 30 30 30 30 30 30 30 30 30 0D
1779567693716,74 34 35 35 38 45 39 46 46 30 37 30 30 39 46 46 46 30 30 30 30 0D
1779567693723,74 34 35 30 38 30 30 30 30 30 37 30 30 30 30 30 30 45 34 30 35 0D
1779567693732,74 34 35 32 38 38 43 30 30 30 30 30 30 30 30 30 30 32 37 30 30 0D 74 34 35 33 38 39 45 30 30 30 30 30 30 30 30 30 30 30 30 30 30 0D
1779567693736,74 34 35 31 38 30 30 30 30 30 30 30 30 30 30 30 30 30 30 30 30 0D
1779567693752,74 34 35 35 38 45 39 46 46 30 37 30 30 39 46 46 46 30 30 30 30 0D
1779567693773,74 34 35 31 38 30 30 30 30 30 30 30 30 30 30 30 30 30 30 30 30 0D
1779567693776,74 34 35 35 38 45 39 46 46 30 37 30 30 39 46 46 46 30 30 30 30 0D
1779567693780,74 34 35 31 38 30 30 30 30 30 30 30 30 30 30 30 30 30 30 30 30 0D
1779567693787,74 34 35 35 38 45 39 46 46 30 37 30 30 39 46 46 46 30 30 30 30 0D
1779567693795,74 34 35 31 38 30 30 30 30 30 30 30 30 30 30 30 30 30 30 30 30 0D
1779567693808,74 34 35 35 38 45 39 46 46 30 37 30 30 39 46 46 46 30 30 30 30 0D
1779567693820,74 34 35 30 38 30 30 30 30 30 37 30 30 30 30 30 30 45 34 30 35 0D
1779567693838,74 34 35 31 38 30 30 30 30 30 30 30 30 30 30 30 30 30 30 30 30 0D
1779567693843,74 34 35 31 38 30 30 30 30 30 30 30 30 30 30 30 30 30 30 30 30 0D
1779567693860,74 34 35 31 38 30 30 30 30 30 30 30 30 30 30 30 30 30 30 30 30 0D
1779567693875,74 34 35 35 38 45 39 46 46 30 37 30 30 39 45 46 46 30 30 30 30 0D
1779567693881,74 34 35 31 38 30 30 30 30 30 30 30 30 30 30 30 30 30 30 30 30 0D
1779567693889,74 34 35 35 38 45 39 46 46 30 37 30 30 39 45 46 46 30 30 30 30 0D
1779567693897,74 34 35 31 38 30 30 30 30 30 30 30 30 30 30 30 30 30 30 30 30 0D
1779567693911,74 34 35 35 38 45 39 46 46 30 37 30 30 39 45 46 46 30 30 30 30 0D
1779567693921,74 34 35 30 38 30 30 30 30 30 37 30 30 30 30 30 30 45 34 30 35 0D
1779567693925,74 34 35 31 38 30 30 30 30 30 30 30 30 30 30 30 30 30 30 30 30 0D
1779567693939,74 34 35 33 38 39 45 30 30 30 30 30 30 30 30 30 30 30 30 30 30 0D 74 34 35 34 38 30 31 30 30 30 30 30 30 30 30 30 30 30 30 30 30 0D 74 34 35 35 38 45 39 46 46 30 37 30 30 39 45 46 46 30 30 30
1779567693954,74 34 35 31 38 30 30 30 30 30 30 30 30 30 30 30 30 30 30 30 30 0D
1779567693957,74 34 35 31 38 30 30 30 30 30 30 30 30 30 30 30 30 30 30 30 30 0D
1779567693965,74 34 35 35 38 45 39 46 46 30 37 30 30 39 45 46 46 30 30 30 30 0D
1779567693975,74 34 35 37 38 30 30 30 30 30 30 30 30 36 34 31 34 30 30 30 30 0D
1779567693977,74 34 35 31 38 30 30 30 30 30 30 30 30 30 30 30 30 30 30 30 30 0D
1779567693986,74 34 35 35 38 45 39 46 46 30 37 30 30 39 45 46 46 30 30 30 30 0D
1779567693999,74 34 35 31 38 30 30 30 30 30 30 30 30 30 30 30 30 30 30 30 30 0D
1779567694009,74 34 35 35 38 45 39 46 46 30 37 30 30 39 45 46 46 30 30 30 30 0D
1779567694022,74 34 35 30 38 30 30 30 30 30 37 30 30 30 30 30 30 45 34 30 35 0D
1779567694029,74 34 35 31 38 30 30 30 30 30 30 30 30 30 30 30 30 30 30 30 30 0D
1779567694038,74 34 35 31 38 30 30 30 30 30 30 30 30 30 30 30 30 30 30 30 30 0D
1779567694053,74 34 35 35 38 45 39 46 46 30 37 30 30 39 45 46 46 30 30 30 30 0D
1779567694059,74 34 35 31 38 30 30 30 30 30 30 30 30 30 30 30 30 30 30 30 30 0D
1779567694068,74 34 35 35 38 45 41 46 46 30 37 30 30 39 46 46 46 30 30 30 30 0D
1779567694078,74 34 35 37 38 30 30 30 30 30 30 30 30 36 34 31 34 30 30 30 30 0D
1779567694087,74 34 35 31 38 30 30 30 30 30 30 30 30 30 30 30 30 30 30 30 30 0D
1779567694093,74 34 35 35 38 45 41 46 46 30 37 30 30 39 46 46 46 30 30 30 30 0D
1779567694102,74 34 35 31 38 30 30 30 30 30 30 30 30 30 30 30 30 30 30 30 30 0D
1779567694109,74 34 35 35 38 45 41 46 46 30 37 30 30 39 46 46 46 30 30 30 30 0D
1779567694120,74 34 35 30 38 30 30 30 30 30 37 30 30 30 30 30 30 45 34 30 35 0D
1779567694140,74 34 35 32 38 38 43 30 30 30 30 30 30 30 30 30 30 32 37 30 30 0D 74 34 35 33 38 39 45 30 30 30 30 30 30 30 30 30 30 30 30 30 30 0D
1779567694148,74 34 35 31 38 30 30 30 30 30 30 30 30 30 30 30 30 30 30 30 30 0D
1779567694158,74 34 35 31 38 30 30 30 30 30 30 30 30 30 30 30 30 30 30 30 30 0D
1779567694188,74 34 35 35 38 45 41 46 46 30 37 30 30 39 46 46 46 30 30 30 30 0D
1779567694201,74 34 35 31 38 30 30 30 30 30 30 30 30 30 30 30 30 30 30 30 30 0D
1779567694208,74 34 35 35 38 45 41 46 46 30 37 30 30 39 46 46 46 30 30 30 30 0D
1779567694222,74 34 35 30 38 30 30 30 30 30 37 30 30 30 30 30 30 45 34 30 35 0D
1779567694237,74 34 35 32 38 38 43 30 30 30 30 30 30 30 30 30 30 32 37 30 30 0D
1779567694250,74 34 35 35 38 45 41 46 46 30 37 30 30 39 46 46 46 30 30 30 30 0D
1779567694257,74 34 35 31 38 30 30 30 30 30 30 30 30 30 30 30 30 30 30 30 30 0D
1779567694288,74 34 35 35 38 45 41 46 46 30 37 30 30 39 45 46 46 30 30 30 30 0D
1779567694304,74 34 35 31 38 30 30 30 30 30 30 30 30 30 30 30 30 30 30 30 30 0D
1779567694311,74 34 35 35 38 45 41 46 46 30 37 30 30 39 45 46 46 30 30 30 30 0D
1779567694321,74 34 35 30 38 30 30 30 30 30 37 30 30 30 30 30 30 45 34 30 35 0D
1779567694335,74 34 35 31 38 30 30 30 30 30 30 30 30 30 30 30 30 30 30 30 30 0D
1779567694339,74 34 35 31 38 30 30 30 30 30 30 30 30 30 30 30 30 30 30 30 30 0D
1779567694356,74 34 35 31 38 30 30 30 30 30 30 30 30 30 30 30 30 30 30 30 30 0D
1779567694385,74 34 35 35 38 45 41 46 46 30 37 30 30 39 45 46 46 30 30 30 30 0D
1779567694394,74 34 35 31 38 30 30 30 30 30 30 30 30 30 30 30 30 30 30 30 30 0D
1779567694400,74 34 35 31 38 30 30 30 30 30 30 30 30 30 30 30 30 30 30 30 30 0D
1779567694408,74 34 35 35 38 45 41 46 46 30 37 30 30 39 45 46 46 30 30 30 30 0D
1779567694421,74 34 35 30 38 30 30 30 30 30 37 30 30 30 30 30 30 45 34 30 35 0D
1779567694433,74 34 35 31 38 30 30 30 30 30 30 30 30 30 30 30 30 30 30 30 30 0D
1779567694438,74 34 35 31 38 30 30 30 30 30 30 30 30 30 30 30 30 30 30 30 30 0D
1779567694453,74 34 35 35 38 45 41 46 46 30 37 30 30 39 45 46 46 30 30 30 30 0D
1779567694461,74 34 35 31 38 30 30 30 30 30 30 30 30 30 30 30 30 30 30 30 30 0D
1779567694474,74 34 35 35 38 45 42 46 46 30 37 30 30 39 45 46 46 30 30 30 30 0D
1779567694480,74 34 35 31 38 30 30 30 30 30 30 30 30 30 30 30 30 30 30 30 30 0D
1779567694488,74 34 35 35 38 45 42 46 46 30 37 30 30 39 45 46 46 30 30 30 30 0D
1779567694500,74 34 35 31 38 30 30 30 30 30 30 30 30 30 30 30 30 30 30 30 30 0D
1779567694512,74 34 35 35 38 45 42 46 46 30 37 30 30 39 45 46 46 30 30 30 30 0D
1779567694524,74 34 35 30 38 30 30 30 30 30 37 30 30 30 30 30 30 45 34 30 35 0D
1779567694534,74 34 35 31 38 30 30 30 30 30 30 30 30 30 30 30 30 30 30 30 30 0D
1779567694538,74 34 35 31 38 30 30 30 30 30 30 30 30 30 30 30 30 30 30 30 30 0D
1779567694552,74 34 35 35 38 45 42 46 46 30 37 30 30 39 45 46 46 30 30 30 30 0D
1779567694559,74 34 35 31 38 30 30 30 30 30 30 30 30 30 30 30 30 30 30 30 30 0D
1779567694579,74 34 35 35 38 45 42 46 46 30 37 30 30 39 45 46 46 30 30 30 30 0D
1779567694585,74 34 35 31 38 30 30 30 30 30 30 30 30 30 30 30 30 30 30 30 30 0D
1779567694601,74 34 35 31 38 30 30 30 30 30 30 30 30 30 30 30 30 30 30 30 30 0D
1779567694607,74 34 35 35 38 45 42 46 46 30 37 30 30 39 45 46 46 30 30 30 30 0D
1779567694618,74 34 35 30 38 30 30 30 30 30 37 30 30 30 30 30 30 45 34 30 35 0D
1779567694633,74 34 35 31 38 30 30 30 30 30 30 30 30 30 30 30 30 30 30 30 30 0D
1779567694640,74 34 35 31 38 30 30 30 30 30 30 30 30 30 30 30 30 30 30 30 30 0D
1779567694656,74 34 35 35 38 45 42 46 46 30 37 30 30 39 45 46 46 30 30 30 30 0D
1779567694662,74 34 35 31 38 30 30 30 30 30 30 30 30 30 30 30 30 30 30 30 30 0D
1779567694690,74 34 35 35 38 45 41 46 46 30 37 30 30 41 30 46 46 30 30 30 30 0D
1779567694704,74 34 35 31 38 30 30 30 30 30 30 30 30 30 30 30 30 30 30 30 30 0D
1779567694716,74 34 35 35 38 45 41 46 46 30 37 30 30 41 30 46 46 30 30 30 30 0D
1779567694718,74 34 35 30 38 30 30 30 30 30 37 30 30 30 30 30 30 45 34 30 35 0D
1779567694729,74 34 35 31 38 30 30 30 30 30 30 30 30 30 30 30 30 30 30 30 30 0D
1779567694743,74 34 35 31 38 30 30 30 30 30 30 30 30 30 30 30 30 30 30 30 30 0D
1779567694756,74 34 35 36 38 45 44 46 46 30 37 30 30 30 34 30 30 30 30 30 30 0D
1779567694762,74 34 35 31 38 30 30 30 30 30 30 30 30 30 30 30 30 30 30 30 30 0D
1779567694767,74 34 35 35 38 45 41 46 46 30 37 30 30 41 30 46 46 30 30 30 30 0D
1779567694771,74 34 35 37 38 30 30 30 30 30 30 30 30 36 34 31 34 30 30 30 30 0D
1779567694782,74 34 35 39 38 35 42 41 34 42 45 31 36 36 32 31 41 30 33 42 37 0D
1779567694789,74 34 35 35 38 45 41 46 46 30 37 30 30 41 30 46 46 30 30 30 30 0D
1779567694802,74 34 35 31 38 30 30 30 30 30 30 30 30 30 30 30 30 30 30 30 30 0D
1779567694809,74 34 35 35 38 45 41 46 46 30 37 30 30 41 30 46 46 30 30 30 30 0D
1779567694822,74 34 35 30 38 30 30 30 30 30 37 30 30 30 30 30 30 45 34 30 35 0D
1779567694833,74 34 35 31 38 30 30 30 30 30 30 30 30 30 30 30 30 30 30 30 30 0D
1779567694839,74 34 35 31 38 30 30 30 30 30 30 30 30 30 30 30 30 30 30 30 30 0D
1779567694849,74 34 35 35 38 45 41 46 46 30 37 30 30 41 30 46 46 30 30 30 30 0D
1779567694860,74 34 35 31 38 30 30 30 30 30 30 30 30 30 30 30 30 30 30 30 30 0D
1779567694878,74 34 35 35 38 45 42 46 46 30 38 30 30 39 46 46 46 30 30 30 30 0D
1779567694890,74 34 35 31 38 30 30 30 30 30 30 30 30 30 30 30 30 30 30 30 30 0D
1779567694899,74 34 35 31 38 30 30 30 30 30 30 30 30 30 30 30 30 30 30 30 30 0D
1779567694909,74 34 35 35 38 45 42 46 46 30 38 30 30 39 46 46 46 30 30 30 30 0D
1779567694921,74 34 35 30 38 30 30 30 30 30 37 30 30 30 30 30 30 45 34 30 35 0D
1779567694932,74 34 35 31 38 30 30 30 30 30 30 30 30 30 30 30 30 30 30 30 30 0D
1779567694939,74 34 35 31 38 30 30 30 30 30 30 30 30 30 30 30 30 30 30 30 30 0D
1779567694950,74 34 35 35 38 45 42 46 46 30 38 30 30 39 46 46 46 30 30 30 30 0D
1779567694959,74 34 35 31 38 30 30 30 30 30 30 30 30 30 30 30 30 30 30 30 30 0D
1779567694969,74 34 35 35 38 45 42 46 46 30 38 30 30 39 46 46 46 30 30 30 30 0D
1779567694981,74 34 35 39 38 35 43 41 34 42 45 31 36 35 46 31 41 30 33 42 37 0D
1779567694989,74 34 35 31 38 30 30 30 30 30 30 30 30 30 30 30 30 30 30 30 30 0D
1779567695001,74 34 35 31 38 30 30 30 30 30 30 30 30 30 30 30 30 30 30 30 30 0D
1779567695015,74 34 35 35 38 45 42 46 46 30 38 30 30 39 46 46 46 30 30 30 30 0D
1779567695019,74 34 35 30 38 30 30 30 30 30 37 30 30 30 30 30 30 45 34 30 35 0D
1779567695030,74 34 35 31 38 30 30 30 30 30 30 30 30 30 30 30 30 30 30 30 30 0D
1779567695038,74 34 35 31 38 30 30 30 30 30 30 30 30 30 30 30 30 30 30 30 30 0D
1779567695051,74 34 35 35 38 45 42 46 46 30 38 30 30 39 46 46 46 30 30 30 30 0D
1779567695056,74 34 35 31 38 30 30 30 30 30 30 30 30 30 30 30 30 30 30 30 30 0D
1779567695070,74 34 35 35 38 45 42 46 46 30 37 30 30 39 46 46 46 30 30 30 30 0D
1779567695076,74 34 35 37 38 30 30 30 30 30 30 30 30 36 34 31 34 30 30 30 30 0D
1779567695082,74 34 35 31 38 30 30 30 30 30 30 30 30 30 30 30 30 30 30 30 30 0D
1779567695091,74 34 35 35 38 45 42 46 46 30 37 30 30 39 46 46 46 30 30 30 30 0D
1779567695098,74 34 35 31 38 30 30 30 30 30 30 30 30 30 30 30 30 30 30 30 30 0D
1779567695110,74 34 35 35 38 45 42 46 46 30 37 30 30 39 46 46 46 30 30 30 30 0D
1779567695121,74 34 35 30 38 30 30 30 30 30 37 30 30 30 30 30 30 45 34 30 35 0D
1779567695133,74 34 35 31 38 30 30 30 30 30 30 30 30 30 30 30 30 30 30 30 30 0D
1779567695140,74 34 35 31 38 30 30 30 30 30 30 30 30 30 30 30 30 30 30 30 30 0D
1779567695150,74 34 35 35 38 45 42 46 46 30 37 30 30 39 46 46 46 30 30 30 30 0D
1779567695158,74 34 35 31 38 30 30 30 30 30 30 30 30 30 30 30 30 30 30 30 30 0D
1779567695177,74 34 35 35 38 45 42 46 46 30 37 30 30 39 46 46 46 30 30 30 30 0D
1779567695185,74 34 35 31 38 30 30 30 30 30 30 30 30 30 30 30 30 30 30 30 30 0D
1779567695191,74 34 35 35 38 45 42 46 46 30 37 30 30 39 46 46 46 30 30 30 30 0D
1779567695201,74 34 35 31 38 30 30 30 30 30 30 30 30 30 30 30 30 30 30 30 30 0D
1779567695208,74 34 35 35 38 45 42 46 46 30 37 30 30 39 46 46 46 30 30 30 30 0D
1779567695219,74 34 35 30 38 30 30 30 30 30 37 30 30 30 30 30 30 45 34 30 35 0D
1779567695235,74 34 35 31 38 30 30 30 30 30 30 30 30 30 30 30 30 30 30 30 30 0D
1779567695239,74 34 35 31 38 30 30 30 30 30 30 30 30 30 30 30 30 30 30 30 30 0D
1779567695263,74 34 35 35 38 45 42 46 46 30 37 30 30 39 46 46 46 30 30 30 30 0D
1779567695279,74 34 35 35 38 45 42 46 46 30 37 30 30 39 46 46 46 30 30 30 30 0D
1779567695285,74 34 35 31 38 30 30 30 30 30 30 30 30 30 30 30 30 30 30 30 30 0D
1779567695289,74 34 35 35 38 45 42 46 46 30 37 30 30 39 46 46 46 30 30 30 30 0D
1779567695307,74 34 35 31 38 30 30 30 30 30 30 30 30 30 30 30 30 30 30 30 30 0D
1779567695314,74 34 35 35 38 45 42 46 46 30 37 30 30 39 46 46 46 30 30 30 30 0D
1779567695317,74 34 35 30 38 30 30 30 30 30 37 30 30 30 30 30 30 45 34 30 35 0D
1779567695330,74 34 35 31 38 30 30 30 30 30 30 30 30 30 30 30 30 30 30 30 30 0D
1779567695338,74 34 35 31 38 30 30 30 30 30 30 30 30 30 30 30 30 30 30 30 30 0D
1779567695351,74 34 35 35 38 45 42 46 46 30 37 30 30 39 46 46 46 30 30 30 30 0D
1779567695363,74 34 35 31 38 30 30 30 30 30 30 30 30 30 30 30 30 30 30 30 30 0D
1779567695394,74 34 35 35 38 45 42 46 46 30 37 30 30 39 46 46 46 30 30 30 30 0D
1779567695400,74 34 35 31 38 30 30 30 30 30 30 30 30 30 30 30 30 30 30 30 30 0D
1779567695414,74 34 35 35 38 45 42 46 46 30 37 30 30 39 46 46 46 30 30 30 30 0D
1779567695418,74 34 35 30 38 30 30 30 30 30 37 30 30 30 30 30 30 45 34 30 35 0D
1779567695431,74 34 35 31 38 30 30 30 30 30 30 30 30 30 30 30 30 30 30 30 30 0D
1779567695441,74 34 35 31 38 30 30 30 30 30 30 30 30 30 30 30 30 30 30 30 30 0D
1779567695449,74 34 35 35 38 45 42 46 46 30 37 30 30 39 46 46 46 30 30 30 30 0D
1779567695456,74 34 35 31 38 30 30 30 30 30 30 30 30 30 30 30 30 30 30 30 30 0D
1779567695469,74 34 35 35 38 45 41 46 46 30 37 30 30 39 46 46 46 30 30 30 30 0D
1779567695482,74 34 35 37 38 30 30 30 30 30 31 30 30 36 34 31 34 30 30 30 30 0D
1779567695488,74 34 35 31 38 30 30 30 30 30 30 30 30 30 30 30 30 30 30 30 30 0D
1779567695503,74 34 35 31 38 30 30 30 30 30 30 30 30 30 30 30 30 30 30 30 30 0D
1779567695509,74 34 35 36 38 45 45 46 46 30 37 30 30 30 34 30 30 30 30 30 30 0D
1779567695520,74 34 35 30 38 30 30 30 30 30 37 30 30 30 30 30 30 45 34 30 35 0D
1779567695536,74 34 35 31 38 30 30 30 30 30 30 30 30 30 30 30 30 30 30 30 30 0D
1779567695544,74 34 35 31 38 30 30 30 30 30 30 30 30 30 30 30 30 30 30 30 30 0D
1779567695549,74 34 35 35 38 45 41 46 46 30 37 30 30 39 46 46 46 30 30 30 30 0D
1779567695558,74 34 35 31 38 30 30 30 30 30 30 30 30 30 30 30 30 30 30 30 30 0D
1779567695568,74 34 35 35 38 45 41 46 46 30 37 30 30 39 46 46 46 30 30 30 30 0D
1779567695579,74 34 35 31 38 30 30 30 30 30 30 30 30 30 30 30 30 30 30 30 30 0D
1779567695589,74 34 35 35 38 45 41 46 46 30 37 30 30 39 46 46 46 30 30 30 30 0D
1779567695599,74 34 35 31 38 30 30 30 30 30 30 30 30 30 30 30 30 30 30 30 30 0D
1779567695614,74 34 35 35 38 45 41 46 46 30 37 30 30 39 46 46 46 30 30 30 30 0D
1779567695619,74 34 35 30 38 30 30 30 30 30 37 30 30 30 30 30 30 45 34 30 35 0D
1779567695638,74 34 35 31 38 30 30 30 30 30 30 30 30 30 30 30 30 30 30 30 30 0D
1779567695644,74 34 35 31 38 30 30 30 30 30 30 30 30 30 30 30 30 30 30 30 30 0D
1779567695668,74 34 35 31 38 30 30 30 30 30 30 30 30 30 30 30 30 30 30 30 30 0D
1779567695681,74 34 35 35 38 45 41 46 46 30 37 30 30 39 46 46 46 30 30 30 30 0D
1779567695689,74 34 35 31 38 30 30 30 30 30 30 30 30 30 30 30 30 30 30 30 30 0D
1779567695699,74 34 35 31 38 30 30 30 30 30 30 30 30 30 30 30 30 30 30 30 30 0D
1779567695709,74 34 35 35 38 45 41 46 46 30 37 30 30 39 46 46 46 30 30 30 30 0D
1779567695719,74 34 35 30 38 30 30 30 30 30 37 30 30 30 30 30 30 45 34 30 35 0D
1779567695737,74 34 35 31 38 30 30 30 30 30 30 30 30 30 30 30 30 30 30 30 30 0D
1779567695744,74 34 35 31 38 30 30 30 30 30 30 30 30 30 30 30 30 30 30 30 30 0D
1779567695752,74 34 35 35 38 45 41 46 46 30 37 30 30 39 46 46 46 30 30 30 30 0D
1779567695765,74 34 35 31 38 30 30 30 30 30 30 30 30 30 30 30 30 30 30 30 30 0D
1779567695781,74 34 35 35 38 45 41 46 46 30 37 30 30 39 46 46 46 30 30 30 30 0D
1779567695787,74 34 35 35 38 45 41 46 46 30 37 30 30 39 46 46 46 30 30 30 30 0D
1779567695797,74 34 35 31 38 30 30 30 30 30 30 30 30 30 30 30 30 30 30 30 30 0D
1779567695813,74 34 35 35 38 45 41 46 46 30 37 30 30 39 46 46 46 30 30 30 30 0D
1779567695820,74 34 35 30 38 30 30 30 30 30 37 30 30 30 30 30 30 45 34 30 35 0D
1779567695830,74 34 35 31 38 30 30 30 30 30 30 30 30 30 30 30 30 30 30 30 30 0D
1779567695839,74 34 35 31 38 30 30 30 30 30 30 30 30 30 30 30 30 30 30 30 30 0D
1779567695854,74 34 35 35 38 45 41 46 46 30 37 30 30 39 46 46 46 30 30 30 30 0D
1779567695862,74 34 35 31 38 30 30 30 30 30 30 30 30 30 30 30 30 30 30 30 30 0D
1779567695890,74 34 35 35 38 45 41 46 46 30 37 30 30 39 46 46 46 30 30 30 30 0D
1779567695901,74 34 35 31 38 30 30 30 30 30 30 30 30 30 30 30 30 30 30 30 30 0D
1779567695913,74 34 35 35 38 45 41 46 46 30 37 30 30 39 46 46 46 30 30 30 30 0D
1779567695920,74 34 35 30 38 30 30 30 30 30 37 30 30 30 30 30 30 45 34 30 35 0D
1779567695932,74 34 35 31 38 30 30 30 30 30 30 30 30 30 30 30 30 30 30 30 30 0D
1779567695939,74 34 35 31 38 30 30 30 30 30 30 30 30 30 30 30 30 30 30 30 30 0D
1779567695952,74 34 35 35 38 45 39 46 46 30 37 30 30 39 45 46 46 30 30 30 30 0D
1779567695956,74 34 35 31 38 30 30 30 30 30 30 30 30 30 30 30 30 30 30 30 30 0D
1779567696000,74 34 35 35 38 45 39 46 46 30 37 30 30 39 45 46 46 30 30 30 30 0D
1779567696011,74 34 35 31 38 30 30 30 30 30 30 30 30 30 30 30 30 30 30 30 30 0D
1779567696018,74 34 35 30 38 30 30 30 30 30 37 30 30 30 30 30 30 45 34 30 35 0D
1779567696037,74 34 35 31 38 30 30 30 30 30 30 30 30 30 30 30 30 30 30 30 30 0D
1779567696043,74 34 35 31 38 30 30 30 30 30 30 30 30 30 30 30 30 30 30 30 30 0D
1779567696062,74 34 35 31 38 30 30 30 30 30 30 30 30 30 30 30 30 30 30 30 30 0D
1779567696081,74 34 35 35 38 45 41 46 46 30 37 30 30 39 45 46 46 30 30 30 30 0D
1779567696086,74 34 35 31 38 30 30 30 30 30 30 30 30 30 30 30 30 30 30 30 30 0D
1779567696104,74 34 35 31 38 30 30 30 30 30 30 30 30 30 30 30 30 30 30 30 30 0D
1779567696111,74 34 35 35 38 45 41 46 46 30 37 30 30 39 45 46 46 30 30 30 30 0D
1779567696118,74 34 35 30 38 30 30 30 30 30 37 30 30 30 30 30 30 45 34 30 35 0D
1779567696130,74 34 35 31 38 30 30 30 30 30 30 30 30 30 30 30 30 30 30 30 30 0D
1779567696137,74 34 35 31 38 30 30 30 30 30 30 30 30 30 30 30 30 30 30 30 30 0D
1779567696151,74 34 35 35 38 45 41 46 46 30 37 30 30 39 45 46 46 30 30 30 30 0D
1779567696162,74 34 35 31 38 30 30 30 30 30 30 30 30 30 30 30 30 30 30 30 30 0D
1779567696192,74 34 35 35 38 45 41 46 46 30 37 30 30 39 45 46 46 30 30 30 30 0D
1779567696197,74 34 35 31 38 30 30 30 30 30 30 30 30 30 30 30 30 30 30 30 30 0D
1779567696213,74 34 35 35 38 45 41 46 46 30 37 30 30 39 45 46 46 30 30 30 30 0D
1779567696220,74 34 35 30 38 30 30 30 30 30 37 30 30 30 30 30 30 45 34 30 35 0D
1779567696231,74 34 35 31 38 30 30 30 30 30 30 30 30 30 30 30 30 30 30 30 30 0D
1779567696235,74 34 35 31 38 30 30 30 30 30 30 30 30 30 30 30 30 30 30 30 30 0D
1779567696248,74 34 35 35 38 45 41 46 46 30 37 30 30 39 45 46 46 30 30 30 30 0D
1779567696263,74 34 35 31 38 30 30 30 30 30 30 30 30 30 30 30 30 30 30 30 30 0D
1779567696278,74 34 35 35 38 45 41 46 46 30 37 30 30 39 46 46 46 30 30 30 30 0D
1779567696289,74 34 35 35 38 45 41 46 46 30 37 30 30 39 46 46 46 30 30 30 30 0D
1779567696300,74 34 35 31 38 30 30 30 30 30 30 30 30 30 30 30 30 30 30 30 30 0D
1779567696311,74 34 35 35 38 45 41 46 46 30 37 30 30 39 46 46 46 30 30 30 30 0D
1779567696317,74 34 35 30 38 30 30 30 30 30 37 30 30 30 30 30 30 45 34 30 35 0D
1779567696329,74 34 35 31 38 30 30 30 30 30 30 30 30 30 30 30 30 30 30 30 30 0D
1779567696336,74 34 35 31 38 30 30 30 30 30 30 30 30 30 30 30 30 30 30 30 30 0D
1779567696349,74 34 35 35 38 45 41 46 46 30 37 30 30 39 46 46 46 30 30 30 30 0D
1779567696360,74 34 35 31 38 30 30 30 30 30 30 30 30 30 30 30 30 30 30 30 30 0D
1779567696390,74 34 35 35 38 45 41 46 46 30 37 30 30 39 46 46 46 30 30 30 30 0D
1779567696396,74 34 35 31 38 30 30 30 30 30 30 30 30 30 30 30 30 30 30 30 30 0D
1779567696410,74 34 35 35 38 45 41 46 46 30 37 30 30 39 46 46 46 30 30 30 30 0D
1779567696416,74 34 35 30 38 30 30 30 30 30 37 30 30 30 30 30 30 45 34 30 35 0D
1779567696432,74 34 35 31 38 30 30 30 30 30 30 30 30 30 30 30 30 30 30 30 30 0D
1779567696443,74 34 35 31 38 30 30 30 30 30 30 30 30 30 30 30 30 30 30 30 30 0D
1779567696451,74 34 35 35 38 45 41 46 46 30 37 30 30 39 46 46 46 30 30 30 30 0D
1779567696459,74 34 35 31 38 30 30 30 30 30 30 30 30 30 30 30 30 30 30 30 30 0D
1779567696487,74 34 35 35 38 45 41 46 46 30 37 30 30 39 46 46 46 30 30 30 30 0D
1779567696502,74 34 35 31 38 30 30 30 30 30 30 30 30 30 30 30 30 30 30 30 30 0D
1779567696516,74 34 35 35 38 45 41 46 46 30 37 30 30 39 46 46 46 30 30 30 30 0D
1779567696526,74 34 35 30 38 30 30 30 30 30 37 30 30 30 30 30 30 45 34 30 35 0D
1779567696534,74 34 35 32 38 38 43 30 30 30 30 30 30 30 30 30 30 32 37 30 30 0D
1779567696542,74 34 35 31 38 30 30 30 30 30 30 30 30 30 30 30 30 30 30 30 30 0D
1779567696548,74 34 35 35 38 45 41 46 46 30 37 30 30 39 46 46 46 30 30 30 30 0D
1779567696560,74 34 35 31 38 30 30 30 30 30 30 30 30 30 30 30 30 30 30 30 30 0D
1779567696577,74 34 35 35 38 45 41 46 46 30 37 30 30 39 46 46 46 30 30 30 30 0D
1779567696584,74 34 35 31 38 30 30 30 30 30 30 30 30 30 30 30 30 30 30 30 30 0D
1779567696608,74 34 35 31 38 30 30 30 30 30 30 30 30 30 30 30 30 30 30 30 30 0D
1779567696611,74 34 35 35 38 45 41 46 46 30 37 30 30 39 46 46 46 30 30 30 30 0D
1779567696616,74 34 35 30 38 30 30 30 30 30 37 30 30 30 30 30 30 45 34 30 35 0D
1779567696630,74 34 35 31 38 30 30 30 30 30 30 30 30 30 30 30 30 30 30 30 30 0D
1779567696636,74 34 35 31 38 30 30 30 30 30 30 30 30 30 30 30 30 30 30 30 30 0D
1779567696647,74 34 35 35 38 45 41 46 46 30 37 30 30 39 46 46 46 30 30 30 30 0D
1779567696660,74 34 35 31 38 30 30 30 30 30 30 30 30 30 30 30 30 30 30 30 30 0D
1779567696668,74 34 35 35 38 45 41 46 46 30 37 30 30 39 46 46 46 30 30 30 30 0D
1779567696676,74 34 35 37 38 30 30 30 30 30 30 30 30 36 34 31 34 30 30 30 30 0D
1779567696702,74 34 35 31 38 30 30 30 30 30 30 30 30 30 30 30 30 30 30 30 30 0D
1779567696711,74 34 35 35 38 45 41 46 46 30 37 30 30 39 46 46 46 30 30 30 30 0D
1779567696719,74 34 35 30 38 30 30 30 30 30 37 30 30 30 30 30 30 45 34 30 35 0D
1779567696730,74 34 35 31 38 30 30 30 30 30 30 30 30 30 30 30 30 30 30 30 30 0D
1779567696737,74 34 35 31 38 30 30 30 30 30 30 30 30 30 30 30 30 30 30 30 30 0D
1779567696747,74 34 35 35 38 45 41 46 46 30 37 30 30 39 46 46 46 30 30 30 30 0D
1779567696759,74 34 35 31 38 30 30 30 30 30 30 30 30 30 30 30 30 30 30 30 30 0D
1779567696782,74 34 35 35 38 45 41 46 46 30 37 30 30 39 46 46 46 30 30 30 30 0D
1779567696789,74 34 35 31 38 30 30 30 30 30 30 30 30 30 30 30 30 30 30 30 30 0D
1779567696793,74 34 35 36 38 45 44 46 46 30 37 30 30 30 34 30 30 30 30 30 30 0D
1779567696798,74 34 35 31 38 30 30 30 30 30 30 30 30 30 30 30 30 30 30 30 30 0D
1779567696817,74 34 35 35 38 45 41 46 46 30 37 30 30 39 46 46 46 30 30 30 30 0D
1779567696823,74 34 35 30 38 30 30 30 30 30 37 30 30 30 30 30 30 45 34 30 35 0D
1779567696827,74 34 35 31 38 30 30 30 30 30 30 30 30 30 30 30 30 30 30 30 30 0D
1779567696839,74 34 35 31 38 30 30 30 30 30 30 30 30 30 30 30 30 30 30 30 30 0D
1779567696849,74 34 35 35 38 45 41 46 46 30 37 30 30 39 46 46 46 30 30 30 30 0D
1779567696861,74 34 35 31 38 30 30 30 30 30 30 30 30 30 30 30 30 30 30 30 30 0D
1779567696879,74 34 35 35 38 45 41 46 46 30 37 30 30 39 45 46 46 30 30 30 30 0D
1779567696891,74 34 35 31 38 30 30 30 30 30 30 30 30 30 30 30 30 30 30 30 30 0D
1779567696896,74 34 35 31 38 30 30 30 30 30 30 30 30 30 30 30 30 30 30 30 30 0D
1779567696909,74 34 35 35 38 45 41 46 46 30 37 30 30 39 45 46 46 30 30 30 30 0D
1779567696918,74 34 35 30 38 30 30 30 30 30 37 30 30 30 30 30 30 45 34 30 35 0D
1779567696931,74 34 35 31 38 30 30 30 30 30 30 30 30 30 30 30 30 30 30 30 30 0D
1779567696942,74 34 35 31 38 30 30 30 30 30 30 30 30 30 30 30 30 30 30 30 30 0D
1779567696947,74 34 35 35 38 45 41 46 46 30 37 30 30 39 45 46 46 30 30 30 30 0D
1779567696959,74 34 35 31 38 30 30 30 30 30 30 30 30 30 30 30 30 30 30 30 30 0D
1779567696994,74 34 35 35 38 45 41 46 46 30 37 30 30 39 45 46 46 30 30 30 30 0D
1779567697001,74 34 35 31 38 30 30 30 30 30 30 30 30 30 30 30 30 30 30 30 30 0D
1779567697008,74 34 35 35 38 45 41 46 46 30 37 30 30 39 45 46 46 30 30 30 30 0D
1779567697017,74 34 35 30 38 30 30 30 30 30 37 30 30 30 30 30 30 45 34 30 35 0D
1779567697028,74 34 35 31 38 30 30 30 30 30 30 30 30 30 30 30 30 30 30 30 30 0D
1779567697042,74 34 35 31 38 30 30 30 30 30 30 30 30 30 30 30 30 30 30 30 30 0D
1779567697048,74 34 35 35 38 45 41 46 46 30 37 30 30 39 45 46 46 30 30 30 30 0D
1779567697058,74 34 35 31 38 30 30 30 30 30 30 30 30 30 30 30 30 30 30 30 30 0D
1779567697094,74 34 35 35 38 45 41 46 46 30 37 30 30 39 46 46 46 30 30 30 30 0D
1779567697101,74 34 35 31 38 30 30 30 30 30 30 30 30 30 30 30 30 30 30 30 30 0D
1779567697110,74 34 35 35 38 45 41 46 46 30 37 30 30 39 46 46 46 30 30 30 30 0D
1779567697124,74 34 35 30 38 30 30 30 30 30 37 30 30 30 30 30 30 45 34 30 35 0D
1779567697128,74 34 35 31 38 30 30 30 30 30 30 30 30 30 30 30 30 30 30 30 30 0D
1779567697140,74 34 35 31 38 30 30 30 30 30 30 30 30 30 30 30 30 30 30 30 30 0D
1779567697160,74 34 35 35 38 45 41 46 46 30 37 30 30 39 46 46 46 30 30 30 30 0D
1779567697167,74 34 35 31 38 30 30 30 30 30 30 30 30 30 30 30 30 30 30 30 30 0D
1779567697183,74 34 35 37 38 30 30 30 30 30 30 30 30 36 34 31 34 30 30 30 30 0D
1779567697199,74 34 35 31 38 30 30 30 30 30 30 30 30 30 30 30 30 30 30 30 30 0D
1779567697206,74 34 35 35 38 45 41 46 46 30 37 30 30 39 46 46 46 30 30 30 30 0D
1779567697226,74 34 35 30 38 30 30 30 30 30 37 30 30 30 30 30 30 45 34 30 35 0D
1779567697234,74 34 35 31 38 30 30 30 30 30 30 30 30 30 30 30 30 30 30 30 30 0D
1779567697241,74 34 35 31 38 30 30 30 30 30 30 30 30 30 30 30 30 30 30 30 30 0D
1779567697259,74 34 35 31 38 30 30 30 30 30 30 30 30 30 30 30 30 30 30 30 30 0D
1779567697270,74 34 35 37 38 30 30 30 30 30 31 30 30 36 34 31 34 30 30 30 30 0D
1779567697278,74 34 35 39 38 36 32 41 34 42 45 31 36 34 30 31 41 30 33 42 37 0D
1779567697285,74 34 35 31 38 30 30 30 30 30 30 30 30 30 30 30 30 30 30 30 30 0D
1779567697306,74 34 35 31 38 30 30 30 30 30 30 30 30 30 30 30 30 30 30 30 30 0D
1779567697314,74 34 35 35 38 45 42 46 46 30 36 30 30 39 46 46 46 30 30 30 30 0D
1779567697324,74 34 35 30 38 30 30 30 30 30 37 30 30 30 30 30 30 45 34 30 35 0D
1779567697343,74 34 35 31 38 30 30 30 30 30 30 30 30 30 30 30 30 30 30 30 30 0D
1779567697350,74 34 35 35 38 45 42 46 46 30 36 30 30 39 46 46 46 30 30 30 30 0D
1779567697357,74 34 35 31 38 30 30 30 30 30 30 30 30 30 30 30 30 30 30 30 30 0D
1779567697362,74 34 35 35 38 45 42 46 46 30 36 30 30 39 46 46 46 30 30 30 30 0D
1779567697368,74 34 35 37 38 30 30 30 30 30 30 30 30 36 34 31 34 30 30 30 30 0D
1779567697372,74 34 35 39 38 36 32 41 34 42 45 31 36 33 45 31 41 30 33 42 37 0D
1779567697379,74 34 35 31 38 30 30 30 30 30 30 30 30 30 30 30 30 30 30 30 30 0D
1779567697388,74 34 35 36 38 45 44 46 46 30 38 30 30 30 34 30 30 30 30 30 30 0D
1779567697404,74 34 35 31 38 30 30 30 30 30 30 30 30 30 30 30 30 30 30 30 30 0D
1779567697409,74 34 35 35 38 45 42 46 46 30 36 30 30 39 46 46 46 30 30 30 30 0D
1779567697417,74 34 35 30 38 30 30 30 30 30 37 30 30 30 30 30 30 45 34 30 35 0D
1779567697429,74 34 35 31 38 30 30 30 30 30 30 30 30 30 30 30 30 30 30 30 30 0D
1779567697442,74 34 35 31 38 30 30 30 30 30 30 30 30 30 30 30 30 30 30 30 30 0D
1779567697448,74 34 35 35 38 45 42 46 46 30 36 30 30 39 46 46 46 30 30 30 30 0D
1779567697462,74 34 35 31 38 30 30 30 30 30 30 30 30 30 30 30 30 30 30 30 30 0D
1779567697473,74 34 35 35 38 45 41 46 46 30 37 30 30 39 45 46 46 30 30 30 30 0D
1779567697479,74 34 35 31 38 30 30 30 30 30 30 30 30 30 30 30 30 30 30 30 30 0D
1779567697482,74 34 35 36 38 45 44 46 46 30 38 30 30 30 34 30 30 30 30 30 30 0D
1779567697499,74 34 35 31 38 30 30 30 30 30 30 30 30 30 30 30 30 30 30 30 30 0D
1779567697506,74 34 35 35 38 45 41 46 46 30 37 30 30 39 45 46 46 30 30 30 30 0D
1779567697522,74 34 35 30 38 30 30 30 30 30 37 30 30 30 30 30 30 45 34 30 35 0D
1779567697528,74 34 35 31 38 30 30 30 30 30 30 30 30 30 30 30 30 30 30 30 30 0D
1779567697540,74 34 35 31 38 30 30 30 30 30 30 30 30 30 30 30 30 30 30 30 30 0D
1779567697545,74 34 35 35 38 45 41 46 46 30 37 30 30 39 45 46 46 30 30 30 30 0D
1779567697564,74 34 35 31 38 30 30 30 30 30 30 30 30 30 30 30 30 30 30 30 30 0D
1779567697570,74 34 35 35 38 45 41 46 46 30 37 30 30 39 45 46 46 30 30 30 30 0D
1779567697575,74 34 35 37 38 30 30 30 30 30 30 30 30 36 34 31 34 30 30 30 30 0D
1779567697580,74 34 35 31 38 30 30 30 30 30 30 30 30 30 30 30 30 30 30 30 30 0D
1779567697610,74 34 35 31 38 30 30 30 30 30 30 30 30 30 30 30 30 30 30 30 30 0D
1779567697618,74 34 35 35 38 45 41 46 46 30 37 30 30 39 45 46 46 30 30 30 30 0D
1779567697625,74 34 35 30 38 30 30 30 30 30 37 30 30 30 30 30 30 45 34 30 35 0D
1779567697641,74 34 35 31 38 30 30 30 30 30 30 30 30 30 30 30 30 30 30 30 30 0D
1779567697646,74 34 35 35 38 45 41 46 46 30 37 30 30 39 45 46 46 30 30 30 30 0D
1779567697667,74 34 35 31 38 30 30 30 30 30 30 30 30 30 30 30 30 30 30 30 30 0D
1779567697680,74 34 35 35 38 45 42 46 46 30 37 30 30 39 46 46 46 30 30 30 30 0D
1779567697684,74 34 35 31 38 30 30 30 30 30 30 30 30 30 30 30 30 30 30 30 30 0D
1779567697700,74 34 35 31 38 30 30 30 30 30 30 30 30 30 30 30 30 30 30 30 30 0D
1779567697709,74 34 35 35 38 45 42 46 46 30 37 30 30 39 46 46 46 30 30 30 30 0D
1779567697724,74 34 35 30 38 30 30 30 30 30 37 30 30 30 30 30 30 45 34 30 35 0D
1779567697742,74 34 35 31 38 30 30 30 30 30 30 30 30 30 30 30 30 30 30 30 30 0D
1779567697749,74 34 35 35 38 45 42 46 46 30 37 30 30 39 46 46 46 30 30 30 30 0D
1779567697767,74 34 35 31 38 30 30 30 30 30 30 30 30 30 30 30 30 30 30 30 30 0D
1779567697772,74 34 35 36 38 45 45 46 46 30 38 30 30 30 34 30 30 30 30 30 30 0D
1779567697784,74 34 35 37 38 30 30 30 30 30 30 30 30 36 34 31 34 30 30 30 30 0D
1779567697799,74 34 35 31 38 30 30 30 30 30 30 30 30 30 30 30 30 30 30 30 30 0D
1779567697805,74 34 35 35 38 45 42 46 46 30 37 30 30 39 46 46 46 30 30 30 30 0D
1779567697820,74 34 35 30 38 30 30 30 30 30 37 30 30 30 30 30 30 45 34 30 35 0D
1779567697824,74 34 35 31 38 30 30 30 30 30 30 30 30 30 30 30 30 30 30 30 30 0D
1779567697838,74 34 35 31 38 30 30 30 30 30 30 30 30 30 30 30 30 30 30 30 30 0D
1779567697844,74 34 35 35 38 45 42 46 46 30 37 30 30 39 46 46 46 30 30 30 30 0D
1779567697867,74 34 35 31 38 30 30 30 30 30 30 30 30 30 30 30 30 30 30 30 30 0D
1779567697874,74 34 35 37 38 30 30 30 30 30 30 30 30 36 34 31 34 30 30 30 30 0D
1779567697878,74 34 35 39 38 36 30 41 34 42 45 31 36 33 37 31 41 30 33 42 37 0D
1779567697884,74 34 35 31 38 30 30 30 30 30 30 30 30 30 30 30 30 30 30 30 30 0D
1779567697900,74 34 35 31 38 30 30 30 30 30 30 30 30 30 30 30 30 30 30 30 30 0D
1779567697905,74 34 35 35 38 45 41 46 46 30 37 30 30 39 45 46 46 30 30 30 30 0D
1779567697922,74 34 35 30 38 30 30 30 30 30 37 30 30 30 30 30 30 45 34 30 35 0D
1779567697927,74 34 35 31 38 30 30 30 30 30 30 30 30 30 30 30 30 30 30 30 30 0D
1779567697939,74 34 35 31 38 30 30 30 30 30 30 30 30 30 30 30 30 30 30 30 30 0D
1779567697945,74 34 35 36 38 45 45 46 46 30 38 30 30 30 34 30 30 30 30 30 30 0D
1779567697959,74 34 35 31 38 30 30 30 30 30 30 30 30 30 30 30 30 30 30 30 30 0D
1779567697971,74 34 35 37 38 30 30 30 30 30 30 30 30 36 34 31 34 30 30 30 30 0D
1779567697975,74 34 35 39 38 36 30 41 34 42 45 31 36 33 36 31 41 30 33 42 37 0D
1779567697980,74 34 35 31 38 30 30 30 30 30 30 30 30 30 30 30 30 30 30 30 30 0D
1779567698002,74 34 35 31 38 30 30 30 30 30 30 30 30 30 30 30 30 30 30 30 30 0D
1779567698006,74 34 35 35 38 45 41 46 46 30 37 30 30 39 45 46 46 30 30 30 30 0D
1779567698022,74 34 35 30 38 30 30 30 30 30 37 30 30 30 30 30 30 45 34 30 35 0D
1779567698030,74 34 35 31 38 30 30 30 30 30 30 30 30 30 30 30 30 30 30 30 30 0D
1779567698041,74 34 35 31 38 30 30 30 30 30 30 30 30 30 30 30 30 30 30 30 30 0D
1779567698048,74 34 35 35 38 45 41 46 46 30 37 30 30 39 45 46 46 30 30 30 30 0D
1779567698072,74 34 35 31 38 30 30 30 30 30 30 30 30 30 30 30 30 30 30 30 30 0D
1779567698082,74 34 35 36 38 45 45 46 46 30 37 30 30 30 34 30 30 30 30 30 30 0D
1779567698087,74 34 35 36 38 45 45 46 46 30 37 30 30 30 34 30 30 30 30 30 30 0D
1779567698102,74 34 35 31 38 30 30 30 30 30 30 30 30 30 30 30 30 30 30 30 30 0D
1779567698109,74 34 35 35 38 45 41 46 46 30 37 30 30 39 45 46 46 30 30 30 30 0D
1779567698122,74 34 35 30 38 30 30 30 30 30 37 30 30 30 30 30 30 45 34 30 35 0D
1779567698130,74 34 35 31 38 30 30 30 30 30 30 30 30 30 30 30 30 30 30 30 30 0D
1779567698139,74 34 35 31 38 30 30 30 30 30 30 30 30 30 30 30 30 30 30 30 30 0D
1779567698144,74 34 35 35 38 45 41 46 46 30 37 30 30 39 45 46 46 30 30 30 30 0D
1779567698163,74 34 35 31 38 30 30 30 30 30 30 30 30 30 30 30 30 30 30 30 30 0D
1779567698172,74 34 35 37 38 30 30 30 30 30 31 30 30 36 34 31 34 30 30 30 30 0D
1779567698179,74 34 35 39 38 36 31 41 34 42 45 31 36 33 34 31 41 30 33 42 37 0D
1779567698188,74 34 35 31 38 30 30 30 30 30 30 30 30 30 30 30 30 30 30 30 30 0D
1779567698202,74 34 35 31 38 30 30 30 30 30 30 30 30 30 30 30 30 30 30 30 30 0D
1779567698207,74 34 35 35 38 45 41 46 46 30 37 30 30 39 45 46 46 30 30 30 30 0D
1779567698224,74 34 35 30 38 30 30 30 30 30 37 30 30 30 30 30 30 45 34 30 35 0D
1779567698230,74 34 35 31 38 30 30 30 30 30 30 30 30 30 30 30 30 30 30 30 30 0D
1779567698240,74 34 35 31 38 30 30 30 30 30 30 30 30 30 30 30 30 30 30 30 30 0D
1779567698248,74 34 35 35 38 45 41 46 46 30 37 30 30 39 45 46 46 30 30 30 30 0D
1779567698265,74 34 35 31 38 30 30 30 30 30 30 30 30 30 30 30 30 30 30 30 30 0D
1779567698278,74 34 35 37 38 30 30 30 30 30 31 30 30 36 34 31 34 30 30 30 30 0D
1779567698282,74 34 35 31 38 30 30 30 30 30 30 30 30 30 30 30 30 30 30 30 30 0D
1779567698307,74 34 35 31 38 30 30 30 30 30 30 30 30 30 30 30 30 30 30 30 30 0D
1779567698317,74 34 35 35 38 45 41 46 46 30 37 30 30 39 46 46 46 30 30 30 30 0D
1779567698324,74 34 35 30 38 30 30 30 30 30 37 30 30 30 30 30 30 45 34 30 35 0D
1779567698346,74 34 35 31 38 30 30 30 30 30 30 30 30 30 30 30 30 30 30 30 30 0D
1779567698363,74 34 35 31 38 30 30 30 30 30 30 30 30 30 30 30 30 30 30 30 30 0D
1779567698370,74 34 35 37 38 30 30 30 30 30 31 30 30 36 34 31 34 30 30 30 30 0D
1779567698375,74 34 35 39 38 36 32 41 34 42 45 31 36 33 33 31 41 30 33 42 37 0D
1779567698385,74 34 35 31 38 30 30 30 30 30 30 30 30 30 30 30 30 30 30 30 30 0D
1779567698401,74 34 35 31 38 30 30 30 30 30 30 30 30 30 30 30 30 30 30 30 30 0D
1779567698408,74 34 35 35 38 45 41 46 46 30 37 30 30 39 46 46 46 30 30 30 30 0D
1779567698420,74 34 35 30 38 30 30 30 30 30 37 30 30 30 30 30 30 45 34 30 35 0D
1779567698426,74 34 35 31 38 30 30 30 30 30 30 30 30 30 30 30 30 30 30 30 30 0D
1779567698440,74 34 35 31 38 30 30 30 30 30 30 30 30 30 30 30 30 30 30 30 30 0D
1779567698446,74 34 35 35 38 45 41 46 46 30 37 30 30 39 46 46 46 30 30 30 30 0D
1779567698462,74 34 35 31 38 30 30 30 30 30 30 30 30 30 30 30 30 30 30 30 30 0D
1779567698470,74 34 35 35 38 45 41 46 46 30 37 30 30 39 45 46 46 30 30 30 30 0D
1779567698475,74 34 35 37 38 30 30 30 30 30 30 30 30 36 34 31 34 30 30 30 30 0D
1779567698485,74 34 35 31 38 30 30 30 30 30 30 30 30 30 30 30 30 30 30 30 30 0D
1779567698500,74 34 35 31 38 30 30 30 30 30 30 30 30 30 30 30 30 30 30 30 30 0D
1779567698508,74 34 35 35 38 45 41 46 46 30 37 30 30 39 45 46 46 30 30 30 30 0D
1779567698520,74 34 35 30 38 30 30 30 30 30 37 30 30 30 30 30 30 45 34 30 35 0D
1779567698527,74 34 35 31 38 30 30 30 30 30 30 30 30 30 30 30 30 30 30 30 30 0D
1779567698539,74 34 35 31 38 30 30 30 30 30 30 30 30 30 30 30 30 30 30 30 30 0D
1779567698564,74 34 35 31 38 30 30 30 30 30 30 30 30 30 30 30 30 30 30 30 30 0D
1779567698571,74 34 35 35 38 45 41 46 46 30 37 30 30 39 45 46 46 30 30 30 30 0D
1779567698577,74 34 35 31 38 30 30 30 30 30 30 30 30 30 30 30 30 30 30 30 30 0D
1779567698586,74 34 35 35 38 45 41 46 46 30 37 30 30 39 45 46 46 30 30 30 30 0D
1779567698602,74 34 35 31 38 30 30 30 30 30 30 30 30 30 30 30 30 30 30 30 30 0D
1779567698611,74 34 35 35 38 45 41 46 46 30 37 30 30 39 45 46 46 30 30 30 30 0D
1779567698620,74 34 35 30 38 30 30 30 30 30 37 30 30 30 30 30 30 45 34 30 35 0D
1779567698626,74 34 35 31 38 30 30 30 30 30 30 30 30 30 30 30 30 30 30 30 30 0D
1779567698640,74 34 35 31 38 30 30 30 30 30 30 30 30 30 30 30 30 30 30 30 30 0D
1779567698661,74 34 35 31 38 30 30 30 30 30 30 30 30 30 30 30 30 30 30 30 30 0D
1779567698667,74 34 35 36 38 45 45 46 46 30 37 30 30 30 34 30 30 30 30 30 30 0D
1779567698679,74 34 35 37 38 30 30 30 30 30 30 30 30 36 34 31 34 30 30 30 30 0D
1779567698684,74 34 35 31 38 30 30 30 30 30 30 30 30 30 30 30 30 30 30 30 30 0D
1779567698688,74 34 35 35 38 45 41 46 46 30 37 30 30 39 46 46 46 30 30 30 30 0D
1779567698701,74 34 35 31 38 30 30 30 30 30 30 30 30 30 30 30 30 30 30 30 30 0D
1779567698704,74 34 35 35 38 45 41 46 46 30 37 30 30 39 46 46 46 30 30 30 30 0D
1779567698722,74 34 35 30 38 30 30 30 30 30 37 30 30 30 30 30 30 45 34 30 35 0D
1779567698729,74 34 35 31 38 30 30 30 30 30 30 30 30 30 30 30 30 30 30 30 30 0D
1779567698742,74 34 35 31 38 30 30 30 30 30 30 30 30 30 30 30 30 30 30 30 30 0D
1779567698747,74 34 35 35 38 45 41 46 46 30 37 30 30 39 46 46 46 30 30 30 30 0D
1779567698756,74 34 35 31 38 30 30 30 30 30 30 30 30 30 30 30 30 30 30 30 30 0D
1779567698769,74 34 35 35 38 45 41 46 46 30 37 30 30 39 46 46 46 30 30 30 30 0D
1779567698776,74 34 35 31 38 30 30 30 30 30 30 30 30 30 30 30 30 30 30 30 30 0D
1779567698784,74 34 35 35 38 45 41 46 46 30 37 30 30 39 46 46 46 30 30 30 30 0D
1779567698795,74 34 35 31 38 30 30 30 30 30 30 30 30 30 30 30 30 30 30 30 30 0D
1779567698809,74 34 35 35 38 45 41 46 46 30 37 30 30 39 46 46 46 30 30 30 30 0D
1779567698819,74 34 35 30 38 30 30 30 30 30 37 30 30 30 30 30 30 45 34 30 35 0D
1779567698824,74 34 35 32 38 38 43 30 30 30 30 30 30 30 30 30 30 32 37 30 30 0D
1779567698839,74 34 35 31 38 30 30 30 30 30 30 30 30 30 30 30 30 30 30 30 30 0D
1779567698865,74 34 35 31 38 30 30 30 30 30 30 30 30 30 30 30 30 30 30 30 30 0D
1779567698871,74 34 35 35 38 45 41 46 46 30 36 30 30 39 46 46 46 30 30 30 30 0D
1779567698880,74 34 35 37 38 30 30 30 30 30 30 30 30 36 34 31 34 30 30 30 30 0D
1779567698887,74 34 35 31 38 30 30 30 30 30 30 30 30 30 30 30 30 30 30 30 30 0D
1779567698900,74 34 35 31 38 30 30 30 30 30 30 30 30 30 30 30 30 30 30 30 30 0D
1779567698904,74 34 35 35 38 45 41 46 46 30 36 30 30 39 46 46 46 30 30 30 30 0D
1779567698919,74 34 35 30 38 30 30 30 30 30 37 30 30 30 30 30 30 45 34 30 35 0D
1779567698925,74 34 35 31 38 30 30 30 30 30 30 30 30 30 30 30 30 30 30 30 30 0D
1779567698942,74 34 35 31 38 30 30 30 30 30 30 30 30 30 30 30 30 30 30 30 30 0D
1779567698961,74 34 35 31 38 30 30 30 30 30 30 30 30 30 30 30 30 30 30 30 30 0D
1779567698964,74 34 35 35 38 45 41 46 46 30 36 30 30 39 46 46 46 30 30 30 30 0D
1779567698977,74 34 35 37 38 30 30 30 30 30 30 30 30 36 34 31 34 30 30 30 30 0D
1779567698987,74 34 35 31 38 30 30 30 30 30 30 30 30 30 30 30 30 30 30 30 30 0D
1779567699009,74 34 35 31 38 30 30 30 30 30 30 30 30 30 30 30 30 30 30 30 30 0D
1779567699016,74 34 35 35 38 45 41 46 46 30 36 30 30 39 46 46 46 30 30 30 30 0D
1779567699023,74 34 35 30 38 30 30 30 30 30 37 30 30 30 30 30 30 45 34 30 35 0D
1779567699029,74 34 35 31 38 30 30 30 30 30 30 30 30 30 30 30 30 30 30 30 30 0D
1779567699044,74 34 35 31 38 30 30 30 30 30 30 30 30 30 30 30 30 30 30 30 30 0D
1779567699060,74 34 35 31 38 30 30 30 30 30 30 30 30 30 30 30 30 30 30 30 30 0D
1779567699069,74 34 35 35 38 45 41 46 46 30 37 30 30 39 46 46 46 30 30 30 30 0D
1779567699077,74 34 35 37 38 30 30 30 30 30 30 30 30 36 34 31 34 30 30 30 30 0D
1779567699086,74 34 35 31 38 30 30 30 30 30 30 30 30 30 30 30 30 30 30 30 30 0D
1779567699102,74 34 35 31 38 30 30 30 30 30 30 30 30 30 30 30 30 30 30 30 30 0D
1779567699109,74 34 35 35 38 45 41 46 46 30 37 30 30 39 46 46 46 30 30 30 30 0D
1779567699121,74 34 35 30 38 30 30 30 30 30 37 30 30 30 30 30 30 45 34 30 35 0D
1779567699127,74 34 35 31 38 30 30 30 30 30 30 30 30 30 30 30 30 30 30 30 30 0D
1779567699144,74 34 35 31 38 30 30 30 30 30 30 30 30 30 30 30 30 30 30 30 30 0D
1779567699160,74 34 35 31 38 30 30 30 30 30 30 30 30 30 30 30 30 30 30 30 30 0D
1779567699169,74 34 35 35 38 45 41 46 46 30 37 30 30 39 46 46 46 30 30 30 30 0D
1779567699174,74 34 35 37 38 30 30 30 30 30 31 30 30 36 34 31 34 30 30 30 30 0D
1779567699179,74 34 35 31 38 30 30 30 30 30 30 30 30 30 30 30 30 30 30 30 30 0D
1779567699185,74 34 35 35 38 45 41 46 46 30 37 30 30 39 46 46 46 30 30 30 30 0D
1779567699201,74 34 35 31 38 30 30 30 30 30 30 30 30 30 30 30 30 30 30 30 30 0D
1779567699204,74 34 35 35 38 45 41 46 46 30 37 30 30 39 46 46 46 30 30 30 30 0D
1779567699220,74 34 35 30 38 30 30 30 30 30 37 30 30 30 30 30 30 45 34 30 35 0D
1779567699225,74 34 35 31 38 30 30 30 30 30 30 30 30 30 30 30 30 30 30 30 30 0D
1779567699242,74 34 35 31 38 30 30 30 30 30 30 30 30 30 30 30 30 30 30 30 30 0D
1779567699269,74 34 35 31 38 30 30 30 30 30 30 30 30 30 30 30 30 30 30 30 30 0D
1779567699275,74 34 35 37 38 30 30 30 30 30 30 30 30 36 34 31 34 30 30 30 30 0D 74 34 35 39 38 36 36 41 34 42 45 31 36 33 35 31 41 30 33 42 37 0D
1779567699279,74 34 35 31 38 30 30 30 30 30 30 30 30 30 30 30 30 30 30 30 30 0D
1779567699302,74 34 35 31 38 30 30 30 30 30 30 30 30 30 30 30 30 30 30 30 30 0D
1779567699312,74 34 35 35 38 45 41 46 46 30 37 30 30 39 45 46 46 30 30 30 30 0D
1779567699322,74 34 35 30 38 30 30 30 30 30 37 30 30 30 30 30 30 45 34 30 35 0D
1779567699342,74 34 35 31 38 30 30 30 30 30 30 30 30 30 30 30 30 30 30 30 30 0D
1779567699349,74 34 35 36 38 45 44 46 46 30 37 30 30 30 34 30 30 30 30 30 30 0D
1779567699363,74 34 35 31 38 30 30 30 30 30 30 30 30 30 30 30 30 30 30 30 30 0D
1779567699368,74 34 35 35 38 45 41 46 46 30 37 30 30 39 45 46 46 30 30 30 30 0D
1779567699370,74 34 35 37 38 30 30 30 30 30 30 30 30 36 34 31 34 30 30 30 30 0D
1779567699377,74 34 35 31 38 30 30 30 30 30 30 30 30 30 30 30 30 30 30 30 30 0D
1779567699390,74 34 35 35 38 45 41 46 46 30 37 30 30 39 45 46 46 30 30 30 30 0D
1779567699400,74 34 35 31 38 30 30 30 30 30 30 30 30 30 30 30 30 30 30 30 30 0D
1779567699407,74 34 35 35 38 45 41 46 46 30 37 30 30 39 45 46 46 30 30 30 30 0D
1779567699418,74 34 35 30 38 30 30 30 30 30 37 30 30 30 30 30 30 45 34 30 35 0D
1779567699427,74 34 35 31 38 30 30 30 30 30 30 30 30 30 30 30 30 30 30 30 30 0D
1779567699437,74 34 35 31 38 30 30 30 30 30 30 30 30 30 30 30 30 30 30 30 30 0D
1779567699441,74 34 35 35 38 45 41 46 46 30 37 30 30 39 45 46 46 30 30 30 30 0D
1779567699462,74 34 35 31 38 30 30 30 30 30 30 30 30 30 30 30 30 30 30 30 30 0D
1779567699466,74 34 35 35 38 45 42 46 46 30 37 30 30 39 46 46 46 30 30 30 30 0D
1779567699473,74 34 35 37 38 30 30 30 30 30 31 30 30 36 34 31 34 30 30 30 30 0D
1779567699476,74 34 35 31 38 30 30 30 30 30 30 30 30 30 30 30 30 30 30 30 30 0D
1779567699483,74 34 35 35 38 45 42 46 46 30 37 30 30 39 46 46 46 30 30 30 30 0D
1779567699503,74 34 35 31 38 30 30 30 30 30 30 30 30 30 30 30 30 30 30 30 30 0D
1779567699508,74 34 35 35 38 45 42 46 46 30 37 30 30 39 46 46 46 30 30 30 30 0D
1779567699519,74 34 35 30 38 30 30 30 30 30 37 30 30 30 30 30 30 45 34 30 35 0D
1779567699526,74 34 35 31 38 30 30 30 30 30 30 30 30 30 30 30 30 30 30 30 30 0D
1779567699542,74 34 35 31 38 30 30 30 30 30 30 30 30 30 30 30 30 30 30 30 30 0D
1779567699551,74 34 35 35 38 45 42 46 46 30 37 30 30 39 46 46 46 30 30 30 30 0D
1779567699557,74 34 35 31 38 30 30 30 30 30 30 30 30 30 30 30 30 30 30 30 30 0D
1779567699565,74 34 35 35 38 45 42 46 46 30 37 30 30 39 46 46 46 30 30 30 30 0D
1779567699566,74 34 35 37 38 30 30 30 30 30 30 30 30 36 34 31 34 30 30 30 30 0D
1779567699572,74 34 35 39 38 36 36 41 34 42 45 31 36 33 36 31 41 30 33 42 37 0D
1779567699579,74 34 35 31 38 30 30 30 30 30 30 30 30 30 30 30 30 30 30 30 30 0D
1779567699583,74 34 35 35 38 45 42 46 46 30 37 30 30 39 46 46 46 30 30 30 30 0D
1779567699601,74 34 35 31 38 30 30 30 30 30 30 30 30 30 30 30 30 30 30 30 30 0D
1779567699607,74 34 35 35 38 45 42 46 46 30 37 30 30 39 46 46 46 30 30 30 30 0D
1779567699621,74 34 35 30 38 30 30 30 30 30 37 30 30 30 30 30 30 45 34 30 35 0D
1779567699625,74 34 35 31 38 30 30 30 30 30 30 30 30 30 30 30 30 30 30 30 30 0D
1779567699645,74 34 35 31 38 30 30 30 30 30 30 30 30 30 30 30 30 30 30 30 30 0D
1779567699652,74 34 35 35 38 45 42 46 46 30 37 30 30 39 46 46 46 30 30 30 30 0D
1779567699663,74 34 35 31 38 30 30 30 30 30 30 30 30 30 30 30 30 30 30 30 30 0D
1779567699671,74 34 35 35 38 45 41 46 46 30 37 30 30 41 30 46 46 30 30 30 30 0D
1779567699673,74 34 35 39 38 36 37 41 34 42 45 31 36 33 36 31 41 30 33 42 37 0D
1779567699691,74 34 35 31 38 30 30 30 30 30 30 30 30 30 30 30 30 30 30 30 30 0D
1779567699705,74 34 35 35 38 45 41 46 46 30 37 30 30 41 30 46 46 30 30 30 30 0D
1779567699717,74 34 35 31 38 30 30 30 30 30 30 30 30 30 30 30 30 30 30 30 30 0D
1779567699721,74 34 35 36 38 45 44 46 46 30 38 30 30 30 34 30 30 30 30 30 30 0D
1779567699726,74 34 35 30 38 30 30 30 30 30 37 30 30 30 30 30 30 45 34 30 35 0D
1779567699733,74 34 35 31 38 30 30 30 30 30 30 30 30 30 30 30 30 30 30 30 30 0D
1779567699739,74 34 35 31 38 30 30 30 30 30 30 30 30 30 30 30 30 30 30 30 30 0D
1779567699747,74 34 35 35 38 45 41 46 46 30 37 30 30 41 30 46 46 30 30 30 30 0D
1779567699765,74 34 35 31 38 30 30 30 30 30 30 30 30 30 30 30 30 30 30 30 30 0D
1779567699772,74 34 35 37 38 30 30 30 30 30 30 30 30 36 34 31 34 30 30 30 30 0D
1779567699776,74 34 35 39 38 36 36 41 34 42 45 31 36 33 36 31 41 30 33 42 37 0D
1779567699779,74 34 35 31 38 30 30 30 30 30 30 30 30 30 30 30 30 30 30 30 30 0D
1779567699783,74 34 35 35 38 45 41 46 46 30 37 30 30 41 30 46 46 30 30 30 30 0D
1779567699811,74 34 35 31 38 30 30 30 30 30 30 30 30 30 30 30 30 30 30 30 30 0D
1779567699812,74 34 35 35 38 45 41 46 46 30 37 30 30 41 30 46 46 30 30 30 30 0D
1779567699824,74 34 35 30 38 30 30 30 30 30 37 30 30 30 30 30 30 45 34 30 35 0D
1779567699830,74 34 35 31 38 30 30 30 30 30 30 30 30 30 30 30 30 30 30 30 30 0D
1779567699846,74 34 35 31 38 30 30 30 30 30 30 30 30 30 30 30 30 30 30 30 30 0D
1779567699850,74 34 35 35 38 45 41 46 46 30 37 30 30 41 30 46 46 30 30 30 30 0D
1779567699863,74 34 35 31 38 30 30 30 30 30 30 30 30 30 30 30 30 30 30 30 30 0D
1779567699870,74 34 35 35 38 45 41 46 46 30 37 30 30 39 46 46 46 30 30 30 30 0D
1779567699873,74 34 35 37 38 30 30 30 30 30 30 30 30 36 34 31 34 30 30 30 30 0D
1779567699879,74 34 35 39 38 36 37 41 34 42 45 31 36 33 34 31 41 30 33 42 37 0D
1779567699886,74 34 35 31 38 30 30 30 30 30 30 30 30 30 30 30 30 30 30 30 30 0D
1779567699906,74 34 35 31 38 30 30 30 30 30 30 30 30 30 30 30 30 30 30 30 30 0D
1779567699912,74 34 35 35 38 45 41 46 46 30 37 30 30 39 46 46 46 30 30 30 30 0D
1779567699918,74 34 35 30 38 30 30 30 30 30 37 30 30 30 30 30 30 45 34 30 35 0D
1779567699923,74 34 35 31 38 30 30 30 30 30 30 30 30 30 30 30 30 30 30 30 30 0D
1779567699941,74 34 35 31 38 30 30 30 30 30 30 30 30 30 30 30 30 30 30 30 30 0D
1779567699949,74 34 35 35 38 45 41 46 46 30 37 30 30 39 46 46 46 30 30 30 30 0D
1779567699966,74 34 35 31 38 30 30 30 30 30 30 30 30 30 30 30 30 30 30 30 30 0D
1779567699974,74 34 35 35 38 45 41 46 46 30 37 30 30 39 46 46 46 30 30 30 30 0D
1779567699983,74 34 35 31 38 30 30 30 30 30 30 30 30 30 30 30 30 30 30 30 30 0D
1779567699990,74 34 35 35 38 45 41 46 46 30 37 30 30 39 46 46 46 30 30 30 30 0D
1779567700001,74 34 35 31 38 30 30 30 30 30 30 30 30 30 30 30 30 30 30 30 30 0D
1779567700005,74 34 35 36 38 45 44 46 46 30 38 30 30 30 34 30 30 30 30 30 30 0D
1779567700019,74 34 35 30 38 30 30 30 30 30 37 30 30 30 30 30 30 45 34 30 35 0D
1779567700029,74 34 35 31 38 30 30 30 30 30 30 30 30 30 30 30 30 30 30 30 30 0D
1779567700040,74 34 35 31 38 30 30 30 30 30 30 30 30 30 30 30 30 30 30 30 30 0D
1779567700047,74 34 35 35 38 45 41 46 46 30 37 30 30 39 46 46 46 30 30 30 30 0D
1779567700065,74 34 35 31 38 30 30 30 30 30 30 30 30 30 30 30 30 30 30 30 30 0D
1779567700071,74 34 35 35 38 45 41 46 46 30 37 30 30 39 46 46 46 30 30 30 30 0D
1779567700084,74 34 35 37 38 30 30 30 30 30 30 30 30 36 34 31 34 30 30 30 30 0D
1779567700106,74 34 35 31 38 30 30 30 30 30 30 30 30 30 30 30 30 30 30 30 30 0D
1779567700115,74 34 35 35 38 45 41 46 46 30 37 30 30 39 46 46 46 30 30 30 30 0D
1779567700124,74 34 35 30 38 30 30 30 30 30 37 30 30 30 30 30 30 45 34 30 35 0D
1779567700131,74 34 35 31 38 30 30 30 30 30 30 30 30 30 30 30 30 30 30 30 30 0D
1779567700140,74 34 35 31 38 30 30 30 30 30 30 30 30 30 30 30 30 30 30 30 30 0D
1779567700149,74 34 35 35 38 45 41 46 46 30 37 30 30 39 46 46 46 30 30 30 30 0D
1779567700161,74 34 35 31 38 30 30 30 30 30 30 30 30 30 30 30 30 30 30 30 30 0D
1779567700169,74 34 35 35 38 45 41 46 46 30 37 30 30 39 46 46 46 30 30 30 30 0D
1779567700173,74 34 35 39 38 36 36 41 34 42 45 31 36 33 34 31 41 30 33 42 37 0D
1779567700180,74 34 35 31 38 30 30 30 30 30 30 30 30 30 30 30 30 30 30 30 30 0D
1779567700184,74 34 35 35 38 45 41 46 46 30 37 30 30 39 46 46 46 30 30 30 30 0D
1779567700206,74 34 35 31 38 30 30 30 30 30 30 30 30 30 30 30 30 30 30 30 30 0D
1779567700210,74 34 35 35 38 45 41 46 46 30 37 30 30 39 46 46 46 30 30 30 30 0D
1779567700220,74 34 35 30 38 30 30 30 30 30 37 30 30 30 30 30 30 45 34 30 35 0D
1779567700230,74 34 35 31 38 30 30 30 30 30 30 30 30 30 30 30 30 30 30 30 30 0D
1779567700239,74 34 35 31 38 30 30 30 30 30 30 30 30 30 30 30 30 30 30 30 30 0D
1779567700248,74 34 35 35 38 45 41 46 46 30 37 30 30 39 46 46 46 30 30 30 30 0D
1779567700263,74 34 35 31 38 30 30 30 30 30 30 30 30 30 30 30 30 30 30 30 30 0D
1779567700269,74 34 35 35 38 45 39 46 46 30 37 30 30 39 46 46 46 30 30 30 30 0D
1779567700274,74 34 35 37 38 30 30 30 30 30 30 30 30 36 34 31 34 30 30 30 30 0D
1779567700281,74 34 35 39 38 36 36 41 34 42 45 31 36 33 34 31 41 30 33 42 37 0D
1779567700284,74 34 35 35 38 45 39 46 46 30 37 30 30 39 46 46 46 30 30 30 30 0D
1779567700302,74 34 35 31 38 30 30 30 30 30 30 30 30 30 30 30 30 30 30 30 30 0D
1779567700311,74 34 35 35 38 45 39 46 46 30 37 30 30 39 46 46 46 30 30 30 30 0D
1779567700318,74 34 35 30 38 30 30 30 30 30 37 30 30 30 30 30 30 45 34 30 35 0D
1779567700329,74 34 35 33 38 39 45 30 30 30 30 30 30 30 30 30 30 30 30 30 30 0D
1779567700340,74 34 35 31 38 30 30 30 30 30 30 30 30 30 30 30 30 30 30 30 30 0D
1779567700351,74 34 35 35 38 45 39 46 46 30 37 30 30 39 46 46 46 30 30 30 30 0D
1779567700365,74 34 35 31 38 30 30 30 30 30 30 30 30 30 30 30 30 30 30 30 30 0D
1779567700396,74 34 35 35 38 45 39 46 46 30 37 30 30 39 46 46 46 30 30 30 30 0D
1779567700408,74 34 35 31 38 30 30 30 30 30 30 30 30 30 30 30 30 30 30 30 30 0D
1779567700414,74 34 35 35 38 45 39 46 46 30 37 30 30 39 46 46 46 30 30 30 30 0D
1779567700423,74 34 35 30 38 30 30 30 30 30 37 30 30 30 30 30 30 45 34 30 35 0D
1779567700429,74 34 35 31 38 30 30 30 30 30 30 30 30 30 30 30 30 30 30 30 30 0D
1779567700443,74 34 35 31 38 30 30 30 30 30 30 30 30 30 30 30 30 30 30 30 30 0D
1779567700455,74 34 35 35 38 45 39 46 46 30 37 30 30 39 46 46 46 30 30 30 30 0D
1779567700468,74 34 35 31 38 30 30 30 30 30 30 30 30 30 30 30 30 30 30 30 30 0D
1779567700477,74 34 35 35 38 45 41 46 46 30 37 30 30 39 46 46 46 30 30 30 30 0D
1779567700482,74 34 35 31 38 30 30 30 30 30 30 30 30 30 30 30 30 30 30 30 30 0D
1779567700486,74 34 35 35 38 45 41 46 46 30 37 30 30 39 46 46 46 30 30 30 30 0D
1779567700501,74 34 35 31 38 30 30 30 30 30 30 30 30 30 30 30 30 30 30 30 30 0D
1779567700511,74 34 35 35 38 45 41 46 46 30 37 30 30 39 46 46 46 30 30 30 30 0D
1779567700517,74 34 35 30 38 30 30 30 30 30 37 30 30 30 30 30 30 45 34 30 35 0D
1779567700532,74 34 35 31 38 30 30 30 30 30 30 30 30 30 30 30 30 30 30 30 30 0D
1779567700544,74 34 35 31 38 30 30 30 30 30 30 30 30 30 30 30 30 30 30 30 30 0D
1779567700561,74 34 35 31 38 30 30 30 30 30 30 30 30 30 30 30 30 30 30 30 30 0D
1779567700568,74 34 35 35 38 45 41 46 46 30 37 30 30 39 46 46 46 30 30 30 30 0D
1779567700574,74 34 35 37 38 30 30 30 30 30 31 30 30 36 34 31 34 30 30 30 30 0D
1779567700582,74 34 35 39 38 36 34 41 34 42 45 31 36 33 35 31 41 30 33 42 37 0D
1779567700584,74 34 35 35 38 45 41 46 46 30 37 30 30 39 46 46 46 30 30 30 30 0D
1779567700600,74 34 35 31 38 30 30 30 30 30 30 30 30 30 30 30 30 30 30 30 30 0D
1779567700605,74 34 35 35 38 45 41 46 46 30 37 30 30 39 46 46 46 30 30 30 30 0D
1779567700619,74 34 35 30 38 30 30 30 30 30 37 30 30 30 30 30 30 45 34 30 35 0D
1779567700629,74 34 35 31 38 30 30 30 30 30 30 30 30 30 30 30 30 30 30 30 30 0D
1779567700638,74 34 35 31 38 30 30 30 30 30 30 30 30 30 30 30 30 30 30 30 30 0D
1779567700646,74 34 35 35 38 45 41 46 46 30 37 30 30 39 46 46 46 30 30 30 30 0D
1779567700660,74 34 35 31 38 30 30 30 30 30 30 30 30 30 30 30 30 30 30 30 30 0D
1779567700666,74 34 35 35 38 45 39 46 46 30 36 30 30 39 46 46 46 30 30 30 30 0D
1779567700669,74 34 35 37 38 30 30 30 30 30 31 30 30 36 34 31 34 30 30 30 30 0D
1779567700680,74 34 35 39 38 36 33 41 34 42 45 31 36 33 34 31 41 30 33 42 37 0D
1779567700684,74 34 35 36 38 45 45 46 46 30 37 30 30 30 33 30 30 30 30 30 30 0D
1779567700704,74 34 35 31 38 30 30 30 30 30 30 30 30 30 30 30 30 30 30 30 30 0D
1779567700711,74 34 35 35 38 45 39 46 46 30 36 30 30 39 46 46 46 30 30 30 30 0D
1779567700722,74 34 35 30 38 30 30 30 30 30 37 30 30 30 30 30 30 45 34 30 35 0D
1779567700728,74 34 35 31 38 30 30 30 30 30 30 30 30 30 30 30 30 30 30 30 30 0D
1779567700748,74 34 35 31 38 30 30 30 30 30 30 30 30 30 30 30 30 30 30 30 30 0D
1779567700755,74 34 35 35 38 45 39 46 46 30 36 30 30 39 46 46 46 30 30 30 30 0D
1779567700760,74 34 35 31 38 30 30 30 30 30 30 30 30 30 30 30 30 30 30 30 30 0D
1779567700767,74 34 35 35 38 45 39 46 46 30 36 30 30 39 46 46 46 30 30 30 30 0D
1779567700777,74 34 35 37 38 30 30 30 30 30 30 30 30 36 34 31 34 30 31 30 30 0D
1779567700784,74 34 35 31 38 30 30 30 30 30 30 30 30 30 30 30 30 30 30 30 30 0D
1779567700789,74 34 35 35 38 45 39 46 46 30 36 30 30 39 46 46 46 30 30 30 30 0D
1779567700798,74 34 35 31 38 30 30 30 30 30 30 30 30 30 30 30 30 30 30 30 30 0D
1779567700809,74 34 35 35 38 45 39 46 46 30 36 30 30 39 46 46 46 30 30 30 30 0D
1779567700819,74 34 35 30 38 30 30 30 30 30 37 30 30 30 30 30 30 45 34 30 35 0D
1779567700821,74 34 35 31 38 30 30 30 30 30 30 30 30 30 30 30 30 30 30 30 30 0D
1779567700839,74 34 35 31 38 30 30 30 30 30 30 30 30 30 30 30 30 30 30 30 30 0D
1779567700848,74 34 35 35 38 45 39 46 46 30 36 30 30 39 46 46 46 30 30 30 30 0D
1779567700862,74 34 35 31 38 30 30 30 30 30 30 30 30 30 30 30 30 30 30 30 30 0D
1779567700867,74 34 35 35 38 45 41 46 46 30 37 30 30 39 46 46 46 30 30 30 30 0D
1779567700870,74 34 35 37 38 30 30 30 30 30 30 30 30 36 34 31 34 30 30 30 30 0D
1779567700877,74 34 35 39 38 36 31 41 34 42 45 31 36 33 36 31 41 30 33 42 37 0D
1779567700885,74 34 35 35 38 45 41 46 46 30 37 30 30 39 46 46 46 30 30 30 30 0D
1779567700906,74 34 35 31 38 30 30 30 30 30 30 30 30 30 30 30 30 30 30 30 30 0D
1779567700912,74 34 35 35 38 45 41 46 46 30 37 30 30 39 46 46 46 30 30 30 30 0D
1779567700921,74 34 35 30 38 30 30 30 30 30 37 30 30 30 30 30 30 45 34 30 35 0D
1779567700934,74 34 35 31 38 30 30 30 30 30 30 30 30 30 30 30 30 30 30 30 30 0D
1779567700941,74 34 35 31 38 30 30 30 30 30 30 30 30 30 30 30 30 30 30 30 30 0D
1779567700949,74 34 35 35 38 45 41 46 46 30 37 30 30 39 46 46 46 30 30 30 30 0D
1779567700961,74 34 35 31 38 30 30 30 30 30 30 30 30 30 30 30 30 30 30 30 30 0D
1779567700966,74 34 35 35 38 45 41 46 46 30 37 30 30 39 46 46 46 30 30 30 30 0D
1779567700973,74 34 35 37 38 30 30 30 30 30 30 30 30 36 34 31 34 30 30 30 30 0D
1779567700990,74 34 35 39 38 36 30 41 34 42 45 31 36 33 36 31 41 30 33 42 37 0D
1779567700998,74 34 35 31 38 30 30 30 30 30 30 30 30 30 30 30 30 30 30 30 30 0D
1779567701011,74 34 35 35 38 45 41 46 46 30 37 30 30 39 46 46 46 30 30 30 30 0D
1779567701020,74 34 35 30 38 30 30 30 30 30 37 30 30 30 30 30 30 45 34 30 35 0D
1779567701030,74 34 35 31 38 30 30 30 30 30 30 30 30 30 30 30 30 30 30 30 30 0D
1779567701037,74 34 35 31 38 30 30 30 30 30 30 30 30 30 30 30 30 30 30 30 30 0D
1779567701046,74 34 35 35 38 45 41 46 46 30 37 30 30 39 46 46 46 30 30 30 30 0D
1779567701060,74 34 35 31 38 30 30 30 30 30 30 30 30 30 30 30 30 30 30 30 30 0D
1779567701066,74 34 35 35 38 45 42 46 46 30 37 30 30 39 46 46 46 30 30 30 30 0D
1779567701072,74 34 35 37 38 30 30 30 30 30 31 30 30 36 34 31 34 30 30 30 30 0D
1779567701078,74 34 35 39 38 36 30 41 34 42 45 31 36 33 36 31 41 30 33 42 37 0D
1779567701082,74 34 35 31 38 30 30 30 30 30 30 30 30 30 30 30 30 30 30 30 30 0D
1779567701084,74 34 35 35 38 45 42 46 46 30 37 30 30 39 46 46 46 30 30 30 30 0D
1779567701103,74 34 35 31 38 30 30 30 30 30 30 30 30 30 30 30 30 30 30 30 30 0D
1779567701106,74 34 35 35 38 45 42 46 46 30 37 30 30 39 46 46 46 30 30 30 30 0D
1779567701120,74 34 35 30 38 30 30 30 30 30 37 30 30 30 30 30 30 45 34 30 35 0D
1779567701128,74 34 35 31 38 30 30 30 30 30 30 30 30 30 30 30 30 30 30 30 30 0D
1779567701138,74 34 35 31 38 30 30 30 30 30 30 30 30 30 30 30 30 30 30 30 30 0D
1779567701144,74 34 35 35 38 45 42 46 46 30 37 30 30 39 46 46 46 30 30 30 30 0D
1779567701162,74 34 35 31 38 30 30 30 30 30 30 30 30 30 30 30 30 30 30 30 30 0D
1779567701177,74 34 35 36 38 45 44 46 46 30 37 30 30 30 35 30 30 30 30 30 30 0D
1779567701183,74 34 35 31 38 30 30 30 30 30 30 30 30 30 30 30 30 30 30 30 30 0D
1779567701187,74 34 35 36 38 45 44 46 46 30 37 30 30 30 35 30 30 30 30 30 30 0D
1779567701204,74 34 35 31 38 30 30 30 30 30 30 30 30 30 30 30 30 30 30 30 30 0D
1779567701225,74 34 35 30 38 30 30 30 30 30 37 30 30 30 30 30 30 45 34 30 35 0D
1779567701232,74 34 35 31 38 30 30 30 30 30 30 30 30 30 30 30 30 30 30 30 30 0D
1779567701240,74 34 35 31 38 30 30 30 30 30 30 30 30 30 30 30 30 30 30 30 30 0D
1779567701245,74 34 35 35 38 45 42 46 46 30 37 30 30 39 46 46 46 30 30 30 30 0D
1779567701260,74 34 35 31 38 30 30 30 30 30 30 30 30 30 30 30 30 30 30 30 30 0D
1779567701268,74 34 35 37 38 30 30 30 30 30 30 30 30 36 34 31 34 30 30 30 30 0D
1779567701276,74 34 35 39 38 35 46 41 34 42 45 31 36 33 35 31 41 30 33 42 37 0D
1779567701282,74 34 35 31 38 30 30 30 30 30 30 30 30 30 30 30 30 30 30 30 30 0D
1779567701285,74 34 35 35 38 45 41 46 46 30 37 30 30 39 46 46 46 30 30 30 30 0D
1779567701303,74 34 35 31 38 30 30 30 30 30 30 30 30 30 30 30 30 30 30 30 30 0D
1779567701310,74 34 35 35 38 45 41 46 46 30 37 30 30 39 46 46 46 30 30 30 30 0D
1779567701321,74 34 35 30 38 30 30 30 30 30 37 30 30 30 30 30 30 45 34 30 35 0D
1779567701330,74 34 35 31 38 30 30 30 30 30 30 30 30 30 30 30 30 30 30 30 30 0D
1779567701339,74 34 35 31 38 30 30 30 30 30 30 30 30 30 30 30 30 30 30 30 30 0D
1779567701347,74 34 35 35 38 45 41 46 46 30 37 30 30 39 46 46 46 30 30 30 30 0D
1779567701361,74 34 35 31 38 30 30 30 30 30 30 30 30 30 30 30 30 30 30 30 30 0D
1779567701369,74 34 35 35 38 45 41 46 46 30 37 30 30 39 46 46 46 30 30 30 30 0D
1779567701375,74 34 35 37 38 30 30 30 30 30 31 30 30 36 34 31 34 30 30 30 30 0D
1779567701384,74 34 35 31 38 30 30 30 30 30 30 30 30 30 30 30 30 30 30 30 30 0D
1779567701399,74 34 35 31 38 30 30 30 30 30 30 30 30 30 30 30 30 30 30 30 30 0D
1779567701408,74 34 35 35 38 45 41 46 46 30 37 30 30 39 46 46 46 30 30 30 30 0D
1779567701420,74 34 35 30 38 30 30 30 30 30 37 30 30 30 30 30 30 45 34 30 35 0D
1779567701437,74 34 35 31 38 30 30 30 30 30 30 30 30 30 30 30 30 30 30 30 30 0D
1779567701443,74 34 35 31 38 30 30 30 30 30 30 30 30 30 30 30 30 30 30 30 30 0D
1779567701447,74 34 35 35 38 45 41 46 46 30 37 30 30 39 46 46 46 30 30 30 30 0D
1779567701459,74 34 35 31 38 30 30 30 30 30 30 30 30 30 30 30 30 30 30 30 30 0D
1779567701464,74 34 35 35 38 45 41 46 46 30 37 30 30 39 45 46 46 30 30 30 30 0D
1779567701467,74 34 35 37 38 30 30 30 30 30 30 30 30 36 34 31 34 30 30 30 30 0D
1779567701475,74 34 35 39 38 35 45 41 34 42 45 31 36 33 35 31 41 30 33 42 37 0D
1779567701482,74 34 35 31 38 30 30 30 30 30 30 30 30 30 30 30 30 30 30 30 30 0D
1779567701489,74 34 35 35 38 45 41 46 46 30 37 30 30 39 45 46 46 30 30 30 30 0D
1779567701500,74 34 35 31 38 30 30 30 30 30 30 30 30 30 30 30 30 30 30 30 30 0D
1779567701508,74 34 35 35 38 45 41 46 46 30 37 30 30 39 45 46 46 30 30 30 30 0D
1779567701524,74 34 35 30 38 30 30 30 30 30 37 30 30 30 30 30 30 45 34 30 35 0D
1779567701530,74 34 35 31 38 30 30 30 30 30 30 30 30 30 30 30 30 30 30 30 30 0D
1779567701536,74 34 35 31 38 30 30 30 30 30 30 30 30 30 30 30 30 30 30 30 30 0D
1779567701544,74 34 35 35 38 45 41 46 46 30 37 30 30 39 45 46 46 30 30 30 30 0D
1779567701556,74 34 35 31 38 30 30 30 30 30 30 30 30 30 30 30 30 30 30 30 30 0D
1779567701565,74 34 35 35 38 45 41 46 46 30 37 30 30 39 45 46 46 30 30 30 30 0D
1779567701569,74 34 35 37 38 30 30 30 30 30 31 30 30 36 34 31 34 30 30 30 30 0D
1779567701580,74 34 35 39 38 35 45 41 34 42 45 31 36 33 35 31 41 30 33 42 37 0D
1779567701585,74 34 35 31 38 30 30 30 30 30 30 30 30 30 30 30 30 30 30 30 30 0D
1779567701597,74 34 35 31 38 30 30 30 30 30 30 30 30 30 30 30 30 30 30 30 30 0D
1779567701607,74 34 35 35 38 45 41 46 46 30 37 30 30 39 45 46 46 30 30 30 30 0D
1779567701624,74 34 35 30 38 30 30 30 30 30 37 30 30 30 30 30 30 45 34 30 35 0D
1779567701630,74 34 35 31 38 30 30 30 30 30 30 30 30 30 30 30 30 30 30 30 30 0D
1779567701639,74 34 35 31 38 30 30 30 30 30 30 30 30 30 30 30 30 30 30 30 30 0D
1779567701646,74 34 35 35 38 45 41 46 46 30 37 30 30 39 45 46 46 30 30 30 30 0D
1779567701663,74 34 35 31 38 30 30 30 30 30 30 30 30 30 30 30 30 30 30 30 30 0D
1779567701668,74 34 35 35 38 45 41 46 46 30 37 30 30 39 46 46 46 30 30 30 30 0D 74 34 35 37 38 30 30 30 30 30 30 30 30 36 34 31 34 30 30 30 30 0D
1779567701679,74 34 35 39 38 35 45 41 34 42 45 31 36 33 34 31 41 30 33 42 37 0D
1779567701683,74 34 35 35 38 45 41 46 46 30 37 30 30 39 46 46 46 30 30 30 30 0D
1779567701710,74 34 35 31 38 30 30 30 30 30 30 30 30 30 30 30 30 30 30 30 30 0D
1779567701715,74 34 35 35 38 45 41 46 46 30 37 30 30 39 46 46 46 30 30 30 30 0D
1779567701724,74 34 35 30 38 30 30 30 30 30 37 30 30 30 30 30 30 45 34 30 35 0D
1779567701731,74 34 35 31 38 30 30 30 30 30 30 30 30 30 30 30 30 30 30 30 30 0D
1779567701740,74 34 35 31 38 30 30 30 30 30 30 30 30 30 30 30 30 30 30 30 30 0D
1779567701748,74 34 35 35 38 45 41 46 46 30 37 30 30 39 46 46 46 30 30 30 30 0D
1779567701761,74 34 35 31 38 30 30 30 30 30 30 30 30 30 30 30 30 30 30 30 30 0D
1779567701773,74 34 35 35 38 45 41 46 46 30 37 30 30 39 46 46 46 30 30 30 30 0D
1779567701777,74 34 35 39 38 35 44 41 34 42 45 31 36 33 34 31 41 30 33 42 37 0D
1779567701788,74 34 35 35 38 45 41 46 46 30 37 30 30 39 46 46 46 30 30 30 30 0D
1779567701801,74 34 35 31 38 30 30 30 30 30 30 30 30 30 30 30 30 30 30 30 30 0D
1779567701807,74 34 35 35 38 45 41 46 46 30 37 30 30 39 46 46 46 30 30 30 30 0D
1779567701820,74 34 35 30 38 30 30 30 30 30 37 30 30 30 30 30 30 45 34 30 35 0D
1779567701832,74 34 35 31 38 30 30 30 30 30 30 30 30 30 30 30 30 30 30 30 30 0D
1779567701835,74 34 35 31 38 30 30 30 30 30 30 30 30 30 30 30 30 30 30 30 30 0D
1779567701848,74 34 35 35 38 45 41 46 46 30 37 30 30 39 46 46 46 30 30 30 30 0D
1779567701903,74 34 35 31 38 30 30 30 30 30 30 30 30 30 30 30 30 30 30 30 30 0D
1779567701910,74 34 35 31 38 30 30 30 30 30 30 30 30 30 30 30 30 30 30 30 30 0D
1779567701923,74 34 35 30 38 30 30 30 30 30 37 30 30 30 30 30 30 45 34 30 35 0D
1779567701930,74 34 35 31 38 30 30 30 30 30 30 30 30 30 30 30 30 30 30 30 30 0D
1779567701939,74 34 35 31 38 30 30 30 30 30 30 30 30 30 30 30 30 30 30 30 30 0D
1779567701949,74 34 35 35 38 45 41 46 46 30 37 30 30 39 46 46 46 30 30 30 30 0D
1779567701962,74 34 35 31 38 30 30 30 30 30 30 30 30 30 30 30 30 30 30 30 30 0D
1779567701966,74 34 35 35 38 45 41 46 46 30 37 30 30 39 46 46 46 30 30 30 30 0D
1779567701973,74 34 35 37 38 30 30 30 30 30 30 30 30 36 34 31 34 30 30 30 30 0D
1779567701980,74 34 35 39 38 35 43 41 34 42 45 31 36 33 32 31 41 30 33 42 37 0D
1779567701985,74 34 35 31 38 30 30 30 30 30 30 30 30 30 30 30 30 30 30 30 30 0D
1779567702000,74 34 35 31 38 30 30 30 30 30 30 30 30 30 30 30 30 30 30 30 30 0D
1779567702009,74 34 35 35 38 45 41 46 46 30 37 30 30 39 46 46 46 30 30 30 30 0D
1779567702024,74 34 35 30 38 30 30 30 30 30 37 30 30 30 30 30 30 45 34 30 35 0D
1779567702052,74 34 35 31 38 30 30 30 30 30 30 30 30 30 30 30 30 30 30 30 30 0D
1779567702064,74 34 35 31 38 30 30 30 30 30 30 30 30 30 30 30 30 30 30 30 30 0D
1779567702071,74 34 35 35 38 45 41 46 46 30 37 30 30 39 46 46 46 30 30 30 30 0D
1779567702073,74 34 35 39 38 35 43 41 34 42 45 31 36 33 32 31 41 30 33 42 37 0D
1779567702080,74 34 35 31 38 30 30 30 30 30 30 30 30 30 30 30 30 30 30 30 30 0D
1779567702088,74 34 35 36 38 45 45 46 46 30 37 30 30 30 34 30 30 30 30 30 30 0D
1779567702099,74 34 35 31 38 30 30 30 30 30 30 30 30 30 30 30 30 30 30 30 30 0D
1779567702108,74 34 35 35 38 45 41 46 46 30 37 30 30 39 46 46 46 30 30 30 30 0D
1779567702123,74 34 35 30 38 30 30 30 30 30 37 30 30 30 30 30 30 45 34 30 35 0D
1779567702131,74 34 35 31 38 30 30 30 30 30 30 30 30 30 30 30 30 30 30 30 30 0D
1779567702141,74 34 35 31 38 30 30 30 30 30 30 30 30 30 30 30 30 30 30 30 30 0D
1779567702149,74 34 35 35 38 45 41 46 46 30 37 30 30 39 46 46 46 30 30 30 30 0D
1779567702158,74 34 35 31 38 30 30 30 30 30 30 30 30 30 30 30 30 30 30 30 30 0D
1779567702194,74 34 35 36 38 45 45 46 46 30 38 30 30 30 34 30 30 30 30 30 30 0D
1779567702202,74 34 35 31 38 30 30 30 30 30 30 30 30 30 30 30 30 30 30 30 30 0D
1779567702217,74 34 35 35 38 45 41 46 46 30 37 30 30 39 46 46 46 30 30 30 30 0D
1779567702228,74 34 35 30 38 30 30 30 30 30 37 30 30 30 30 30 30 45 34 30 35 0D
1779567702240,74 34 35 31 38 30 30 30 30 30 30 30 30 30 30 30 30 30 30 30 30 0D
1779567702250,74 34 35 35 38 45 41 46 46 30 37 30 30 39 46 46 46 30 30 30 30 0D
1779567702260,74 34 35 31 38 30 30 30 30 30 30 30 30 30 30 30 30 30 30 30 30 0D
1779567702297,74 34 35 35 38 45 41 46 46 30 37 30 30 39 46 46 46 30 30 30 30 0D
1779567702300,74 34 35 31 38 30 30 30 30 30 30 30 30 30 30 30 30 30 30 30 30 0D
1779567702308,74 34 35 35 38 45 41 46 46 30 37 30 30 39 46 46 46 30 30 30 30 0D
1779567702321,74 34 35 30 38 30 30 30 30 30 37 30 30 30 30 30 30 45 34 30 35 0D
1779567702328,74 34 35 31 38 30 30 30 30 30 30 30 30 30 30 30 30 30 30 30 30 0D
1779567702339,74 34 35 31 38 30 30 30 30 30 30 30 30 30 30 30 30 30 30 30 30 0D
1779567702353,74 34 35 35 38 45 41 46 46 30 37 30 30 39 46 46 46 30 30 30 30 0D
1779567702371,74 34 35 31 38 30 30 30 30 30 30 30 30 30 30 30 30 30 30 30 30 0D
1779567702377,74 34 35 39 38 35 42 41 34 42 45 31 36 33 32 31 41 30 33 42 37 0D
1779567702386,74 34 35 31 38 30 30 30 30 30 30 30 30 30 30 30 30 30 30 30 30 0D
1779567702404,74 34 35 31 38 30 30 30 30 30 30 30 30 30 30 30 30 30 30 30 30 0D
1779567702412,74 34 35 35 38 45 41 46 46 30 37 30 30 39 46 46 46 30 30 30 30 0D
1779567702422,74 34 35 30 38 30 30 30 30 30 37 30 30 30 30 30 30 45 34 30 35 0D
1779567702433,74 34 35 31 38 30 30 30 30 30 30 30 30 30 30 30 30 30 30 30 30 0D
1779567702438,74 34 35 31 38 30 30 30 30 30 30 30 30 30 30 30 30 30 30 30 30 0D
1779567702456,74 34 35 36 38 45 45 46 46 30 38 30 30 30 34 30 30 30 30 30 30 0D
1779567702462,74 34 35 31 38 30 30 30 30 30 30 30 30 30 30 30 30 30 30 30 30 0D
1779567702471,74 34 35 35 38 45 39 46 46 30 37 30 30 39 45 46 46 30 30 30 30 0D
1779567702479,74 34 35 37 38 30 30 30 30 30 31 30 30 36 34 31 34 30 30 30 30 0D
1779567702493,74 34 35 39 38 35 41 41 34 42 45 31 36 33 31 31 41 30 33 42 37 0D
1779567702504,74 34 35 31 38 30 30 30 30 30 30 30 30 30 30 30 30 30 30 30 30 0D
1779567702513,74 34 35 35 38 45 39 46 46 30 37 30 30 39 45 46 46 30 30 30 30 0D
1779567702521,74 34 35 30 38 30 30 30 30 30 37 30 30 30 30 30 30 45 34 30 35 0D
1779567702541,74 34 35 31 38 30 30 30 30 30 30 30 30 30 30 30 30 30 30 30 30 0D
1779567702547,74 34 35 31 38 30 30 30 30 30 30 30 30 30 30 30 30 30 30 30 30 0D
1779567702563,74 34 35 31 38 30 30 30 30 30 30 30 30 30 30 30 30 30 30 30 30 0D
1779567702581,74 34 35 35 38 45 39 46 46 30 37 30 30 39 45 46 46 30 30 30 30 0D
1779567702586,74 34 35 31 38 30 30 30 30 30 30 30 30 30 30 30 30 30 30 30 30 0D
1779567702591,74 34 35 35 38 45 39 46 46 30 37 30 30 39 45 46 46 30 30 30 30 0D
1779567702603,74 34 35 31 38 30 30 30 30 30 30 30 30 30 30 30 30 30 30 30 30 0D
1779567702611,74 34 35 35 38 45 39 46 46 30 37 30 30 39 45 46 46 30 30 30 30 0D
1779567702622,74 34 35 30 38 30 30 30 30 30 37 30 30 30 30 30 30 45 34 30 35 0D
1779567702630,74 34 35 31 38 30 30 30 30 30 30 30 30 30 30 30 30 30 30 30 30 0D
1779567702638,74 34 35 31 38 30 30 30 30 30 30 30 30 30 30 30 30 30 30 30 30 0D
1779567702656,74 34 35 35 38 45 39 46 46 30 37 30 30 39 45 46 46 30 30 30 30 0D
1779567702661,74 34 35 31 38 30 30 30 30 30 30 30 30 30 30 30 30 30 30 30 30 0D
1779567702674,74 34 35 35 38 45 41 46 46 30 37 30 30 39 46 46 46 30 30 30 30 0D
1779567702677,74 34 35 39 38 35 41 41 34 42 45 31 36 32 46 31 41 30 33 42 37 0D
1779567702681,74 34 35 31 38 30 30 30 30 30 30 30 30 30 30 30 30 30 30 30 30 0D
1779567702705,74 34 35 31 38 30 30 30 30 30 30 30 30 30 30 30 30 30 30 30 30 0D
1779567702710,74 34 35 35 38 45 41 46 46 30 37 30 30 39 46 46 46 30 30 30 30 0D
1779567702722,74 34 35 30 38 30 30 30 30 30 37 30 30 30 30 30 30 45 34 30 35 0D
1779567702729,74 34 35 31 38 30 30 30 30 30 30 30 30 30 30 30 30 30 30 30 30 0D
1779567702740,74 34 35 31 38 30 30 30 30 30 30 30 30 30 30 30 30 30 30 30 30 0D
1779567702754,74 34 35 35 38 45 41 46 46 30 37 30 30 39 46 46 46 30 30 30 30 0D
1779567702760,74 34 35 31 38 30 30 30 30 30 30 30 30 30 30 30 30 30 30 30 30 0D
1779567702778,74 34 35 35 38 45 41 46 46 30 37 30 30 39 46 46 46 30 30 30 30 0D
1779567702782,74 34 35 31 38 30 30 30 30 30 30 30 30 30 30 30 30 30 30 30 30 0D
1779567702800,74 34 35 31 38 30 30 30 30 30 30 30 30 30 30 30 30 30 30 30 30 0D
1779567702815,74 34 35 35 38 45 41 46 46 30 37 30 30 39 46 46 46 30 30 30 30 0D
1779567702822,74 34 35 30 38 30 30 30 30 30 37 30 30 30 30 30 30 45 34 30 35 0D
1779567702834,74 34 35 31 38 30 30 30 30 30 30 30 30 30 30 30 30 30 30 30 30 0D
1779567702841,74 34 35 31 38 30 30 30 30 30 30 30 30 30 30 30 30 30 30 30 30 0D
1779567702867,74 34 35 31 38 30 30 30 30 30 30 30 30 30 30 30 30 30 30 30 30 0D
1779567702878,74 34 35 35 38 45 41 46 46 30 37 30 30 39 46 46 46 30 30 30 30 0D
1779567702884,74 34 35 31 38 30 30 30 30 30 30 30 30 30 30 30 30 30 30 30 30 0D
1779567702892,74 34 35 35 38 45 41 46 46 30 37 30 30 39 46 46 46 30 30 30 30 0D
1779567702901,74 34 35 31 38 30 30 30 30 30 30 30 30 30 30 30 30 30 30 30 30 0D
1779567702910,74 34 35 35 38 45 41 46 46 30 37 30 30 39 46 46 46 30 30 30 30 0D
1779567702921,74 34 35 30 38 30 30 30 30 30 37 30 30 30 30 30 30 45 34 30 35 0D
1779567702930,74 34 35 31 38 30 30 30 30 30 30 30 30 30 30 30 30 30 30 30 30 0D
1779567702941,74 34 35 31 38 30 30 30 30 30 30 30 30 30 30 30 30 30 30 30 30 0D
1779567702955,74 34 35 35 38 45 41 46 46 30 37 30 30 39 46 46 46 30 30 30 30 0D
1779567702962,74 34 35 31 38 30 30 30 30 30 30 30 30 30 30 30 30 30 30 30 30 0D
1779567702969,74 34 35 35 38 45 41 46 46 30 37 30 30 39 46 46 46 30 30 30 30 0D
1779567702979,74 34 35 37 38 30 30 30 30 30 30 30 30 36 34 31 34 30 30 30 30 0D
1779567702991,74 34 35 35 38 45 41 46 46 30 37 30 30 39 46 46 46 30 30 30 30 0D
1779567703003,74 34 35 31 38 30 30 30 30 30 30 30 30 30 30 30 30 30 30 30 30 0D
1779567703010,74 34 35 35 38 45 41 46 46 30 37 30 30 39 46 46 46 30 30 30 30 0D
1779567703019,74 34 35 30 38 30 30 30 30 30 37 30 30 30 30 30 30 45 34 30 35 0D
1779567703034,74 34 35 31 38 30 30 30 30 30 30 30 30 30 30 30 30 30 30 30 30 0D
1779567703039,74 34 35 31 38 30 30 30 30 30 30 30 30 30 30 30 30 30 30 30 30 0D
1779567703063,74 34 35 31 38 30 30 30 30 30 30 30 30 30 30 30 30 30 30 30 30 0D
1779567703082,74 34 35 35 38 45 41 46 46 30 38 30 30 39 45 46 46 30 30 30 30 0D
1779567703089,74 34 35 31 38 30 30 30 30 30 30 30 30 30 30 30 30 30 30 30 30 0D
1779567703106,74 34 35 31 38 30 30 30 30 30 30 30 30 30 30 30 30 30 30 30 30 0D
1779567703119,74 34 35 35 38 45 41 46 46 30 38 30 30 39 45 46 46 30 30 30 30 0D
1779567703128,74 34 35 31 38 30 30 30 30 30 30 30 30 30 30 30 30 30 30 30 30 0D
1779567703141,74 34 35 31 38 30 30 30 30 30 30 30 30 30 30 30 30 30 30 30 30 0D
1779567703155,74 34 35 35 38 45 41 46 46 30 38 30 30 39 45 46 46 30 30 30 30 0D
1779567703163,74 34 35 31 38 30 30 30 30 30 30 30 30 30 30 30 30 30 30 30 30 0D
1779567703179,74 34 35 35 38 45 41 46 46 30 38 30 30 39 45 46 46 30 30 30 30 0D
1779567703184,74 34 35 31 38 30 30 30 30 30 30 30 30 30 30 30 30 30 30 30 30 0D
1779567703191,74 34 35 35 38 45 41 46 46 30 38 30 30 39 45 46 46 30 30 30 30 0D
1779567703199,74 34 35 31 38 30 30 30 30 30 30 30 30 30 30 30 30 30 30 30 30 0D
1779567703210,74 34 35 35 38 45 41 46 46 30 38 30 30 39 45 46 46 30 30 30 30 0D
1779567703220,74 34 35 30 38 30 30 30 30 30 37 30 30 30 30 30 30 45 34 30 35 0D
1779567703241,74 34 35 31 38 30 30 30 30 30 30 30 30 30 30 30 30 30 30 30 30 0D
1779567703247,74 34 35 31 38 30 30 30 30 30 30 30 30 30 30 30 30 30 30 30 30 0D
1779567703253,74 34 35 36 38 45 45 46 46 30 37 30 30 30 34 30 30 30 30 30 30 0D
1779567703260,74 34 35 31 38 30 30 30 30 30 30 30 30 30 30 30 30 30 30 30 30 0D
1779567703295,74 34 35 36 38 45 45 46 46 30 37 30 30 30 34 30 30 30 30 30 30 0D
1779567703304,74 34 35 31 38 30 30 30 30 30 30 30 30 30 30 30 30 30 30 30 30 0D
1779567703312,74 34 35 35 38 45 41 46 46 30 37 30 30 39 46 46 46 30 30 30 30 0D
1779567703319,74 34 35 30 38 30 30 30 30 30 37 30 30 30 30 30 30 45 34 30 35 0D
1779567703341,74 34 35 31 38 30 30 30 30 30 30 30 30 30 30 30 30 30 30 30 30 0D
1779567703344,74 34 35 31 38 30 30 30 30 30 30 30 30 30 30 30 30 30 30 30 30 0D
1779567703357,74 34 35 31 38 30 30 30 30 30 30 30 30 30 30 30 30 30 30 30 30 0D
1779567703372,74 34 35 35 38 45 41 46 46 30 37 30 30 39 46 46 46 30 30 30 30 0D
1779567703383,74 34 35 37 38 30 30 30 30 30 30 30 30 36 34 31 34 30 30 30 30 0D
1779567703390,74 34 35 35 38 45 41 46 46 30 37 30 30 39 46 46 46 30 30 30 30 0D
1779567703400,74 34 35 31 38 30 30 30 30 30 30 30 30 30 30 30 30 30 30 30 30 0D
1779567703408,74 34 35 35 38 45 41 46 46 30 37 30 30 39 46 46 46 30 30 30 30 0D
1779567703417,74 34 35 30 38 30 30 30 30 30 37 30 30 30 30 30 30 45 34 30 35 0D
1779567703437,74 34 35 31 38 30 30 30 30 30 30 30 30 30 30 30 30 30 30 30 30 0D
1779567703451,74 34 35 31 38 30 30 30 30 30 30 30 30 30 30 30 30 30 30 30 30 0D
1779567703460,74 34 35 31 38 30 30 30 30 30 30 30 30 30 30 30 30 30 30 30 30 0D
1779567703468,74 34 35 35 38 45 41 46 46 30 37 30 30 39 46 46 46 30 30 30 30 0D
1779567703472,74 34 35 37 38 30 30 30 30 30 30 30 30 36 34 31 34 30 30 30 30 0D
1779567703488,74 34 35 39 38 35 44 41 34 42 45 31 36 33 30 31 41 30 33 42 37 0D
1779567703502,74 34 35 31 38 30 30 30 30 30 30 30 30 30 30 30 30 30 30 30 30 0D
1779567703516,74 34 35 35 38 45 41 46 46 30 37 30 30 39 46 46 46 30 30 30 30 0D
1779567703521,74 34 35 30 38 30 30 30 30 30 37 30 30 30 30 30 30 45 34 30 35 0D
1779567703534,74 34 35 31 38 30 30 30 30 30 30 30 30 30 30 30 30 30 30 30 30 0D
1779567703538,74 34 35 31 38 30 30 30 30 30 30 30 30 30 30 30 30 30 30 30 30 0D
1779567703550,74 34 35 35 38 45 41 46 46 30 37 30 30 39 46 46 46 30 30 30 30 0D
1779567703560,74 34 35 31 38 30 30 30 30 30 30 30 30 30 30 30 30 30 30 30 30 0D
1779567703577,74 34 35 35 38 45 41 46 46 30 37 30 30 39 46 46 46 30 30 30 30 0D
1779567703585,74 34 35 31 38 30 30 30 30 30 30 30 30 30 30 30 30 30 30 30 30 0D
1779567703588,74 34 35 35 38 45 41 46 46 30 37 30 30 39 46 46 46 30 30 30 30 0D
1779567703599,74 34 35 31 38 30 30 30 30 30 30 30 30 30 30 30 30 30 30 30 30 0D
1779567703620,74 34 35 35 38 45 41 46 46 30 37 30 30 39 46 46 46 30 30 30 30 0D
1779567703625,74 34 35 30 38 30 30 30 30 30 37 30 30 30 30 30 30 45 34 30 35 0D
1779567703627,74 34 35 31 38 30 30 30 30 30 30 30 30 30 30 30 30 30 30 30 30 0D
1779567703637,74 34 35 31 38 30 30 30 30 30 30 30 30 30 30 30 30 30 30 30 30 0D
1779567703650,74 34 35 35 38 45 41 46 46 30 37 30 30 39 46 46 46 30 30 30 30 0D
1779567703658,74 34 35 31 38 30 30 30 30 30 30 30 30 30 30 30 30 30 30 30 30 0D
1779567703679,74 34 35 35 38 45 41 46 46 30 37 30 30 39 46 46 46 30 30 30 30 0D
1779567703687,74 34 35 31 38 30 30 30 30 30 30 30 30 30 30 30 30 30 30 30 30 0D
1779567703692,74 34 35 35 38 45 41 46 46 30 37 30 30 39 46 46 46 30 30 30 30 0D
1779567703701,74 34 35 31 38 30 30 30 30 30 30 30 30 30 30 30 30 30 30 30 30 0D
1779567703710,74 34 35 35 38 45 41 46 46 30 37 30 30 39 46 46 46 30 30 30 30 0D
1779567703717,74 34 35 30 38 30 30 30 30 30 37 30 30 30 30 30 30 45 34 30 35 0D
1779567703734,74 34 35 31 38 30 30 30 30 30 30 30 30 30 30 30 30 30 30 30 30 0D
1779567703740,74 34 35 31 38 30 30 30 30 30 30 30 30 30 30 30 30 30 30 30 30 0D
1779567703749,74 34 35 35 38 45 41 46 46 30 37 30 30 39 46 46 46 30 30 30 30 0D
1779567703762,74 34 35 31 38 30 30 30 30 30 30 30 30 30 30 30 30 30 30 30 30 0D
1779567703782,74 34 35 35 38 45 41 46 46 30 37 30 30 39 46 46 46 30 30 30 30 0D
1779567703788,74 34 35 31 38 30 30 30 30 30 30 30 30 30 30 30 30 30 30 30 30 0D
1779567703800,74 34 35 31 38 30 30 30 30 30 30 30 30 30 30 30 30 30 30 30 30 0D
1779567703815,74 34 35 35 38 45 41 46 46 30 37 30 30 39 46 46 46 30 30 30 30 0D
1779567703824,74 34 35 30 38 30 30 30 30 30 37 30 30 30 30 30 30 45 34 30 35 0D
1779567703833,74 34 35 31 38 30 30 30 30 30 30 30 30 30 30 30 30 30 30 30 30 0D
1779567703839,74 34 35 31 38 30 30 30 30 30 30 30 30 30 30 30 30 30 30 30 30 0D
1779567703849,74 34 35 35 38 45 41 46 46 30 37 30 30 39 46 46 46 30 30 30 30 0D
1779567703857,74 34 35 31 38 30 30 30 30 30 30 30 30 30 30 30 30 30 30 30 30 0D
1779567703873,74 34 35 35 38 45 41 46 46 30 38 30 30 39 45 46 46 30 30 30 30 0D
1779567703880,74 34 35 37 38 30 30 30 30 30 31 30 30 36 34 31 34 30 30 30 30 0D
1779567703889,74 34 35 31 38 30 30 30 30 30 30 30 30 30 30 30 30 30 30 30 30 0D
1779567703902,74 34 35 31 38 30 30 30 30 30 30 30 30 30 30 30 30 30 30 30 30 0D
1779567703909,74 34 35 35 38 45 41 46 46 30 38 30 30 39 45 46 46 30 30 30 30 0D
1779567703918,74 34 35 30 38 30 30 30 30 30 37 30 30 30 30 30 30 45 34 30 35 0D
1779567703934,74 34 35 31 38 30 30 30 30 30 30 30 30 30 30 30 30 30 30 30 30 0D
1779567703940,74 34 35 31 38 30 30 30 30 30 30 30 30 30 30 30 30 30 30 30 30 0D
1779567703956,74 34 35 35 38 45 41 46 46 30 38 30 30 39 45 46 46 30 30 30 30 0D
1779567703964,74 34 35 31 38 30 30 30 30 30 30 30 30 30 30 30 30 30 30 30 30 0D
1779567703979,74 34 35 35 38 45 41 46 46 30 38 30 30 39 45 46 46 30 30 30 30 0D
1779567703985,74 34 35 31 38 30 30 30 30 30 30 30 30 30 30 30 30 30 30 30 30 0D
1779567703987,74 34 35 35 38 45 41 46 46 30 38 30 30 39 45 46 46 30 30 30 30 0D
1779567704003,74 34 35 31 38 30 30 30 30 30 30 30 30 30 30 30 30 30 30 30 30 0D
1779567704017,74 34 35 35 38 45 41 46 46 30 38 30 30 39 45 46 46 30 30 30 30 0D
1779567704024,74 34 35 30 38 30 30 30 30 30 37 30 30 30 30 30 30 45 34 30 35 0D
1779567704030,74 34 35 31 38 30 30 30 30 30 30 30 30 30 30 30 30 30 30 30 30 0D
1779567704039,74 34 35 31 38 30 30 30 30 30 30 30 30 30 30 30 30 30 30 30 30 0D
1779567704050,74 34 35 35 38 45 41 46 46 30 38 30 30 39 45 46 46 30 30 30 30 0D
1779567704059,74 34 35 31 38 30 30 30 30 30 30 30 30 30 30 30 30 30 30 30 30 0D
1779567704077,74 34 35 35 38 45 41 46 46 30 38 30 30 39 46 46 46 30 30 30 30 0D
1779567704086,74 34 35 31 38 30 30 30 30 30 30 30 30 30 30 30 30 30 30 30 30 0D
1779567704094,74 34 35 35 38 45 41 46 46 30 38 30 30 39 46 46 46 30 30 30 30 0D
1779567704101,74 34 35 31 38 30 30 30 30 30 30 30 30 30 30 30 30 30 30 30 30 0D
1779567704110,74 34 35 35 38 45 41 46 46 30 38 30 30 39 46 46 46 30 30 30 30 0D
1779567704121,74 34 35 30 38 30 30 30 30 30 37 30 30 30 30 30 30 45 34 30 35 0D
1779567704133,74 34 35 31 38 30 30 30 30 30 30 30 30 30 30 30 30 30 30 30 30 0D
1779567704140,74 34 35 31 38 30 30 30 30 30 30 30 30 30 30 30 30 30 30 30 30 0D
1779567704153,74 34 35 35 38 45 41 46 46 30 38 30 30 39 46 46 46 30 30 30 30 0D
1779567704158,74 34 35 31 38 30 30 30 30 30 30 30 30 30 30 30 30 30 30 30 30 0D
1779567704168,74 34 35 37 38 30 30 30 30 30 30 30 30 36 34 31 34 30 30 30 30 0D
1779567704186,74 34 35 39 38 35 46 41 34 42 45 31 36 32 43 31 41 30 33 42 37 0D
1779567704203,74 34 35 31 38 30 30 30 30 30 30 30 30 30 30 30 30 30 30 30 30 0D
1779567704225,74 34 35 30 38 30 30 30 30 30 37 30 30 30 30 30 30 45 34 30 35 0D
1779567704235,74 34 35 31 38 30 30 30 30 30 30 30 30 30 30 30 30 30 30 30 30 0D
1779567704240,74 34 35 31 38 30 30 30 30 30 30 30 30 30 30 30 30 30 30 30 30 0D
1779567704255,74 34 35 35 38 45 41 46 46 30 38 30 30 39 46 46 46 30 30 30 30 0D
1779567704264,74 34 35 31 38 30 30 30 30 30 30 30 30 30 30 30 30 30 30 30 30 0D
1779567704278,74 34 35 35 38 45 41 46 46 30 37 30 30 39 46 46 46 30 30 30 30 0D
1779567704289,74 34 35 35 38 45 41 46 46 30 37 30 30 39 46 46 46 30 30 30 30 0D
1779567704300,74 34 35 31 38 30 30 30 30 30 30 30 30 30 30 30 30 30 30 30 30 0D
1779567704314,74 34 35 35 38 45 41 46 46 30 37 30 30 39 46 46 46 30 30 30 30 0D
1779567704318,74 34 35 30 38 30 30 30 30 30 37 30 30 30 30 30 30 45 34 30 35 0D
1779567704332,74 34 35 31 38 30 30 30 30 30 30 30 30 30 30 30 30 30 30 30 30 0D
1779567704338,74 34 35 31 38 30 30 30 30 30 30 30 30 30 30 30 30 30 30 30 30 0D
1779567704353,74 34 35 35 38 45 41 46 46 30 37 30 30 39 46 46 46 30 30 30 30 0D
1779567704359,74 34 35 31 38 30 30 30 30 30 30 30 30 30 30 30 30 30 30 30 30 0D
1779567704395,74 34 35 35 38 45 41 46 46 30 37 30 30 39 46 46 46 30 30 30 30 0D
1779567704401,74 34 35 31 38 30 30 30 30 30 30 30 30 30 30 30 30 30 30 30 30 0D
1779567704412,74 34 35 35 38 45 41 46 46 30 37 30 30 39 46 46 46 30 30 30 30 0D
1779567704420,74 34 35 30 38 30 30 30 30 30 37 30 30 30 30 30 30 45 34 30 35 0D
1779567704430,74 34 35 31 38 30 30 30 30 30 30 30 30 30 30 30 30 30 30 30 30 0D
1779567704438,74 34 35 31 38 30 30 30 30 30 30 30 30 30 30 30 30 30 30 30 30 0D
1779567704450,74 34 35 35 38 45 41 46 46 30 37 30 30 39 46 46 46 30 30 30 30 0D
1779567704463,74 34 35 31 38 30 30 30 30 30 30 30 30 30 30 30 30 30 30 30 30 0D
1779567704469,74 34 35 35 38 45 42 46 46 30 38 30 30 39 46 46 46 30 30 30 30 0D
1779567704475,74 34 35 37 38 30 30 30 30 30 30 30 30 36 34 31 34 30 30 30 30 0D
1779567704480,74 34 35 31 38 30 30 30 30 30 30 30 30 30 30 30 30 30 30 30 30 0D
1779567704488,74 34 35 35 38 45 42 46 46 30 38 30 30 39 46 46 46 30 30 30 30 0D
1779567704497,74 34 35 31 38 30 30 30 30 30 30 30 30 30 30 30 30 30 30 30 30 0D
1779567704507,74 34 35 35 38 45 42 46 46 30 38 30 30 39 46 46 46 30 30 30 30 0D
1779567704518,74 34 35 30 38 30 30 30 30 30 37 30 30 30 30 30 30 45 34 30 35 0D
1779567704532,74 34 35 31 38 30 30 30 30 30 30 30 30 30 30 30 30 30 30 30 30 0D
1779567704539,74 34 35 31 38 30 30 30 30 30 30 30 30 30 30 30 30 30 30 30 30 0D
1779567704551,74 34 35 35 38 45 42 46 46 30 38 30 30 39 46 46 46 30 30 30 30 0D
1779567704563,74 34 35 31 38 30 30 30 30 30 30 30 30 30 30 30 30 30 30 30 30 0D
1779567704580,74 34 35 35 38 45 42 46 46 30 38 30 30 39 46 46 46 30 30 30 30 0D
1779567704587,74 34 35 31 38 30 30 30 30 30 30 30 30 30 30 30 30 30 30 30 30 0D
1779567704598,74 34 35 31 38 30 30 30 30 30 30 30 30 30 30 30 30 30 30 30 30 0D
1779567704612,74 34 35 35 38 45 42 46 46 30 38 30 30 39 46 46 46 30 30 30 30 0D
1779567704619,74 34 35 30 38 30 30 30 30 30 37 30 30 30 30 30 30 45 34 30 35 0D
1779567704631,74 34 35 31 38 30 30 30 30 30 30 30 30 30 30 30 30 30 30 30 30 0D
1779567704638,74 34 35 31 38 30 30 30 30 30 30 30 30 30 30 30 30 30 30 30 30 0D
1779567704651,74 34 35 35 38 45 42 46 46 30 38 30 30 39 46 46 46 30 30 30 30 0D
1779567704663,74 34 35 31 38 30 30 30 30 30 30 30 30 30 30 30 30 30 30 30 30 0D
1779567704678,74 34 35 35 38 45 41 46 46 30 37 30 30 39 46 46 46 30 30 30 30 0D
1779567704684,74 34 35 31 38 30 30 30 30 30 30 30 30 30 30 30 30 30 30 30 30 0D
1779567704703,74 34 35 31 38 30 30 30 30 30 30 30 30 30 30 30 30 30 30 30 30 0D
1779567704712,74 34 35 35 38 45 41 46 46 30 37 30 30 39 46 46 46 30 30 30 30 0D
1779567704717,74 34 35 30 38 30 30 30 30 30 37 30 30 30 30 30 30 45 34 30 35 0D
1779567704731,74 34 35 31 38 30 30 30 30 30 30 30 30 30 30 30 30 30 30 30 30 0D
1779567704736,74 34 35 31 38 30 30 30 30 30 30 30 30 30 30 30 30 30 30 30 30 0D
1779567704748,74 34 35 35 38 45 41 46 46 30 37 30 30 39 46 46 46 30 30 30 30 0D
1779567704765,74 34 35 31 38 30 30 30 30 30 30 30 30 30 30 30 30 30 30 30 30 0D
1779567704781,74 34 35 35 38 45 41 46 46 30 37 30 30 39 46 46 46 30 30 30 30 0D
1779567704786,74 34 35 31 38 30 30 30 30 30 30 30 30 30 30 30 30 30 30 30 30 0D
1779567704800,74 34 35 31 38 30 30 30 30 30 30 30 30 30 30 30 30 30 30 30 30 0D
1779567704810,74 34 35 35 38 45 41 46 46 30 37 30 30 39 46 46 46 30 30 30 30 0D
1779567704820,74 34 35 30 38 30 30 30 30 30 37 30 30 30 30 30 30 45 34 30 35 0D
1779567704833,74 34 35 31 38 30 30 30 30 30 30 30 30 30 30 30 30 30 30 30 30 0D
1779567704838,74 34 35 31 38 30 30 30 30 30 30 30 30 30 30 30 30 30 30 30 30 0D
1779567704845,74 34 35 35 38 45 41 46 46 30 37 30 30 39 46 46 46 30 30 30 30 0D
1779567704852,74 34 35 36 38 45 45 46 46 30 38 30 30 30 34 30 30 30 30 30 30 0D
1779567704861,74 34 35 31 38 30 30 30 30 30 30 30 30 30 30 30 30 30 30 30 30 0D
1779567704879,74 34 35 36 38 45 45 46 46 30 38 30 30 30 34 30 30 30 30 30 30 0D
1779567704884,74 34 35 31 38 30 30 30 30 30 30 30 30 30 30 30 30 30 30 30 30 0D
1779567704902,74 34 35 31 38 30 30 30 30 30 30 30 30 30 30 30 30 30 30 30 30 0D
1779567704912,74 34 35 35 38 45 41 46 46 30 37 30 30 39 46 46 46 30 30 30 30 0D
1779567704920,74 34 35 30 38 30 30 30 30 30 37 30 30 30 30 30 30 45 34 30 35 0D
1779567704930,74 34 35 31 38 30 30 30 30 30 30 30 30 30 30 30 30 30 30 30 30 0D
1779567704938,74 34 35 31 38 30 30 30 30 30 30 30 30 30 30 30 30 30 30 30 30 0D
1779567704950,74 34 35 35 38 45 41 46 46 30 37 30 30 39 46 46 46 30 30 30 30 0D
1779567704962,74 34 35 31 38 30 30 30 30 30 30 30 30 30 30 30 30 30 30 30 30 0D
1779567704977,74 34 35 35 38 45 41 46 46 30 37 30 30 39 46 46 46 30 30 30 30 0D
1779567704982,74 34 35 31 38 30 30 30 30 30 30 30 30 30 30 30 30 30 30 30 30 0D
1779567704998,74 34 35 31 38 30 30 30 30 30 30 30 30 30 30 30 30 30 30 30 30 0D
1779567705012,74 34 35 35 38 45 41 46 46 30 37 30 30 39 46 46 46 30 30 30 30 0D
1779567705019,74 34 35 30 38 30 30 30 30 30 37 30 30 30 30 30 30 45 34 30 35 0D
1779567705027,74 34 35 31 38 30 30 30 30 30 30 30 30 30 30 30 30 30 30 30 30 0D
1779567705043,74 34 35 31 38 30 30 30 30 30 30 30 30 30 30 30 30 30 30 30 30 0D
1779567705055,74 34 35 36 38 45 44 46 46 30 38 30 30 30 34 30 30 30 30 30 30 0D
1779567705065,74 34 35 31 38 30 30 30 30 30 30 30 30 30 30 30 30 30 30 30 30 0D
1779567705069,74 34 35 37 38 30 30 30 30 30 30 30 30 36 34 31 34 30 30 30 30 0D
1779567705075,74 34 35 39 38 36 34 41 34 42 45 31 36 32 41 31 41 30 33 42 37 0D
1779567705087,74 34 35 31 38 30 30 30 30 30 30 30 30 30 30 30 30 30 30 30 30 0D
1779567705117,74 34 35 31 38 30 30 30 30 30 30 30 30 30 30 30 30 30 30 30 30 0D
1779567705128,74 34 35 30 38 30 30 30 30 30 37 30 30 30 30 30 30 45 34 30 35 0D
1779567705144,74 34 35 31 38 30 30 30 30 30 30 30 30 30 30 30 30 30 30 30 30 0D
1779567705161,74 34 35 31 38 30 30 30 30 30 30 30 30 30 30 30 30 30 30 30 30 0D
1779567705165,74 34 35 35 38 45 41 46 46 30 37 30 30 39 46 46 46 30 30 30 30 0D
1779567705172,74 34 35 37 38 30 30 30 30 30 30 30 30 36 34 31 34 30 30 30 30 0D
1779567705182,74 34 35 31 38 30 30 30 30 30 30 30 30 30 30 30 30 30 30 30 30 0D
1779567705200,74 34 35 31 38 30 30 30 30 30 30 30 30 30 30 30 30 30 30 30 30 0D
1779567705223,74 34 35 30 38 30 30 30 30 30 37 30 30 30 30 30 30 45 34 30 35 0D
1779567705228,74 34 35 31 38 30 30 30 30 30 30 30 30 30 30 30 30 30 30 30 30 0D
1779567705240,74 34 35 34 38 30 31 30 30 30 30 30 30 30 30 30 30 30 30 30 30 0D 74 34 35 35 38 45 41 46 46 30 37 30 30 39 46 46 46 30 30 30 30 0D 74 34 35 36 38 45 44 46 46 30 38 30 30 30 34 30 30 30 30 30
1779567705243,74 34 35 31 38 30 30 30 30 30 30 30 30 30 30 30 30 30 30 30 30 0D
1779567705246,74 34 35 35 38 45 41 46 46 30 37 30 30 39 46 46 46 30 30 30 30 0D
1779567705261,74 34 35 31 38 30 30 30 30 30 30 30 30 30 30 30 30 30 30 30 30 0D
1779567705270,74 34 35 37 38 30 30 30 30 30 30 30 30 36 34 31 34 30 30 30 30 0D
1779567705282,74 34 35 31 38 30 30 30 30 30 30 30 30 30 30 30 30 30 30 30 30 0D
1779567705300,74 34 35 31 38 30 30 30 30 30 30 30 30 30 30 30 30 30 30 30 30 0D
1779567705308,74 34 35 35 38 45 41 46 46 30 37 30 30 39 46 46 46 30 30 30 30 0D
1779567705321,74 34 35 30 38 30 30 30 30 30 37 30 30 30 30 30 30 45 34 30 35 0D
1779567705324,74 34 35 31 38 30 30 30 30 30 30 30 30 30 30 30 30 30 30 30 30 0D
1779567705340,74 34 35 31 38 30 30 30 30 30 30 30 30 30 30 30 30 30 30 30 30 0D
1779567705343,74 34 35 35 38 45 41 46 46 30 37 30 30 39 46 46 46 30 30 30 30 0D
1779567705364,74 34 35 31 38 30 30 30 30 30 30 30 30 30 30 30 30 30 30 30 30 0D
1779567705368,74 34 35 35 38 45 41 46 46 30 37 30 30 39 46 46 46 30 30 30 30 0D
1779567705378,74 34 35 39 38 36 36 41 34 42 45 31 36 32 41 31 41 30 33 42 37 0D
1779567705385,74 34 35 31 38 30 30 30 30 30 30 30 30 30 30 30 30 30 30 30 30 0D
1779567705400,74 34 35 31 38 30 30 30 30 30 30 30 30 30 30 30 30 30 30 30 30 0D
1779567705405,74 34 35 35 38 45 41 46 46 30 37 30 30 39 46 46 46 30 30 30 30 0D
1779567705424,74 34 35 30 38 30 30 30 30 30 37 30 30 30 30 30 30 45 34 30 35 0D
1779567705429,74 34 35 31 38 30 30 30 30 30 30 30 30 30 30 30 30 30 30 30 30 0D
1779567705446,74 34 35 31 38 30 30 30 30 30 30 30 30 30 30 30 30 30 30 30 30 0D
1779567705462,74 34 35 31 38 30 30 30 30 30 30 30 30 30 30 30 30 30 30 30 30 0D
1779567705469,74 34 35 35 38 45 41 46 46 30 37 30 30 39 46 46 46 30 30 30 30 0D
1779567705480,74 34 35 31 38 30 30 30 30 30 30 30 30 30 30 30 30 30 30 30 30 0D
1779567705483,74 34 35 35 38 45 41 46 46 30 37 30 30 39 46 46 46 30 30 30 30 0D
1779567705502,74 34 35 31 38 30 30 30 30 30 30 30 30 30 30 30 30 30 30 30 30 0D
1779567705507,74 34 35 35 38 45 41 46 46 30 37 30 30 39 46 46 46 30 30 30 30 0D
1779567705519,74 34 35 30 38 30 30 30 30 30 37 30 30 30 30 30 30 45 34 30 35 0D
1779567705528,74 34 35 31 38 30 30 30 30 30 30 30 30 30 30 30 30 30 30 30 30 0D
1779567705541,74 34 35 31 38 30 30 30 30 30 30 30 30 30 30 30 30 30 30 30 30 0D
1779567705549,74 34 35 35 38 45 41 46 46 30 37 30 30 39 46 46 46 30 30 30 30 0D
1779567705561,74 34 35 31 38 30 30 30 30 30 30 30 30 30 30 30 30 30 30 30 30 0D
1779567705567,74 34 35 35 38 45 41 46 46 30 37 30 30 39 46 46 46 30 30 30 30 0D
1779567705572,74 34 35 37 38 30 30 30 30 30 31 30 30 36 34 31 34 30 30 30 30 0D
1779567705579,74 34 35 31 38 30 30 30 30 30 30 30 30 30 30 30 30 30 30 30 30 0D
1779567705581,74 34 35 36 38 45 44 46 46 30 37 30 30 30 34 30 30 30 30 30 30 0D
1779567705601,74 34 35 31 38 30 30 30 30 30 30 30 30 30 30 30 30 30 30 30 30 0D
1779567705607,74 34 35 35 38 45 41 46 46 30 37 30 30 39 46 46 46 30 30 30 30 0D
1779567705618,74 34 35 30 38 30 30 30 30 30 37 30 30 30 30 30 30 45 34 30 35 0D
1779567705624,74 34 35 31 38 30 30 30 30 30 30 30 30 30 30 30 30 30 30 30 30 0D
1779567705642,74 34 35 31 38 30 30 30 30 30 30 30 30 30 30 30 30 30 30 30 30 0D
1779567705647,74 34 35 35 38 45 41 46 46 30 37 30 30 39 46 46 46 30 30 30 30 0D
1779567705666,74 34 35 31 38 30 30 30 30 30 30 30 30 30 30 30 30 30 30 30 30 0D
1779567705678,74 34 35 35 38 45 41 46 46 30 37 30 30 39 46 46 46 30 30 30 30 0D
1779567705686,74 34 35 31 38 30 30 30 30 30 30 30 30 30 30 30 30 30 30 30 30 0D
1779567705704,74 34 35 31 38 30 30 30 30 30 30 30 30 30 30 30 30 30 30 30 30 0D
1779567705717,74 34 35 35 38 45 41 46 46 30 37 30 30 39 46 46 46 30 30 30 30 0D
1779567705726,74 34 35 30 38 30 30 30 30 30 37 30 30 30 30 30 30 45 34 30 35 0D
1779567705730,74 34 35 32 38 38 43 30 30 30 30 30 30 30 30 30 30 30 30 30 30 0D
1779567705746,74 34 35 31 38 30 30 30 30 30 30 30 30 30 30 30 30 30 30 30 30 0D
1779567705761,74 34 35 31 38 30 30 30 30 30 30 30 30 30 30 30 30 30 30 30 30 0D
1779567705768,74 34 35 35 38 45 41 46 46 30 37 30 30 39 46 46 46 30 30 30 30 0D
1779567705782,74 34 35 37 38 30 30 30 30 30 30 30 30 36 34 31 34 30 30 30 30 0D
1779567705804,74 34 35 31 38 30 30 30 30 30 30 30 30 30 30 30 30 30 30 30 30 0D
1779567705810,74 34 35 35 38 45 41 46 46 30 37 30 30 39 46 46 46 30 30 30 30 0D
1779567705821,74 34 35 30 38 30 30 30 30 30 37 30 30 30 30 30 30 45 34 30 35 0D
1779567705825,74 34 35 31 38 30 30 30 30 30 30 30 30 30 30 30 30 30 30 30 30 0D
1779567705840,74 34 35 31 38 30 30 30 30 30 30 30 30 30 30 30 30 30 30 30 30 0D
1779567705847,74 34 35 35 38 45 41 46 46 30 37 30 30 39 46 46 46 30 30 30 30 0D
1779567705860,74 34 35 31 38 30 30 30 30 30 30 30 30 30 30 30 30 30 30 30 30 0D
1779567705869,74 34 35 35 38 45 41 46 46 30 37 30 30 39 46 46 46 30 30 30 30 0D
1779567705878,74 34 35 39 38 36 38 41 34 42 45 31 36 32 41 31 41 30 33 42 37 0D
1779567705884,74 34 35 31 38 30 30 30 30 30 30 30 30 30 30 30 30 30 30 30 30 0D
1779567705904,74 34 35 31 38 30 30 30 30 30 30 30 30 30 30 30 30 30 30 30 30 0D
1779567705910,74 34 35 35 38 45 41 46 46 30 37 30 30 39 46 46 46 30 30 30 30 0D
1779567705923,74 34 35 30 38 30 30 30 30 30 37 30 30 30 30 30 30 44 32 30 35 0D
1779567705930,74 34 35 31 38 30 30 30 30 30 30 30 30 30 30 30 30 30 30 30 30 0D
1779567705942,74 34 35 31 38 30 30 30 30 30 30 30 30 30 30 30 30 30 30 30 30 0D
1779567705950,74 34 35 35 38 45 41 46 46 30 37 30 30 39 46 46 46 30 30 30 30 0D
1779567705962,74 34 35 31 38 30 30 30 30 30 30 30 30 30 30 30 30 30 30 30 30 0D
1779567705969,74 34 35 35 38 45 41 46 46 30 37 30 30 39 46 46 46 30 30 30 30 0D
1779567705977,74 34 35 37 38 30 30 30 30 30 30 30 30 36 34 31 34 30 30 30 30 0D
1779567705982,74 34 35 31 38 30 30 30 30 30 30 30 30 30 30 30 30 30 30 30 30 0D
1779567706002,74 34 35 31 38 30 30 30 30 30 30 30 30 30 30 30 30 30 30 30 30 0D
1779567706011,74 34 35 35 38 45 41 46 46 30 37 30 30 39 46 46 46 30 30 30 30 0D
1779567706031,74 34 35 30 38 30 30 30 30 30 37 30 30 30 30 30 30 45 34 30 35 0D
1779567706048,74 34 35 31 38 30 30 30 30 30 30 30 30 30 30 30 30 30 30 30 30 0D
1779567706058,74 34 35 31 38 30 30 30 30 30 30 30 30 30 30 30 30 30 30 30 30 0D
1779567706064,74 34 35 35 38 45 39 46 46 30 37 30 30 39 46 46 46 30 30 30 30 0D
1779567706078,74 34 35 37 38 30 30 30 30 30 30 30 30 36 34 31 34 30 30 30 30 0D
1779567706084,74 34 35 31 38 30 30 30 30 30 30 30 30 30 30 30 30 30 30 30 30 0D
1779567706098,74 34 35 31 38 30 30 30 30 30 30 30 30 30 30 30 30 30 30 30 30 0D
1779567706104,74 34 35 35 38 45 39 46 46 30 37 30 30 39 46 46 46 30 30 30 30 0D
1779567706119,74 34 35 30 38 30 30 30 30 30 37 30 30 30 30 30 30 45 34 30 35 0D
1779567706128,74 34 35 31 38 30 30 30 30 30 30 30 30 30 30 30 30 30 30 30 30 0D
1779567706140,74 34 35 31 38 30 30 30 30 30 30 30 30 30 30 30 30 30 30 30 30 0D
1779567706147,74 34 35 35 38 45 39 46 46 30 37 30 30 39 46 46 46 30 30 30 30 0D
1779567706163,74 34 35 31 38 30 30 30 30 30 30 30 30 30 30 30 30 30 30 30 30 0D
1779567706167,74 34 35 35 38 45 39 46 46 30 37 30 30 39 46 46 46 30 30 30 30 0D
1779567706177,74 34 35 37 38 30 30 30 30 30 30 30 30 36 34 31 34 30 30 30 30 0D
1779567706181,74 34 35 31 38 30 30 30 30 30 30 30 30 30 30 30 30 30 30 30 30 0D
1779567706200,74 34 35 31 38 30 30 30 30 30 30 30 30 30 30 30 30 30 30 30 30 0D
1779567706207,74 34 35 35 38 45 39 46 46 30 37 30 30 39 46 46 46 30 30 30 30 0D
1779567706222,74 34 35 30 38 30 30 30 30 30 37 30 30 30 30 30 30 44 32 30 35 0D
1779567706242,74 34 35 31 38 30 30 30 30 30 30 30 30 30 30 30 30 30 30 30 30 0D
1779567706250,74 34 35 35 38 45 39 46 46 30 37 30 30 39 46 46 46 30 30 30 30 0D
1779567706260,74 34 35 31 38 30 30 30 30 30 30 30 30 30 30 30 30 30 30 30 30 0D
1779567706266,74 34 35 35 38 45 41 46 46 30 37 30 30 39 46 46 46 30 30 30 30 0D
1779567706274,74 34 35 37 38 30 30 30 30 30 30 30 30 36 34 31 34 30 30 30 30 0D
1779567706279,74 34 35 39 38 36 39 41 34 42 45 31 36 32 39 31 41 30 33 42 37 0D
1779567706284,74 34 35 31 38 30 30 30 30 30 30 30 30 30 30 30 30 30 30 30 30 0D
1779567706297,74 34 35 31 38 30 30 30 30 30 30 30 30 30 30 30 30 30 30 30 30 0D
1779567706308,74 34 35 35 38 45 41 46 46 30 37 30 30 39 46 46 46 30 30 30 30 0D
1779567706320,74 34 35 30 38 30 30 30 30 30 37 30 30 30 30 30 30 45 34 30 35 0D
1779567706326,74 34 35 31 38 30 30 30 30 30 30 30 30 30 30 30 30 30 30 30 30 0D
1779567706345,74 34 35 31 38 30 30 30 30 30 30 30 30 30 30 30 30 30 30 30 30 0D
1779567706351,74 34 35 35 38 45 41 46 46 30 37 30 30 39 46 46 46 30 30 30 30 0D
1779567706359,74 34 35 31 38 30 30 30 30 30 30 30 30 30 30 30 30 30 30 30 30 0D
1779567706365,74 34 35 35 38 45 41 46 46 30 37 30 30 39 46 46 46 30 30 30 30 0D
1779567706367,74 34 35 37 38 30 30 30 30 30 30 30 30 36 34 31 34 30 30 30 30 0D
1779567706375,74 34 35 39 38 36 42 41 34 42 45 31 36 32 39 31 41 30 33 42 37 0D
1779567706382,74 34 35 31 38 30 30 30 30 30 30 30 30 30 30 30 30 30 30 30 30 0D
1779567706405,74 34 35 31 38 30 30 30 30 30 30 30 30 30 30 30 30 30 30 30 30 0D
1779567706413,74 34 35 35 38 45 41 46 46 30 37 30 30 39 46 46 46 30 30 30 30 0D
1779567706424,74 34 35 30 38 30 30 30 30 30 37 30 30 30 30 30 30 45 34 30 35 0D
1779567706433,74 34 35 31 38 30 30 30 30 30 30 30 30 30 30 30 30 30 30 30 30 0D
1779567706440,74 34 35 31 38 30 30 30 30 30 30 30 30 30 30 30 30 30 30 30 30 0D
1779567706448,74 34 35 35 38 45 41 46 46 30 37 30 30 39 46 46 46 30 30 30 30 0D
1779567706470,74 34 35 31 38 30 30 30 30 30 30 30 30 30 30 30 30 30 30 30 30 0D
1779567706483,74 34 35 37 38 30 30 30 30 30 30 30 30 36 34 31 34 30 30 30 30 0D
1779567706506,74 34 35 31 38 30 30 30 30 30 30 30 30 30 30 30 30 30 30 30 30 0D
1779567706515,74 34 35 35 38 45 41 46 46 30 37 30 30 39 46 46 46 30 30 30 30 0D
1779567706522,74 34 35 30 38 30 30 30 30 30 37 30 30 30 30 30 30 44 32 30 35 0D
1779567706528,74 34 35 31 38 30 30 30 30 30 30 30 30 30 30 30 30 30 30 30 30 0D
1779567706540,74 34 35 31 38 30 30 30 30 30 30 30 30 30 30 30 30 30 30 30 30 0D
1779567706545,74 34 35 35 38 45 41 46 46 30 37 30 30 39 46 46 46 30 30 30 30 0D
1779567706573,74 34 35 31 38 30 30 30 30 30 30 30 30 30 30 30 30 30 30 30 30 0D
1779567706576,74 34 35 37 38 30 30 30 30 30 30 30 30 36 34 31 34 30 30 30 30 0D
1779567706584,74 34 35 31 38 30 30 30 30 30 30 30 30 30 30 30 30 30 30 30 30 0D
1779567706600,74 34 35 31 38 30 30 30 30 30 30 30 30 30 30 30 30 30 30 30 30 0D
1779567706608,74 34 35 35 38 45 41 46 46 30 37 30 30 39 46 46 46 30 30 30 30 0D
1779567706620,74 34 35 30 38 30 30 30 30 30 37 30 30 30 30 30 30 44 32 30 35 0D
1779567706625,74 34 35 31 38 30 30 30 30 30 30 30 30 30 30 30 30 30 30 30 30 0D
1779567706639,74 34 35 31 38 30 30 30 30 30 30 30 30 30 30 30 30 30 30 30 30 0D
1779567706647,74 34 35 35 38 45 41 46 46 30 37 30 30 39 46 46 46 30 30 30 30 0D
1779567706665,74 34 35 31 38 30 30 30 30 30 30 30 30 30 30 30 30 30 30 30 30 0D
1779567706670,74 34 35 37 38 30 30 30 30 30 30 30 30 36 34 31 34 30 30 30 30 0D
1779567706677,74 34 35 39 38 36 42 41 34 42 45 31 36 32 38 31 41 30 33 42 37 0D
1779567706687,74 34 35 31 38 30 30 30 30 30 30 30 30 30 30 30 30 30 30 30 30 0D
1779567706722,74 34 35 31 38 30 30 30 30 30 30 30 30 30 30 30 30 30 30 30 30 0D
1779567706729,74 34 35 30 38 30 30 30 30 30 37 30 30 30 30 30 30 45 34 30 35 0D
1779567706743,74 34 35 31 38 30 30 30 30 30 30 30 30 30 30 30 30 30 30 30 30 0D
1779567706748,74 34 35 36 38 45 45 46 46 30 37 30 30 30 34 30 30 30 30 30 30 0D
1779567706758,74 34 35 31 38 30 30 30 30 30 30 30 30 30 30 30 30 30 30 30 30 0D
1779567706773,74 34 35 35 38 45 43 46 46 30 34 30 30 41 35 46 46 30 30 30 30 0D
1779567706791,74 34 35 39 38 36 44 41 34 42 45 31 36 32 39 31 41 30 33 42 37 0D
1779567706798,74 34 35 31 38 30 30 30 30 30 30 30 30 30 30 30 30 30 30 30 30 0D
1779567706811,74 34 35 35 38 45 43 46 46 30 34 30 30 41 35 46 46 30 30 30 30 0D
1779567706822,74 34 35 30 38 30 30 30 30 30 37 30 30 30 30 30 30 44 32 30 35 0D
1779567706840,74 34 35 31 38 30 30 30 30 30 30 30 30 30 30 30 30 30 30 30 30 0D
1779567706850,74 34 35 35 38 45 43 46 46 30 34 30 30 41 35 46 46 30 30 30 30 0D
1779567706859,74 34 35 31 38 30 30 30 30 30 30 30 30 30 30 30 30 30 30 30 30 0D
1779567706870,74 34 35 35 38 45 41 46 46 30 37 30 30 39 45 46 46 30 30 30 30 0D 74 34 35 37 38 30 30 30 30 30 31 30 30 36 34 31 34 30 30 30 30 0D
1779567706875,74 34 35 39 38 36 44 41 34 42 45 31 36 32 38 31 41 30 33 42 37 0D
1779567706891,74 34 35 31 38 30 30 30 30 30 30 30 30 30 30 30 30 30 30 30 30 0D
1779567706903,74 34 35 31 38 30 30 30 30 30 30 30 30 30 30 30 30 30 30 30 30 0D
1779567706909,74 34 35 35 38 45 41 46 46 30 37 30 30 39 45 46 46 30 30 30 30 0D
1779567706920,74 34 35 30 38 30 30 30 30 30 37 30 30 30 30 30 30 45 34 30 35 0D
1779567706932,74 34 35 31 38 30 30 30 30 30 30 30 30 30 30 30 30 30 30 30 30 0D
1779567706940,74 34 35 31 38 30 30 30 30 30 30 30 30 30 30 30 30 30 30 30 30 0D
1779567706952,74 34 35 35 38 45 41 46 46 30 37 30 30 39 45 46 46 30 30 30 30 0D
1779567706958,74 34 35 31 38 30 30 30 30 30 30 30 30 30 30 30 30 30 30 30 30 0D
1779567706979,74 34 35 35 38 45 41 46 46 30 37 30 30 39 45 46 46 30 30 30 30 0D
1779567706984,74 34 35 31 38 30 30 30 30 30 30 30 30 30 30 30 30 30 30 30 30 0D
1779567707006,74 34 35 31 38 30 30 30 30 30 30 30 30 30 30 30 30 30 30 30 30 0D
1779567707015,74 34 35 35 38 45 41 46 46 30 37 30 30 39 45 46 46 30 30 30 30 0D
1779567707025,74 34 35 30 38 30 30 30 30 30 37 30 30 30 30 30 30 44 32 30 35 0D
1779567707037,74 34 35 31 38 30 30 30 30 30 30 30 30 30 30 30 30 30 30 30 30 0D
1779567707041,74 34 35 31 38 30 30 30 30 30 30 30 30 30 30 30 30 30 30 30 30 0D
1779567707054,74 34 35 36 38 45 46 46 46 30 36 30 30 30 34 30 30 30 30 30 30 0D
1779567707061,74 34 35 31 38 30 30 30 30 30 30 30 30 30 30 30 30 30 30 30 30 0D
1779567707084,74 34 35 35 38 45 41 46 46 30 38 30 30 39 46 46 46 30 30 30 30 0D
1779567707089,74 34 35 31 38 30 30 30 30 30 30 30 30 30 30 30 30 30 30 30 30 0D
1779567707106,74 34 35 31 38 30 30 30 30 30 30 30 30 30 30 30 30 30 30 30 30 0D
1779567707117,74 34 35 35 38 45 41 46 46 30 38 30 30 39 46 46 46 30 30 30 30 0D
1779567707120,74 34 35 30 38 30 30 30 30 30 37 30 30 30 30 30 30 44 32 30 35 0D
1779567707136,74 34 35 31 38 30 30 30 30 30 30 30 30 30 30 30 30 30 30 30 30 0D
1779567707141,74 34 35 31 38 30 30 30 30 30 30 30 30 30 30 30 30 30 30 30 30 0D
1779567707153,74 34 35 35 38 45 41 46 46 30 38 30 30 39 46 46 46 30 30 30 30 0D
1779567707159,74 34 35 31 38 30 30 30 30 30 30 30 30 30 30 30 30 30 30 30 30 0D
1779567707174,74 34 35 35 38 45 41 46 46 30 38 30 30 39 46 46 46 30 30 30 30 0D
1779567707183,74 34 35 37 38 30 30 30 30 30 31 30 30 36 34 31 34 30 30 30 30 0D
1779567707194,74 34 35 35 38 45 41 46 46 30 38 30 30 39 46 46 46 30 30 30 30 0D
1779567707199,74 34 35 31 38 30 30 30 30 30 30 30 30 30 30 30 30 30 30 30 30 0D
1779567707209,74 34 35 35 38 45 41 46 46 30 38 30 30 39 46 46 46 30 30 30 30 0D
1779567707228,74 34 35 30 38 30 30 30 30 30 37 30 30 30 30 30 30 45 34 30 35 0D
1779567707237,74 34 35 31 38 30 30 30 30 30 30 30 30 30 30 30 30 30 30 30 30 0D
1779567707247,74 34 35 31 38 30 30 30 30 30 30 30 30 30 30 30 30 30 30 30 30 0D
1779567707252,74 34 35 35 38 45 41 46 46 30 38 30 30 39 46 46 46 30 30 30 30 0D
1779567707257,74 34 35 31 38 30 30 30 30 30 30 30 30 30 30 30 30 30 30 30 30 0D
1779567707291,74 34 35 35 38 45 42 46 46 30 37 30 30 39 46 46 46 30 30 30 30 0D
1779567707305,74 34 35 31 38 30 30 30 30 30 30 30 30 30 30 30 30 30 30 30 30 0D
1779567707310,74 34 35 35 38 45 42 46 46 30 37 30 30 39 46 46 46 30 30 30 30 0D
1779567707321,74 34 35 30 38 30 30 30 30 30 37 30 30 30 30 30 30 45 34 30 35 0D
1779567707329,74 34 35 31 38 30 30 30 30 30 30 30 30 30 30 30 30 30 30 30 30 0D
1779567707342,74 34 35 31 38 30 30 30 30 30 30 30 30 30 30 30 30 30 30 30 30 0D
1779567707348,74 34 35 35 38 45 42 46 46 30 37 30 30 39 46 46 46 30 30 30 30 0D
1779567707353,74 34 35 36 38 45 45 46 46 30 37 30 30 30 34 30 30 30 30 30 30 0D
1779567707356,74 34 35 31 38 30 30 30 30 30 30 30 30 30 30 30 30 30 30 30 30 0D
1779567707389,74 34 35 35 38 45 42 46 46 30 37 30 30 39 46 46 46 30 30 30 30 0D
1779567707401,74 34 35 31 38 30 30 30 30 30 30 30 30 30 30 30 30 30 30 30 30 0D
1779567707407,74 34 35 35 38 45 42 46 46 30 37 30 30 39 46 46 46 30 30 30 30 0D
1779567707419,74 34 35 30 38 30 30 30 30 30 37 30 30 30 30 30 30 45 34 30 35 0D
1779567707431,74 34 35 31 38 30 30 30 30 30 30 30 30 30 30 30 30 30 30 30 30 0D
1779567707440,74 34 35 31 38 30 30 30 30 30 30 30 30 30 30 30 30 30 30 30 30 0D
1779567707451,74 34 35 35 38 45 42 46 46 30 37 30 30 39 46 46 46 30 30 30 30 0D
1779567707459,74 34 35 31 38 30 30 30 30 30 30 30 30 30 30 30 30 30 30 30 30 0D
1779567707500,74 34 35 35 38 45 41 46 46 30 37 30 30 39 46 46 46 30 30 30 30 0D
1779567707506,74 34 35 31 38 30 30 30 30 30 30 30 30 30 30 30 30 30 30 30 30 0D
1779567707522,74 34 35 35 38 45 41 46 46 30 37 30 30 39 46 46 46 30 30 30 30 0D
1779567707529,74 34 35 31 38 30 30 30 30 30 30 30 30 30 30 30 30 30 30 30 30 0D
1779567707540,74 34 35 31 38 30 30 30 30 30 30 30 30 30 30 30 30 30 30 30 30 0D
1779567707550,74 34 35 36 38 45 45 46 46 30 37 30 30 30 34 30 30 30 30 30 30 0D
1779567707557,74 34 35 31 38 30 30 30 30 30 30 30 30 30 30 30 30 30 30 30 30 0D
1779567707574,74 34 35 35 38 45 41 46 46 30 37 30 30 39 46 46 46 30 30 30 30 0D
1779567707581,74 34 35 31 38 30 30 30 30 30 30 30 30 30 30 30 30 30 30 30 30 0D
1779567707585,74 34 35 35 38 45 41 46 46 30 37 30 30 39 46 46 46 30 30 30 30 0D
1779567707593,74 34 35 36 38 45 45 46 46 30 37 30 30 30 34 30 30 30 30 30 30 0D
1779567707600,74 34 35 31 38 30 30 30 30 30 30 30 30 30 30 30 30 30 30 30 30 0D
1779567707609,74 34 35 35 38 45 41 46 46 30 37 30 30 39 46 46 46 30 30 30 30 0D
1779567707619,74 34 35 36 38 45 45 46 46 30 37 30 30 30 34 30 30 30 30 30 30 0D
1779567707624,74 34 35 30 38 30 30 30 30 30 37 30 30 30 30 30 30 45 34 30 35 0D
1779567707632,74 34 35 32 38 38 43 30 30 30 30 30 30 30 30 30 30 30 30 30 30 0D
1779567707642,74 34 35 31 38 30 30 30 30 30 30 30 30 30 30 30 30 30 30 30 30 0D
1779567707652,74 34 35 35 38 45 41 46 46 30 37 30 30 39 46 46 46 30 30 30 30 0D
1779567707657,74 34 35 31 38 30 30 30 30 30 30 30 30 30 30 30 30 30 30 30 30 0D
1779567707667,74 34 35 35 38 45 39 46 46 30 38 30 30 39 46 46 46 30 30 30 30 0D
1779567707673,74 34 35 37 38 30 30 30 30 30 31 30 30 36 34 31 34 30 30 30 30 0D
1779567707691,74 34 35 31 38 30 30 30 30 30 30 30 30 30 30 30 30 30 30 30 30 0D
1779567707696,74 34 35 35 38 45 39 46 46 30 38 30 30 39 46 46 46 30 30 30 30 0D
1779567707701,74 34 35 31 38 30 30 30 30 30 30 30 30 30 30 30 30 30 30 30 30 0D
1779567707709,74 34 35 35 38 45 39 46 46 30 38 30 30 39 46 46 46 30 30 30 30 0D
1779567707720,74 34 35 30 38 30 30 30 30 30 37 30 30 30 30 30 30 45 34 30 35 0D
1779567707726,74 34 35 31 38 30 30 30 30 30 30 30 30 30 30 30 30 30 30 30 30 0D
1779567707739,74 34 35 31 38 30 30 30 30 30 30 30 30 30 30 30 30 30 30 30 30 0D
1779567707751,74 34 35 35 38 45 39 46 46 30 38 30 30 39 46 46 46 30 30 30 30 0D
1779567707756,74 34 35 31 38 30 30 30 30 30 30 30 30 30 30 30 30 30 30 30 30 0D
1779567707768,74 34 35 35 38 45 39 46 46 30 38 30 30 39 46 46 46 30 30 30 30 0D
1779567707778,74 34 35 39 38 37 31 41 34 42 45 31 36 32 41 31 41 30 33 42 37 0D
1779567707786,74 34 35 31 38 30 30 30 30 30 30 30 30 30 30 30 30 30 30 30 30 0D
1779567707791,74 34 35 36 38 45 45 46 46 30 37 30 30 30 34 30 30 30 30 30 30 0D
1779567707801,74 34 35 31 38 30 30 30 30 30 30 30 30 30 30 30 30 30 30 30 30 0D
1779567707808,74 34 35 35 38 45 39 46 46 30 38 30 30 39 46 46 46 30 30 30 30 0D
1779567707817,74 34 35 30 38 30 30 30 30 30 37 30 30 30 30 30 30 45 34 30 35 0D
1779567707825,74 34 35 31 38 30 30 30 30 30 30 30 30 30 30 30 30 30 30 30 30 0D
1779567707837,74 34 35 31 38 30 30 30 30 30 30 30 30 30 30 30 30 30 30 30 30 0D
1779567707849,74 34 35 35 38 45 39 46 46 30 38 30 30 39 46 46 46 30 30 30 30 0D
1779567707854,74 34 35 31 38 30 30 30 30 30 30 30 30 30 30 30 30 30 30 30 30 0D
1779567707876,74 34 35 35 38 45 41 46 46 30 37 30 30 39 46 46 46 30 30 30 30 0D
1779567707881,74 34 35 31 38 30 30 30 30 30 30 30 30 30 30 30 30 30 30 30 30 0D
1779567707902,74 34 35 31 38 30 30 30 30 30 30 30 30 30 30 30 30 30 30 30 30 0D
1779567707912,74 34 35 35 38 45 41 46 46 30 37 30 30 39 46 46 46 30 30 30 30 0D
1779567707922,74 34 35 30 38 30 30 30 30 30 37 30 30 30 30 30 30 45 34 30 35 0D
1779567707933,74 34 35 31 38 30 30 30 30 30 30 30 30 30 30 30 30 30 30 30 30 0D
1779567707940,74 34 35 31 38 30 30 30 30 30 30 30 30 30 30 30 30 30 30 30 30 0D
1779567707954,74 34 35 36 38 45 45 46 46 30 37 30 30 30 34 30 30 30 30 30 30 0D
1779567707957,74 34 35 31 38 30 30 30 30 30 30 30 30 30 30 30 30 30 30 30 30 0D
1779567707968,74 34 35 35 38 45 41 46 46 30 37 30 30 39 46 46 46 30 30 30 30 0D
1779567707974,74 34 35 37 38 30 30 30 30 30 31 30 30 36 34 31 34 30 30 30 30 0D
1779567707980,74 34 35 31 38 30 30 30 30 30 30 30 30 30 30 30 30 30 30 30 30 0D
1779567707988,74 34 35 35 38 45 41 46 46 30 37 30 30 39 46 46 46 30 30 30 30 0D
1779567707998,74 34 35 31 38 30 30 30 30 30 30 30 30 30 30 30 30 30 30 30 30 0D
1779567708009,74 34 35 35 38 45 41 46 46 30 37 30 30 39 46 46 46 30 30 30 30 0D
1779567708017,74 34 35 30 38 30 30 30 30 30 37 30 30 30 30 30 30 44 32 30 35 0D
1779567708036,74 34 35 31 38 30 30 30 30 30 30 30 30 30 30 30 30 30 30 30 30 0D
1779567708038,74 34 35 31 38 30 30 30 30 30 30 30 30 30 30 30 30 30 30 30 30 0D
1779567708049,74 34 35 35 38 45 41 46 46 30 37 30 30 39 46 46 46 30 30 30 30 0D
1779567708057,74 34 35 31 38 30 30 30 30 30 30 30 30 30 30 30 30 30 30 30 30 0D
1779567708088,74 34 35 35 38 45 41 46 46 30 37 30 30 39 46 46 46 30 30 30 30 0D
1779567708103,74 34 35 31 38 30 30 30 30 30 30 30 30 30 30 30 30 30 30 30 30 0D
1779567708110,74 34 35 35 38 45 41 46 46 30 37 30 30 39 46 46 46 30 30 30 30 0D
1779567708121,74 34 35 30 38 30 30 30 30 30 37 30 30 30 30 30 30 45 34 30 35 0D
1779567708132,74 34 35 31 38 30 30 30 30 30 30 30 30 30 30 30 30 30 30 30 30 0D
1779567708137,74 34 35 31 38 30 30 30 30 30 30 30 30 30 30 30 30 30 30 30 30 0D
1779567708154,74 34 35 35 38 45 41 46 46 30 37 30 30 39 46 46 46 30 30 30 30 0D
1779567708161,74 34 35 31 38 30 30 30 30 30 30 30 30 30 30 30 30 30 30 30 30 0D
1779567708180,74 34 35 35 38 45 41 46 46 30 37 30 30 39 46 46 46 30 30 30 30 0D
1779567708187,74 34 35 31 38 30 30 30 30 30 30 30 30 30 30 30 30 30 30 30 30 0D
1779567708190,74 34 35 35 38 45 41 46 46 30 37 30 30 39 46 46 46 30 30 30 30 0D
1779567708200,74 34 35 31 38 30 30 30 30 30 30 30 30 30 30 30 30 30 30 30 30 0D
1779567708215,74 34 35 35 38 45 41 46 46 30 37 30 30 39 46 46 46 30 30 30 30 0D
1779567708222,74 34 35 30 38 30 30 30 30 30 37 30 30 30 30 30 30 45 34 30 35 0D
1779567708241,74 34 35 31 38 30 30 30 30 30 30 30 30 30 30 30 30 30 30 30 30 0D
1779567708249,74 34 35 31 38 30 30 30 30 30 30 30 30 30 30 30 30 30 30 30 30 0D
1779567708259,74 34 35 31 38 30 30 30 30 30 30 30 30 30 30 30 30 30 30 30 30 0D
1779567708276,74 34 35 35 38 45 41 46 46 30 37 30 30 39 46 46 46 30 30 30 30 0D
1779567708285,74 34 35 31 38 30 30 30 30 30 30 30 30 30 30 30 30 30 30 30 30 0D
1779567708290,74 34 35 35 38 45 41 46 46 30 37 30 30 39 46 46 46 30 30 30 30 0D
1779567708300,74 34 35 31 38 30 30 30 30 30 30 30 30 30 30 30 30 30 30 30 30 0D
1779567708314,74 34 35 35 38 45 41 46 46 30 37 30 30 39 46 46 46 30 30 30 30 0D
1779567708319,74 34 35 30 38 30 30 30 30 30 37 30 30 30 30 30 30 44 32 30 35 0D
1779567708331,74 34 35 31 38 30 30 30 30 30 30 30 30 30 30 30 30 30 30 30 30 0D
1779567708338,74 34 35 31 38 30 30 30 30 30 30 30 30 30 30 30 30 30 30 30 30 0D
1779567708347,74 34 35 35 38 45 41 46 46 30 37 30 30 39 46 46 46 30 30 30 30 0D
1779567708359,74 34 35 31 38 30 30 30 30 30 30 30 30 30 30 30 30 30 30 30 30 0D
1779567708387,74 34 35 35 38 45 41 46 46 30 37 30 30 39 46 46 46 30 30 30 30 0D
1779567708392,74 34 35 31 38 30 30 30 30 30 30 30 30 30 30 30 30 30 30 30 30 0D
1779567708406,74 34 35 31 38 30 30 30 30 30 30 30 30 30 30 30 30 30 30 30 30 0D
1779567708415,74 34 35 36 38 45 45 46 46 30 37 30 30 30 34 30 30 30 30 30 30 0D
1779567708418,74 34 35 30 38 30 30 30 30 30 37 30 30 30 30 30 30 44 32 30 35 0D
1779567708430,74 34 35 31 38 30 30 30 30 30 30 30 30 30 30 30 30 30 30 30 30 0D
1779567708440,74 34 35 31 38 30 30 30 30 30 30 30 30 30 30 30 30 30 30 30 30 0D
1779567708450,74 34 35 35 38 45 41 46 46 30 37 30 30 39 46 46 46 30 30 30 30 0D
1779567708458,74 34 35 31 38 30 30 30 30 30 30 30 30 30 30 30 30 30 30 30 30 0D
1779567708485,74 34 35 35 38 45 41 46 46 30 37 30 30 39 46 46 46 30 30 30 30 0D
1779567708493,74 34 35 31 38 30 30 30 30 30 30 30 30 30 30 30 30 30 30 30 30 0D
1779567708499,74 34 35 31 38 30 30 30 30 30 30 30 30 30 30 30 30 30 30 30 30 0D
1779567708516,74 34 35 35 38 45 41 46 46 30 37 30 30 39 46 46 46 30 30 30 30 0D
1779567708523,74 34 35 30 38 30 30 30 30 30 37 30 30 30 30 30 30 45 34 30 35 0D
1779567708531,74 34 35 31 38 30 30 30 30 30 30 30 30 30 30 30 30 30 30 30 30 0D
1779567708540,74 34 35 31 38 30 30 30 30 30 30 30 30 30 30 30 30 30 30 30 30 0D
1779567708550,74 34 35 35 38 45 41 46 46 30 37 30 30 39 46 46 46 30 30 30 30 0D
1779567708559,74 34 35 31 38 30 30 30 30 30 30 30 30 30 30 30 30 30 30 30 30 0D
1779567708592,74 34 35 35 38 45 41 46 46 30 37 30 30 39 46 46 46 30 30 30 30 0D
1779567708598,74 34 35 31 38 30 30 30 30 30 30 30 30 30 30 30 30 30 30 30 30 0D 74 34 35 35 38 45 41 46 46 30 37 30 30 39 46 46 46 30 30 30 30 0D
1779567708613,74 34 35 31 38 30 30 30 30 30 30 30 30 30 30 30 30 30 30 30 30 0D
1779567708620,74 34 35 30 38 30 30 30 30 30 37 30 30 30 30 30 30 44 32 30 35 0D
1779567708635,74 34 35 31 38 30 30 30 30 30 30 30 30 30 30 30 30 30 30 30 30 0D
1779567708641,74 34 35 31 38 30 30 30 30 30 30 30 30 30 30 30 30 30 30 30 30 0D
1779567708652,74 34 35 35 38 45 41 46 46 30 37 30 30 39 46 46 46 30 30 30 30 0D
1779567708661,74 34 35 31 38 30 30 30 30 30 30 30 30 30 30 30 30 30 30 30 30 0D
1779567708681,74 34 35 35 38 45 41 46 46 30 37 30 30 39 46 46 46 30 30 30 30 0D
1779567708690,74 34 35 36 38 45 45 46 46 30 37 30 30 30 35 30 30 30 30 30 30 0D
1779567708698,74 34 35 31 38 30 30 30 30 30 30 30 30 30 30 30 30 30 30 30 30 0D
1779567708719,74 34 35 30 38 30 30 30 30 30 37 30 30 30 30 30 30 45 34 30 35 0D
1779567708735,74 34 35 31 38 30 30 30 30 30 30 30 30 30 30 30 30 30 30 30 30 0D
1779567708736,74 34 35 31 38 30 30 30 30 30 30 30 30 30 30 30 30 30 30 30 30 0D
1779567708749,74 34 35 35 38 45 41 46 46 30 37 30 30 39 46 46 46 30 30 30 30 0D
1779567708757,74 34 35 31 38 30 30 30 30 30 30 30 30 30 30 30 30 30 30 30 30 0D
1779567708791,74 34 35 35 38 45 41 46 46 30 37 30 30 39 46 46 46 30 30 30 30 0D
1779567708803,74 34 35 31 38 30 30 30 30 30 30 30 30 30 30 30 30 30 30 30 30 0D
1779567708812,74 34 35 35 38 45 41 46 46 30 37 30 30 39 46 46 46 30 30 30 30 0D
1779567708821,74 34 35 30 38 30 30 30 30 30 37 30 30 30 30 30 30 44 32 30 35 0D
1779567708833,74 34 35 32 38 38 43 30 30 30 30 30 30 30 30 30 30 30 30 30 30 0D
1779567708839,74 34 35 31 38 30 30 30 30 30 30 30 30 30 30 30 30 30 30 30 30 0D
1779567708851,74 34 35 35 38 45 41 46 46 30 37 30 30 39 46 46 46 30 30 30 30 0D
1779567708864,74 34 35 31 38 30 30 30 30 30 30 30 30 30 30 30 30 30 30 30 30 0D
1779567708896,74 34 35 35 38 45 41 46 46 30 37 30 30 39 46 46 46 30 30 30 30 0D
1779567708903,74 34 35 31 38 30 30 30 30 30 30 30 30 30 30 30 30 30 30 30 30 0D
1779567708906,74 34 35 35 38 45 41 46 46 30 37 30 30 39 46 46 46 30 30 30 30 0D
1779567708917,74 34 35 30 38 30 30 30 30 30 37 30 30 30 30 30 30 44 32 30 35 0D
1779567708930,74 34 35 31 38 30 30 30 30 30 30 30 30 30 30 30 30 30 30 30 30 0D
1779567708936,74 34 35 31 38 30 30 30 30 30 30 30 30 30 30 30 30 30 30 30 30 0D
1779567708949,74 34 35 35 38 45 41 46 46 30 37 30 30 39 46 46 46 30 30 30 30 0D
1779567708958,74 34 35 31 38 30 30 30 30 30 30 30 30 30 30 30 30 30 30 30 30 0D
1779567708977,74 34 35 35 38 45 41 46 46 30 37 30 30 39 46 46 46 30 30 30 30 0D
1779567708982,74 34 35 31 38 30 30 30 30 30 30 30 30 30 30 30 30 30 30 30 30 0D
1779567709003,74 34 35 31 38 30 30 30 30 30 30 30 30 30 30 30 30 30 30 30 30 0D
1779567709008,74 34 35 35 38 45 41 46 46 30 37 30 30 39 46 46 46 30 30 30 30 0D
1779567709017,74 34 35 30 38 30 30 30 30 30 37 30 30 30 30 30 30 45 34 30 35 0D
1779567709030,74 34 35 31 38 30 30 30 30 30 30 30 30 30 30 30 30 30 30 30 30 0D
1779567709039,74 34 35 31 38 30 30 30 30 30 30 30 30 30 30 30 30 30 30 30 30 0D
1779567709060,74 34 35 35 38 45 41 46 46 30 37 30 30 39 46 46 46 30 30 30 30 0D
1779567709075,74 34 35 31 38 30 30 30 30 30 30 30 30 30 30 30 30 30 30 30 30 0D
1779567709078,74 34 35 31 38 30 30 30 30 30 30 30 30 30 30 30 30 30 30 30 30 0D
1779567709088,74 34 35 35 38 45 39 46 46 30 37 30 30 39 46 46 46 30 30 30 30 0D
1779567709099,74 34 35 31 38 30 30 30 30 30 30 30 30 30 30 30 30 30 30 30 30 0D
1779567709107,74 34 35 35 38 45 39 46 46 30 37 30 30 39 46 46 46 30 30 30 30 0D
1779567709118,74 34 35 30 38 30 30 30 30 30 37 30 30 30 30 30 30 44 32 30 35 0D
1779567709139,74 34 35 31 38 30 30 30 30 30 30 30 30 30 30 30 30 30 30 30 30 0D
1779567709142,74 34 35 31 38 30 30 30 30 30 30 30 30 30 30 30 30 30 30 30 30 0D
1779567709162,74 34 35 31 38 30 30 30 30 30 30 30 30 30 30 30 30 30 30 30 30 0D
1779567709195,74 34 35 35 38 45 39 46 46 30 37 30 30 39 46 46 46 30 30 30 30 0D
1779567709205,74 34 35 31 38 30 30 30 30 30 30 30 30 30 30 30 30 30 30 30 30 0D
1779567709213,74 34 35 35 38 45 39 46 46 30 37 30 30 39 46 46 46 30 30 30 30 0D
1779567709220,74 34 35 30 38 30 30 30 30 30 37 30 30 30 30 30 30 45 34 30 35 0D
1779567709233,74 34 35 31 38 30 30 30 30 30 30 30 30 30 30 30 30 30 30 30 30 0D
1779567709238,74 34 35 31 38 30 30 30 30 30 30 30 30 30 30 30 30 30 30 30 30 0D
1779567709253,74 34 35 35 38 45 39 46 46 30 37 30 30 39 46 46 46 30 30 30 30 0D
1779567709264,74 34 35 31 38 30 30 30 30 30 30 30 30 30 30 30 30 30 30 30 30 0D
1779567709291,74 34 35 35 38 45 41 46 46 30 37 30 30 39 46 46 46 30 30 30 30 0D
1779567709305,74 34 35 31 38 30 30 30 30 30 30 30 30 30 30 30 30 30 30 30 30 0D
1779567709311,74 34 35 35 38 45 41 46 46 30 37 30 30 39 46 46 46 30 30 30 30 0D
1779567709318,74 34 35 30 38 30 30 30 30 30 37 30 30 30 30 30 30 45 34 30 35 0D
1779567709330,74 34 35 31 38 30 30 30 30 30 30 30 30 30 30 30 30 30 30 30 30 0D
1779567709340,74 34 35 31 38 30 30 30 30 30 30 30 30 30 30 30 30 30 30 30 30 0D
1779567709355,74 34 35 35 38 45 41 46 46 30 37 30 30 39 46 46 46 30 30 30 30 0D
1779567709364,74 34 35 31 38 30 30 30 30 30 30 30 30 30 30 30 30 30 30 30 30 0D
1779567709373,74 34 35 35 38 45 41 46 46 30 37 30 30 39 46 46 46 30 30 30 30 0D
1779567709384,74 34 35 37 38 30 30 30 30 30 30 30 30 36 34 31 34 30 30 30 30 0D
1779567709401,74 34 35 31 38 30 30 30 30 30 30 30 30 30 30 30 30 30 30 30 30 0D
1779567709412,74 34 35 35 38 45 41 46 46 30 37 30 30 39 46 46 46 30 30 30 30 0D
1779567709419,74 34 35 30 38 30 30 30 30 30 37 30 30 30 30 30 30 44 32 30 35 0D
1779567709436,74 34 35 31 38 30 30 30 30 30 30 30 30 30 30 30 30 30 30 30 30 0D
1779567709445,74 34 35 31 38 30 30 30 30 30 30 30 30 30 30 30 30 30 30 30 30 0D
1779567709461,74 34 35 35 38 45 41 46 46 30 37 30 30 39 46 46 46 30 30 30 30 0D
1779567709475,74 34 35 31 38 30 30 30 30 30 30 30 30 30 30 30 30 30 30 30 30 0D
1779567709487,74 34 35 37 38 30 30 30 30 30 31 30 30 36 34 31 34 30 30 30 30 0D
1779567709501,74 34 35 31 38 30 30 30 30 30 30 30 30 30 30 30 30 30 30 30 30 0D
1779567709513,74 34 35 35 38 45 41 46 46 30 37 30 30 39 46 46 46 30 30 30 30 0D
1779567709522,74 34 35 30 38 30 30 30 30 30 37 30 30 30 30 30 30 44 32 30 35 0D
1779567709534,74 34 35 31 38 30 30 30 30 30 30 30 30 30 30 30 30 30 30 30 30 0D
1779567709538,74 34 35 31 38 30 30 30 30 30 30 30 30 30 30 30 30 30 30 30 30 0D
1779567709553,74 34 35 35 38 45 41 46 46 30 37 30 30 39 46 46 46 30 30 30 30 0D
1779567709560,74 34 35 31 38 30 30 30 30 30 30 30 30 30 30 30 30 30 30 30 30 0D
1779567709567,74 34 35 35 38 45 41 46 46 30 37 30 30 39 46 46 46 30 30 30 30 0D
1779567709572,74 34 35 37 38 30 30 30 30 30 31 30 30 36 34 31 34 30 30 30 30 0D
1779567709582,74 34 35 31 38 30 30 30 30 30 30 30 30 30 30 30 30 30 30 30 30 0D
1779567709588,74 34 35 35 38 45 41 46 46 30 37 30 30 39 46 46 46 30 30 30 30 0D
1779567709601,74 34 35 31 38 30 30 30 30 30 30 30 30 30 30 30 30 30 30 30 30 0D
1779567709610,74 34 35 35 38 45 41 46 46 30 37 30 30 39 46 46 46 30 30 30 30 0D
1779567709619,74 34 35 30 38 30 30 30 30 30 37 30 30 30 30 30 30 44 32 30 35 0D
1779567709631,74 34 35 31 38 30 30 30 30 30 30 30 30 30 30 30 30 30 30 30 30 0D
1779567709638,74 34 35 31 38 30 30 30 30 30 30 30 30 30 30 30 30 30 30 30 30 0D
1779567709650,74 34 35 35 38 45 41 46 46 30 37 30 30 39 46 46 46 30 30 30 30 0D
1779567709660,74 34 35 31 38 30 30 30 30 30 30 30 30 30 30 30 30 30 30 30 30 0D
1779567709685,74 34 35 35 38 45 41 46 46 30 37 30 30 39 46 46 46 30 30 30 30 0D
1779567709692,74 34 35 31 38 30 30 30 30 30 30 30 30 30 30 30 30 30 30 30 30 0D
1779567709697,74 34 35 31 38 30 30 30 30 30 30 30 30 30 30 30 30 30 30 30 30 0D
1779567709710,74 34 35 35 38 45 41 46 46 30 37 30 30 39 46 46 46 30 30 30 30 0D
1779567709719,74 34 35 30 38 30 30 30 30 30 37 30 30 30 30 30 30 44 32 30 35 0D
1779567709733,74 34 35 31 38 30 30 30 30 30 30 30 30 30 30 30 30 30 30 30 30 0D
1779567709739,74 34 35 31 38 30 30 30 30 30 30 30 30 30 30 30 30 30 30 30 30 0D
1779567709750,74 34 35 35 38 45 41 46 46 30 37 30 30 39 46 46 46 30 30 30 30 0D
1779567709761,74 34 35 31 38 30 30 30 30 30 30 30 30 30 30 30 30 30 30 30 30 0D
1779567709778,74 34 35 35 38 45 41 46 46 30 37 30 30 39 46 46 46 30 30 30 30 0D
1779567709785,74 34 35 31 38 30 30 30 30 30 30 30 30 30 30 30 30 30 30 30 30 0D
1779567709800,74 34 35 31 38 30 30 30 30 30 30 30 30 30 30 30 30 30 30 30 30 0D
1779567709814,74 34 35 35 38 45 41 46 46 30 37 30 30 39 46 46 46 30 30 30 30 0D
1779567709819,74 34 35 30 38 30 30 30 30 30 37 30 30 30 30 30 30 44 32 30 35 0D
1779567709850,74 34 35 31 38 30 30 30 30 30 30 30 30 30 30 30 30 30 30 30 30 0D 74 34 35 31 38 30 30 30 30 30 30 30 30 30 30 30 30 30 30 30 30 0D
1779567709861,74 34 35 35 38 45 41 46 46 30 37 30 30 39 46 46 46 30 30 30 30 0D
1779567709868,74 34 35 31 38 30 30 30 30 30 30 30 30 30 30 30 30 30 30 30 30 0D
1779567709891,74 34 35 35 38 45 42 46 46 30 37 30 30 39 45 46 46 30 30 30 30 0D
1779567709900,74 34 35 31 38 30 30 30 30 30 30 30 30 30 30 30 30 30 30 30 30 0D
1779567709913,74 34 35 35 38 45 42 46 46 30 37 30 30 39 45 46 46 30 30 30 30 0D
1779567709922,74 34 35 30 38 30 30 30 30 30 37 30 30 30 30 30 30 44 32 30 35 0D
1779567709933,74 34 35 31 38 30 30 30 30 30 30 30 30 30 30 30 30 30 30 30 30 0D
1779567709942,74 34 35 31 38 30 30 30 30 30 30 30 30 30 30 30 30 30 30 30 30 0D
1779567709951,74 34 35 35 38 45 42 46 46 30 37 30 30 39 45 46 46 30 30 30 30 0D
1779567709958,74 34 35 31 38 30 30 30 30 30 30 30 30 30 30 30 30 30 30 30 30 0D
1779567709980,74 34 35 35 38 45 42 46 46 30 37 30 30 39 45 46 46 30 30 30 30 0D
1779567709986,74 34 35 31 38 30 30 30 30 30 30 30 30 30 30 30 30 30 30 30 30 0D
1779567709994,74 34 35 36 38 45 44 46 46 30 37 30 30 30 34 30 30 30 30 30 30 0D
1779567710000,74 34 35 31 38 30 30 30 30 30 30 30 30 30 30 30 30 30 30 30 30 0D
1779567710008,74 34 35 35 38 45 42 46 46 30 37 30 30 39 45 46 46 30 30 30 30 0D
1779567710017,74 34 35 30 38 30 30 30 30 30 37 30 30 30 30 30 30 45 34 30 35 0D
1779567710026,74 34 35 31 38 30 30 30 30 30 30 30 30 30 30 30 30 30 30 30 30 0D
1779567710044,74 34 35 31 38 30 30 30 30 30 30 30 30 30 30 30 30 30 30 30 30 0D
1779567710057,74 34 35 31 38 30 30 30 30 30 30 30 30 30 30 30 30 30 30 30 30 0D
1779567710087,74 34 35 35 38 45 39 46 46 30 37 30 30 39 45 46 46 30 30 30 30 0D
1779567710098,74 34 35 31 38 30 30 30 30 30 30 30 30 30 30 30 30 30 30 30 30 0D
1779567710112,74 34 35 35 38 45 39 46 46 30 37 30 30 39 45 46 46 30 30 30 30 0D
1779567710117,74 34 35 30 38 30 30 30 30 30 37 30 30 30 30 30 30 44 32 30 35 0D
1779567710132,74 34 35 31 38 30 30 30 30 30 30 30 30 30 30 30 30 30 30 30 30 0D
1779567710137,74 34 35 31 38 30 30 30 30 30 30 30 30 30 30 30 30 30 30 30 30 0D
1779567710146,74 34 35 35 38 45 39 46 46 30 37 30 30 39 45 46 46 30 30 30 30 0D
1779567710157,74 34 35 31 38 30 30 30 30 30 30 30 30 30 30 30 30 30 30 30 30 0D
1779567710180,74 34 35 35 38 45 39 46 46 30 37 30 30 39 45 46 46 30 30 30 30 0D
1779567710192,74 34 35 31 38 30 30 30 30 30 30 30 30 30 30 30 30 30 30 30 30 0D
1779567710197,74 34 35 31 38 30 30 30 30 30 30 30 30 30 30 30 30 30 30 30 30 0D
1779567710211,74 34 35 35 38 45 39 46 46 30 37 30 30 39 45 46 46 30 30 30 30 0D
1779567710219,74 34 35 30 38 30 30 30 30 30 37 30 30 30 30 30 30 44 32 30 35 0D
1779567710229,74 34 35 31 38 30 30 30 30 30 30 30 30 30 30 30 30 30 30 30 30 0D
1779567710243,74 34 35 31 38 30 30 30 30 30 30 30 30 30 30 30 30 30 30 30 30 0D
1779567710252,74 34 35 35 38 45 39 46 46 30 37 30 30 39 45 46 46 30 30 30 30 0D
1779567710261,74 34 35 31 38 30 30 30 30 30 30 30 30 30 30 30 30 30 30 30 30 0D
1779567710280,74 34 35 35 38 45 41 46 46 30 37 30 30 39 46 46 46 30 30 30 30 0D
1779567710287,74 34 35 31 38 30 30 30 30 30 30 30 30 30 30 30 30 30 30 30 30 0D
1779567710300,74 34 35 31 38 30 30 30 30 30 30 30 30 30 30 30 30 30 30 30 30 0D
1779567710309,74 34 35 35 38 45 41 46 46 30 37 30 30 39 46 46 46 30 30 30 30 0D
1779567710317,74 34 35 30 38 30 30 30 30 30 37 30 30 30 30 30 30 44 32 30 35 0D
1779567710342,74 34 35 31 38 30 30 30 30 30 30 30 30 30 30 30 30 30 30 30 30 0D
1779567710350,74 34 35 31 38 30 30 30 30 30 30 30 30 30 30 30 30 30 30 30 30 0D
1779567710365,74 34 35 31 38 30 30 30 30 30 30 30 30 30 30 30 30 30 30 30 30 0D
1779567710370,74 34 35 37 38 30 30 30 30 30 30 30 30 36 34 31 34 30 30 30 30 0D
1779567710379,74 34 35 39 38 36 46 41 34 42 45 31 36 32 42 31 41 30 33 42 37 0D
1779567710383,74 34 35 31 38 30 30 30 30 30 30 30 30 30 30 30 30 30 30 30 30 0D
1779567710398,74 34 35 31 38 30 30 30 30 30 30 30 30 30 30 30 30 30 30 30 30 0D
1779567710408,74 34 35 35 38 45 41 46 46 30 37 30 30 39 46 46 46 30 30 30 30 0D
1779567710417,74 34 35 30 38 30 30 30 30 30 37 30 30 30 30 30 30 44 32 30 35 0D
1779567710426,74 34 35 31 38 30 30 30 30 30 30 30 30 30 30 30 30 30 30 30 30 0D
1779567710441,74 34 35 31 38 30 30 30 30 30 30 30 30 30 30 30 30 30 30 30 30 0D
1779567710458,74 34 35 35 38 45 41 46 46 30 37 30 30 39 46 46 46 30 30 30 30 0D
1779567710468,74 34 35 35 38 45 41 46 46 30 37 30 30 39 45 46 46 30 30 30 30 0D
1779567710474,74 34 35 37 38 30 30 30 30 30 30 30 30 36 34 31 34 30 30 30 30 0D
1779567710491,74 34 35 39 38 36 45 41 34 42 45 31 36 32 41 31 41 30 33 42 37 0D
1779567710499,74 34 35 31 38 30 30 30 30 30 30 30 30 30 30 30 30 30 30 30 30 0D
1779567710516,74 34 35 35 38 45 41 46 46 30 37 30 30 39 45 46 46 30 30 30 30 0D
1779567710520,74 34 35 30 38 30 30 30 30 30 37 30 30 30 30 30 30 44 32 30 35 0D
1779567710537,74 34 35 31 38 30 30 30 30 30 30 30 30 30 30 30 30 30 30 30 30 0D
1779567710544,74 34 35 31 38 30 30 30 30 30 30 30 30 30 30 30 30 30 30 30 30 0D
1779567710558,74 34 35 35 38 45 41 46 46 30 37 30 30 39 45 46 46 30 30 30 30 0D
1779567710563,74 34 35 31 38 30 30 30 30 30 30 30 30 30 30 30 30 30 30 30 30 0D
1779567710582,74 34 35 35 38 45 41 46 46 30 37 30 30 39 45 46 46 30 30 30 30 0D
1779567710592,74 34 35 31 38 30 30 30 30 30 30 30 30 30 30 30 30 30 30 30 30 0D
1779567710599,74 34 35 31 38 30 30 30 30 30 30 30 30 30 30 30 30 30 30 30 30 0D
1779567710613,74 34 35 35 38 45 41 46 46 30 37 30 30 39 45 46 46 30 30 30 30 0D
1779567710623,74 34 35 30 38 30 30 30 30 30 37 30 30 30 30 30 30 44 32 30 35 0D
1779567710633,74 34 35 31 38 30 30 30 30 30 30 30 30 30 30 30 30 30 30 30 30 0D
1779567710643,74 34 35 31 38 30 30 30 30 30 30 30 30 30 30 30 30 30 30 30 30 0D
1779567710650,74 34 35 35 38 45 41 46 46 30 37 30 30 39 45 46 46 30 30 30 30 0D
1779567710661,74 34 35 31 38 30 30 30 30 30 30 30 30 30 30 30 30 30 30 30 30 0D
1779567710679,74 34 35 35 38 45 41 46 46 30 37 30 30 39 46 46 46 30 30 30 30 0D
1779567710691,74 34 35 31 38 30 30 30 30 30 30 30 30 30 30 30 30 30 30 30 30 0D
1779567710699,74 34 35 31 38 30 30 30 30 30 30 30 30 30 30 30 30 30 30 30 30 0D
1779567710711,74 34 35 35 38 45 41 46 46 30 37 30 30 39 46 46 46 30 30 30 30 0D
1779567710718,74 34 35 30 38 30 30 30 30 30 37 30 30 30 30 30 30 44 32 30 35 0D
1779567710735,74 34 35 31 38 30 30 30 30 30 30 30 30 30 30 30 30 30 30 30 30 0D
1779567710742,74 34 35 31 38 30 30 30 30 30 30 30 30 30 30 30 30 30 30 30 30 0D
1779567710752,74 34 35 35 38 45 41 46 46 30 37 30 30 39 46 46 46 30 30 30 30 0D
1779567710760,74 34 35 31 38 30 30 30 30 30 30 30 30 30 30 30 30 30 30 30 30 0D
1779567710778,74 34 35 35 38 45 41 46 46 30 37 30 30 39 46 46 46 30 30 30 30 0D
1779567710784,74 34 35 31 38 30 30 30 30 30 30 30 30 30 30 30 30 30 30 30 30 0D
1779567710789,74 34 35 35 38 45 41 46 46 30 37 30 30 39 46 46 46 30 30 30 30 0D
1779567710801,74 34 35 31 38 30 30 30 30 30 30 30 30 30 30 30 30 30 30 30 30 0D
1779567710812,74 34 35 35 38 45 41 46 46 30 37 30 30 39 46 46 46 30 30 30 30 0D
1779567710822,74 34 35 30 38 30 30 30 30 30 37 30 30 30 30 30 30 44 32 30 35 0D
1779567710827,74 34 35 31 38 30 30 30 30 30 30 30 30 30 30 30 30 30 30 30 30 0D
1779567710842,74 34 35 31 38 30 30 30 30 30 30 30 30 30 30 30 30 30 30 30 30 0D
1779567710855,74 34 35 35 38 45 41 46 46 30 37 30 30 39 46 46 46 30 30 30 30 0D
1779567710861,74 34 35 31 38 30 30 30 30 30 30 30 30 30 30 30 30 30 30 30 30 0D
1779567710884,74 34 35 35 38 45 41 46 46 30 37 30 30 39 46 46 46 30 30 30 30 0D
1779567710890,74 34 35 31 38 30 30 30 30 30 30 30 30 30 30 30 30 30 30 30 30 0D
1779567710898,74 34 35 31 38 30 30 30 30 30 30 30 30 30 30 30 30 30 30 30 30 0D
1779567710910,74 34 35 35 38 45 41 46 46 30 37 30 30 39 46 46 46 30 30 30 30 0D
1779567710923,74 34 35 30 38 30 30 30 30 30 37 30 30 30 30 30 30 44 32 30 35 0D
1779567710938,74 34 35 31 38 30 30 30 30 30 30 30 30 30 30 30 30 30 30 30 30 0D
1779567710953,74 34 35 31 38 30 30 30 30 30 30 30 30 30 30 30 30 30 30 30 30 0D
1779567710959,74 34 35 31 38 30 30 30 30 30 30 30 30 30 30 30 30 30 30 30 30 0D
1779567710966,74 34 35 35 38 45 41 46 46 30 37 30 30 39 46 46 46 30 30 30 30 0D
1779567710980,74 34 35 37 38 30 30 30 30 30 31 30 30 36 34 31 34 30 30 30 30 0D
1779567710987,74 34 35 31 38 30 30 30 30 30 30 30 30 30 30 30 30 30 30 30 30 0D
1779567711000,74 34 35 31 38 30 30 30 30 30 30 30 30 30 30 30 30 30 30 30 30 0D
1779567711009,74 34 35 35 38 45 41 46 46 30 37 30 30 39 46 46 46 30 30 30 30 0D
1779567711020,74 34 35 30 38 30 30 30 30 30 37 30 30 30 30 30 30 44 32 30 35 0D
1779567711032,74 34 35 31 38 30 30 30 30 30 30 30 30 30 30 30 30 30 30 30 30 0D
1779567711040,74 34 35 31 38 30 30 30 30 30 30 30 30 30 30 30 30 30 30 30 30 0D
1779567711049,74 34 35 35 38 45 41 46 46 30 37 30 30 39 46 46 46 30 30 30 30 0D
1779567711063,74 34 35 31 38 30 30 30 30 30 30 30 30 30 30 30 30 30 30 30 30 0D
1779567711079,74 34 35 37 38 30 30 30 30 30 32 30 30 36 34 31 34 30 30 30 30 0D
1779567711089,74 34 35 31 38 30 30 30 30 30 30 30 30 30 30 30 30 30 30 30 30 0D
1779567711106,74 34 35 31 38 30 30 30 30 30 30 30 30 30 30 30 30 30 30 30 30 0D
1779567711112,74 34 35 35 38 45 41 46 46 30 37 30 30 39 46 46 46 30 30 30 30 0D
1779567711120,74 34 35 30 38 30 30 30 30 30 37 30 30 30 30 30 30 44 32 30 35 0D
1779567711128,74 34 35 31 38 30 30 30 30 30 30 30 30 30 30 30 30 30 30 30 30 0D
1779567711142,74 34 35 31 38 30 30 30 30 30 30 30 30 30 30 30 30 30 30 30 30 0D
1779567711155,74 34 35 35 38 45 41 46 46 30 37 30 30 39 46 46 46 30 30 30 30 0D
1779567711160,74 34 35 31 38 30 30 30 30 30 30 30 30 30 30 30 30 30 30 30 30 0D
1779567711179,74 34 35 35 38 45 41 46 46 30 37 30 30 39 46 46 46 30 30 30 30 0D
1779567711186,74 34 35 31 38 30 30 30 30 30 30 30 30 30 30 30 30 30 30 30 30 0D
1779567711191,74 34 35 35 38 45 41 46 46 30 37 30 30 39 46 46 46 30 30 30 30 0D
1779567711202,74 34 35 31 38 30 30 30 30 30 30 30 30 30 30 30 30 30 30 30 30 0D
1779567711208,74 34 35 35 38 45 41 46 46 30 37 30 30 39 46 46 46 30 30 30 30 0D
1779567711223,74 34 35 30 38 30 30 30 30 30 37 30 30 30 30 30 30 44 32 30 35 0D
1779567711232,74 34 35 31 38 30 30 30 30 30 30 30 30 30 30 30 30 30 30 30 30 0D
1779567711243,74 34 35 31 38 30 30 30 30 30 30 30 30 30 30 30 30 30 30 30 30 0D
1779567711254,74 34 35 35 38 45 41 46 46 30 37 30 30 39 46 46 46 30 30 30 30 0D
1779567711260,74 34 35 31 38 30 30 30 30 30 30 30 30 30 30 30 30 30 30 30 30 0D
1779567711279,74 34 35 35 38 45 41 46 46 30 37 30 30 39 45 46 46 30 30 30 30 0D
1779567711286,74 34 35 31 38 30 30 30 30 30 30 30 30 30 30 30 30 30 30 30 30 0D
1779567711292,74 34 35 35 38 45 41 46 46 30 37 30 30 39 45 46 46 30 30 30 30 0D
1779567711305,74 34 35 31 38 30 30 30 30 30 30 30 30 30 30 30 30 30 30 30 30 0D
1779567711321,74 34 35 35 38 45 41 46 46 30 37 30 30 39 45 46 46 30 30 30 30 0D
1779567711327,74 34 35 30 38 30 30 30 30 30 37 30 30 30 30 30 30 44 32 30 35 0D
1779567711329,74 34 35 32 38 38 43 30 30 30 30 30 30 30 30 30 30 30 30 30 30 0D 74 34 35 33 38 39 45 30 30 30 30 30 30 30 30 30 30 30 30 30 30 0D 74 34 35 34 38 30 31 30 30 30 30 30 30 30 30 30 30 30 30 30
1779567711337,74 34 35 31 38 30 30 30 30 30 30 30 30 30 30 30 30 30 30 30 30 0D
1779567711351,74 34 35 35 38 45 41 46 46 30 37 30 30 39 45 46 46 30 30 30 30 0D
1779567711361,74 34 35 31 38 30 30 30 30 30 30 30 30 30 30 30 30 30 30 30 30 0D
1779567711378,74 34 35 35 38 45 41 46 46 30 37 30 30 39 45 46 46 30 30 30 30 0D
1779567711384,74 34 35 31 38 30 30 30 30 30 30 30 30 30 30 30 30 30 30 30 30 0D
1779567711388,74 34 35 35 38 45 41 46 46 30 37 30 30 39 45 46 46 30 30 30 30 0D
1779567711406,74 34 35 31 38 30 30 30 30 30 30 30 30 30 30 30 30 30 30 30 30 0D
1779567711420,74 34 35 35 38 45 41 46 46 30 37 30 30 39 45 46 46 30 30 30 30 0D
1779567711431,74 34 35 30 38 30 30 30 30 30 37 30 30 30 30 30 30 44 32 30 35 0D
1779567711438,74 34 35 31 38 30 30 30 30 30 30 30 30 30 30 30 30 30 30 30 30 0D
1779567711455,74 34 35 35 38 45 41 46 46 30 37 30 30 39 45 46 46 30 30 30 30 0D
1779567711461,74 34 35 31 38 30 30 30 30 30 30 30 30 30 30 30 30 30 30 30 30 0D
1779567711478,74 34 35 35 38 45 41 46 46 30 37 30 30 39 46 46 46 30 30 30 30 0D
1779567711483,74 34 35 31 38 30 30 30 30 30 30 30 30 30 30 30 30 30 30 30 30 0D
1779567711491,74 34 35 35 38 45 41 46 46 30 37 30 30 39 46 46 46 30 30 30 30 0D
1779567711503,74 34 35 31 38 30 30 30 30 30 30 30 30 30 30 30 30 30 30 30 30 0D
1779567711513,74 34 35 35 38 45 41 46 46 30 37 30 30 39 46 46 46 30 30 30 30 0D
1779567711520,74 34 35 30 38 30 30 30 30 30 37 30 30 30 30 30 30 44 32 30 35 0D
1779567711536,74 34 35 31 38 30 30 30 30 30 30 30 30 30 30 30 30 30 30 30 30 0D
1779567711541,74 34 35 31 38 30 30 30 30 30 30 30 30 30 30 30 30 30 30 30 30 0D
1779567711551,74 34 35 35 38 45 41 46 46 30 37 30 30 39 46 46 46 30 30 30 30 0D
1779567711556,74 34 35 31 38 30 30 30 30 30 30 30 30 30 30 30 30 30 30 30 30 0D
1779567711594,74 34 35 35 38 45 41 46 46 30 37 30 30 39 46 46 46 30 30 30 30 0D
1779567711599,74 34 35 31 38 30 30 30 30 30 30 30 30 30 30 30 30 30 30 30 30 0D
1779567711609,74 34 35 35 38 45 41 46 46 30 37 30 30 39 46 46 46 30 30 30 30 0D
1779567711622,74 34 35 30 38 30 30 30 30 30 37 30 30 30 30 30 30 44 32 30 35 0D
1779567711640,74 34 35 31 38 30 30 30 30 30 30 30 30 30 30 30 30 30 30 30 30 0D
1779567711649,74 34 35 31 38 30 30 30 30 30 30 30 30 30 30 30 30 30 30 30 30 0D
1779567711657,74 34 35 31 38 30 30 30 30 30 30 30 30 30 30 30 30 30 30 30 30 0D
1779567711681,74 34 35 35 38 45 41 46 46 30 37 30 30 39 46 46 46 30 30 30 30 0D
1779567711689,74 34 35 31 38 30 30 30 30 30 30 30 30 30 30 30 30 30 30 30 30 0D
1779567711698,74 34 35 36 38 45 44 46 46 30 37 30 30 30 33 30 30 30 30 30 30 0D
1779567711710,74 34 35 35 38 45 41 46 46 30 37 30 30 39 46 46 46 30 30 30 30 0D
1779567711720,74 34 35 30 38 30 30 30 30 30 37 30 30 30 30 30 30 44 32 30 35 0D
1779567711729,74 34 35 31 38 30 30 30 30 30 30 30 30 30 30 30 30 30 30 30 30 0D
1779567711738,74 34 35 31 38 30 30 30 30 30 30 30 30 30 30 30 30 30 30 30 30 0D
1779567711751,74 34 35 35 38 45 41 46 46 30 37 30 30 39 46 46 46 30 30 30 30 0D
1779567711758,74 34 35 31 38 30 30 30 30 30 30 30 30 30 30 30 30 30 30 30 30 0D
1779567711770,74 34 35 35 38 45 41 46 46 30 37 30 30 39 46 46 46 30 30 30 30 0D
1779567711777,74 34 35 37 38 30 30 30 30 30 31 30 30 36 34 31 34 30 30 30 30 0D
1779567711790,74 34 35 31 38 30 30 30 30 30 30 30 30 30 30 30 30 30 30 30 30 0D
1779567711802,74 34 35 31 38 30 30 30 30 30 30 30 30 30 30 30 30 30 30 30 30 0D
1779567711811,74 34 35 35 38 45 41 46 46 30 37 30 30 39 46 46 46 30 30 30 30 0D
1779567711818,74 34 35 30 38 30 30 30 30 30 37 30 30 30 30 30 30 44 32 30 35 0D
1779567711844,74 34 35 31 38 30 30 30 30 30 30 30 30 30 30 30 30 30 30 30 30 0D
1779567711850,74 34 35 31 38 30 30 30 30 30 30 30 30 30 30 30 30 30 30 30 30 0D
1779567711858,74 34 35 31 38 30 30 30 30 30 30 30 30 30 30 30 30 30 30 30 30 0D
1779567711868,74 34 35 35 38 45 39 46 46 30 37 30 30 39 46 46 46 30 30 30 30 0D
1779567711889,74 34 35 37 38 30 30 30 30 30 30 30 30 36 34 31 34 30 30 30 30 0D
1779567711900,74 34 35 31 38 30 30 30 30 30 30 30 30 30 30 30 30 30 30 30 30 0D
1779567711911,74 34 35 35 38 45 39 46 46 30 37 30 30 39 46 46 46 30 30 30 30 0D
1779567711924,74 34 35 30 38 30 30 30 30 30 37 30 30 30 30 30 30 44 32 30 35 0D
1779567711937,74 34 35 33 38 39 45 30 30 30 30 30 30 30 30 30 30 30 30 30 30 0D
1779567711943,74 34 35 31 38 30 30 30 30 30 30 30 30 30 30 30 30 30 30 30 30 0D
1779567711945,74 34 35 35 38 45 39 46 46 30 37 30 30 39 46 46 46 30 30 30 30 0D
1779567711958,74 34 35 31 38 30 30 30 30 30 30 30 30 30 30 30 30 30 30 30 30 0D
1779567711980,74 34 35 35 38 45 39 46 46 30 37 30 30 39 46 46 46 30 30 30 30 0D
1779567711988,74 34 35 31 38 30 30 30 30 30 30 30 30 30 30 30 30 30 30 30 30 0D
1779567712005,74 34 35 31 38 30 30 30 30 30 30 30 30 30 30 30 30 30 30 30 30 0D
1779567712020,74 34 35 35 38 45 39 46 46 30 37 30 30 39 46 46 46 30 30 30 30 0D
1779567712027,74 34 35 30 38 30 30 30 30 30 37 30 30 30 30 30 30 44 32 30 35 0D
1779567712030,74 34 35 32 38 38 43 30 30 30 30 30 30 30 30 30 30 32 37 30 30 0D 74 34 35 33 38 39 45 30 30 30 30 30 30 30 30 30 30 30 30 30 30 0D
1779567712037,74 34 35 31 38 30 30 30 30 30 30 30 30 30 30 30 30 30 30 30 30 0D
1779567712050,74 34 35 35 38 45 39 46 46 30 37 30 30 39 46 46 46 30 30 30 30 0D
1779567712058,74 34 35 31 38 30 30 30 30 30 30 30 30 30 30 30 30 30 30 30 30 0D
1779567712072,74 34 35 35 38 45 41 46 46 30 37 30 30 39 46 46 46 30 30 30 30 0D
1779567712090,74 34 35 39 38 36 37 41 34 42 45 31 36 32 39 31 41 30 33 42 37 0D
1779567712104,74 34 35 31 38 30 30 30 30 30 30 30 30 30 30 30 30 30 30 30 30 0D
1779567712110,74 34 35 35 38 45 41 46 46 30 37 30 30 39 46 46 46 30 30 30 30 0D
1779567712118,74 34 35 30 38 30 30 30 30 30 37 30 30 30 30 30 30 44 32 30 35 0D
1779567712138,74 34 35 31 38 30 30 30 30 30 30 30 30 30 30 30 30 30 30 30 30 0D
1779567712141,74 34 35 31 38 30 30 30 30 30 30 30 30 30 30 30 30 30 30 30 30 0D
1779567712153,74 34 35 35 38 45 41 46 46 30 37 30 30 39 46 46 46 30 30 30 30 0D
1779567712162,74 34 35 31 38 30 30 30 30 30 30 30 30 30 30 30 30 30 30 30 30 0D
1779567712170,74 34 35 35 38 45 41 46 46 30 37 30 30 39 46 46 46 30 30 30 30 0D
1779567712177,74 34 35 37 38 30 30 30 30 30 31 30 30 36 34 31 34 30 30 30 30 0D
1779567712190,74 34 35 39 38 36 37 41 34 42 45 31 36 32 41 31 41 30 33 42 37 0D
1779567712195,74 34 35 31 38 30 30 30 30 30 30 30 30 30 30 30 30 30 30 30 30 0D
1779567712214,74 34 35 35 38 45 41 46 46 30 37 30 30 39 46 46 46 30 30 30 30 0D
1779567712221,74 34 35 30 38 30 30 30 30 30 37 30 30 30 30 30 30 44 32 30 35 0D
1779567712236,74 34 35 31 38 30 30 30 30 30 30 30 30 30 30 30 30 30 30 30 30 0D
1779567712243,74 34 35 31 38 30 30 30 30 30 30 30 30 30 30 30 30 30 30 30 30 0D
1779567712250,74 34 35 35 38 45 41 46 46 30 37 30 30 39 46 46 46 30 30 30 30 0D
1779567712258,74 34 35 31 38 30 30 30 30 30 30 30 30 30 30 30 30 30 30 30 30 0D
1779567712273,74 34 35 35 38 45 41 46 46 30 37 30 30 39 46 46 46 30 30 30 30 0D
1779567712278,74 34 35 37 38 30 30 30 30 30 30 30 30 36 34 31 34 30 30 30 30 0D
1779567712287,74 34 35 39 38 36 37 41 34 42 45 31 36 32 39 31 41 30 33 42 37 0D
1779567712300,74 34 35 31 38 30 30 30 30 30 30 30 30 30 30 30 30 30 30 30 30 0D
1779567712308,74 34 35 35 38 45 41 46 46 30 37 30 30 39 46 46 46 30 30 30 30 0D
1779567712323,74 34 35 30 38 30 30 30 30 30 37 30 30 30 30 30 30 44 32 30 35 0D
1779567712332,74 34 35 31 38 30 30 30 30 30 30 30 30 30 30 30 30 30 30 30 30 0D
1779567712341,74 34 35 31 38 30 30 30 30 30 30 30 30 30 30 30 30 30 30 30 30 0D
1779567712351,74 34 35 35 38 45 41 46 46 30 37 30 30 39 46 46 46 30 30 30 30 0D
1779567712359,74 34 35 31 38 30 30 30 30 30 30 30 30 30 30 30 30 30 30 30 30 0D
1779567712379,74 34 35 35 38 45 41 46 46 30 37 30 30 39 46 46 46 30 30 30 30 0D
1779567712386,74 34 35 31 38 30 30 30 30 30 30 30 30 30 30 30 30 30 30 30 30 0D
1779567712391,74 34 35 35 38 45 41 46 46 30 37 30 30 39 46 46 46 30 30 30 30 0D
1779567712399,74 34 35 31 38 30 30 30 30 30 30 30 30 30 30 30 30 30 30 30 30 0D
1779567712412,74 34 35 35 38 45 41 46 46 30 37 30 30 39 46 46 46 30 30 30 30 0D
1779567712417,74 34 35 30 38 30 30 30 30 30 37 30 30 30 30 30 30 44 32 30 35 0D
1779567712430,74 34 35 31 38 30 30 30 30 30 30 30 30 30 30 30 30 30 30 30 30 0D
1779567712436,74 34 35 31 38 30 30 30 30 30 30 30 30 30 30 30 30 30 30 30 30 0D
1779567712456,74 34 35 35 38 45 41 46 46 30 37 30 30 39 46 46 46 30 30 30 30 0D
1779567712463,74 34 35 31 38 30 30 30 30 30 30 30 30 30 30 30 30 30 30 30 30 0D
1779567712469,74 34 35 35 38 45 41 46 46 30 37 30 30 39 46 46 46 30 30 30 30 0D
1779567712472,74 34 35 37 38 30 30 30 30 30 30 30 30 36 34 31 34 30 30 30 30 0D
1779567712481,74 34 35 39 38 36 35 41 34 42 45 31 36 32 38 31 41 30 33 42 37 0D
1779567712488,74 34 35 31 38 30 30 30 30 30 30 30 30 30 30 30 30 30 30 30 30 0D
1779567712499,74 34 35 31 38 30 30 30 30 30 30 30 30 30 30 30 30 30 30 30 30 0D
1779567712516,74 34 35 35 38 45 41 46 46 30 37 30 30 39 46 46 46 30 30 30 30 0D
1779567712523,74 34 35 30 38 30 30 30 30 30 37 30 30 30 30 30 30 45 34 30 35 0D
1779567712534,74 34 35 31 38 30 30 30 30 30 30 30 30 30 30 30 30 30 30 30 30 0D
1779567712541,74 34 35 31 38 30 30 30 30 30 30 30 30 30 30 30 30 30 30 30 30 0D
1779567712551,74 34 35 35 38 45 41 46 46 30 37 30 30 39 46 46 46 30 30 30 30 0D
1779567712565,74 34 35 31 38 30 30 30 30 30 30 30 30 30 30 30 30 30 30 30 30 0D
1779567712570,74 34 35 35 38 45 41 46 46 30 37 30 30 39 46 46 46 30 30 30 30 0D
1779567712579,74 34 35 37 38 30 30 30 30 30 30 30 30 36 34 31 34 30 30 30 30 0D
1779567712590,74 34 35 35 38 45 41 46 46 30 37 30 30 39 46 46 46 30 30 30 30 0D
1779567712599,74 34 35 31 38 30 30 30 30 30 30 30 30 30 30 30 30 30 30 30 30 0D
1779567712615,74 34 35 35 38 45 41 46 46 30 37 30 30 39 46 46 46 30 30 30 30 0D
1779567712622,74 34 35 30 38 30 30 30 30 30 37 30 30 30 30 30 30 44 32 30 35 0D
1779567712632,74 34 35 31 38 30 30 30 30 30 30 30 30 30 30 30 30 30 30 30 30 0D
1779567712639,74 34 35 31 38 30 30 30 30 30 30 30 30 30 30 30 30 30 30 30 30 0D
1779567712653,74 34 35 35 38 45 41 46 46 30 37 30 30 39 46 46 46 30 30 30 30 0D
1779567712659,74 34 35 31 38 30 30 30 30 30 30 30 30 30 30 30 30 30 30 30 30 0D
1779567712680,74 34 35 35 38 45 41 46 46 30 37 30 30 39 46 46 46 30 30 30 30 0D 74 34 35 31 38 30 30 30 30 30 30 30 30 30 30 30 30 30 30 30 30 0D
1779567712691,74 34 35 35 38 45 41 46 46 30 37 30 30 39 46 46 46 30 30 30 30 0D
1779567712703,74 34 35 31 38 30 30 30 30 30 30 30 30 30 30 30 30 30 30 30 30 0D
1779567712719,74 34 35 35 38 45 41 46 46 30 37 30 30 39 46 46 46 30 30 30 30 0D
1779567712725,74 34 35 30 38 30 30 30 30 30 37 30 30 30 30 30 30 44 32 30 35 0D
1779567712730,74 34 35 31 38 30 30 30 30 30 30 30 30 30 30 30 30 30 30 30 30 0D
1779567712739,74 34 35 31 38 30 30 30 30 30 30 30 30 30 30 30 30 30 30 30 30 0D
1779567712749,74 34 35 35 38 45 41 46 46 30 37 30 30 39 46 46 46 30 30 30 30 0D
1779567712758,74 34 35 31 38 30 30 30 30 30 30 30 30 30 30 30 30 30 30 30 30 0D
1779567712778,74 34 35 35 38 45 41 46 46 30 37 30 30 39 46 46 46 30 30 30 30 0D
1779567712786,74 34 35 31 38 30 30 30 30 30 30 30 30 30 30 30 30 30 30 30 30 0D
1779567712799,74 34 35 36 38 45 44 46 46 30 38 30 30 30 34 30 30 30 30 30 30 0D
1779567712808,74 34 35 35 38 45 41 46 46 30 37 30 30 39 46 46 46 30 30 30 30 0D
1779567712819,74 34 35 30 38 30 30 30 30 30 37 30 30 30 30 30 30 44 32 30 35 0D
1779567712834,74 34 35 31 38 30 30 30 30 30 30 30 30 30 30 30 30 30 30 30 30 0D
1779567712840,74 34 35 31 38 30 30 30 30 30 30 30 30 30 30 30 30 30 30 30 30 0D
1779567712857,74 34 35 35 38 45 41 46 46 30 37 30 30 39 46 46 46 30 30 30 30 0D
1779567712864,74 34 35 31 38 30 30 30 30 30 30 30 30 30 30 30 30 30 30 30 30 0D
1779567712868,74 34 35 35 38 45 41 46 46 30 37 30 30 39 46 46 46 30 30 30 30 0D
1779567712874,74 34 35 37 38 30 30 30 30 30 30 30 30 36 34 31 34 30 30 30 30 0D
1779567712879,74 34 35 31 38 30 30 30 30 30 30 30 30 30 30 30 30 30 30 30 30 0D
1779567712887,74 34 35 35 38 45 41 46 46 30 37 30 30 39 46 46 46 30 30 30 30 0D
1779567712898,74 34 35 31 38 30 30 30 30 30 30 30 30 30 30 30 30 30 30 30 30 0D
1779567712911,74 34 35 35 38 45 41 46 46 30 37 30 30 39 46 46 46 30 30 30 30 0D
1779567712921,74 34 35 30 38 30 30 30 30 30 37 30 30 30 30 30 30 44 32 30 35 0D
1779567712930,74 34 35 31 38 30 30 30 30 30 30 30 30 30 30 30 30 30 30 30 30 0D
1779567712936,74 34 35 31 38 30 30 30 30 30 30 30 30 30 30 30 30 30 30 30 30 0D
1779567712949,74 34 35 35 38 45 41 46 46 30 37 30 30 39 46 46 46 30 30 30 30 0D
1779567712957,74 34 35 31 38 30 30 30 30 30 30 30 30 30 30 30 30 30 30 30 30 0D
1779567712968,74 34 35 35 38 45 41 46 46 30 37 30 30 39 46 46 46 30 30 30 30 0D
1779567712984,74 34 35 37 38 30 30 30 30 30 31 30 30 36 34 31 34 30 30 30 30 0D
1779567712999,74 34 35 31 38 30 30 30 30 30 30 30 30 30 30 30 30 30 30 30 30 0D
1779567713015,74 34 35 35 38 45 41 46 46 30 37 30 30 39 46 46 46 30 30 30 30 0D
1779567713022,74 34 35 30 38 30 30 30 30 30 37 30 30 30 30 30 30 44 32 30 35 0D
1779567713026,74 34 35 31 38 30 30 30 30 30 30 30 30 30 30 30 30 30 30 30 30 0D
1779567713037,74 34 35 31 38 30 30 30 30 30 30 30 30 30 30 30 30 30 30 30 30 0D
1779567713051,74 34 35 35 38 45 41 46 46 30 37 30 30 39 46 46 46 30 30 30 30 0D
1779567713064,74 34 35 31 38 30 30 30 30 30 30 30 30 30 30 30 30 30 30 30 30 0D
1779567713074,74 34 35 35 38 45 41 46 46 30 37 30 30 39 45 46 46 30 30 30 30 0D
1779567713078,74 34 35 31 38 30 30 30 30 30 30 30 30 30 30 30 30 30 30 30 30 0D
1779567713102,74 34 35 31 38 30 30 30 30 30 30 30 30 30 30 30 30 30 30 30 30 0D
1779567713118,74 34 35 30 38 30 30 30 30 30 37 30 30 30 30 30 30 44 32 30 35 0D
1779567713132,74 34 35 31 38 30 30 30 30 30 30 30 30 30 30 30 30 30 30 30 30 0D
1779567713139,74 34 35 31 38 30 30 30 30 30 30 30 30 30 30 30 30 30 30 30 30 0D
1779567713153,74 34 35 35 38 45 41 46 46 30 37 30 30 39 45 46 46 30 30 30 30 0D
1779567713162,74 34 35 31 38 30 30 30 30 30 30 30 30 30 30 30 30 30 30 30 30 0D
1779567713178,74 34 35 35 38 45 41 46 46 30 37 30 30 39 45 46 46 30 30 30 30 0D
1779567713184,74 34 35 31 38 30 30 30 30 30 30 30 30 30 30 30 30 30 30 30 30 0D
1779567713194,74 34 35 36 38 45 45 46 46 30 38 30 30 30 35 30 30 30 30 30 30 0D
1779567713198,74 34 35 31 38 30 30 30 30 30 30 30 30 30 30 30 30 30 30 30 30 0D
1779567713207,74 34 35 35 38 45 41 46 46 30 37 30 30 39 45 46 46 30 30 30 30 0D
1779567713218,74 34 35 30 38 30 30 30 30 30 37 30 30 30 30 30 30 44 32 30 35 0D
1779567713242,74 34 35 31 38 30 30 30 30 30 30 30 30 30 30 30 30 30 30 30 30 0D
1779567713258,74 34 35 35 38 45 41 46 46 30 37 30 30 39 45 46 46 30 30 30 30 0D
1779567713272,74 34 35 31 38 30 30 30 30 30 30 30 30 30 30 30 30 30 30 30 30 0D
1779567713293,74 34 35 35 38 45 41 46 46 30 37 30 30 39 46 46 46 30 30 30 30 0D
1779567713299,74 34 35 31 38 30 30 30 30 30 30 30 30 30 30 30 30 30 30 30 30 0D
1779567713315,74 34 35 35 38 45 41 46 46 30 37 30 30 39 46 46 46 30 30 30 30 0D
1779567713323,74 34 35 30 38 30 30 30 30 30 37 30 30 30 30 30 30 44 32 30 35 0D
1779567713336,74 34 35 31 38 30 30 30 30 30 30 30 30 30 30 30 30 30 30 30 30 0D
1779567713342,74 34 35 31 38 30 30 30 30 30 30 30 30 30 30 30 30 30 30 30 30 0D
1779567713350,74 34 35 35 38 45 41 46 46 30 37 30 30 39 46 46 46 30 30 30 30 0D
1779567713362,74 34 35 31 38 30 30 30 30 30 30 30 30 30 30 30 30 30 30 30 30 0D
1779567713382,74 34 35 35 38 45 41 46 46 30 37 30 30 39 46 46 46 30 30 30 30 0D
1779567713385,74 34 35 31 38 30 30 30 30 30 30 30 30 30 30 30 30 30 30 30 30 0D
1779567713396,74 34 35 35 38 45 41 46 46 30 37 30 30 39 46 46 46 30 30 30 30 0D
1779567713400,74 34 35 31 38 30 30 30 30 30 30 30 30 30 30 30 30 30 30 30 30 0D
1779567713412,74 34 35 35 38 45 41 46 46 30 37 30 30 39 46 46 46 30 30 30 30 0D
1779567713418,74 34 35 30 38 30 30 30 30 30 37 30 30 30 30 30 30 45 34 30 35 0D
1779567713430,74 34 35 31 38 30 30 30 30 30 30 30 30 30 30 30 30 30 30 30 30 0D
1779567713446,74 34 35 31 38 30 30 30 30 30 30 30 30 30 30 30 30 30 30 30 30 0D
1779567713454,74 34 35 35 38 45 41 46 46 30 37 30 30 39 46 46 46 30 30 30 30 0D
1779567713462,74 34 35 31 38 30 30 30 30 30 30 30 30 30 30 30 30 30 30 30 30 0D
1779567713469,74 34 35 35 38 45 39 46 46 30 37 30 30 39 46 46 46 30 30 30 30 0D
1779567713475,74 34 35 37 38 30 30 30 30 30 30 30 30 36 34 31 34 30 30 30 30 0D
1779567713483,74 34 35 31 38 30 30 30 30 30 30 30 30 30 30 30 30 30 30 30 30 0D
1779567713488,74 34 35 35 38 45 39 46 46 30 37 30 30 39 46 46 46 30 30 30 30 0D
1779567713499,74 34 35 31 38 30 30 30 30 30 30 30 30 30 30 30 30 30 30 30 30 0D
1779567713513,74 34 35 35 38 45 39 46 46 30 37 30 30 39 46 46 46 30 30 30 30 0D
1779567713518,74 34 35 30 38 30 30 30 30 30 37 30 30 30 30 30 30 44 32 30 35 0D
1779567713528,74 34 35 31 38 30 30 30 30 30 30 30 30 30 30 30 30 30 30 30 30 0D
1779567713538,74 34 35 31 38 30 30 30 30 30 30 30 30 30 30 30 30 30 30 30 30 0D
1779567713553,74 34 35 35 38 45 39 46 46 30 37 30 30 39 46 46 46 30 30 30 30 0D
1779567713561,74 34 35 31 38 30 30 30 30 30 30 30 30 30 30 30 30 30 30 30 30 0D
1779567713595,74 34 35 35 38 45 39 46 46 30 37 30 30 39 46 46 46 30 30 30 30 0D
1779567713601,74 34 35 31 38 30 30 30 30 30 30 30 30 30 30 30 30 30 30 30 30 0D
1779567713615,74 34 35 35 38 45 39 46 46 30 37 30 30 39 46 46 46 30 30 30 30 0D
1779567713621,74 34 35 30 38 30 30 30 30 30 37 30 30 30 30 30 30 44 32 30 35 0D
1779567713634,74 34 35 31 38 30 30 30 30 30 30 30 30 30 30 30 30 30 30 30 30 0D
1779567713640,74 34 35 31 38 30 30 30 30 30 30 30 30 30 30 30 30 30 30 30 30 0D
1779567713649,74 34 35 35 38 45 39 46 46 30 37 30 30 39 46 46 46 30 30 30 30 0D
1779567713663,74 34 35 31 38 30 30 30 30 30 30 30 30 30 30 30 30 30 30 30 30 0D
1779567713678,74 34 35 36 38 45 45 46 46 30 37 30 30 30 34 30 30 30 30 30 30 0D
1779567713685,74 34 35 31 38 30 30 30 30 30 30 30 30 30 30 30 30 30 30 30 30 0D
1779567713701,74 34 35 31 38 30 30 30 30 30 30 30 30 30 30 30 30 30 30 30 30 0D
1779567713712,74 34 35 35 38 45 41 46 46 30 37 30 30 39 46 46 46 30 30 30 30 0D
1779567713719,74 34 35 30 38 30 30 30 30 30 37 30 30 30 30 30 30 44 32 30 35 0D
1779567713729,74 34 35 31 38 30 30 30 30 30 30 30 30 30 30 30 30 30 30 30 30 0D
1779567713738,74 34 35 31 38 30 30 30 30 30 30 30 30 30 30 30 30 30 30 30 30 0D
1779567713772,74 34 35 35 38 45 41 46 46 30 37 30 30 39 46 46 46 30 30 30 30 0D
1779567713787,74 34 35 37 38 30 30 30 30 30 30 30 30 36 34 31 34 30 31 30 30 0D
1779567713801,74 34 35 31 38 30 30 30 30 30 30 30 30 30 30 30 30 30 30 30 30 0D
1779567713814,74 34 35 35 38 45 41 46 46 30 37 30 30 39 46 46 46 30 30 30 30 0D
1779567713820,74 34 35 30 38 30 30 30 30 30 37 30 30 30 30 30 30 44 32 30 35 0D
1779567713832,74 34 35 31 38 30 30 30 30 30 30 30 30 30 30 30 30 30 30 30 30 0D
1779567713838,74 34 35 31 38 30 30 30 30 30 30 30 30 30 30 30 30 30 30 30 30 0D
1779567713853,74 34 35 35 38 45 41 46 46 30 37 30 30 39 46 46 46 30 30 30 30 0D
1779567713860,74 34 35 31 38 30 30 30 30 30 30 30 30 30 30 30 30 30 30 30 30 0D
1779567713880,74 34 35 35 38 45 41 46 46 30 37 30 30 39 46 46 46 30 30 30 30 0D
1779567713887,74 34 35 31 38 30 30 30 30 30 30 30 30 30 30 30 30 30 30 30 30 0D
1779567713899,74 34 35 31 38 30 30 30 30 30 30 30 30 30 30 30 30 30 30 30 30 0D
1779567713913,74 34 35 35 38 45 41 46 46 30 37 30 30 39 46 46 46 30 30 30 30 0D
1779567713919,74 34 35 30 38 30 30 30 30 30 37 30 30 30 30 30 30 44 32 30 35 0D
1779567713930,74 34 35 31 38 30 30 30 30 30 30 30 30 30 30 30 30 30 30 30 30 0D
1779567713941,74 34 35 31 38 30 30 30 30 30 30 30 30 30 30 30 30 30 30 30 30 0D
1779567713953,74 34 35 35 38 45 41 46 46 30 37 30 30 39 46 46 46 30 30 30 30 0D
1779567713962,74 34 35 31 38 30 30 30 30 30 30 30 30 30 30 30 30 30 30 30 30 0D
1779567713978,74 34 35 35 38 45 41 46 46 30 37 30 30 39 46 46 46 30 30 30 30 0D
1779567713989,74 34 35 35 38 45 41 46 46 30 37 30 30 39 46 46 46 30 30 30 30 0D
1779567713999,74 34 35 31 38 30 30 30 30 30 30 30 30 30 30 30 30 30 30 30 30 0D
1779567714010,74 34 35 35 38 45 41 46 46 30 37 30 30 39 46 46 46 30 30 30 30 0D
1779567714017,74 34 35 30 38 30 30 30 30 30 37 30 30 30 30 30 30 44 32 30 35 0D
1779567714033,74 34 35 31 38 30 30 30 30 30 30 30 30 30 30 30 30 30 30 30 30 0D
1779567714037,74 34 35 31 38 30 30 30 30 30 30 30 30 30 30 30 30 30 30 30 30 0D
1779567714046,74 34 35 35 38 45 41 46 46 30 37 30 30 39 46 46 46 30 30 30 30 0D
1779567714062,74 34 35 31 38 30 30 30 30 30 30 30 30 30 30 30 30 30 30 30 30 0D
1779567714078,74 34 35 35 38 45 41 46 46 30 37 30 30 39 46 46 46 30 30 30 30 0D
1779567714083,74 34 35 31 38 30 30 30 30 30 30 30 30 30 30 30 30 30 30 30 30 0D
1779567714092,74 34 35 36 38 45 45 46 46 30 38 30 30 30 34 30 30 30 30 30 30 0D
1779567714101,74 34 35 31 38 30 30 30 30 30 30 30 30 30 30 30 30 30 30 30 30 0D
1779567714110,74 34 35 35 38 45 41 46 46 30 37 30 30 39 46 46 46 30 30 30 30 0D
1779567714117,74 34 35 30 38 30 30 30 30 30 37 30 30 30 30 30 30 44 32 30 35 0D
1779567714131,74 34 35 31 38 30 30 30 30 30 30 30 30 30 30 30 30 30 30 30 30 0D
1779567714146,74 34 35 31 38 30 30 30 30 30 30 30 30 30 30 30 30 30 30 30 30 0D
1779567714155,74 34 35 35 38 45 41 46 46 30 37 30 30 39 46 46 46 30 30 30 30 0D
1779567714161,74 34 35 31 38 30 30 30 30 30 30 30 30 30 30 30 30 30 30 30 30 0D
1779567714182,74 34 35 35 38 45 41 46 46 30 37 30 30 39 46 46 46 30 30 30 30 0D
1779567714186,74 34 35 31 38 30 30 30 30 30 30 30 30 30 30 30 30 30 30 30 30 0D
1779567714189,74 34 35 36 38 45 45 46 46 30 37 30 30 30 34 30 30 30 30 30 30 0D
1779567714202,74 34 35 31 38 30 30 30 30 30 30 30 30 30 30 30 30 30 30 30 30 0D
1779567714211,74 34 35 35 38 45 41 46 46 30 37 30 30 39 46 46 46 30 30 30 30 0D
1779567714219,74 34 35 30 38 30 30 30 30 30 37 30 30 30 30 30 30 44 32 30 35 0D
1779567714238,74 34 35 31 38 30 30 30 30 30 30 30 30 30 30 30 30 30 30 30 30 0D
1779567714244,74 34 35 31 38 30 30 30 30 30 30 30 30 30 30 30 30 30 30 30 30 0D
1779567714261,74 34 35 31 38 30 30 30 30 30 30 30 30 30 30 30 30 30 30 30 30 0D
1779567714281,74 34 35 35 38 45 39 46 46 30 37 30 30 39 45 46 46 30 30 30 30 0D
1779567714285,74 34 35 31 38 30 30 30 30 30 30 30 30 30 30 30 30 30 30 30 30 0D
1779567714298,74 34 35 31 38 30 30 30 30 30 30 30 30 30 30 30 30 30 30 30 30 0D
1779567714310,74 34 35 35 38 45 39 46 46 30 37 30 30 39 45 46 46 30 30 30 30 0D
1779567714317,74 34 35 30 38 30 30 30 30 30 37 30 30 30 30 30 30 44 32 30 35 0D
1779567714327,74 34 35 31 38 30 30 30 30 30 30 30 30 30 30 30 30 30 30 30 30 0D
1779567714336,74 34 35 31 38 30 30 30 30 30 30 30 30 30 30 30 30 30 30 30 30 0D
1779567714351,74 34 35 35 38 45 39 46 46 30 37 30 30 39 45 46 46 30 30 30 30 0D
1779567714360,74 34 35 31 38 30 30 30 30 30 30 30 30 30 30 30 30 30 30 30 30 0D
1779567714378,74 34 35 35 38 45 39 46 46 30 37 30 30 39 45 46 46 30 30 30 30 0D
1779567714386,74 34 35 31 38 30 30 30 30 30 30 30 30 30 30 30 30 30 30 30 30 0D
1779567714403,74 34 35 31 38 30 30 30 30 30 30 30 30 30 30 30 30 30 30 30 30 0D
1779567714414,74 34 35 35 38 45 39 46 46 30 37 30 30 39 45 46 46 30 30 30 30 0D
1779567714418,74 34 35 30 38 30 30 30 30 30 37 30 30 30 30 30 30 44 32 30 35 0D
1779567714430,74 34 35 31 38 30 30 30 30 30 30 30 30 30 30 30 30 30 30 30 30 0D
1779567714444,74 34 35 31 38 30 30 30 30 30 30 30 30 30 30 30 30 30 30 30 30 0D
1779567714453,74 34 35 35 38 45 39 46 46 30 37 30 30 39 45 46 46 30 30 30 30 0D
1779567714461,74 34 35 31 38 30 30 30 30 30 30 30 30 30 30 30 30 30 30 30 30 0D
1779567714479,74 34 35 35 38 45 39 46 46 30 37 30 30 39 46 46 46 30 30 30 30 0D
1779567714485,74 34 35 31 38 30 30 30 30 30 30 30 30 30 30 30 30 30 30 30 30 0D
1779567714491,74 34 35 36 38 45 45 46 46 30 37 30 30 30 34 30 30 30 30 30 30 0D
1779567714499,74 34 35 31 38 30 30 30 30 30 30 30 30 30 30 30 30 30 30 30 30 0D
1779567714514,74 34 35 35 38 45 39 46 46 30 37 30 30 39 46 46 46 30 30 30 30 0D
1779567714527,74 34 35 30 38 30 30 30 30 30 37 30 30 30 30 30 30 44 32 30 35 0D
1779567714535,74 34 35 31 38 30 30 30 30 30 30 30 30 30 30 30 30 30 30 30 30 0D
1779567714541,74 34 35 31 38 30 30 30 30 30 30 30 30 30 30 30 30 30 30 30 30 0D
1779567714549,74 34 35 35 38 45 39 46 46 30 37 30 30 39 46 46 46 30 30 30 30 0D
1779567714561,74 34 35 31 38 30 30 30 30 30 30 30 30 30 30 30 30 30 30 30 30 0D
1779567714574,74 34 35 35 38 45 39 46 46 30 37 30 30 39 46 46 46 30 30 30 30 0D
1779567714579,74 34 35 37 38 30 30 30 30 30 31 30 30 36 34 31 34 30 30 30 30 0D
1779567714585,74 34 35 35 38 45 39 46 46 30 37 30 30 39 46 46 46 30 30 30 30 0D
1779567714597,74 34 35 31 38 30 30 30 30 30 30 30 30 30 30 30 30 30 30 30 30 0D
1779567714611,74 34 35 35 38 45 39 46 46 30 37 30 30 39 46 46 46 30 30 30 30 0D
1779567714617,74 34 35 30 38 30 30 30 30 30 37 30 30 30 30 30 30 44 32 30 35 0D
1779567714634,74 34 35 31 38 30 30 30 30 30 30 30 30 30 30 30 30 30 30 30 30 0D
1779567714640,74 34 35 31 38 30 30 30 30 30 30 30 30 30 30 30 30 30 30 30 30 0D
1779567714650,74 34 35 35 38 45 39 46 46 30 37 30 30 39 46 46 46 30 30 30 30 0D
1779567714658,74 34 35 31 38 30 30 30 30 30 30 30 30 30 30 30 30 30 30 30 30 0D
1779567714673,74 34 35 35 38 45 42 46 46 30 37 30 30 39 46 46 46 30 30 30 30 0D
1779567714679,74 34 35 31 38 30 30 30 30 30 30 30 30 30 30 30 30 30 30 30 30 0D
1779567714693,74 34 35 35 38 45 42 46 46 30 37 30 30 39 46 46 46 30 30 30 30 0D
1779567714700,74 34 35 31 38 30 30 30 30 30 30 30 30 30 30 30 30 30 30 30 30 0D
1779567714713,74 34 35 35 38 45 42 46 46 30 37 30 30 39 46 46 46 30 30 30 30 0D
1779567714719,74 34 35 30 38 30 30 30 30 30 37 30 30 30 30 30 30 44 32 30 35 0D
1779567714733,74 34 35 31 38 30 30 30 30 30 30 30 30 30 30 30 30 30 30 30 30 0D
1779567714740,74 34 35 31 38 30 30 30 30 30 30 30 30 30 30 30 30 30 30 30 30 0D
1779567714752,74 34 35 35 38 45 42 46 46 30 37 30 30 39 46 46 46 30 30 30 30 0D
1779567714761,74 34 35 31 38 30 30 30 30 30 30 30 30 30 30 30 30 30 30 30 30 0D
1779567714777,74 34 35 35 38 45 42 46 46 30 37 30 30 39 46 46 46 30 30 30 30 0D
1779567714784,74 34 35 31 38 30 30 30 30 30 30 30 30 30 30 30 30 30 30 30 30 0D
1779567714791,74 34 35 35 38 45 42 46 46 30 37 30 30 39 46 46 46 30 30 30 30 0D
1779567714797,74 34 35 31 38 30 30 30 30 30 30 30 30 30 30 30 30 30 30 30 30 0D
1779567714812,74 34 35 35 38 45 42 46 46 30 37 30 30 39 46 46 46 30 30 30 30 0D
1779567714818,74 34 35 30 38 30 30 30 30 30 37 30 30 30 30 30 30 44 32 30 35 0D
1779567714832,74 34 35 31 38 30 30 30 30 30 30 30 30 30 30 30 30 30 30 30 30 0D
1779567714840,74 34 35 31 38 30 30 30 30 30 30 30 30 30 30 30 30 30 30 30 30 0D
1779567714849,74 34 35 35 38 45 42 46 46 30 37 30 30 39 46 46 46 30 30 30 30 0D
1779567714861,74 34 35 31 38 30 30 30 30 30 30 30 30 30 30 30 30 30 30 30 30 0D
1779567714883,74 34 35 35 38 45 42 46 46 30 37 30 30 39 46 46 46 30 30 30 30 0D
1779567714889,74 34 35 31 38 30 30 30 30 30 30 30 30 30 30 30 30 30 30 30 30 0D
1779567714895,74 34 35 36 38 45 45 46 46 30 37 30 30 30 33 30 30 30 30 30 30 0D
1779567714899,74 34 35 31 38 30 30 30 30 30 30 30 30 30 30 30 30 30 30 30 30 0D
1779567714909,74 34 35 35 38 45 42 46 46 30 37 30 30 39 46 46 46 30 30 30 30 0D
1779567714922,74 34 35 30 38 30 30 30 30 30 37 30 30 30 30 30 30 44 32 30 35 0D
1779567714939,74 34 35 31 38 30 30 30 30 30 30 30 30 30 30 30 30 30 30 30 30 0D
1779567714946,74 34 35 31 38 30 30 30 30 30 30 30 30 30 30 30 30 30 30 30 30 0D
1779567714956,74 34 35 35 38 45 42 46 46 30 37 30 30 39 46 46 46 30 30 30 30 0D
1779567714962,74 34 35 31 38 30 30 30 30 30 30 30 30 30 30 30 30 30 30 30 30 0D
1779567714979,74 34 35 35 38 45 42 46 46 30 37 30 30 39 46 46 46 30 30 30 30 0D
1779567714984,74 34 35 31 38 30 30 30 30 30 30 30 30 30 30 30 30 30 30 30 30 0D
1779567714994,74 34 35 35 38 45 42 46 46 30 37 30 30 39 46 46 46 30 30 30 30 0D
1779567714999,74 34 35 31 38 30 30 30 30 30 30 30 30 30 30 30 30 30 30 30 30 0D
1779567715012,74 34 35 35 38 45 42 46 46 30 37 30 30 39 46 46 46 30 30 30 30 0D
1779567715021,74 34 35 30 38 30 30 30 30 30 37 30 30 30 30 30 30 44 32 30 35 0D
1779567715030,74 34 35 31 38 30 30 30 30 30 30 30 30 30 30 30 30 30 30 30 30 0D
1779567715041,74 34 35 31 38 30 30 30 30 30 30 30 30 30 30 30 30 30 30 30 30 0D
1779567715057,74 34 35 35 38 45 42 46 46 30 37 30 30 39 46 46 46 30 30 30 30 0D
1779567715064,74 34 35 31 38 30 30 30 30 30 30 30 30 30 30 30 30 30 30 30 30 0D
1779567715079,74 34 35 35 38 45 41 46 46 30 37 30 30 39 46 46 46 30 30 30 30 0D
1779567715085,74 34 35 31 38 30 30 30 30 30 30 30 30 30 30 30 30 30 30 30 30 0D
1779567715094,74 34 35 36 38 45 45 46 46 30 37 30 30 30 35 30 30 30 30 30 30 0D
1779567715097,74 34 35 31 38 30 30 30 30 30 30 30 30 30 30 30 30 30 30 30 30 0D
1779567715109,74 34 35 35 38 45 41 46 46 30 37 30 30 39 46 46 46 30 30 30 30 0D
1779567715117,74 34 35 30 38 30 30 30 30 30 37 30 30 30 30 30 30 44 32 30 35 0D
1779567715130,74 34 35 31 38 30 30 30 30 30 30 30 30 30 30 30 30 30 30 30 30 0D
1779567715139,74 34 35 31 38 30 30 30 30 30 30 30 30 30 30 30 30 30 30 30 30 0D
1779567715149,74 34 35 35 38 45 41 46 46 30 37 30 30 39 46 46 46 30 30 30 30 0D
1779567715157,74 34 35 31 38 30 30 30 30 30 30 30 30 30 30 30 30 30 30 30 30 0D
1779567715183,74 34 35 35 38 45 41 46 46 30 37 30 30 39 46 46 46 30 30 30 30 0D
1779567715188,74 34 35 31 38 30 30 30 30 30 30 30 30 30 30 30 30 30 30 30 30 0D
1779567715193,74 34 35 35 38 45 41 46 46 30 37 30 30 39 46 46 46 30 30 30 30 0D
1779567715198,74 34 35 31 38 30 30 30 30 30 30 30 30 30 30 30 30 30 30 30 30 0D
1779567715214,74 34 35 35 38 45 41 46 46 30 37 30 30 39 46 46 46 30 30 30 30 0D
1779567715224,74 34 35 30 38 30 30 30 30 30 37 30 30 30 30 30 30 44 32 30 35 0D
1779567715234,74 34 35 31 38 30 30 30 30 30 30 30 30 30 30 30 30 30 30 30 30 0D
1779567715240,74 34 35 31 38 30 30 30 30 30 30 30 30 30 30 30 30 30 30 30 30 0D
1779567715252,74 34 35 35 38 45 41 46 46 30 37 30 30 39 46 46 46 30 30 30 30 0D
1779567715261,74 34 35 31 38 30 30 30 30 30 30 30 30 30 30 30 30 30 30 30 30 0D
1779567715278,74 34 35 35 38 45 41 46 46 30 37 30 30 39 46 46 46 30 30 30 30 0D
1779567715283,74 34 35 31 38 30 30 30 30 30 30 30 30 30 30 30 30 30 30 30 30 0D
1779567715293,74 34 35 36 38 45 45 46 46 30 37 30 30 30 35 30 30 30 30 30 30 0D
1779567715304,74 34 35 31 38 30 30 30 30 30 30 30 30 30 30 30 30 30 30 30 30 0D
1779567715311,74 34 35 35 38 45 41 46 46 30 37 30 30 39 46 46 46 30 30 30 30 0D
1779567715323,74 34 35 30 38 30 30 30 30 30 37 30 30 30 30 30 30 44 32 30 35 0D
1779567715333,74 34 35 31 38 30 30 30 30 30 30 30 30 30 30 30 30 30 30 30 30 0D
1779567715344,74 34 35 31 38 30 30 30 30 30 30 30 30 30 30 30 30 30 30 30 30 0D
1779567715357,74 34 35 35 38 45 41 46 46 30 37 30 30 39 46 46 46 30 30 30 30 0D
1779567715363,74 34 35 31 38 30 30 30 30 30 30 30 30 30 30 30 30 30 30 30 30 0D
1779567715378,74 34 35 35 38 45 41 46 46 30 37 30 30 39 46 46 46 30 30 30 30 0D
1779567715384,74 34 35 31 38 30 30 30 30 30 30 30 30 30 30 30 30 30 30 30 30 0D
1779567715390,74 34 35 35 38 45 41 46 46 30 37 30 30 39 46 46 46 30 30 30 30 0D
1779567715400,74 34 35 31 38 30 30 30 30 30 30 30 30 30 30 30 30 30 30 30 30 0D
1779567715413,74 34 35 35 38 45 41 46 46 30 37 30 30 39 46 46 46 30 30 30 30 0D
1779567715420,74 34 35 30 38 30 30 30 30 30 37 30 30 30 30 30 30 44 32 30 35 0D
1779567715431,74 34 35 31 38 30 30 30 30 30 30 30 30 30 30 30 30 30 30 30 30 0D
1779567715439,74 34 35 31 38 30 30 30 30 30 30 30 30 30 30 30 30 30 30 30 30 0D
1779567715450,74 34 35 35 38 45 41 46 46 30 37 30 30 39 46 46 46 30 30 30 30 0D
1779567715460,74 34 35 31 38 30 30 30 30 30 30 30 30 30 30 30 30 30 30 30 30 0D
1779567715499,74 34 35 35 38 45 41 46 46 30 37 30 30 39 46 46 46 30 30 30 30 0D
1779567715506,74 34 35 31 38 30 30 30 30 30 30 30 30 30 30 30 30 30 30 30 30 0D
1779567715518,74 34 35 35 38 45 41 46 46 30 37 30 30 39 46 46 46 30 30 30 30 0D
1779567715526,74 34 35 30 38 30 30 30 30 30 37 30 30 30 30 30 30 44 32 30 35 0D
1779567715529,74 34 35 31 38 30 30 30 30 30 30 30 30 30 30 30 30 30 30 30 30 0D
1779567715540,74 34 35 31 38 30 30 30 30 30 30 30 30 30 30 30 30 30 30 30 30 0D
1779567715562,74 34 35 35 38 45 41 46 46 30 37 30 30 39 46 46 46 30 30 30 30 0D
1779567715570,74 34 35 31 38 30 30 30 30 30 30 30 30 30 30 30 30 30 30 30 30 0D
1779567715576,74 34 35 37 38 30 30 30 30 30 31 30 30 36 34 31 34 30 30 30 30 0D
1779567715581,74 34 35 31 38 30 30 30 30 30 30 30 30 30 30 30 30 30 30 30 30 0D
1779567715589,74 34 35 35 38 45 41 46 46 30 37 30 30 39 46 46 46 30 30 30 30 0D
1779567715605,74 34 35 31 38 30 30 30 30 30 30 30 30 30 30 30 30 30 30 30 30 0D
1779567715609,74 34 35 35 38 45 41 46 46 30 37 30 30 39 46 46 46 30 30 30 30 0D
1779567715620,74 34 35 30 38 30 30 30 30 30 37 30 30 30 30 30 30 44 32 30 35 0D
1779567715629,74 34 35 31 38 30 30 30 30 30 30 30 30 30 30 30 30 30 30 30 30 0D
1779567715640,74 34 35 31 38 30 30 30 30 30 30 30 30 30 30 30 30 30 30 30 30 0D
1779567715655,74 34 35 35 38 45 41 46 46 30 37 30 30 39 46 46 46 30 30 30 30 0D
1779567715658,74 34 35 31 38 30 30 30 30 30 30 30 30 30 30 30 30 30 30 30 30 0D
1779567715679,74 34 35 35 38 45 41 46 46 30 37 30 30 39 46 46 46 30 30 30 30 0D
1779567715695,74 34 35 31 38 30 30 30 30 30 30 30 30 30 30 30 30 30 30 30 30 0D
1779567715703,74 34 35 35 38 45 41 46 46 30 37 30 30 39 46 46 46 30 30 30 30 0D
1779567715706,74 34 35 35 38 45 41 46 46 30 37 30 30 39 46 46 46 30 30 30 30 0D
1779567715722,74 34 35 30 38 30 30 30 30 30 37 30 30 30 30 30 30 44 32 30 35 0D
1779567715732,74 34 35 31 38 30 30 30 30 30 30 30 30 30 30 30 30 30 30 30 30 0D
1779567715737,74 34 35 31 38 30 30 30 30 30 30 30 30 30 30 30 30 30 30 30 30 0D
1779567715748,74 34 35 35 38 45 41 46 46 30 37 30 30 39 46 46 46 30 30 30 30 0D
1779567715758,74 34 35 31 38 30 30 30 30 30 30 30 30 30 30 30 30 30 30 30 30 0D
1779567715780,74 34 35 35 38 45 41 46 46 30 37 30 30 39 46 46 46 30 30 30 30 0D
1779567715788,74 34 35 31 38 30 30 30 30 30 30 30 30 30 30 30 30 30 30 30 30 0D
1779567715810,74 34 35 31 38 30 30 30 30 30 30 30 30 30 30 30 30 30 30 30 30 0D
1779567715819,74 34 35 35 38 45 41 46 46 30 37 30 30 39 46 46 46 30 30 30 30 0D
1779567715825,74 34 35 30 38 30 30 30 30 30 37 30 30 30 30 30 30 44 32 30 35 0D
1779567715837,74 34 35 31 38 30 30 30 30 30 30 30 30 30 30 30 30 30 30 30 30 0D
1779567715842,74 34 35 31 38 30 30 30 30 30 30 30 30 30 30 30 30 30 30 30 30 0D
1779567715854,74 34 35 35 38 45 41 46 46 30 37 30 30 39 46 46 46 30 30 30 30 0D
1779567715858,74 34 35 31 38 30 30 30 30 30 30 30 30 30 30 30 30 30 30 30 30 0D
1779567715878,74 34 35 35 38 45 41 46 46 30 37 30 30 39 45 46 46 30 30 30 30 0D
1779567715884,74 34 35 31 38 30 30 30 30 30 30 30 30 30 30 30 30 30 30 30 30 0D
1779567715889,74 34 35 35 38 45 41 46 46 30 37 30 30 39 45 46 46 30 30 30 30 0D
1779567715898,74 34 35 31 38 30 30 30 30 30 30 30 30 30 30 30 30 30 30 30 30 0D
1779567715910,74 34 35 35 38 45 41 46 46 30 37 30 30 39 45 46 46 30 30 30 30 0D
1779567715920,74 34 35 30 38 30 30 30 30 30 37 30 30 30 30 30 30 44 32 30 35 0D
1779567715935,74 34 35 31 38 30 30 30 30 30 30 30 30 30 30 30 30 30 30 30 30 0D
1779567715941,74 34 35 31 38 30 30 30 30 30 30 30 30 30 30 30 30 30 30 30 30 0D
1779567715956,74 34 35 35 38 45 41 46 46 30 37 30 30 39 45 46 46 30 30 30 30 0D
1779567715964,74 34 35 31 38 30 30 30 30 30 30 30 30 30 30 30 30 30 30 30 30 0D
1779567715980,74 34 35 35 38 45 41 46 46 30 37 30 30 39 45 46 46 30 30 30 30 0D
1779567715993,74 34 35 31 38 30 30 30 30 30 30 30 30 30 30 30 30 30 30 30 30 0D
1779567715999,74 34 35 31 38 30 30 30 30 30 30 30 30 30 30 30 30 30 30 30 30 0D
1779567716011,74 34 35 35 38 45 41 46 46 30 37 30 30 39 45 46 46 30 30 30 30 0D
1779567716020,74 34 35 30 38 30 30 30 30 30 37 30 30 30 30 30 30 44 32 30 35 0D
1779567716037,74 34 35 31 38 30 30 30 30 30 30 30 30 30 30 30 30 30 30 30 30 0D
1779567716050,74 34 35 35 38 45 41 46 46 30 37 30 30 39 45 46 46 30 30 30 30 0D
1779567716060,74 34 35 31 38 30 30 30 30 30 30 30 30 30 30 30 30 30 30 30 30 0D
1779567716095,74 34 35 35 38 45 41 46 46 30 36 30 30 39 46 46 46 30 30 30 30 0D
1779567716106,74 34 35 31 38 30 30 30 30 30 30 30 30 30 30 30 30 30 30 30 30 0D
1779567716113,74 34 35 35 38 45 41 46 46 30 36 30 30 39 46 46 46 30 30 30 30 0D
1779567716120,74 34 35 30 38 30 30 30 30 30 37 30 30 30 30 30 30 44 32 30 35 0D
1779567716137,74 34 35 31 38 30 30 30 30 30 30 30 30 30 30 30 30 30 30 30 30 0D
1779567716154,74 34 35 35 38 45 41 46 46 30 36 30 30 39 46 46 46 30 30 30 30 0D
1779567716160,74 34 35 31 38 30 30 30 30 30 30 30 30 30 30 30 30 30 30 30 30 0D
1779567716200,74 34 35 35 38 45 41 46 46 30 36 30 30 39 46 46 46 30 30 30 30 0D
1779567716206,74 34 35 31 38 30 30 30 30 30 30 30 30 30 30 30 30 30 30 30 30 0D
1779567716210,74 34 35 35 38 45 41 46 46 30 36 30 30 39 46 46 46 30 30 30 30 0D
1779567716221,74 34 35 30 38 30 30 30 30 30 37 30 30 30 30 30 30 44 32 30 35 0D
1779567716230,74 34 35 31 38 30 30 30 30 30 30 30 30 30 30 30 30 30 30 30 30 0D
1779567716239,74 34 35 31 38 30 30 30 30 30 30 30 30 30 30 30 30 30 30 30 30 0D
1779567716251,74 34 35 35 38 45 41 46 46 30 36 30 30 39 46 46 46 30 30 30 30 0D
1779567716261,74 34 35 31 38 30 30 30 30 30 30 30 30 30 30 30 30 30 30 30 30 0D
1779567716290,74 34 35 35 38 45 41 46 46 30 37 30 30 39 46 46 46 30 30 30 30 0D
1779567716306,74 34 35 31 38 30 30 30 30 30 30 30 30 30 30 30 30 30 30 30 30 0D
1779567716316,74 34 35 35 38 45 41 46 46 30 37 30 30 39 46 46 46 30 30 30 30 0D
1779567716322,74 34 35 30 38 30 30 30 30 30 37 30 30 30 30 30 30 44 32 30 35 0D
1779567716334,74 34 35 31 38 30 30 30 30 30 30 30 30 30 30 30 30 30 30 30 30 0D
1779567716340,74 34 35 31 38 30 30 30 30 30 30 30 30 30 30 30 30 30 30 30 30 0D
1779567716352,74 34 35 35 38 45 41 46 46 30 37 30 30 39 46 46 46 30 30 30 30 0D
1779567716356,74 34 35 31 38 30 30 30 30 30 30 30 30 30 30 30 30 30 30 30 30 0D
1779567716393,74 34 35 35 38 45 41 46 46 30 37 30 30 39 46 46 46 30 30 30 30 0D
1779567716409,74 34 35 31 38 30 30 30 30 30 30 30 30 30 30 30 30 30 30 30 30 0D
1779567716419,74 34 35 30 38 30 30 30 30 30 37 30 30 30 30 30 30 44 32 30 35 0D
1779567716430,74 34 35 31 38 30 30 30 30 30 30 30 30 30 30 30 30 30 30 30 30 0D
1779567716441,74 34 35 31 38 30 30 30 30 30 30 30 30 30 30 30 30 30 30 30 30 0D
1779567716453,74 34 35 35 38 45 41 46 46 30 37 30 30 39 46 46 46 30 30 30 30 0D
1779567716460,74 34 35 31 38 30 30 30 30 30 30 30 30 30 30 30 30 30 30 30 30 0D
1779567716480,74 34 35 35 38 45 41 46 46 30 37 30 30 39 46 46 46 30 30 30 30 0D
1779567716491,74 34 35 31 38 30 30 30 30 30 30 30 30 30 30 30 30 30 30 30 30 0D
1779567716501,74 34 35 31 38 30 30 30 30 30 30 30 30 30 30 30 30 30 30 30 30 0D
1779567716512,74 34 35 35 38 45 41 46 46 30 37 30 30 39 46 46 46 30 30 30 30 0D
1779567716521,74 34 35 30 38 30 30 30 30 30 37 30 30 30 30 30 30 44 32 30 35 0D
1779567716535,74 34 35 31 38 30 30 30 30 30 30 30 30 30 30 30 30 30 30 30 30 0D
1779567716541,74 34 35 31 38 30 30 30 30 30 30 30 30 30 30 30 30 30 30 30 30 0D
1779567716552,74 34 35 35 38 45 41 46 46 30 37 30 30 39 46 46 46 30 30 30 30 0D
1779567716556,74 34 35 31 38 30 30 30 30 30 30 30 30 30 30 30 30 30 30 30 30 0D
1779567716567,74 34 35 35 38 45 41 46 46 30 37 30 30 39 46 46 46 30 30 30 30 0D
1779567716576,74 34 35 37 38 30 30 30 30 30 30 30 30 36 34 31 34 30 30 30 30 0D
1779567716589,74 34 35 31 38 30 30 30 30 30 30 30 30 30 30 30 30 30 30 30 30 0D
1779567716600,74 34 35 31 38 30 30 30 30 30 30 30 30 30 30 30 30 30 30 30 30 0D
1779567716610,74 34 35 35 38 45 41 46 46 30 37 30 30 39 46 46 46 30 30 30 30 0D
1779567716617,74 34 35 30 38 30 30 30 30 30 37 30 30 30 30 30 30 44 32 30 35 0D
1779567716634,74 34 35 31 38 30 30 30 30 30 30 30 30 30 30 30 30 30 30 30 30 0D
1779567716642,74 34 35 31 38 30 30 30 30 30 30 30 30 30 30 30 30 30 30 30 30 0D
1779567716650,74 34 35 35 38 45 41 46 46 30 37 30 30 39 46 46 46 30 30 30 30 0D
1779567716657,74 34 35 31 38 30 30 30 30 30 30 30 30 30 30 30 30 30 30 30 30 0D
1779567716670,74 34 35 35 38 45 41 46 46 30 37 30 30 39 46 46 46 30 30 30 30 0D
1779567716676,74 34 35 37 38 30 30 30 30 30 30 30 30 36 34 31 34 30 30 30 30 0D
1779567716684,74 34 35 31 38 30 30 30 30 30 30 30 30 30 30 30 30 30 30 30 30 0D
1779567716700,74 34 35 31 38 30 30 30 30 30 30 30 30 30 30 30 30 30 30 30 30 0D
1779567716708,74 34 35 35 38 45 41 46 46 30 37 30 30 39 46 46 46 30 30 30 30 0D
1779567716717,74 34 35 30 38 30 30 30 30 30 37 30 30 30 30 30 30 44 32 30 35 0D
1779567716734,74 34 35 31 38 30 30 30 30 30 30 30 30 30 30 30 30 30 30 30 30 0D
1779567716739,74 34 35 31 38 30 30 30 30 30 30 30 30 30 30 30 30 30 30 30 30 0D
1779567716751,74 34 35 35 38 45 41 46 46 30 37 30 30 39 46 46 46 30 30 30 30 0D
1779567716759,74 34 35 31 38 30 30 30 30 30 30 30 30 30 30 30 30 30 30 30 30 0D
1779567716781,74 34 35 35 38 45 41 46 46 30 37 30 30 39 46 46 46 30 30 30 30 0D
1779567716792,74 34 35 31 38 30 30 30 30 30 30 30 30 30 30 30 30 30 30 30 30 0D
1779567716801,74 34 35 31 38 30 30 30 30 30 30 30 30 30 30 30 30 30 30 30 30 0D
1779567716808,74 34 35 35 38 45 41 46 46 30 37 30 30 39 46 46 46 30 30 30 30 0D
1779567716818,74 34 35 30 38 30 30 30 30 30 37 30 30 30 30 30 30 44 32 30 35 0D
1779567716835,74 34 35 31 38 30 30 30 30 30 30 30 30 30 30 30 30 30 30 30 30 0D
1779567716843,74 34 35 31 38 30 30 30 30 30 30 30 30 30 30 30 30 30 30 30 30 0D
1779567716852,74 34 35 35 38 45 41 46 46 30 37 30 30 39 46 46 46 30 30 30 30 0D
1779567716859,74 34 35 31 38 30 30 30 30 30 30 30 30 30 30 30 30 30 30 30 30 0D
1779567716885,74 34 35 35 38 45 41 46 46 30 38 30 30 39 46 46 46 30 30 30 30 0D
1779567716895,74 34 35 31 38 30 30 30 30 30 30 30 30 30 30 30 30 30 30 30 30 0D
1779567716903,74 34 35 36 38 45 44 46 46 30 37 30 30 30 34 30 30 30 30 30 30 0D
1779567716912,74 34 35 35 38 45 41 46 46 30 38 30 30 39 46 46 46 30 30 30 30 0D
1779567716921,74 34 35 30 38 30 30 30 30 30 37 30 30 30 30 30 30 44 32 30 35 0D
1779567716932,74 34 35 31 38 30 30 30 30 30 30 30 30 30 30 30 30 30 30 30 30 0D
1779567716938,74 34 35 31 38 30 30 30 30 30 30 30 30 30 30 30 30 30 30 30 30 0D
1779567716954,74 34 35 35 38 45 41 46 46 30 38 30 30 39 46 46 46 30 30 30 30 0D
1779567716956,74 34 35 31 38 30 30 30 30 30 30 30 30 30 30 30 30 30 30 30 30 0D
1779567716967,74 34 35 35 38 45 41 46 46 30 38 30 30 39 46 46 46 30 30 30 30 0D
1779567716971,74 34 35 37 38 30 30 30 30 30 31 30 30 36 34 31 34 30 30 30 30 0D
1779567716976,74 34 35 31 38 30 30 30 30 30 30 30 30 30 30 30 30 30 30 30 30 0D
1779567716986,74 34 35 35 38 45 41 46 46 30 38 30 30 39 46 46 46 30 30 30 30 0D
1779567716999,74 34 35 31 38 30 30 30 30 30 30 30 30 30 30 30 30 30 30 30 30 0D
1779567717009,74 34 35 35 38 45 41 46 46 30 38 30 30 39 46 46 46 30 30 30 30 0D
1779567717022,74 34 35 30 38 30 30 30 30 30 37 30 30 30 30 30 30 44 32 30 35 0D
1779567717037,74 34 35 31 38 30 30 30 30 30 30 30 30 30 30 30 30 30 30 30 30 0D
1779567717042,74 34 35 31 38 30 30 30 30 30 30 30 30 30 30 30 30 30 30 30 30 0D
1779567717048,74 34 35 35 38 45 41 46 46 30 38 30 30 39 46 46 46 30 30 30 30 0D
1779567717059,74 34 35 31 38 30 30 30 30 30 30 30 30 30 30 30 30 30 30 30 30 0D
1779567717085,74 34 35 35 38 45 39 46 46 30 37 30 30 39 46 46 46 30 30 30 30 0D
1779567717095,74 34 35 31 38 30 30 30 30 30 30 30 30 30 30 30 30 30 30 30 30 0D
1779567717103,74 34 35 31 38 30 30 30 30 30 30 30 30 30 30 30 30 30 30 30 30 0D
1779567717112,74 34 35 35 38 45 39 46 46 30 37 30 30 39 46 46 46 30 30 30 30 0D
1779567717125,74 34 35 30 38 30 30 30 30 30 37 30 30 30 30 30 30 44 32 30 35 0D
1779567717130,74 34 35 31 38 30 30 30 30 30 30 30 30 30 30 30 30 30 30 30 30 0D
1779567717138,74 34 35 31 38 30 30 30 30 30 30 30 30 30 30 30 30 30 30 30 30 0D
1779567717151,74 34 35 35 38 45 39 46 46 30 37 30 30 39 46 46 46 30 30 30 30 0D
1779567717159,74 34 35 31 38 30 30 30 30 30 30 30 30 30 30 30 30 30 30 30 30 0D
1779567717178,74 34 35 35 38 45 39 46 46 30 37 30 30 39 46 46 46 30 30 30 30 0D
1779567717187,74 34 35 31 38 30 30 30 30 30 30 30 30 30 30 30 30 30 30 30 30 0D
1779567717203,74 34 35 31 38 30 30 30 30 30 30 30 30 30 30 30 30 30 30 30 30 0D
1779567717207,74 34 35 35 38 45 39 46 46 30 37 30 30 39 46 46 46 30 30 30 30 0D
1779567717217,74 34 35 30 38 30 30 30 30 30 37 30 30 30 30 30 30 44 32 30 35 0D
1779567717232,74 34 35 31 38 30 30 30 30 30 30 30 30 30 30 30 30 30 30 30 30 0D
1779567717239,74 34 35 31 38 30 30 30 30 30 30 30 30 30 30 30 30 30 30 30 30 0D
1779567717250,74 34 35 35 38 45 39 46 46 30 37 30 30 39 46 46 46 30 30 30 30 0D
1779567717256,74 34 35 31 38 30 30 30 30 30 30 30 30 30 30 30 30 30 30 30 30 0D
1779567717294,74 34 35 35 38 45 41 46 46 30 37 30 30 39 46 46 46 30 30 30 30 0D
1779567717308,74 34 35 31 38 30 30 30 30 30 30 30 30 30 30 30 30 30 30 30 30 0D
1779567717319,74 34 35 30 38 30 30 30 30 30 37 30 30 30 30 30 30 44 32 30 35 0D
1779567717332,74 34 35 31 38 30 30 30 30 30 30 30 30 30 30 30 30 30 30 30 30 0D
1779567717337,74 34 35 31 38 30 30 30 30 30 30 30 30 30 30 30 30 30 30 30 30 0D
1779567717354,74 34 35 35 38 45 41 46 46 30 37 30 30 39 46 46 46 30 30 30 30 0D
1779567717359,74 34 35 31 38 30 30 30 30 30 30 30 30 30 30 30 30 30 30 30 30 0D
1779567717377,74 34 35 35 38 45 41 46 46 30 37 30 30 39 46 46 46 30 30 30 30 0D
1779567717385,74 34 35 31 38 30 30 30 30 30 30 30 30 30 30 30 30 30 30 30 30 0D
1779567717392,74 34 35 36 38 45 44 46 46 30 37 30 30 30 34 30 30 30 30 30 30 0D
1779567717401,74 34 35 31 38 30 30 30 30 30 30 30 30 30 30 30 30 30 30 30 30 0D
1779567717408,74 34 35 35 38 45 41 46 46 30 37 30 30 39 46 46 46 30 30 30 30 0D
1779567717419,74 34 35 30 38 30 30 30 30 30 37 30 30 30 30 30 30 44 32 30 35 0D
1779567717431,74 34 35 31 38 30 30 30 30 30 30 30 30 30 30 30 30 30 30 30 30 0D
1779567717440,74 34 35 31 38 30 30 30 30 30 30 30 30 30 30 30 30 30 30 30 30 0D
1779567717451,74 34 35 35 38 45 41 46 46 30 37 30 30 39 46 46 46 30 30 30 30 0D
1779567717465,74 34 35 31 38 30 30 30 30 30 30 30 30 30 30 30 30 30 30 30 30 0D
1779567717499,74 34 35 35 38 45 41 46 46 30 37 30 30 39 46 46 46 30 30 30 30 0D
1779567717508,74 34 35 31 38 30 30 30 30 30 30 30 30 30 30 30 30 30 30 30 30 0D
1779567717514,74 34 35 35 38 45 41 46 46 30 37 30 30 39 46 46 46 30 30 30 30 0D
1779567717520,74 34 35 30 38 30 30 30 30 30 37 30 30 30 30 30 30 44 32 30 35 0D
1779567717533,74 34 35 31 38 30 30 30 30 30 30 30 30 30 30 30 30 30 30 30 30 0D
1779567717540,74 34 35 31 38 30 30 30 30 30 30 30 30 30 30 30 30 30 30 30 30 0D
1779567717553,74 34 35 35 38 45 41 46 46 30 37 30 30 39 46 46 46 30 30 30 30 0D
1779567717564,74 34 35 31 38 30 30 30 30 30 30 30 30 30 30 30 30 30 30 30 30 0D
1779567717582,74 34 35 35 38 45 41 46 46 30 37 30 30 39 46 46 46 30 30 30 30 0D
1779567717591,74 34 35 35 38 45 41 46 46 30 37 30 30 39 46 46 46 30 30 30 30 0D
1779567717600,74 34 35 31 38 30 30 30 30 30 30 30 30 30 30 30 30 30 30 30 30 0D
1779567717613,74 34 35 35 38 45 41 46 46 30 37 30 30 39 46 46 46 30 30 30 30 0D
1779567717620,74 34 35 30 38 30 30 30 30 30 37 30 30 30 30 30 30 44 32 30 35 0D
1779567717633,74 34 35 31 38 30 30 30 30 30 30 30 30 30 30 30 30 30 30 30 30 0D
1779567717639,74 34 35 31 38 30 30 30 30 30 30 30 30 30 30 30 30 30 30 30 30 0D
1779567717653,74 34 35 35 38 45 41 46 46 30 37 30 30 39 46 46 46 30 30 30 30 0D
1779567717666,74 34 35 31 38 30 30 30 30 30 30 30 30 30 30 30 30 30 30 30 30 0D
1779567717681,74 34 35 35 38 45 42 46 46 30 37 30 30 39 46 46 46 30 30 30 30 0D
1779567717689,74 34 35 31 38 30 30 30 30 30 30 30 30 30 30 30 30 30 30 30 30 0D
1779567717701,74 34 35 31 38 30 30 30 30 30 30 30 30 30 30 30 30 30 30 30 30 0D
1779567717709,74 34 35 35 38 45 42 46 46 30 37 30 30 39 46 46 46 30 30 30 30 0D
1779567717719,74 34 35 30 38 30 30 30 30 30 37 30 30 30 30 30 30 44 32 30 35 0D
1779567717732,74 34 35 31 38 30 30 30 30 30 30 30 30 30 30 30 30 30 30 30 30 0D
1779567717738,74 34 35 31 38 30 30 30 30 30 30 30 30 30 30 30 30 30 30 30 30 0D
1779567717756,74 34 35 35 38 45 42 46 46 30 37 30 30 39 46 46 46 30 30 30 30 0D
1779567717762,74 34 35 31 38 30 30 30 30 30 30 30 30 30 30 30 30 30 30 30 30 0D
1779567717779,74 34 35 35 38 45 42 46 46 30 37 30 30 39 46 46 46 30 30 30 30 0D
1779567717789,74 34 35 35 38 45 42 46 46 30 37 30 30 39 46 46 46 30 30 30 30 0D
1779567717801,74 34 35 31 38 30 30 30 30 30 30 30 30 30 30 30 30 30 30 30 30 0D
1779567717816,74 34 35 35 38 45 42 46 46 30 37 30 30 39 46 46 46 30 30 30 30 0D
1779567717820,74 34 35 30 38 30 30 30 30 30 37 30 30 30 30 30 30 44 32 30 35 0D
1779567717834,74 34 35 31 38 30 30 30 30 30 30 30 30 30 30 30 30 30 30 30 30 0D
1779567717839,74 34 35 31 38 30 30 30 30 30 30 30 30 30 30 30 30 30 30 30 30 0D
1779567717848,74 34 35 35 38 45 42 46 46 30 37 30 30 39 46 46 46 30 30 30 30 0D
1779567717861,74 34 35 31 38 30 30 30 30 30 30 30 30 30 30 30 30 30 30 30 30 0D
1779567717870,74 34 35 35 38 45 42 46 46 30 37 30 30 39 46 46 46 30 30 30 30 0D
1779567717886,74 34 35 37 38 30 30 30 30 30 32 30 30 36 34 31 34 30 30 30 30 0D
1779567717901,74 34 35 31 38 30 30 30 30 30 30 30 30 30 30 30 30 30 30 30 30 0D
1779567717913,74 34 35 35 38 45 42 46 46 30 37 30 30 39 46 46 46 30 30 30 30 0D
1779567717923,74 34 35 30 38 30 30 30 30 30 37 30 30 30 30 30 30 44 32 30 35 0D
1779567717933,74 34 35 31 38 30 30 30 30 30 30 30 30 30 30 30 30 30 30 30 30 0D
1779567717939,74 34 35 31 38 30 30 30 30 30 30 30 30 30 30 30 30 30 30 30 30 0D
1779567717953,74 34 35 35 38 45 42 46 46 30 37 30 30 39 46 46 46 30 30 30 30 0D
1779567717963,74 34 35 31 38 30 30 30 30 30 30 30 30 30 30 30 30 30 30 30 30 0D
1779567717970,74 34 35 35 38 45 42 46 46 30 37 30 30 39 46 46 46 30 30 30 30 0D
1779567717977,74 34 35 37 38 30 30 30 30 30 31 30 30 36 34 31 34 30 30 30 30 0D
1779567717986,74 34 35 31 38 30 30 30 30 30 30 30 30 30 30 30 30 30 30 30 30 0D
1779567717989,74 34 35 35 38 45 42 46 46 30 37 30 30 39 46 46 46 30 30 30 30 0D
1779567717999,74 34 35 31 38 30 30 30 30 30 30 30 30 30 30 30 30 30 30 30 30 0D
1779567718012,74 34 35 35 38 45 42 46 46 30 37 30 30 39 46 46 46 30 30 30 30 0D
1779567718019,74 34 35 30 38 30 30 30 30 30 37 30 30 30 30 30 30 44 32 30 35 0D
1779567718036,74 34 35 31 38 30 30 30 30 30 30 30 30 30 30 30 30 30 30 30 30 0D
1779567718042,74 34 35 31 38 30 30 30 30 30 30 30 30 30 30 30 30 30 30 30 30 0D
1779567718050,74 34 35 35 38 45 42 46 46 30 37 30 30 39 46 46 46 30 30 30 30 0D
1779567718064,74 34 35 31 38 30 30 30 30 30 30 30 30 30 30 30 30 30 30 30 30 0D
1779567718081,74 34 35 35 38 45 41 46 46 30 37 30 30 39 46 46 46 30 30 30 30 0D
1779567718088,74 34 35 35 38 45 41 46 46 30 37 30 30 39 46 46 46 30 30 30 30 0D
1779567718099,74 34 35 31 38 30 30 30 30 30 30 30 30 30 30 30 30 30 30 30 30 0D
1779567718113,74 34 35 35 38 45 41 46 46 30 37 30 30 39 46 46 46 30 30 30 30 0D
1779567718122,74 34 35 30 38 30 30 30 30 30 37 30 30 30 30 30 30 44 32 30 35 0D
1779567718129,74 34 35 31 38 30 30 30 30 30 30 30 30 30 30 30 30 30 30 30 30 0D
1779567718140,74 34 35 31 38 30 30 30 30 30 30 30 30 30 30 30 30 30 30 30 30 0D
1779567718159,74 34 35 35 38 45 41 46 46 30 37 30 30 39 46 46 46 30 30 30 30 0D
1779567718169,74 34 35 31 38 30 30 30 30 30 30 30 30 30 30 30 30 30 30 30 30 0D
1779567718178,74 34 35 35 38 45 41 46 46 30 37 30 30 39 46 46 46 30 30 30 30 0D
1779567718183,74 34 35 31 38 30 30 30 30 30 30 30 30 30 30 30 30 30 30 30 30 0D
1779567718193,74 34 35 35 38 45 41 46 46 30 37 30 30 39 46 46 46 30 30 30 30 0D
1779567718204,74 34 35 31 38 30 30 30 30 30 30 30 30 30 30 30 30 30 30 30 30 0D
1779567718219,74 34 35 30 38 30 30 30 30 30 37 30 30 30 30 30 30 44 32 30 35 0D
1779567718227,74 34 35 31 38 30 30 30 30 30 30 30 30 30 30 30 30 30 30 30 30 0D
1779567718246,74 34 35 31 38 30 30 30 30 30 30 30 30 30 30 30 30 30 30 30 30 0D
1779567718252,74 34 35 35 38 45 41 46 46 30 37 30 30 39 46 46 46 30 30 30 30 0D
1779567718262,74 34 35 31 38 30 30 30 30 30 30 30 30 30 30 30 30 30 30 30 30 0D
1779567718277,74 34 35 35 38 45 41 46 46 30 37 30 30 39 46 46 46 30 30 30 30 0D
1779567718282,74 34 35 31 38 30 30 30 30 30 30 30 30 30 30 30 30 30 30 30 30 0D
1779567718288,74 34 35 36 38 45 44 46 46 30 37 30 30 30 33 30 30 30 30 30 30 0D
1779567718298,74 34 35 31 38 30 30 30 30 30 30 30 30 30 30 30 30 30 30 30 30 0D
1779567718308,74 34 35 35 38 45 41 46 46 30 37 30 30 39 46 46 46 30 30 30 30 0D
1779567718320,74 34 35 30 38 30 30 30 30 30 37 30 30 30 30 30 30 44 32 30 35 0D
1779567718334,74 34 35 31 38 30 30 30 30 30 30 30 30 30 30 30 30 30 30 30 30 0D
1779567718343,74 34 35 31 38 30 30 30 30 30 30 30 30 30 30 30 30 30 30 30 30 0D
1779567718358,74 34 35 35 38 45 41 46 46 30 37 30 30 39 46 46 46 30 30 30 30 0D
1779567718378,74 34 35 35 38 45 41 46 46 30 37 30 30 39 46 46 46 30 30 30 30 0D
1779567718382,74 34 35 31 38 30 30 30 30 30 30 30 30 30 30 30 30 30 30 30 30 0D
1779567718385,74 34 35 35 38 45 41 46 46 30 37 30 30 39 46 46 46 30 30 30 30 0D
1779567718397,74 34 35 31 38 30 30 30 30 30 30 30 30 30 30 30 30 30 30 30 30 0D
1779567718410,74 34 35 35 38 45 41 46 46 30 37 30 30 39 46 46 46 30 30 30 30 0D
1779567718419,74 34 35 30 38 30 30 30 30 30 37 30 30 30 30 30 30 44 32 30 35 0D
1779567718430,74 34 35 31 38 30 30 30 30 30 30 30 30 30 30 30 30 30 30 30 30 0D
1779567718446,74 34 35 31 38 30 30 30 30 30 30 30 30 30 30 30 30 30 30 30 30 0D
1779567718459,74 34 35 35 38 45 41 46 46 30 37 30 30 39 46 46 46 30 30 30 30 0D
1779567718480,74 34 35 35 38 45 41 46 46 30 37 30 30 39 46 46 46 30 30 30 30 0D
1779567718488,74 34 35 31 38 30 30 30 30 30 30 30 30 30 30 30 30 30 30 30 30 0D
1779567718499,74 34 35 31 38 30 30 30 30 30 30 30 30 30 30 30 30 30 30 30 30 0D
1779567718512,74 34 35 35 38 45 41 46 46 30 37 30 30 39 46 46 46 30 30 30 30 0D
1779567718519,74 34 35 30 38 30 30 30 30 30 37 30 30 30 30 30 30 44 32 30 35 0D
1779567718534,74 34 35 31 38 30 30 30 30 30 30 30 30 30 30 30 30 30 30 30 30 0D
1779567718544,74 34 35 31 38 30 30 30 30 30 30 30 30 30 30 30 30 30 30 30 30 0D
1779567718549,74 34 35 36 38 45 44 46 46 30 37 30 30 30 33 30 30 30 30 30 30 0D
1779567718560,74 34 35 31 38 30 30 30 30 30 30 30 30 30 30 30 30 30 30 30 30 0D
1779567718592,74 34 35 35 38 45 41 46 46 30 37 30 30 39 46 46 46 30 30 30 30 0D
1779567718598,74 34 35 31 38 30 30 30 30 30 30 30 30 30 30 30 30 30 30 30 30 0D
1779567718611,74 34 35 35 38 45 41 46 46 30 37 30 30 39 46 46 46 30 30 30 30 0D
1779567718618,74 34 35 30 38 30 30 30 30 30 37 30 30 30 30 30 30 44 32 30 35 0D
1779567718633,74 34 35 31 38 30 30 30 30 30 30 30 30 30 30 30 30 30 30 30 30 0D
1779567718646,74 34 35 31 38 30 30 30 30 30 30 30 30 30 30 30 30 30 30 30 30 0D
1779567718655,74 34 35 35 38 45 41 46 46 30 37 30 30 39 46 46 46 30 30 30 30 0D
1779567718661,74 34 35 31 38 30 30 30 30 30 30 30 30 30 30 30 30 30 30 30 30 0D
1779567718678,74 34 35 35 38 45 42 46 46 30 37 30 30 39 46 46 46 30 30 30 30 0D
1779567718685,74 34 35 31 38 30 30 30 30 30 30 30 30 30 30 30 30 30 30 30 30 0D
1779567718687,74 34 35 35 38 45 42 46 46 30 37 30 30 39 46 46 46 30 30 30 30 0D
1779567718700,74 34 35 31 38 30 30 30 30 30 30 30 30 30 30 30 30 30 30 30 30 0D
1779567718710,74 34 35 35 38 45 42 46 46 30 37 30 30 39 46 46 46 30 30 30 30 0D
1779567718718,74 34 35 30 38 30 30 30 30 30 37 30 30 30 30 30 30 44 32 30 35 0D
1779567718726,74 34 35 31 38 30 30 30 30 30 30 30 30 30 30 30 30 30 30 30 30 0D
1779567718741,74 34 35 31 38 30 30 30 30 30 30 30 30 30 30 30 30 30 30 30 30 0D
1779567718751,74 34 35 35 38 45 42 46 46 30 37 30 30 39 46 46 46 30 30 30 30 0D
1779567718760,74 34 35 31 38 30 30 30 30 30 30 30 30 30 30 30 30 30 30 30 30 0D
1779567718785,74 34 35 35 38 45 42 46 46 30 37 30 30 39 46 46 46 30 30 30 30 0D
1779567718793,74 34 35 31 38 30 30 30 30 30 30 30 30 30 30 30 30 30 30 30 30 0D
1779567718801,74 34 35 31 38 30 30 30 30 30 30 30 30 30 30 30 30 30 30 30 30 0D
1779567718809,74 34 35 35 38 45 42 46 46 30 37 30 30 39 46 46 46 30 30 30 30 0D
1779567718820,74 34 35 30 38 30 30 30 30 30 37 30 30 30 30 30 30 44 32 30 35 0D
1779567718852,74 34 35 31 38 30 30 30 30 30 30 30 30 30 30 30 30 30 30 30 30 0D
1779567718864,74 34 35 31 38 30 30 30 30 30 30 30 30 30 30 30 30 30 30 30 30 0D
1779567718869,74 34 35 35 38 45 42 46 46 30 37 30 30 39 46 46 46 30 30 30 30 0D
1779567718875,74 34 35 37 38 30 30 30 30 30 31 30 30 36 34 31 34 30 30 30 30 0D
1779567718880,74 34 35 31 38 30 30 30 30 30 30 30 30 30 30 30 30 30 30 30 30 0D
1779567718892,74 34 35 35 38 45 42 46 46 30 37 30 30 39 46 46 46 30 30 30 30 0D
1779567718899,74 34 35 31 38 30 30 30 30 30 30 30 30 30 30 30 30 30 30 30 30 0D
1779567718910,74 34 35 35 38 45 42 46 46 30 37 30 30 39 46 46 46 30 30 30 30 0D
1779567718919,74 34 35 30 38 30 30 30 30 30 37 30 30 30 30 30 30 44 32 30 35 0D
1779567718932,74 34 35 31 38 30 30 30 30 30 30 30 30 30 30 30 30 30 30 30 30 0D
1779567718942,74 34 35 31 38 30 30 30 30 30 30 30 30 30 30 30 30 30 30 30 30 0D
1779567718952,74 34 35 35 38 45 42 46 46 30 37 30 30 39 46 46 46 30 30 30 30 0D
1779567718962,74 34 35 31 38 30 30 30 30 30 30 30 30 30 30 30 30 30 30 30 30 0D
1779567718987,74 34 35 35 38 45 42 46 46 30 37 30 30 39 46 46 46 30 30 30 30 0D
1779567719003,74 34 35 31 38 30 30 30 30 30 30 30 30 30 30 30 30 30 30 30 30 0D
1779567719016,74 34 35 35 38 45 42 46 46 30 37 30 30 39 46 46 46 30 30 30 30 0D
1779567719022,74 34 35 30 38 30 30 30 30 30 37 30 30 30 30 30 30 44 32 30 35 0D
1779567719031,74 34 35 31 38 30 30 30 30 30 30 30 30 30 30 30 30 30 30 30 30 0D
1779567719041,74 34 35 31 38 30 30 30 30 30 30 30 30 30 30 30 30 30 30 30 30 0D
1779567719058,74 34 35 35 38 45 42 46 46 30 37 30 30 39 46 46 46 30 30 30 30 0D
1779567719098,74 34 35 35 38 45 41 46 46 30 37 30 30 39 46 46 46 30 30 30 30 0D
1779567719103,74 34 35 31 38 30 30 30 30 30 30 30 30 30 30 30 30 30 30 30 30 0D
1779567719124,74 34 35 30 38 30 30 30 30 30 37 30 30 30 30 30 30 44 32 30 35 0D
1779567719129,74 34 35 31 38 30 30 30 30 30 30 30 30 30 30 30 30 30 30 30 30 0D
1779567719144,74 34 35 31 38 30 30 30 30 30 30 30 30 30 30 30 30 30 30 30 30 0D
1779567719156,74 34 35 35 38 45 41 46 46 30 37 30 30 39 46 46 46 30 30 30 30 0D
1779567719163,74 34 35 31 38 30 30 30 30 30 30 30 30 30 30 30 30 30 30 30 30 0D
1779567719173,74 34 35 35 38 45 41 46 46 30 37 30 30 39 46 46 46 30 30 30 30 0D
1779567719184,74 34 35 39 38 36 44 41 34 42 45 31 36 32 30 31 41 30 33 42 37 0D
1779567719189,74 34 35 35 38 45 41 46 46 30 37 30 30 39 46 46 46 30 30 30 30 0D
1779567719202,74 34 35 31 38 30 30 30 30 30 30 30 30 30 30 30 30 30 30 30 30 0D
1779567719210,74 34 35 35 38 45 41 46 46 30 37 30 30 39 46 46 46 30 30 30 30 0D
1779567719224,74 34 35 30 38 30 30 30 30 30 37 30 30 30 30 30 30 44 32 30 35 0D
1779567719228,74 34 35 31 38 30 30 30 30 30 30 30 30 30 30 30 30 30 30 30 30 0D
1779567719248,74 34 35 31 38 30 30 30 30 30 30 30 30 30 30 30 30 30 30 30 30 0D
1779567719260,74 34 35 35 38 45 41 46 46 30 37 30 30 39 46 46 46 30 30 30 30 0D
1779567719264,74 34 35 31 38 30 30 30 30 30 30 30 30 30 30 30 30 30 30 30 30 0D
1779567719275,74 34 35 35 38 45 42 46 46 30 37 30 30 39 46 46 46 30 30 30 30 0D
1779567719283,74 34 35 31 38 30 30 30 30 30 30 30 30 30 30 30 30 30 30 30 30 0D
1779567719292,74 34 35 35 38 45 42 46 46 30 37 30 30 39 46 46 46 30 30 30 30 0D
1779567719299,74 34 35 31 38 30 30 30 30 30 30 30 30 30 30 30 30 30 30 30 30 0D
1779567719314,74 34 35 35 38 45 42 46 46 30 37 30 30 39 46 46 46 30 30 30 30 0D
1779567719316,74 34 35 30 38 30 30 30 30 30 37 30 30 30 30 30 30 44 32 30 35 0D
1779567719333,74 34 35 31 38 30 30 30 30 30 30 30 30 30 30 30 30 30 30 30 30 0D
1779567719341,74 34 35 31 38 30 30 30 30 30 30 30 30 30 30 30 30 30 30 30 30 0D
1779567719348,74 34 35 35 38 45 42 46 46 30 37 30 30 39 46 46 46 30 30 30 30 0D
1779567719358,74 34 35 31 38 30 30 30 30 30 30 30 30 30 30 30 30 30 30 30 30 0D
1779567719371,74 34 35 35 38 45 42 46 46 30 37 30 30 39 46 46 46 30 30 30 30 0D
1779567719379,74 34 35 37 38 30 30 30 30 30 30 30 30 36 34 31 34 30 30 30 30 0D
1779567719389,74 34 35 39 38 36 43 41 34 42 45 31 36 31 46 31 41 30 33 42 37 0D
1779567719400,74 34 35 31 38 30 30 30 30 30 30 30 30 30 30 30 30 30 30 30 30 0D
1779567719413,74 34 35 35 38 45 42 46 46 30 37 30 30 39 46 46 46 30 30 30 30 0D
1779567719422,74 34 35 30 38 30 30 30 30 30 37 30 30 30 30 30 30 44 32 30 35 0D
1779567719438,74 34 35 31 38 30 30 30 30 30 30 30 30 30 30 30 30 30 30 30 30 0D
1779567719457,74 34 35 35 38 45 42 46 46 30 37 30 30 39 46 46 46 30 30 30 30 0D
1779567719462,74 34 35 31 38 30 30 30 30 30 30 30 30 30 30 30 30 30 30 30 30 0D
1779567719470,74 34 35 35 38 45 41 46 46 30 37 30 30 39 46 46 46 30 30 30 30 0D
1779567719477,74 34 35 37 38 30 30 30 30 30 30 30 30 36 34 31 34 30 30 30 30 0D
1779567719489,74 34 35 39 38 36 42 41 34 42 45 31 36 31 46 31 41 30 33 42 37 0D
1779567719499,74 34 35 31 38 30 30 30 30 30 30 30 30 30 30 30 30 30 30 30 30 0D
1779567719514,74 34 35 35 38 45 41 46 46 30 37 30 30 39 46 46 46 30 30 30 30 0D
1779567719523,74 34 35 30 38 30 30 30 30 30 37 30 30 30 30 30 30 44 32 30 35 0D
1779567719529,74 34 35 31 38 30 30 30 30 30 30 30 30 30 30 30 30 30 30 30 30 0D
1779567719541,74 34 35 31 38 30 30 30 30 30 30 30 30 30 30 30 30 30 30 30 30 0D
1779567719556,74 34 35 35 38 45 41 46 46 30 37 30 30 39 46 46 46 30 30 30 30 0D
1779567719562,74 34 35 31 38 30 30 30 30 30 30 30 30 30 30 30 30 30 30 30 30 0D
1779567719577,74 34 35 35 38 45 41 46 46 30 37 30 30 39 46 46 46 30 30 30 30 0D
1779567719584,74 34 35 31 38 30 30 30 30 30 30 30 30 30 30 30 30 30 30 30 30 0D
1779567719590,74 34 35 35 38 45 41 46 46 30 37 30 30 39 46 46 46 30 30 30 30 0D
1779567719601,74 34 35 31 38 30 30 30 30 30 30 30 30 30 30 30 30 30 30 30 30 0D
1779567719614,74 34 35 35 38 45 41 46 46 30 37 30 30 39 46 46 46 30 30 30 30 0D
1779567719621,74 34 35 30 38 30 30 30 30 30 37 30 30 30 30 30 30 44 32 30 35 0D
1779567719629,74 34 35 31 38 30 30 30 30 30 30 30 30 30 30 30 30 30 30 30 30 0D
1779567719642,74 34 35 31 38 30 30 30 30 30 30 30 30 30 30 30 30 30 30 30 30 0D
1779567719656,74 34 35 35 38 45 41 46 46 30 37 30 30 39 46 46 46 30 30 30 30 0D
1779567719661,74 34 35 31 38 30 30 30 30 30 30 30 30 30 30 30 30 30 30 30 30 0D
1779567719674,74 34 35 35 38 45 41 46 46 30 37 30 30 39 46 46 46 30 30 30 30 0D
1779567719678,74 34 35 37 38 30 30 30 30 30 30 30 30 36 34 31 34 30 30 30 30 0D
1779567719694,74 34 35 39 38 36 42 41 34 42 45 31 36 31 43 31 41 30 33 42 37 0D
1779567719700,74 34 35 31 38 30 30 30 30 30 30 30 30 30 30 30 30 30 30 30 30 0D
1779567719710,74 34 35 35 38 45 41 46 46 30 37 30 30 39 46 46 46 30 30 30 30 0D
1779567719721,74 34 35 30 38 30 30 30 30 30 37 30 30 30 30 30 30 44 32 30 35 0D
1779567719732,74 34 35 31 38 30 30 30 30 30 30 30 30 30 30 30 30 30 30 30 30 0D
1779567719739,74 34 35 31 38 30 30 30 30 30 30 30 30 30 30 30 30 30 30 30 30 0D
1779567719751,74 34 35 35 38 45 41 46 46 30 37 30 30 39 46 46 46 30 30 30 30 0D
1779567719761,74 34 35 31 38 30 30 30 30 30 30 30 30 30 30 30 30 30 30 30 30 0D
1779567719772,74 34 35 35 38 45 41 46 46 30 37 30 30 39 46 46 46 30 30 30 30 0D
1779567719776,74 34 35 31 38 30 30 30 30 30 30 30 30 30 30 30 30 30 30 30 30 0D
1779567719788,74 34 35 35 38 45 41 46 46 30 37 30 30 39 46 46 46 30 30 30 30 0D
1779567719798,74 34 35 31 38 30 30 30 30 30 30 30 30 30 30 30 30 30 30 30 30 0D
1779567719815,74 34 35 35 38 45 41 46 46 30 37 30 30 39 46 46 46 30 30 30 30 0D
1779567719822,74 34 35 30 38 30 30 30 30 30 37 30 30 30 30 30 30 44 32 30 35 0D
1779567719827,74 34 35 31 38 30 30 30 30 30 30 30 30 30 30 30 30 30 30 30 30 0D
1779567719839,74 34 35 31 38 30 30 30 30 30 30 30 30 30 30 30 30 30 30 30 30 0D
1779567719857,74 34 35 35 38 45 41 46 46 30 37 30 30 39 46 46 46 30 30 30 30 0D
1779567719861,74 34 35 31 38 30 30 30 30 30 30 30 30 30 30 30 30 30 30 30 30 0D
1779567719869,74 34 35 35 38 45 41 46 46 30 37 30 30 39 46 46 46 30 30 30 30 0D
1779567719875,74 34 35 37 38 30 30 30 30 30 30 30 30 36 34 31 34 30 30 30 30 0D
1779567719894,74 34 35 31 38 30 30 30 30 30 30 30 30 30 30 30 30 30 30 30 30 0D
1779567719896,74 34 35 31 38 30 30 30 30 30 30 30 30 30 30 30 30 30 30 30 30 0D
1779567719914,74 34 35 35 38 45 41 46 46 30 37 30 30 39 46 46 46 30 30 30 30 0D
1779567719921,74 34 35 30 38 30 30 30 30 30 37 30 30 30 30 30 30 44 32 30 35 0D
1779567719941,74 34 35 31 38 30 30 30 30 30 30 30 30 30 30 30 30 30 30 30 30 0D
1779567719953,74 34 35 35 38 45 41 46 46 30 37 30 30 39 46 46 46 30 30 30 30 0D
1779567719959,74 34 35 31 38 30 30 30 30 30 30 30 30 30 30 30 30 30 30 30 30 0D
1779567719980,74 34 35 35 38 45 41 46 46 30 37 30 30 39 46 46 46 30 30 30 30 0D
1779567719984,74 34 35 31 38 30 30 30 30 30 30 30 30 30 30 30 30 30 30 30 30 0D
1779567719993,74 34 35 35 38 45 41 46 46 30 37 30 30 39 46 46 46 30 30 30 30 0D
1779567719999,74 34 35 31 38 30 30 30 30 30 30 30 30 30 30 30 30 30 30 30 30 0D
1779567720015,74 34 35 35 38 45 41 46 46 30 37 30 30 39 46 46 46 30 30 30 30 0D
1779567720025,74 34 35 30 38 30 30 30 30 30 37 30 30 30 30 30 30 44 32 30 35 0D
1779567720039,74 34 35 32 38 38 43 30 30 30 30 30 30 30 30 30 30 30 30 30 30 0D
1779567720043,74 34 35 31 38 30 30 30 30 30 30 30 30 30 30 30 30 30 30 30 30 0D
1779567720060,74 34 35 31 38 30 30 30 30 30 30 30 30 30 30 30 30 30 30 30 30 0D
1779567720072,74 34 35 35 38 45 41 46 46 30 37 30 30 39 46 46 46 30 30 30 30 0D
1779567720079,74 34 35 37 38 30 30 30 30 30 31 30 30 36 34 31 34 30 30 30 30 0D
1779567720085,74 34 35 31 38 30 30 30 30 30 30 30 30 30 30 30 30 30 30 30 30 0D
1779567720090,74 34 35 36 38 45 44 46 46 30 37 30 30 30 34 30 30 30 30 30 30 0D
1779567720098,74 34 35 31 38 30 30 30 30 30 30 30 30 30 30 30 30 30 30 30 30 0D
1779567720105,74 34 35 35 38 45 41 46 46 30 37 30 30 39 46 46 46 30 30 30 30 0D
1779567720120,74 34 35 30 38 30 30 30 30 30 37 30 30 30 30 30 30 44 32 30 35 0D
1779567720137,74 34 35 31 38 30 30 30 30 30 30 30 30 30 30 30 30 30 30 30 30 0D
1779567720142,74 34 35 31 38 30 30 30 30 30 30 30 30 30 30 30 30 30 30 30 30 0D
1779567720151,74 34 35 35 38 45 41 46 46 30 37 30 30 39 46 46 46 30 30 30 30 0D
1779567720160,74 34 35 31 38 30 30 30 30 30 30 30 30 30 30 30 30 30 30 30 30 0D
1779567720180,74 34 35 35 38 45 41 46 46 30 37 30 30 39 46 46 46 30 30 30 30 0D
1779567720189,74 34 35 31 38 30 30 30 30 30 30 30 30 30 30 30 30 30 30 30 30 0D
1779567720197,74 34 35 31 38 30 30 30 30 30 30 30 30 30 30 30 30 30 30 30 30 0D
1779567720216,74 34 35 35 38 45 41 46 46 30 37 30 30 39 46 46 46 30 30 30 30 0D
1779567720223,74 34 35 30 38 30 30 30 30 30 37 30 30 30 30 30 30 44 32 30 35 0D
1779567720238,74 34 35 31 38 30 30 30 30 30 30 30 30 30 30 30 30 30 30 30 30 0D
1779567720243,74 34 35 31 38 30 30 30 30 30 30 30 30 30 30 30 30 30 30 30 30 0D
1779567720255,74 34 35 35 38 45 41 46 46 30 37 30 30 39 46 46 46 30 30 30 30 0D
1779567720262,74 34 35 31 38 30 30 30 30 30 30 30 30 30 30 30 30 30 30 30 30 0D
1779567720285,74 34 35 35 38 45 41 46 46 30 37 30 30 39 46 46 46 30 30 30 30 0D
1779567720291,74 34 35 31 38 30 30 30 30 30 30 30 30 30 30 30 30 30 30 30 30 0D
1779567720309,74 34 35 31 38 30 30 30 30 30 30 30 30 30 30 30 30 30 30 30 30 0D
1779567720322,74 34 35 35 38 45 41 46 46 30 37 30 30 39 46 46 46 30 30 30 30 0D
1779567720328,74 34 35 30 38 30 30 30 30 30 37 30 30 30 30 30 30 44 32 30 35 0D
1779567720336,74 34 35 31 38 30 30 30 30 30 30 30 30 30 30 30 30 30 30 30 30 0D
1779567720342,74 34 35 31 38 30 30 30 30 30 30 30 30 30 30 30 30 30 30 30 30 0D
1779567720359,74 34 35 35 38 45 41 46 46 30 37 30 30 39 46 46 46 30 30 30 30 0D
1779567720369,74 34 35 31 38 30 30 30 30 30 30 30 30 30 30 30 30 30 30 30 30 0D
1779567720382,74 34 35 35 38 45 41 46 46 30 37 30 30 39 46 46 46 30 30 30 30 0D
1779567720388,74 34 35 31 38 30 30 30 30 30 30 30 30 30 30 30 30 30 30 30 30 0D
1779567720393,74 34 35 35 38 45 41 46 46 30 37 30 30 39 46 46 46 30 30 30 30 0D
1779567720402,74 34 35 31 38 30 30 30 30 30 30 30 30 30 30 30 30 30 30 30 30 0D
1779567720408,74 34 35 35 38 45 41 46 46 30 37 30 30 39 46 46 46 30 30 30 30 0D
1779567720422,74 34 35 30 38 30 30 30 30 30 37 30 30 30 30 30 30 44 32 30 35 0D
1779567720428,74 34 35 31 38 30 30 30 30 30 30 30 30 30 30 30 30 30 30 30 30 0D
1779567720438,74 34 35 31 38 30 30 30 30 30 30 30 30 30 30 30 30 30 30 30 30 0D
1779567720454,74 34 35 35 38 45 41 46 46 30 37 30 30 39 46 46 46 30 30 30 30 0D
1779567720457,74 34 35 31 38 30 30 30 30 30 30 30 30 30 30 30 30 30 30 30 30 0D
1779567720468,74 34 35 35 38 45 41 46 46 30 37 30 30 39 46 46 46 30 30 30 30 0D
1779567720491,74 34 35 39 38 36 44 41 34 42 45 31 36 31 30 31 41 30 33 42 37 0D
1779567720497,74 34 35 31 38 30 30 30 30 30 30 30 30 30 30 30 30 30 30 30 30 0D
1779567720509,74 34 35 35 38 45 41 46 46 30 37 30 30 39 46 46 46 30 30 30 30 0D
1779567720520,74 34 35 30 38 30 30 30 30 30 37 30 30 30 30 30 30 44 32 30 35 0D
1779567720535,74 34 35 31 38 30 30 30 30 30 30 30 30 30 30 30 30 30 30 30 30 0D
1779567720542,74 34 35 31 38 30 30 30 30 30 30 30 30 30 30 30 30 30 30 30 30 0D
1779567720555,74 34 35 35 38 45 41 46 46 30 37 30 30 39 46 46 46 30 30 30 30 0D
1779567720557,74 34 35 31 38 30 30 30 30 30 30 30 30 30 30 30 30 30 30 30 30 0D
1779567720570,74 34 35 35 38 45 41 46 46 30 37 30 30 39 46 46 46 30 30 30 30 0D
1779567720580,74 34 35 37 38 30 30 30 30 30 31 30 30 36 34 31 34 30 30 30 30 0D
1779567720591,74 34 35 31 38 30 30 30 30 30 30 30 30 30 30 30 30 30 30 30 30 0D
1779567720601,74 34 35 31 38 30 30 30 30 30 30 30 30 30 30 30 30 30 30 30 30 0D
1779567720606,74 34 35 35 38 45 41 46 46 30 37 30 30 39 46 46 46 30 30 30 30 0D
1779567720621,74 34 35 30 38 30 30 30 30 30 37 30 30 30 30 30 30 44 32 30 35 0D
1779567720643,74 34 35 31 38 30 30 30 30 30 30 30 30 30 30 30 30 30 30 30 30 0D
1779567720650,74 34 35 31 38 30 30 30 30 30 30 30 30 30 30 30 30 30 30 30 30 0D
1779567720664,74 34 35 31 38 30 30 30 30 30 30 30 30 30 30 30 30 30 30 30 30 0D
1779567720699,74 34 35 35 38 45 42 46 46 30 37 30 30 39 46 46 46 30 30 30 30 0D
1779567720705,74 34 35 31 38 30 30 30 30 30 30 30 30 30 30 30 30 30 30 30 30 0D
1779567720710,74 34 35 35 38 45 42 46 46 30 37 30 30 39 46 46 46 30 30 30 30 0D
1779567720724,74 34 35 30 38 30 30 30 30 30 37 30 30 30 30 30 30 44 32 30 35 0D
1779567720730,74 34 35 31 38 30 30 30 30 30 30 30 30 30 30 30 30 30 30 30 30 0D
1779567720740,74 34 35 31 38 30 30 30 30 30 30 30 30 30 30 30 30 30 30 30 30 0D
1779567720753,74 34 35 35 38 45 42 46 46 30 37 30 30 39 46 46 46 30 30 30 30 0D
1779567720759,74 34 35 31 38 30 30 30 30 30 30 30 30 30 30 30 30 30 30 30 30 0D
1779567720797,74 34 35 35 38 45 42 46 46 30 37 30 30 39 46 46 46 30 30 30 30 0D
1779567720807,74 34 35 31 38 30 30 30 30 30 30 30 30 30 30 30 30 30 30 30 30 0D
1779567720810,74 34 35 35 38 45 42 46 46 30 37 30 30 39 46 46 46 30 30 30 30 0D
1779567720818,74 34 35 30 38 30 30 30 30 30 37 30 30 30 30 30 30 44 32 30 35 0D
1779567720834,74 34 35 31 38 30 30 30 30 30 30 30 30 30 30 30 30 30 30 30 30 0D
1779567720841,74 34 35 31 38 30 30 30 30 30 30 30 30 30 30 30 30 30 30 30 30 0D
1779567720863,74 34 35 31 38 30 30 30 30 30 30 30 30 30 30 30 30 30 30 30 30 0D
1779567720887,74 34 35 35 38 45 41 46 46 30 37 30 30 39 46 46 46 30 30 30 30 0D
1779567720896,74 34 35 31 38 30 30 30 30 30 30 30 30 30 30 30 30 30 30 30 30 0D
1779567720905,74 34 35 31 38 30 30 30 30 30 30 30 30 30 30 30 30 30 30 30 30 0D
1779567720920,74 34 35 35 38 45 41 46 46 30 37 30 30 39 46 46 46 30 30 30 30 0D
1779567720936,74 34 35 30 38 30 30 30 30 30 37 30 30 30 30 30 30 44 32 30 35 0D
1779567720943,74 34 35 31 38 30 30 30 30 30 30 30 30 30 30 30 30 30 30 30 30 0D
1779567720951,74 34 35 35 38 45 41 46 46 30 37 30 30 39 46 46 46 30 30 30 30 0D
1779567720959,74 34 35 31 38 30 30 30 30 30 30 30 30 30 30 30 30 30 30 30 30 0D
1779567720967,74 34 35 35 38 45 41 46 46 30 37 30 30 39 46 46 46 30 30 30 30 0D
1779567720974,74 34 35 37 38 30 30 30 30 30 31 30 30 36 34 31 34 30 30 30 30 0D
1779567720979,74 34 35 31 38 30 30 30 30 30 30 30 30 30 30 30 30 30 30 30 30 0D
1779567720989,74 34 35 35 38 45 41 46 46 30 37 30 30 39 46 46 46 30 30 30 30 0D
1779567721000,74 34 35 31 38 30 30 30 30 30 30 30 30 30 30 30 30 30 30 30 30 0D
1779567721010,74 34 35 35 38 45 41 46 46 30 37 30 30 39 46 46 46 30 30 30 30 0D
1779567721024,74 34 35 30 38 30 30 30 30 30 37 30 30 30 30 30 30 44 32 30 35 0D
1779567721033,74 34 35 31 38 30 30 30 30 30 30 30 30 30 30 30 30 30 30 30 30 0D
1779567721040,74 34 35 31 38 30 30 30 30 30 30 30 30 30 30 30 30 30 30 30 30 0D
1779567721050,74 34 35 35 38 45 41 46 46 30 37 30 30 39 46 46 46 30 30 30 30 0D
1779567721059,74 34 35 31 38 30 30 30 30 30 30 30 30 30 30 30 30 30 30 30 30 0D
1779567721076,74 34 35 35 38 45 41 46 46 30 37 30 30 39 45 46 46 30 30 30 30 0D
1779567721084,74 34 35 31 38 30 30 30 30 30 30 30 30 30 30 30 30 30 30 30 30 0D
1779567721102,74 34 35 31 38 30 30 30 30 30 30 30 30 30 30 30 30 30 30 30 30 0D
1779567721115,74 34 35 35 38 45 41 46 46 30 37 30 30 39 45 46 46 30 30 30 30 0D
1779567721121,74 34 35 30 38 30 30 30 30 30 37 30 30 30 30 30 30 44 32 30 35 0D
1779567721133,74 34 35 31 38 30 30 30 30 30 30 30 30 30 30 30 30 30 30 30 30 0D
1779567721138,74 34 35 31 38 30 30 30 30 30 30 30 30 30 30 30 30 30 30 30 30 0D
1779567721151,74 34 35 35 38 45 41 46 46 30 37 30 30 39 45 46 46 30 30 30 30 0D
1779567721159,74 34 35 31 38 30 30 30 30 30 30 30 30 30 30 30 30 30 30 30 30 0D
1779567721197,74 34 35 35 38 45 41 46 46 30 37 30 30 39 45 46 46 30 30 30 30 0D
1779567721201,74 34 35 31 38 30 30 30 30 30 30 30 30 30 30 30 30 30 30 30 30 0D
1779567721207,74 34 35 35 38 45 41 46 46 30 37 30 30 39 45 46 46 30 30 30 30 0D
1779567721223,74 34 35 30 38 30 30 30 30 30 37 30 30 30 30 30 30 44 32 30 35 0D
1779567721234,74 34 35 31 38 30 30 30 30 30 30 30 30 30 30 30 30 30 30 30 30 0D
1779567721243,74 34 35 31 38 30 30 30 30 30 30 30 30 30 30 30 30 30 30 30 30 0D
1779567721252,74 34 35 35 38 45 41 46 46 30 37 30 30 39 45 46 46 30 30 30 30 0D
1779567721260,74 34 35 31 38 30 30 30 30 30 30 30 30 30 30 30 30 30 30 30 30 0D
1779567721270,74 34 35 35 38 45 41 46 46 30 37 30 30 39 46 46 46 30 30 30 30 0D
1779567721276,74 34 35 37 38 30 30 30 30 30 30 30 30 36 34 31 34 30 30 30 30 0D
1779567721282,74 34 35 31 38 30 30 30 30 30 30 30 30 30 30 30 30 30 30 30 30 0D
1779567721289,74 34 35 35 38 45 41 46 46 30 37 30 30 39 46 46 46 30 30 30 30 0D
1779567721298,74 34 35 31 38 30 30 30 30 30 30 30 30 30 30 30 30 30 30 30 30 0D
1779567721310,74 34 35 35 38 45 41 46 46 30 37 30 30 39 46 46 46 30 30 30 30 0D
1779567721320,74 34 35 30 38 30 30 30 30 30 37 30 30 30 30 30 30 44 32 30 35 0D
1779567721332,74 34 35 31 38 30 30 30 30 30 30 30 30 30 30 30 30 30 30 30 30 0D
1779567721340,74 34 35 31 38 30 30 30 30 30 30 30 30 30 30 30 30 30 30 30 30 0D
1779567721351,74 34 35 35 38 45 41 46 46 30 37 30 30 39 46 46 46 30 30 30 30 0D
1779567721361,74 34 35 31 38 30 30 30 30 30 30 30 30 30 30 30 30 30 30 30 30 0D
1779567721379,74 34 35 35 38 45 41 46 46 30 37 30 30 39 46 46 46 30 30 30 30 0D
1779567721383,74 34 35 31 38 30 30 30 30 30 30 30 30 30 30 30 30 30 30 30 30 0D
1779567721392,74 34 35 35 38 45 41 46 46 30 37 30 30 39 46 46 46 30 30 30 30 0D
1779567721402,74 34 35 31 38 30 30 30 30 30 30 30 30 30 30 30 30 30 30 30 30 0D
1779567721417,74 34 35 35 38 45 41 46 46 30 37 30 30 39 46 46 46 30 30 30 30 0D
1779567721424,74 34 35 30 38 30 30 30 30 30 37 30 30 30 30 30 30 44 32 30 35 0D
1779567721426,74 34 35 31 38 30 30 30 30 30 30 30 30 30 30 30 30 30 30 30 30 0D
1779567721439,74 34 35 31 38 30 30 30 30 30 30 30 30 30 30 30 30 30 30 30 30 0D
1779567721450,74 34 35 35 38 45 41 46 46 30 37 30 30 39 46 46 46 30 30 30 30 0D
1779567721458,74 34 35 31 38 30 30 30 30 30 30 30 30 30 30 30 30 30 30 30 30 0D
1779567721477,74 34 35 35 38 45 42 46 46 30 37 30 30 39 46 46 46 30 30 30 30 0D
1779567721484,74 34 35 31 38 30 30 30 30 30 30 30 30 30 30 30 30 30 30 30 30 0D
1779567721488,74 34 35 35 38 45 42 46 46 30 37 30 30 39 46 46 46 30 30 30 30 0D
1779567721501,74 34 35 31 38 30 30 30 30 30 30 30 30 30 30 30 30 30 30 30 30 0D
1779567721510,74 34 35 35 38 45 42 46 46 30 37 30 30 39 46 46 46 30 30 30 30 0D
1779567721519,74 34 35 30 38 30 30 30 30 30 37 30 30 30 30 30 30 44 32 30 35 0D
1779567721534,74 34 35 31 38 30 30 30 30 30 30 30 30 30 30 30 30 30 30 30 30 0D
1779567721541,74 34 35 31 38 30 30 30 30 30 30 30 30 30 30 30 30 30 30 30 30 0D
1779567721548,74 34 35 35 38 45 42 46 46 30 37 30 30 39 46 46 46 30 30 30 30 0D
1779567721558,74 34 35 31 38 30 30 30 30 30 30 30 30 30 30 30 30 30 30 30 30 0D
1779567721575,74 34 35 35 38 45 42 46 46 30 37 30 30 39 46 46 46 30 30 30 30 0D
1779567721584,74 34 35 31 38 30 30 30 30 30 30 30 30 30 30 30 30 30 30 30 30 0D
1779567721595,74 34 35 35 38 45 42 46 46 30 37 30 30 39 46 46 46 30 30 30 30 0D
1779567721604,74 34 35 31 38 30 30 30 30 30 30 30 30 30 30 30 30 30 30 30 30 0D
1779567721625,74 34 35 30 38 30 30 30 30 30 37 30 30 30 30 30 30 44 32 30 35 0D
1779567721634,74 34 35 31 38 30 30 30 30 30 30 30 30 30 30 30 30 30 30 30 30 0D
1779567721640,74 34 35 31 38 30 30 30 30 30 30 30 30 30 30 30 30 30 30 30 30 0D
1779567721648,74 34 35 35 38 45 42 46 46 30 37 30 30 39 46 46 46 30 30 30 30 0D
1779567721658,74 34 35 31 38 30 30 30 30 30 30 30 30 30 30 30 30 30 30 30 30 0D
1779567721679,74 34 35 35 38 45 41 46 46 30 37 30 30 39 45 46 46 30 30 30 30 0D
1779567721687,74 34 35 31 38 30 30 30 30 30 30 30 30 30 30 30 30 30 30 30 30 0D
1779567721701,74 34 35 36 38 45 45 46 46 30 37 30 30 30 34 30 30 30 30 30 30 0D
1779567721714,74 34 35 35 38 45 41 46 46 30 37 30 30 39 45 46 46 30 30 30 30 0D
1779567721718,74 34 35 30 38 30 30 30 30 30 37 30 30 30 30 30 30 44 32 30 35 0D
1779567721731,74 34 35 31 38 30 30 30 30 30 30 30 30 30 30 30 30 30 30 30 30 0D
1779567721741,74 34 35 31 38 30 30 30 30 30 30 30 30 30 30 30 30 30 30 30 30 0D
1779567721750,74 34 35 35 38 45 41 46 46 30 37 30 30 39 45 46 46 30 30 30 30 0D
1779567721764,74 34 35 31 38 30 30 30 30 30 30 30 30 30 30 30 30 30 30 30 30 0D
1779567721781,74 34 35 35 38 45 41 46 46 30 37 30 30 39 45 46 46 30 30 30 30 0D
1779567721787,74 34 35 31 38 30 30 30 30 30 30 30 30 30 30 30 30 30 30 30 30 0D
1779567721804,74 34 35 31 38 30 30 30 30 30 30 30 30 30 30 30 30 30 30 30 30 0D
1779567721811,74 34 35 36 38 45 45 46 46 30 37 30 30 30 35 30 30 30 30 30 30 0D
1779567721826,74 34 35 30 38 30 30 30 30 30 37 30 30 30 30 30 30 44 32 30 35 0D
1779567721837,74 34 35 31 38 30 30 30 30 30 30 30 30 30 30 30 30 30 30 30 30 0D
1779567721843,74 34 35 31 38 30 30 30 30 30 30 30 30 30 30 30 30 30 30 30 30 0D
1779567721853,74 34 35 35 38 45 41 46 46 30 37 30 30 39 45 46 46 30 30 30 30 0D
1779567721868,74 34 35 31 38 30 30 30 30 30 30 30 30 30 30 30 30 30 30 30 30 0D
1779567721898,74 34 35 35 38 45 41 46 46 30 37 30 30 39 46 46 46 30 30 30 30 0D
1779567721905,74 34 35 31 38 30 30 30 30 30 30 30 30 30 30 30 30 30 30 30 30 0D
1779567721914,74 34 35 35 38 45 41 46 46 30 37 30 30 39 46 46 46 30 30 30 30 0D
1779567721920,74 34 35 30 38 30 30 30 30 30 37 30 30 30 30 30 30 44 32 30 35 0D
1779567721932,74 34 35 31 38 30 30 30 30 30 30 30 30 30 30 30 30 30 30 30 30 0D
1779567721940,74 34 35 31 38 30 30 30 30 30 30 30 30 30 30 30 30 30 30 30 30 0D
1779567721951,74 34 35 35 38 45 41 46 46 30 37 30 30 39 46 46 46 30 30 30 30 0D
1779567721970,74 34 35 31 38 30 30 30 30 30 30 30 30 30 30 30 30 30 30 30 30 0D
1779567721990,74 34 35 35 38 45 41 46 46 30 37 30 30 39 46 46 46 30 30 30 30 0D
1779567721999,74 34 35 31 38 30 30 30 30 30 30 30 30 30 30 30 30 30 30 30 30 0D
1779567722014,74 34 35 35 38 45 41 46 46 30 37 30 30 39 46 46 46 30 30 30 30 0D
1779567722018,74 34 35 30 38 30 30 30 30 30 37 30 30 30 30 30 30 44 32 30 35 0D
1779567722034,74 34 35 31 38 30 30 30 30 30 30 30 30 30 30 30 30 30 30 30 30 0D
1779567722045,74 34 35 31 38 30 30 30 30 30 30 30 30 30 30 30 30 30 30 30 30 0D
1779567722048,74 34 35 35 38 45 41 46 46 30 37 30 30 39 46 46 46 30 30 30 30 0D
1779567722070,74 34 35 31 38 30 30 30 30 30 30 30 30 30 30 30 30 30 30 30 30 0D
1779567722081,74 34 35 35 38 45 41 46 46 30 37 30 30 39 46 46 46 30 30 30 30 0D
1779567722087,74 34 35 31 38 30 30 30 30 30 30 30 30 30 30 30 30 30 30 30 30 0D
1779567722091,74 34 35 35 38 45 41 46 46 30 37 30 30 39 46 46 46 30 30 30 30 0D
1779567722103,74 34 35 31 38 30 30 30 30 30 30 30 30 30 30 30 30 30 30 30 30 0D
1779567722119,74 34 35 30 38 30 30 30 30 30 37 30 30 30 30 30 30 44 32 30 35 0D
1779567722132,74 34 35 31 38 30 30 30 30 30 30 30 30 30 30 30 30 30 30 30 30 0D
1779567722138,74 34 35 31 38 30 30 30 30 30 30 30 30 30 30 30 30 30 30 30 30 0D
1779567722151,74 34 35 35 38 45 41 46 46 30 37 30 30 39 46 46 46 30 30 30 30 0D
1779567722162,74 34 35 31 38 30 30 30 30 30 30 30 30 30 30 30 30 30 30 30 30 0D
1779567722180,74 34 35 35 38 45 41 46 46 30 37 30 30 39 46 46 46 30 30 30 30 0D
1779567722186,74 34 35 31 38 30 30 30 30 30 30 30 30 30 30 30 30 30 30 30 30 0D
1779567722202,74 34 35 35 38 45 41 46 46 30 37 30 30 39 46 46 46 30 30 30 30 0D
1779567722209,74 34 35 31 38 30 30 30 30 30 30 30 30 30 30 30 30 30 30 30 30 0D
1779567722213,74 34 35 36 38 45 45 46 46 30 37 30 30 30 34 30 30 30 30 30 30 0D
1779567722218,74 34 35 30 38 30 30 30 30 30 37 30 30 30 30 30 30 44 32 30 35 0D
1779567722234,74 34 35 31 38 30 30 30 30 30 30 30 30 30 30 30 30 30 30 30 30 0D
1779567722242,74 34 35 31 38 30 30 30 30 30 30 30 30 30 30 30 30 30 30 30 30 0D
1779567722250,74 34 35 35 38 45 41 46 46 30 37 30 30 39 46 46 46 30 30 30 30 0D
1779567722264,74 34 35 31 38 30 30 30 30 30 30 30 30 30 30 30 30 30 30 30 30 0D
1779567722292,74 34 35 35 38 45 41 46 46 30 37 30 30 39 45 46 46 30 30 30 30 0D
1779567722302,74 34 35 31 38 30 30 30 30 30 30 30 30 30 30 30 30 30 30 30 30 0D
1779567722315,74 34 35 35 38 45 41 46 46 30 37 30 30 39 45 46 46 30 30 30 30 0D
1779567722322,74 34 35 30 38 30 30 30 30 30 37 30 30 30 30 30 30 44 32 30 35 0D
1779567722348,74 34 35 31 38 30 30 30 30 30 30 30 30 30 30 30 30 30 30 30 30 0D
1779567722366,74 34 35 31 38 30 30 30 30 30 30 30 30 30 30 30 30 30 30 30 30 0D
1779567722391,74 34 35 35 38 45 41 46 46 30 37 30 30 39 45 46 46 30 30 30 30 0D
1779567722398,74 34 35 31 38 30 30 30 30 30 30 30 30 30 30 30 30 30 30 30 30 0D
1779567722412,74 34 35 35 38 45 41 46 46 30 37 30 30 39 45 46 46 30 30 30 30 0D
1779567722417,74 34 35 30 38 30 30 30 30 30 37 30 30 30 30 30 30 44 32 30 35 0D
1779567722432,74 34 35 31 38 30 30 30 30 30 30 30 30 30 30 30 30 30 30 30 30 0D
1779567722438,74 34 35 31 38 30 30 30 30 30 30 30 30 30 30 30 30 30 30 30 30 0D
1779567722452,74 34 35 35 38 45 41 46 46 30 37 30 30 39 45 46 46 30 30 30 30 0D
1779567722461,74 34 35 31 38 30 30 30 30 30 30 30 30 30 30 30 30 30 30 30 30 0D
1779567722474,74 34 35 35 38 45 41 46 46 30 37 30 30 39 46 46 46 30 30 30 30 0D
1779567722480,74 34 35 37 38 30 30 30 30 30 31 30 30 36 34 31 34 30 30 30 30 0D
1779567722489,74 34 35 31 38 30 30 30 30 30 30 30 30 30 30 30 30 30 30 30 30 0D
1779567722504,74 34 35 31 38 30 30 30 30 30 30 30 30 30 30 30 30 30 30 30 30 0D
1779567722511,74 34 35 35 38 45 41 46 46 30 37 30 30 39 46 46 46 30 30 30 30 0D
1779567722522,74 34 35 30 38 30 30 30 30 30 37 30 30 30 30 30 30 44 32 30 35 0D
1779567722532,74 34 35 31 38 30 30 30 30 30 30 30 30 30 30 30 30 30 30 30 30 0D
1779567722541,74 34 35 31 38 30 30 30 30 30 30 30 30 30 30 30 30 30 30 30 30 0D
1779567722552,74 34 35 35 38 45 41 46 46 30 37 30 30 39 46 46 46 30 30 30 30 0D
1779567722561,74 34 35 31 38 30 30 30 30 30 30 30 30 30 30 30 30 30 30 30 30 0D
1779567722585,74 34 35 35 38 45 41 46 46 30 37 30 30 39 46 46 46 30 30 30 30 0D
1779567722592,74 34 35 31 38 30 30 30 30 30 30 30 30 30 30 30 30 30 30 30 30 0D
1779567722599,74 34 35 31 38 30 30 30 30 30 30 30 30 30 30 30 30 30 30 30 30 0D
1779567722615,74 34 35 35 38 45 41 46 46 30 37 30 30 39 46 46 46 30 30 30 30 0D
1779567722620,74 34 35 30 38 30 30 30 30 30 37 30 30 30 30 30 30 44 32 30 35 0D
1779567722634,74 34 35 31 38 30 30 30 30 30 30 30 30 30 30 30 30 30 30 30 30 0D
1779567722641,74 34 35 31 38 30 30 30 30 30 30 30 30 30 30 30 30 30 30 30 30 0D
1779567722653,74 34 35 35 38 45 41 46 46 30 37 30 30 39 46 46 46 30 30 30 30 0D
1779567722661,74 34 35 31 38 30 30 30 30 30 30 30 30 30 30 30 30 30 30 30 30 0D
1779567722677,74 34 35 35 38 45 41 46 46 30 37 30 30 39 46 46 46 30 30 30 30 0D
1779567722680,74 34 35 31 38 30 30 30 30 30 30 30 30 30 30 30 30 30 30 30 30 0D
1779567722687,74 34 35 35 38 45 41 46 46 30 37 30 30 39 46 46 46 30 30 30 30 0D
1779567722699,74 34 35 31 38 30 30 30 30 30 30 30 30 30 30 30 30 30 30 30 30 0D
1779567722713,74 34 35 35 38 45 41 46 46 30 37 30 30 39 46 46 46 30 30 30 30 0D
1779567722720,74 34 35 30 38 30 30 30 30 30 37 30 30 30 30 30 30 44 32 30 35 0D
1779567722730,74 34 35 31 38 30 30 30 30 30 30 30 30 30 30 30 30 30 30 30 30 0D
1779567722737,74 34 35 31 38 30 30 30 30 30 30 30 30 30 30 30 30 30 30 30 30 0D
1779567722754,74 34 35 35 38 45 41 46 46 30 37 30 30 39 46 46 46 30 30 30 30 0D
1779567722763,74 34 35 31 38 30 30 30 30 30 30 30 30 30 30 30 30 30 30 30 30 0D
1779567722770,74 34 35 37 38 30 30 30 30 30 30 30 30 36 34 31 34 30 30 30 30 0D
1779567722779,74 34 35 39 38 37 38 41 34 42 45 31 36 30 30 31 41 30 33 42 37 0D
1779567722788,74 34 35 36 38 45 45 46 46 30 37 30 30 30 34 30 30 30 30 30 30 0D
1779567722800,74 34 35 31 38 30 30 30 30 30 30 30 30 30 30 30 30 30 30 30 30 0D
1779567722811,74 34 35 35 38 45 41 46 46 30 37 30 30 39 46 46 46 30 30 30 30 0D
1779567722818,74 34 35 30 38 30 30 30 30 30 37 30 30 30 30 30 30 44 32 30 35 0D
1779567722831,74 34 35 31 38 30 30 30 30 30 30 30 30 30 30 30 30 30 30 30 30 0D
1779567722838,74 34 35 31 38 30 30 30 30 30 30 30 30 30 30 30 30 30 30 30 30 0D
1779567722850,74 34 35 35 38 45 41 46 46 30 37 30 30 39 46 46 46 30 30 30 30 0D
1779567722861,74 34 35 31 38 30 30 30 30 30 30 30 30 30 30 30 30 30 30 30 30 0D
1779567722882,74 34 35 35 38 45 41 46 46 30 38 30 30 39 45 46 46 30 30 30 30 0D
1779567722892,74 34 35 31 38 30 30 30 30 30 30 30 30 30 30 30 30 30 30 30 30 0D
1779567722900,74 34 35 31 38 30 30 30 30 30 30 30 30 30 30 30 30 30 30 30 30 0D
1779567722914,74 34 35 35 38 45 41 46 46 30 38 30 30 39 45 46 46 30 30 30 30 0D
1779567722918,74 34 35 30 38 30 30 30 30 30 37 30 30 30 30 30 30 44 32 30 35 0D
1779567722931,74 34 35 31 38 30 30 30 30 30 30 30 30 30 30 30 30 30 30 30 30 0D
1779567722945,74 34 35 31 38 30 30 30 30 30 30 30 30 30 30 30 30 30 30 30 30 0D
1779567722961,74 34 35 35 38 45 41 46 46 30 38 30 30 39 45 46 46 30 30 30 30 0D
1779567722964,74 34 35 31 38 30 30 30 30 30 30 30 30 30 30 30 30 30 30 30 30 0D
1779567722969,74 34 35 37 38 30 30 30 30 30 31 30 30 36 34 31 34 30 30 30 30 0D
1779567722983,74 34 35 39 38 37 37 41 34 42 45 31 36 30 31 31 41 30 33 42 37 0D
1779567722987,74 34 35 31 38 30 30 30 30 30 30 30 30 30 30 30 30 30 30 30 30 0D
1779567723004,74 34 35 31 38 30 30 30 30 30 30 30 30 30 30 30 30 30 30 30 30 0D
1779567723017,74 34 35 35 38 45 41 46 46 30 38 30 30 39 45 46 46 30 30 30 30 0D
1779567723023,74 34 35 30 38 30 30 30 30 30 37 30 30 30 30 30 30 44 32 30 35 0D
1779567723033,74 34 35 31 38 30 30 30 30 30 30 30 30 30 30 30 30 30 30 30 30 0D
1779567723041,74 34 35 31 38 30 30 30 30 30 30 30 30 30 30 30 30 30 30 30 30 0D
1779567723054,74 34 35 35 38 45 41 46 46 30 38 30 30 39 45 46 46 30 30 30 30 0D
1779567723063,74 34 35 31 38 30 30 30 30 30 30 30 30 30 30 30 30 30 30 30 30 0D
1779567723075,74 34 35 35 38 45 41 46 46 30 37 30 30 39 45 46 46 30 30 30 30 0D
1779567723080,74 34 35 31 38 30 30 30 30 30 30 30 30 30 30 30 30 30 30 30 30 0D
1779567723103,74 34 35 31 38 30 30 30 30 30 30 30 30 30 30 30 30 30 30 30 30 0D
1779567723111,74 34 35 35 38 45 41 46 46 30 37 30 30 39 45 46 46 30 30 30 30 0D
1779567723121,74 34 35 30 38 30 30 30 30 30 37 30 30 30 30 30 30 44 32 30 35 0D
1779567723133,74 34 35 31 38 30 30 30 30 30 30 30 30 30 30 30 30 30 30 30 30 0D
1779567723141,74 34 35 31 38 30 30 30 30 30 30 30 30 30 30 30 30 30 30 30 30 0D
1779567723152,74 34 35 35 38 45 41 46 46 30 37 30 30 39 45 46 46 30 30 30 30 0D
1779567723162,74 34 35 31 38 30 30 30 30 30 30 30 30 30 30 30 30 30 30 30 30 0D
1779567723191,74 34 35 35 38 45 41 46 46 30 37 30 30 39 45 46 46 30 30 30 30 0D
1779567723199,74 34 35 31 38 30 30 30 30 30 30 30 30 30 30 30 30 30 30 30 30 0D
1779567723212,74 34 35 35 38 45 41 46 46 30 37 30 30 39 45 46 46 30 30 30 30 0D
1779567723225,74 34 35 30 38 30 30 30 30 30 37 30 30 30 30 30 30 44 32 30 35 0D
1779567723227,74 34 35 31 38 30 30 30 30 30 30 30 30 30 30 30 30 30 30 30 30 0D
1779567723243,74 34 35 31 38 30 30 30 30 30 30 30 30 30 30 30 30 30 30 30 30 0D
1779567723261,74 34 35 35 38 45 41 46 46 30 37 30 30 39 45 46 46 30 30 30 30 0D
1779567723266,74 34 35 31 38 30 30 30 30 30 30 30 30 30 30 30 30 30 30 30 30 0D
1779567723274,74 34 35 37 38 30 30 30 30 30 30 30 30 36 34 31 34 30 31 30 30 0D
1779567723283,74 34 35 31 38 30 30 30 30 30 30 30 30 30 30 30 30 30 30 30 30 0D
1779567723302,74 34 35 31 38 30 30 30 30 30 30 30 30 30 30 30 30 30 30 30 30 0D
1779567723312,74 34 35 35 38 45 41 46 46 30 37 30 30 39 46 46 46 30 30 30 30 0D
1779567723323,74 34 35 30 38 30 30 30 30 30 37 30 30 30 30 30 30 44 32 30 35 0D
1779567723333,74 34 35 31 38 30 30 30 30 30 30 30 30 30 30 30 30 30 30 30 30 0D
1779567723342,74 34 35 31 38 30 30 30 30 30 30 30 30 30 30 30 30 30 30 30 30 0D
1779567723349,74 34 35 35 38 45 41 46 46 30 37 30 30 39 46 46 46 30 30 30 30 0D
1779567723359,74 34 35 31 38 30 30 30 30 30 30 30 30 30 30 30 30 30 30 30 30 0D
1779567723375,74 34 35 35 38 45 41 46 46 30 37 30 30 39 46 46 46 30 30 30 30 0D
1779567723380,74 34 35 31 38 30 30 30 30 30 30 30 30 30 30 30 30 30 30 30 30 0D
1779567723404,74 34 35 31 38 30 30 30 30 30 30 30 30 30 30 30 30 30 30 30 30 0D
1779567723408,74 34 35 35 38 45 41 46 46 30 37 30 30 39 46 46 46 30 30 30 30 0D
1779567723412,74 34 35 36 38 45 45 46 46 30 37 30 30 30 34 30 30 30 30 30 30 0D
1779567723417,74 34 35 30 38 30 30 30 30 30 37 30 30 30 30 30 30 44 32 30 35 0D
1779567723432,74 34 35 31 38 30 30 30 30 30 30 30 30 30 30 30 30 30 30 30 30 0D
1779567723442,74 34 35 31 38 30 30 30 30 30 30 30 30 30 30 30 30 30 30 30 30 0D
1779567723452,74 34 35 35 38 45 41 46 46 30 37 30 30 39 46 46 46 30 30 30 30 0D
1779567723460,74 34 35 31 38 30 30 30 30 30 30 30 30 30 30 30 30 30 30 30 30 0D
1779567723489,74 34 35 35 38 45 42 46 46 30 37 30 30 39 45 46 46 30 30 30 30 0D
1779567723500,74 34 35 31 38 30 30 30 30 30 30 30 30 30 30 30 30 30 30 30 30 0D
1779567723512,74 34 35 35 38 45 42 46 46 30 37 30 30 39 45 46 46 30 30 30 30 0D
1779567723517,74 34 35 30 38 30 30 30 30 30 37 30 30 30 30 30 30 44 32 30 35 0D
1779567723532,74 34 35 31 38 30 30 30 30 30 30 30 30 30 30 30 30 30 30 30 30 0D
1779567723544,74 34 35 31 38 30 30 30 30 30 30 30 30 30 30 30 30 30 30 30 30 0D
1779567723547,74 34 35 35 38 45 42 46 46 30 37 30 30 39 45 46 46 30 30 30 30 0D
1779567723559,74 34 35 31 38 30 30 30 30 30 30 30 30 30 30 30 30 30 30 30 30 0D
1779567723589,74 34 35 35 38 45 42 46 46 30 37 30 30 39 45 46 46 30 30 30 30 0D
1779567723601,74 34 35 31 38 30 30 30 30 30 30 30 30 30 30 30 30 30 30 30 30 0D
1779567723614,74 34 35 35 38 45 42 46 46 30 37 30 30 39 45 46 46 30 30 30 30 0D
1779567723623,74 34 35 30 38 30 30 30 30 30 37 30 30 30 30 30 30 44 32 30 35 0D
1779567723639,74 34 35 31 38 30 30 30 30 30 30 30 30 30 30 30 30 30 30 30 30 0D
1779567723644,74 34 35 31 38 30 30 30 30 30 30 30 30 30 30 30 30 30 30 30 30 0D
1779567723656,74 34 35 35 38 45 42 46 46 30 37 30 30 39 45 46 46 30 30 30 30 0D
1779567723663,74 34 35 31 38 30 30 30 30 30 30 30 30 30 30 30 30 30 30 30 30 0D
1779567723671,74 34 35 35 38 45 42 46 46 30 35 30 30 41 30 46 46 30 30 30 30 0D
1779567723676,74 34 35 37 38 30 30 30 30 30 30 30 30 36 34 31 34 30 30 30 30 0D
1779567723683,74 34 35 31 38 30 30 30 30 30 30 30 30 30 30 30 30 30 30 30 30 0D
1779567723699,74 34 35 35 38 45 42 46 46 30 35 30 30 41 30 46 46 30 30 30 30 0D
1779567723711,74 34 35 31 38 30 30 30 30 30 30 30 30 30 30 30 30 30 30 30 30 0D
1779567723718,74 34 35 30 38 30 30 30 30 30 37 30 30 30 30 30 30 44 32 30 35 0D
1779567723737,74 34 35 31 38 30 30 30 30 30 30 30 30 30 30 30 30 30 30 30 30 0D
1779567723739,74 34 35 31 38 30 30 30 30 30 30 30 30 30 30 30 30 30 30 30 30 0D
1779567723758,74 34 35 35 38 45 42 46 46 30 35 30 30 41 30 46 46 30 30 30 30 0D
1779567723764,74 34 35 31 38 30 30 30 30 30 30 30 30 30 30 30 30 30 30 30 30 0D
1779567723771,74 34 35 37 38 30 30 30 30 30 31 30 30 36 34 31 34 30 30 30 30 0D
1779567723793,74 34 35 39 38 37 37 41 34 42 45 31 36 46 37 31 39 30 33 42 37 0D
1779567723797,74 34 35 31 38 30 30 30 30 30 30 30 30 30 30 30 30 30 30 30 30 0D
1779567723809,74 34 35 35 38 45 42 46 46 30 35 30 30 41 30 46 46 30 30 30 30 0D
1779567723822,74 34 35 30 38 30 30 30 30 30 37 30 30 30 30 30 30 44 32 30 35 0D
1779567723830,74 34 35 31 38 30 30 30 30 30 30 30 30 30 30 30 30 30 30 30 30 0D
1779567723839,74 34 35 31 38 30 30 30 30 30 30 30 30 30 30 30 30 30 30 30 30 0D
1779567723849,74 34 35 35 38 45 42 46 46 30 35 30 30 41 30 46 46 30 30 30 30 0D
1779567723860,74 34 35 31 38 30 30 30 30 30 30 30 30 30 30 30 30 30 30 30 30 0D
1779567723880,74 34 35 35 38 45 41 46 46 30 37 30 30 39 45 46 46 30 30 30 30 0D
1779567723888,74 34 35 31 38 30 30 30 30 30 30 30 30 30 30 30 30 30 30 30 30 0D
1779567723898,74 34 35 31 38 30 30 30 30 30 30 30 30 30 30 30 30 30 30 30 30 0D
1779567723911,74 34 35 35 38 45 41 46 46 30 37 30 30 39 45 46 46 30 30 30 30 0D
1779567723924,74 34 35 30 38 30 30 30 30 30 37 30 30 30 30 30 30 44 32 30 35 0D
1779567723932,74 34 35 31 38 30 30 30 30 30 30 30 30 30 30 30 30 30 30 30 30 0D
1779567723939,74 34 35 31 38 30 30 30 30 30 30 30 30 30 30 30 30 30 30 30 30 0D
1779567723954,74 34 35 35 38 45 41 46 46 30 37 30 30 39 45 46 46 30 30 30 30 0D
1779567723962,74 34 35 31 38 30 30 30 30 30 30 30 30 30 30 30 30 30 30 30 30 0D
1779567723971,74 34 35 35 38 45 41 46 46 30 37 30 30 39 45 46 46 30 30 30 30 0D
1779567723977,74 34 35 37 38 30 30 30 30 30 30 30 30 36 34 31 34 30 30 30 30 0D
1779567723989,74 34 35 39 38 37 37 41 34 42 45 31 36 46 35 31 39 30 33 42 37 0D
1779567724001,74 34 35 31 38 30 30 30 30 30 30 30 30 30 30 30 30 30 30 30 30 0D
1779567724009,74 34 35 35 38 45 41 46 46 30 37 30 30 39 45 46 46 30 30 30 30 0D
1779567724019,74 34 35 30 38 30 30 30 30 30 37 30 30 30 30 30 30 44 32 30 35 0D
1779567724030,74 34 35 31 38 30 30 30 30 30 30 30 30 30 30 30 30 30 30 30 30 0D
1779567724040,74 34 35 31 38 30 30 30 30 30 30 30 30 30 30 30 30 30 30 30 30 0D
1779567724054,74 34 35 35 38 45 41 46 46 30 37 30 30 39 45 46 46 30 30 30 30 0D
1779567724059,74 34 35 31 38 30 30 30 30 30 30 30 30 30 30 30 30 30 30 30 30 0D
1779567724071,74 34 35 35 38 45 41 46 46 30 37 30 30 39 46 46 46 30 30 30 30 0D
1779567724076,74 34 35 37 38 30 30 30 30 30 30 30 30 36 34 31 34 30 30 30 30 0D
1779567724090,74 34 35 31 38 30 30 30 30 30 30 30 30 30 30 30 30 30 30 30 30 0D
1779567724103,74 34 35 31 38 30 30 30 30 30 30 30 30 30 30 30 30 30 30 30 30 0D
1779567724108,74 34 35 35 38 45 41 46 46 30 37 30 30 39 46 46 46 30 30 30 30 0D
1779567724125,74 34 35 30 38 30 30 30 30 30 37 30 30 30 30 30 30 44 32 30 35 0D
1779567724138,74 34 35 31 38 30 30 30 30 30 30 30 30 30 30 30 30 30 30 30 30 0D
1779567724153,74 34 35 35 38 45 41 46 46 30 37 30 30 39 46 46 46 30 30 30 30 0D
1779567724158,74 34 35 31 38 30 30 30 30 30 30 30 30 30 30 30 30 30 30 30 30 0D
1779567724178,74 34 35 35 38 45 41 46 46 30 37 30 30 39 46 46 46 30 30 30 30 0D
1779567724182,74 34 35 31 38 30 30 30 30 30 30 30 30 30 30 30 30 30 30 30 30 0D
1779567724193,74 34 35 35 38 45 41 46 46 30 37 30 30 39 46 46 46 30 30 30 30 0D
1779567724204,74 34 35 31 38 30 30 30 30 30 30 30 30 30 30 30 30 30 30 30 30 0D
1779567724212,74 34 35 35 38 45 41 46 46 30 37 30 30 39 46 46 46 30 30 30 30 0D
1779567724225,74 34 35 30 38 30 30 30 30 30 37 30 30 30 30 30 30 44 32 30 35 0D
1779567724239,74 34 35 31 38 30 30 30 30 30 30 30 30 30 30 30 30 30 30 30 30 0D
1779567724247,74 34 35 31 38 30 30 30 30 30 30 30 30 30 30 30 30 30 30 30 30 0D
1779567724257,74 34 35 31 38 30 30 30 30 30 30 30 30 30 30 30 30 30 30 30 30 0D
1779567724271,74 34 35 35 38 45 39 46 46 30 37 30 30 39 46 46 46 30 30 30 30 0D
1779567724289,74 34 35 39 38 37 37 41 34 42 45 31 36 46 30 31 39 30 33 42 37 0D
1779567724297,74 34 35 31 38 30 30 30 30 30 30 30 30 30 30 30 30 30 30 30 30 0D
1779567724308,74 34 35 35 38 45 39 46 46 30 37 30 30 39 46 46 46 30 30 30 30 0D
1779567724321,74 34 35 30 38 30 30 30 30 30 37 30 30 30 30 30 30 44 32 30 35 0D
1779567724330,74 34 35 31 38 30 30 30 30 30 30 30 30 30 30 30 30 30 30 30 30 0D
1779567724341,74 34 35 31 38 30 30 30 30 30 30 30 30 30 30 30 30 30 30 30 30 0D
1779567724354,74 34 35 36 38 45 45 46 46 30 37 30 30 30 34 30 30 30 30 30 30 0D
1779567724360,74 34 35 31 38 30 30 30 30 30 30 30 30 30 30 30 30 30 30 30 30 0D
1779567724381,74 34 35 35 38 45 39 46 46 30 37 30 30 39 46 46 46 30 30 30 30 0D
1779567724394,74 34 35 31 38 30 30 30 30 30 30 30 30 30 30 30 30 30 30 30 30 0D
1779567724399,74 34 35 31 38 30 30 30 30 30 30 30 30 30 30 30 30 30 30 30 30 0D
1779567724417,74 34 35 35 38 45 39 46 46 30 37 30 30 39 46 46 46 30 30 30 30 0D
1779567724423,74 34 35 30 38 30 30 30 30 30 37 30 30 30 30 30 30 44 32 30 35 0D
1779567724430,74 34 35 31 38 30 30 30 30 30 30 30 30 30 30 30 30 30 30 30 30 0D
1779567724439,74 34 35 31 38 30 30 30 30 30 30 30 30 30 30 30 30 30 30 30 30 0D
1779567724447,74 34 35 35 38 45 39 46 46 30 37 30 30 39 46 46 46 30 30 30 30 0D
1779567724461,74 34 35 31 38 30 30 30 30 30 30 30 30 30 30 30 30 30 30 30 30 0D
1779567724483,74 34 35 35 38 45 41 46 46 30 37 30 30 39 46 46 46 30 30 30 30 0D
1779567724488,74 34 35 31 38 30 30 30 30 30 30 30 30 30 30 30 30 30 30 30 30 0D
1779567724501,74 34 35 31 38 30 30 30 30 30 30 30 30 30 30 30 30 30 30 30 30 0D
1779567724510,74 34 35 35 38 45 41 46 46 30 37 30 30 39 46 46 46 30 30 30 30 0D
1779567724521,74 34 35 30 38 30 30 30 30 30 37 30 30 30 30 30 30 44 32 30 35 0D
1779567724541,74 34 35 31 38 30 30 30 30 30 30 30 30 30 30 30 30 30 30 30 30 0D
1779567724545,74 34 35 31 38 30 30 30 30 30 30 30 30 30 30 30 30 30 30 30 30 0D
1779567724556,74 34 35 35 38 45 41 46 46 30 37 30 30 39 46 46 46 30 30 30 30 0D
1779567724561,74 34 35 31 38 30 30 30 30 30 30 30 30 30 30 30 30 30 30 30 30 0D
1779567724591,74 34 35 35 38 45 41 46 46 30 37 30 30 39 46 46 46 30 30 30 30 0D
1779567724603,74 34 35 31 38 30 30 30 30 30 30 30 30 30 30 30 30 30 30 30 30 0D
1779567724609,74 34 35 35 38 45 41 46 46 30 37 30 30 39 46 46 46 30 30 30 30 0D
1779567724621,74 34 35 30 38 30 30 30 30 30 37 30 30 30 30 30 30 44 32 30 35 0D
1779567724632,74 34 35 31 38 30 30 30 30 30 30 30 30 30 30 30 30 30 30 30 30 0D
1779567724640,74 34 35 31 38 30 30 30 30 30 30 30 30 30 30 30 30 30 30 30 30 0D
1779567724655,74 34 35 35 38 45 41 46 46 30 37 30 30 39 46 46 46 30 30 30 30 0D
1779567724660,74 34 35 31 38 30 30 30 30 30 30 30 30 30 30 30 30 30 30 30 30 0D
1779567724696,74 34 35 35 38 45 41 46 46 30 37 30 30 39 45 46 46 30 30 30 30 0D
1779567724706,74 34 35 31 38 30 30 30 30 30 30 30 30 30 30 30 30 30 30 30 30 0D
1779567724713,74 34 35 35 38 45 41 46 46 30 37 30 30 39 45 46 46 30 30 30 30 0D
1779567724720,74 34 35 30 38 30 30 30 30 30 37 30 30 30 30 30 30 44 32 30 35 0D
1779567724729,74 34 35 31 38 30 30 30 30 30 30 30 30 30 30 30 30 30 30 30 30 0D
1779567724740,74 34 35 31 38 30 30 30 30 30 30 30 30 30 30 30 30 30 30 30 30 0D
1779567724747,74 34 35 35 38 45 41 46 46 30 37 30 30 39 45 46 46 30 30 30 30 0D
1779567724761,74 34 35 31 38 30 30 30 30 30 30 30 30 30 30 30 30 30 30 30 30 0D
1779567724770,74 34 35 37 38 30 30 30 30 30 30 30 30 36 34 31 34 30 30 30 30 0D
1779567724788,74 34 35 39 38 37 39 41 34 42 45 31 36 45 43 31 39 30 33 42 37 0D
1779567724804,74 34 35 31 38 30 30 30 30 30 30 30 30 30 30 30 30 30 30 30 30 0D
1779567724812,74 34 35 35 38 45 41 46 46 30 37 30 30 39 45 46 46 30 30 30 30 0D
1779567724820,74 34 35 30 38 30 30 30 30 30 37 30 30 30 30 30 30 44 32 30 35 0D
1779567724830,74 34 35 31 38 30 30 30 30 30 30 30 30 30 30 30 30 30 30 30 30 0D
1779567724841,74 34 35 31 38 30 30 30 30 30 30 30 30 30 30 30 30 30 30 30 30 0D
1779567724846,74 34 35 35 38 45 41 46 46 30 37 30 30 39 45 46 46 30 30 30 30 0D
1779567724860,74 34 35 31 38 30 30 30 30 30 30 30 30 30 30 30 30 30 30 30 30 0D
1779567724878,74 34 35 35 38 45 41 46 46 30 37 30 30 39 46 46 46 30 30 30 30 0D
1779567724884,74 34 35 31 38 30 30 30 30 30 30 30 30 30 30 30 30 30 30 30 30 0D
1779567724889,74 34 35 36 38 45 44 46 46 30 37 30 30 30 34 30 30 30 30 30 30 0D
1779567724898,74 34 35 31 38 30 30 30 30 30 30 30 30 30 30 30 30 30 30 30 30 0D
1779567724908,74 34 35 35 38 45 41 46 46 30 37 30 30 39 46 46 46 30 30 30 30 0D
1779567724921,74 34 35 30 38 30 30 30 30 30 37 30 30 30 30 30 30 44 32 30 35 0D
1779567724930,74 34 35 31 38 30 30 30 30 30 30 30 30 30 30 30 30 30 30 30 30 0D
1779567724938,74 34 35 31 38 30 30 30 30 30 30 30 30 30 30 30 30 30 30 30 30 0D
1779567724952,74 34 35 35 38 45 41 46 46 30 37 30 30 39 46 46 46 30 30 30 30 0D
1779567724959,74 34 35 31 38 30 30 30 30 30 30 30 30 30 30 30 30 30 30 30 30 0D
1779567724997,74 34 35 35 38 45 41 46 46 30 37 30 30 39 46 46 46 30 30 30 30 0D
1779567725003,74 34 35 31 38 30 30 30 30 30 30 30 30 30 30 30 30 30 30 30 30 0D
1779567725011,74 34 35 35 38 45 41 46 46 30 37 30 30 39 46 46 46 30 30 30 30 0D
1779567725022,74 34 35 30 38 30 30 30 30 30 37 30 30 30 30 30 30 44 32 30 35 0D
1779567725034,74 34 35 31 38 30 30 30 30 30 30 30 30 30 30 30 30 30 30 30 30 0D
1779567725045,74 34 35 31 38 30 30 30 30 30 30 30 30 30 30 30 30 30 30 30 30 0D
1779567725052,74 34 35 36 38 45 44 46 46 30 37 30 30 30 34 30 30 30 30 30 30 0D
1779567725059,74 34 35 31 38 30 30 30 30 30 30 30 30 30 30 30 30 30 30 30 30 0D
1779567725070,74 34 35 35 38 45 41 46 46 30 38 30 30 39 46 46 46 30 30 30 30 0D
1779567725079,74 34 35 37 38 30 30 30 30 30 31 30 30 36 34 31 34 30 30 30 30 0D
1779567725088,74 34 35 31 38 30 30 30 30 30 30 30 30 30 30 30 30 30 30 30 30 0D
1779567725108,74 34 35 31 38 30 30 30 30 30 30 30 30 30 30 30 30 30 30 30 30 0D
1779567725117,74 34 35 35 38 45 41 46 46 30 38 30 30 39 46 46 46 30 30 30 30 0D
1779567725124,74 34 35 30 38 30 30 30 30 30 37 30 30 30 30 30 30 44 32 30 35 0D
1779567725137,74 34 35 31 38 30 30 30 30 30 30 30 30 30 30 30 30 30 30 30 30 0D
1779567725144,74 34 35 31 38 30 30 30 30 30 30 30 30 30 30 30 30 30 30 30 30 0D
1779567725152,74 34 35 35 38 45 41 46 46 30 38 30 30 39 46 46 46 30 30 30 30 0D
1779567725159,74 34 35 31 38 30 30 30 30 30 30 30 30 30 30 30 30 30 30 30 30 0D
1779567725176,74 34 35 35 38 45 41 46 46 30 38 30 30 39 46 46 46 30 30 30 30 0D
1779567725182,74 34 35 31 38 30 30 30 30 30 30 30 30 30 30 30 30 30 30 30 30 0D
1779567725193,74 34 35 35 38 45 41 46 46 30 38 30 30 39 46 46 46 30 30 30 30 0D
1779567725205,74 34 35 31 38 30 30 30 30 30 30 30 30 30 30 30 30 30 30 30 30 0D
1779567725211,74 34 35 35 38 45 41 46 46 30 38 30 30 39 46 46 46 30 30 30 30 0D
1779567725220,74 34 35 30 38 30 30 30 30 30 37 30 30 30 30 30 30 44 32 30 35 0D
1779567725236,74 34 35 31 38 30 30 30 30 30 30 30 30 30 30 30 30 30 30 30 30 0D
1779567725247,74 34 35 31 38 30 30 30 30 30 30 30 30 30 30 30 30 30 30 30 30 0D
1779567725251,74 34 35 35 38 45 41 46 46 30 38 30 30 39 46 46 46 30 30 30 30 0D
1779567725258,74 34 35 31 38 30 30 30 30 30 30 30 30 30 30 30 30 30 30 30 30 0D
1779567725289,74 34 35 35 38 45 39 46 46 30 37 30 30 39 46 46 46 30 30 30 30 0D
1779567725305,74 34 35 31 38 30 30 30 30 30 30 30 30 30 30 30 30 30 30 30 30 0D
1779567725312,74 34 35 35 38 45 39 46 46 30 37 30 30 39 46 46 46 30 30 30 30 0D
1779567725322,74 34 35 30 38 30 30 30 30 30 37 30 30 30 30 30 30 44 32 30 35 0D
1779567725332,74 34 35 31 38 30 30 30 30 30 30 30 30 30 30 30 30 30 30 30 30 0D
1779567725339,74 34 35 31 38 30 30 30 30 30 30 30 30 30 30 30 30 30 30 30 30 0D
1779567725351,74 34 35 35 38 45 39 46 46 30 37 30 30 39 46 46 46 30 30 30 30 0D
1779567725356,74 34 35 31 38 30 30 30 30 30 30 30 30 30 30 30 30 30 30 30 30 0D
1779567725389,74 34 35 35 38 45 39 46 46 30 37 30 30 39 46 46 46 30 30 30 30 0D
1779567725396,74 34 35 31 38 30 30 30 30 30 30 30 30 30 30 30 30 30 30 30 30 0D
1779567725402,74 34 35 31 38 30 30 30 30 30 30 30 30 30 30 30 30 30 30 30 30 0D
1779567725407,74 34 35 35 38 45 39 46 46 30 37 30 30 39 46 46 46 30 30 30 30 0D
1779567725420,74 34 35 30 38 30 30 30 30 30 37 30 30 30 30 30 30 44 32 30 35 0D
1779567725435,74 34 35 31 38 30 30 30 30 30 30 30 30 30 30 30 30 30 30 30 30 0D
1779567725439,74 34 35 31 38 30 30 30 30 30 30 30 30 30 30 30 30 30 30 30 30 0D
1779567725449,74 34 35 35 38 45 39 46 46 30 37 30 30 39 46 46 46 30 30 30 30 0D
1779567725457,74 34 35 31 38 30 30 30 30 30 30 30 30 30 30 30 30 30 30 30 30 0D
1779567725472,74 34 35 35 38 45 41 46 46 30 37 30 30 39 45 46 46 30 30 30 30 0D
1779567725489,74 34 35 39 38 37 37 41 34 42 45 31 36 45 43 31 39 30 33 42 37 0D
1779567725500,74 34 35 31 38 30 30 30 30 30 30 30 30 30 30 30 30 30 30 30 30 0D
1779567725511,74 34 35 35 38 45 41 46 46 30 37 30 30 39 45 46 46 30 30 30 30 0D
1779567725523,74 34 35 30 38 30 30 30 30 30 37 30 30 30 30 30 30 44 32 30 35 0D
1779567725532,74 34 35 31 38 30 30 30 30 30 30 30 30 30 30 30 30 30 30 30 30 0D
1779567725538,74 34 35 31 38 30 30 30 30 30 30 30 30 30 30 30 30 30 30 30 30 0D
1779567725552,74 34 35 35 38 45 41 46 46 30 37 30 30 39 45 46 46 30 30 30 30 0D
1779567725559,74 34 35 31 38 30 30 30 30 30 30 30 30 30 30 30 30 30 30 30 30 0D
1779567725584,74 34 35 35 38 45 41 46 46 30 37 30 30 39 45 46 46 30 30 30 30 0D
1779567725590,74 34 35 31 38 30 30 30 30 30 30 30 30 30 30 30 30 30 30 30 30 0D
1779567725602,74 34 35 31 38 30 30 30 30 30 30 30 30 30 30 30 30 30 30 30 30 0D
1779567725610,74 34 35 35 38 45 41 46 46 30 37 30 30 39 45 46 46 30 30 30 30 0D
1779567725618,74 34 35 30 38 30 30 30 30 30 37 30 30 30 30 30 30 44 32 30 35 0D
1779567725635,74 34 35 31 38 30 30 30 30 30 30 30 30 30 30 30 30 30 30 30 30 0D
1779567725641,74 34 35 31 38 30 30 30 30 30 30 30 30 30 30 30 30 30 30 30 30 0D
1779567725651,74 34 35 35 38 45 41 46 46 30 37 30 30 39 45 46 46 30 30 30 30 0D
1779567725660,74 34 35 31 38 30 30 30 30 30 30 30 30 30 30 30 30 30 30 30 30 0D
1779567725669,74 34 35 35 38 45 41 46 46 30 37 30 30 39 46 46 46 30 30 30 30 0D
1779567725676,74 34 35 37 38 30 30 30 30 30 30 30 30 36 34 31 34 30 30 30 30 0D
1779567725681,74 34 35 31 38 30 30 30 30 30 30 30 30 30 30 30 30 30 30 30 30 0D
1779567725691,74 34 35 35 38 45 41 46 46 30 37 30 30 39 46 46 46 30 30 30 30 0D
1779567725701,74 34 35 31 38 30 30 30 30 30 30 30 30 30 30 30 30 30 30 30 30 0D
1779567725705,74 34 35 35 38 45 41 46 46 30 37 30 30 39 46 46 46 30 30 30 30 0D
1779567725720,74 34 35 30 38 30 30 30 30 30 37 30 30 30 30 30 30 44 32 30 35 0D
1779567725733,74 34 35 31 38 30 30 30 30 30 30 30 30 30 30 30 30 30 30 30 30 0D
1779567725738,74 34 35 31 38 30 30 30 30 30 30 30 30 30 30 30 30 30 30 30 30 0D
1779567725752,74 34 35 35 38 45 41 46 46 30 37 30 30 39 46 46 46 30 30 30 30 0D
1779567725764,74 34 35 31 38 30 30 30 30 30 30 30 30 30 30 30 30 30 30 30 30 0D
1779567725771,74 34 35 35 38 45 41 46 46 30 37 30 30 39 46 46 46 30 30 30 30 0D
1779567725781,74 34 35 39 38 37 37 41 34 42 45 31 36 45 42 31 39 30 33 42 37 0D
1779567725787,74 34 35 35 38 45 41 46 46 30 37 30 30 39 46 46 46 30 30 30 30 0D
1779567725799,74 34 35 31 38 30 30 30 30 30 30 30 30 30 30 30 30 30 30 30 30 0D
1779567725802,74 34 35 35 38 45 41 46 46 30 37 30 30 39 46 46 46 30 30 30 30 0D
1779567725819,74 34 35 36 38 45 45 46 46 30 37 30 30 30 34 30 30 30 30 30 30 0D
1779567725821,74 34 35 30 38 30 30 30 30 30 37 30 30 30 30 30 30 44 32 30 35 0D
1779567725832,74 34 35 31 38 30 30 30 30 30 30 30 30 30 30 30 30 30 30 30 30 0D
1779567725839,74 34 35 31 38 30 30 30 30 30 30 30 30 30 30 30 30 30 30 30 30 0D
1779567725852,74 34 35 35 38 45 41 46 46 30 37 30 30 39 46 46 46 30 30 30 30 0D
1779567725861,74 34 35 31 38 30 30 30 30 30 30 30 30 30 30 30 30 30 30 30 30 0D
1779567725869,74 34 35 35 38 45 41 46 46 30 37 30 30 39 46 46 46 30 30 30 30 0D
1779567725879,74 34 35 37 38 30 30 30 30 30 31 30 30 36 34 31 34 30 30 30 30 0D
1779567725892,74 34 35 35 38 45 41 46 46 30 37 30 30 39 46 46 46 30 30 30 30 0D
1779567725902,74 34 35 31 38 30 30 30 30 30 30 30 30 30 30 30 30 30 30 30 30 0D
1779567725908,74 34 35 35 38 45 41 46 46 30 37 30 30 39 46 46 46 30 30 30 30 0D
1779567725922,74 34 35 30 38 30 30 30 30 30 37 30 30 30 30 30 30 44 32 30 35 0D
1779567725933,74 34 35 31 38 30 30 30 30 30 30 30 30 30 30 30 30 30 30 30 30 0D
1779567725939,74 34 35 31 38 30 30 30 30 30 30 30 30 30 30 30 30 30 30 30 30 0D
1779567725955,74 34 35 35 38 45 41 46 46 30 37 30 30 39 46 46 46 30 30 30 30 0D
1779567725962,74 34 35 31 38 30 30 30 30 30 30 30 30 30 30 30 30 30 30 30 30 0D
1779567725977,74 34 35 35 38 45 41 46 46 30 37 30 30 39 46 46 46 30 30 30 30 0D
1779567725982,74 34 35 31 38 30 30 30 30 30 30 30 30 30 30 30 30 30 30 30 30 0D
1779567725996,74 34 35 35 38 45 41 46 46 30 37 30 30 39 46 46 46 30 30 30 30 0D
1779567725998,74 34 35 31 38 30 30 30 30 30 30 30 30 30 30 30 30 30 30 30 30 0D
1779567726014,74 34 35 35 38 45 41 46 46 30 37 30 30 39 46 46 46 30 30 30 30 0D
1779567726020,74 34 35 30 38 30 30 30 30 30 37 30 30 30 30 30 30 44 32 30 35 0D
1779567726033,74 34 35 31 38 30 30 30 30 30 30 30 30 30 30 30 30 30 30 30 30 0D
1779567726039,74 34 35 31 38 30 30 30 30 30 30 30 30 30 30 30 30 30 30 30 30 0D
1779567726050,74 34 35 35 38 45 41 46 46 30 37 30 30 39 46 46 46 30 30 30 30 0D
1779567726059,74 34 35 31 38 30 30 30 30 30 30 30 30 30 30 30 30 30 30 30 30 0D
1779567726083,74 34 35 35 38 45 42 46 46 30 37 30 30 39 45 46 46 30 30 30 30 0D
1779567726091,74 34 35 31 38 30 30 30 30 30 30 30 30 30 30 30 30 30 30 30 30 0D
1779567726103,74 34 35 31 38 30 30 30 30 30 30 30 30 30 30 30 30 30 30 30 30 0D
1779567726116,74 34 35 35 38 45 42 46 46 30 37 30 30 39 45 46 46 30 30 30 30 0D
1779567726121,74 34 35 30 38 30 30 30 30 30 37 30 30 30 30 30 30 44 32 30 35 0D
1779567726139,74 34 35 34 38 30 31 30 30 30 30 30 30 30 30 30 30 30 30 30 30 0D 74 34 35 35 38 45 42 46 46 30 37 30 30 39 45 46 46 30 30 30 30 0D
1779567726145,74 34 35 31 38 30 30 30 30 30 30 30 30 30 30 30 30 30 30 30 30 0D
1779567726163,74 34 35 31 38 30 30 30 30 30 30 30 30 30 30 30 30 30 30 30 30 0D
1779567726180,74 34 35 35 38 45 42 46 46 30 37 30 30 39 45 46 46 30 30 30 30 0D
1779567726189,74 34 35 31 38 30 30 30 30 30 30 30 30 30 30 30 30 30 30 30 30 0D
1779567726200,74 34 35 31 38 30 30 30 30 30 30 30 30 30 30 30 30 30 30 30 30 0D
1779567726216,74 34 35 35 38 45 42 46 46 30 37 30 30 39 45 46 46 30 30 30 30 0D
1779567726223,74 34 35 30 38 30 30 30 30 30 37 30 30 30 30 30 30 44 32 30 35 0D
1779567726233,74 34 35 31 38 30 30 30 30 30 30 30 30 30 30 30 30 30 30 30 30 0D
1779567726237,74 34 35 31 38 30 30 30 30 30 30 30 30 30 30 30 30 30 30 30 30 0D
1779567726250,74 34 35 35 38 45 42 46 46 30 37 30 30 39 45 46 46 30 30 30 30 0D
1779567726258,74 34 35 31 38 30 30 30 30 30 30 30 30 30 30 30 30 30 30 30 30 0D
1779567726279,74 34 35 35 38 45 41 46 46 30 37 30 30 39 45 46 46 30 30 30 30 0D
1779567726288,74 34 35 31 38 30 30 30 30 30 30 30 30 30 30 30 30 30 30 30 30 0D
1779567726302,74 34 35 31 38 30 30 30 30 30 30 30 30 30 30 30 30 30 30 30 30 0D
1779567726318,74 34 35 35 38 45 41 46 46 30 37 30 30 39 45 46 46 30 30 30 30 0D
1779567726323,74 34 35 30 38 30 30 30 30 30 37 30 30 30 30 30 30 44 32 30 35 0D
1779567726330,74 34 35 31 38 30 30 30 30 30 30 30 30 30 30 30 30 30 30 30 30 0D
1779567726339,74 34 35 31 38 30 30 30 30 30 30 30 30 30 30 30 30 30 30 30 30 0D
1779567726354,74 34 35 35 38 45 41 46 46 30 37 30 30 39 45 46 46 30 30 30 30 0D
1779567726367,74 34 35 31 38 30 30 30 30 30 30 30 30 30 30 30 30 30 30 30 30 0D
1779567726369,74 34 35 37 38 30 30 30 30 30 30 30 30 36 34 31 34 30 30 30 30 0D
1779567726385,74 34 35 39 38 37 33 41 34 42 45 31 36 45 38 31 39 30 33 42 37 0D
1779567726403,74 34 35 31 38 30 30 30 30 30 30 30 30 30 30 30 30 30 30 30 30 0D
1779567726416,74 34 35 35 38 45 41 46 46 30 37 30 30 39 45 46 46 30 30 30 30 0D
1779567726421,74 34 35 30 38 30 30 30 30 30 37 30 30 30 30 30 30 44 32 30 35 0D
1779567726431,74 34 35 31 38 30 30 30 30 30 30 30 30 30 30 30 30 30 30 30 30 0D
1779567726440,74 34 35 31 38 30 30 30 30 30 30 30 30 30 30 30 30 30 30 30 30 0D
1779567726451,74 34 35 35 38 45 41 46 46 30 37 30 30 39 45 46 46 30 30 30 30 0D
1779567726463,74 34 35 31 38 30 30 30 30 30 30 30 30 30 30 30 30 30 30 30 30 0D
1779567726492,74 34 35 35 38 45 41 46 46 30 37 30 30 39 46 46 46 30 30 30 30 0D
1779567726502,74 34 35 31 38 30 30 30 30 30 30 30 30 30 30 30 30 30 30 30 30 0D
1779567726523,74 34 35 35 38 45 41 46 46 30 37 30 30 39 46 46 46 30 30 30 30 0D
1779567726532,74 34 35 30 38 30 30 30 30 30 37 30 30 30 30 30 30 44 32 30 35 0D
1779567726539,74 34 35 31 38 30 30 30 30 30 30 30 30 30 30 30 30 30 30 30 30 0D
1779567726550,74 34 35 35 38 45 41 46 46 30 37 30 30 39 46 46 46 30 30 30 30 0D
1779567726567,74 34 35 31 38 30 30 30 30 30 30 30 30 30 30 30 30 30 30 30 30 0D
1779567726580,74 34 35 35 38 45 41 46 46 30 37 30 30 39 46 46 46 30 30 30 30 0D
1779567726587,74 34 35 31 38 30 30 30 30 30 30 30 30 30 30 30 30 30 30 30 30 0D
1779567726590,74 34 35 35 38 45 41 46 46 30 37 30 30 39 46 46 46 30 30 30 30 0D
1779567726601,74 34 35 31 38 30 30 30 30 30 30 30 30 30 30 30 30 30 30 30 30 0D
1779567726613,74 34 35 35 38 45 41 46 46 30 37 30 30 39 46 46 46 30 30 30 30 0D
1779567726620,74 34 35 30 38 30 30 30 30 30 37 30 30 30 30 30 30 44 32 30 35 0D
1779567726637,74 34 35 31 38 30 30 30 30 30 30 30 30 30 30 30 30 30 30 30 30 0D
1779567726645,74 34 35 31 38 30 30 30 30 30 30 30 30 30 30 30 30 30 30 30 30 0D
1779567726653,74 34 35 35 38 45 41 46 46 30 37 30 30 39 46 46 46 30 30 30 30 0D
1779567726666,74 34 35 31 38 30 30 30 30 30 30 30 30 30 30 30 30 30 30 30 30 0D
1779567726692,74 34 35 35 38 45 42 46 46 30 37 30 30 39 46 46 46 30 30 30 30 0D
1779567726701,74 34 35 31 38 30 30 30 30 30 30 30 30 30 30 30 30 30 30 30 30 0D
1779567726715,74 34 35 35 38 45 42 46 46 30 37 30 30 39 46 46 46 30 30 30 30 0D
1779567726720,74 34 35 30 38 30 30 30 30 30 37 30 30 30 30 30 30 44 32 30 35 0D
1779567726735,74 34 35 31 38 30 30 30 30 30 30 30 30 30 30 30 30 30 30 30 30 0D
1779567726754,74 34 35 31 38 30 30 30 30 30 30 30 30 30 30 30 30 30 30 30 30 0D
1779567726763,74 34 35 31 38 30 30 30 30 30 30 30 30 30 30 30 30 30 30 30 30 0D
1779567726784,74 34 35 35 38 45 42 46 46 30 37 30 30 39 46 46 46 30 30 30 30 0D
1779567726790,74 34 35 31 38 30 30 30 30 30 30 30 30 30 30 30 30 30 30 30 30 0D
1779567726807,74 34 35 31 38 30 30 30 30 30 30 30 30 30 30 30 30 30 30 30 30 0D
1779567726830,74 34 35 30 38 30 30 30 30 30 37 30 30 30 30 30 30 44 32 30 35 0D
1779567726835,74 34 35 31 38 30 30 30 30 30 30 30 30 30 30 30 30 30 30 30 30 0D
1779567726842,74 34 35 31 38 30 30 30 30 30 30 30 30 30 30 30 30 30 30 30 30 0D
1779567726848,74 34 35 35 38 45 42 46 46 30 37 30 30 39 46 46 46 30 30 30 30 0D
1779567726862,74 34 35 31 38 30 30 30 30 30 30 30 30 30 30 30 30 30 30 30 30 0D
1779567726879,74 34 35 35 38 45 41 46 46 30 37 30 30 39 46 46 46 30 30 30 30 0D
1779567726884,74 34 35 31 38 30 30 30 30 30 30 30 30 30 30 30 30 30 30 30 30 0D
1779567726894,74 34 35 35 38 45 41 46 46 30 37 30 30 39 46 46 46 30 30 30 30 0D
1779567726901,74 34 35 31 38 30 30 30 30 30 30 30 30 30 30 30 30 30 30 30 30 0D
1779567726911,74 34 35 35 38 45 41 46 46 30 37 30 30 39 46 46 46 30 30 30 30 0D
1779567726920,74 34 35 30 38 30 30 30 30 30 37 30 30 30 30 30 30 44 32 30 35 0D
1779567726935,74 34 35 31 38 30 30 30 30 30 30 30 30 30 30 30 30 30 30 30 30 0D
1779567726942,74 34 35 31 38 30 30 30 30 30 30 30 30 30 30 30 30 30 30 30 30 0D
1779567726952,74 34 35 35 38 45 41 46 46 30 37 30 30 39 46 46 46 30 30 30 30 0D
1779567726961,74 34 35 31 38 30 30 30 30 30 30 30 30 30 30 30 30 30 30 30 30 0D
1779567726980,74 34 35 35 38 45 41 46 46 30 37 30 30 39 46 46 46 30 30 30 30 0D
1779567726986,74 34 35 31 38 30 30 30 30 30 30 30 30 30 30 30 30 30 30 30 30 0D
1779567726993,74 34 35 35 38 45 41 46 46 30 37 30 30 39 46 46 46 30 30 30 30 0D
1779567727000,74 34 35 31 38 30 30 30 30 30 30 30 30 30 30 30 30 30 30 30 30 0D
1779567727011,74 34 35 35 38 45 41 46 46 30 37 30 30 39 46 46 46 30 30 30 30 0D
1779567727019,74 34 35 30 38 30 30 30 30 30 37 30 30 30 30 30 30 44 32 30 35 0D
1779567727032,74 34 35 31 38 30 30 30 30 30 30 30 30 30 30 30 30 30 30 30 30 0D
1779567727040,74 34 35 31 38 30 30 30 30 30 30 30 30 30 30 30 30 30 30 30 30 0D
1779567727057,74 34 35 35 38 45 41 46 46 30 37 30 30 39 46 46 46 30 30 30 30 0D
1779567727063,74 34 35 31 38 30 30 30 30 30 30 30 30 30 30 30 30 30 30 30 30 0D
1779567727078,74 34 35 35 38 45 42 46 46 30 37 30 30 39 46 46 46 30 30 30 30 0D
1779567727083,74 34 35 31 38 30 30 30 30 30 30 30 30 30 30 30 30 30 30 30 30 0D
1779567727088,74 34 35 35 38 45 42 46 46 30 37 30 30 39 46 46 46 30 30 30 30 0D
1779567727098,74 34 35 31 38 30 30 30 30 30 30 30 30 30 30 30 30 30 30 30 30 0D
1779567727114,74 34 35 35 38 45 42 46 46 30 37 30 30 39 46 46 46 30 30 30 30 0D
1779567727120,74 34 35 30 38 30 30 30 30 30 37 30 30 30 30 30 30 44 32 30 35 0D
1779567727134,74 34 35 31 38 30 30 30 30 30 30 30 30 30 30 30 30 30 30 30 30 0D
1779567727143,74 34 35 31 38 30 30 30 30 30 30 30 30 30 30 30 30 30 30 30 30 0D
1779567727154,74 34 35 35 38 45 42 46 46 30 37 30 30 39 46 46 46 30 30 30 30 0D
1779567727163,74 34 35 31 38 30 30 30 30 30 30 30 30 30 30 30 30 30 30 30 30 0D
1779567727172,74 34 35 35 38 45 42 46 46 30 37 30 30 39 46 46 46 30 30 30 30 0D
1779567727180,74 34 35 37 38 30 30 30 30 30 30 30 30 36 34 31 34 30 30 30 30 0D
1779567727196,74 34 35 31 38 30 30 30 30 30 30 30 30 30 30 30 30 30 30 30 30 0D
1779567727202,74 34 35 31 38 30 30 30 30 30 30 30 30 30 30 30 30 30 30 30 30 0D
1779567727216,74 34 35 35 38 45 42 46 46 30 37 30 30 39 46 46 46 30 30 30 30 0D
1779567727223,74 34 35 30 38 30 30 30 30 30 37 30 30 30 30 30 30 44 32 30 35 0D
1779567727231,74 34 35 31 38 30 30 30 30 30 30 30 30 30 30 30 30 30 30 30 30 0D
1779567727242,74 34 35 31 38 30 30 30 30 30 30 30 30 30 30 30 30 30 30 30 30 0D
1779567727250,74 34 35 35 38 45 42 46 46 30 37 30 30 39 46 46 46 30 30 30 30 0D
1779567727260,74 34 35 31 38 30 30 30 30 30 30 30 30 30 30 30 30 30 30 30 30 0D
1779567727295,74 34 35 35 38 45 41 46 46 30 37 30 30 39 45 46 46 30 30 30 30 0D
1779567727302,74 34 35 31 38 30 30 30 30 30 30 30 30 30 30 30 30 30 30 30 30 0D
1779567727315,74 34 35 35 38 45 41 46 46 30 37 30 30 39 45 46 46 30 30 30 30 0D
1779567727318,74 34 35 30 38 30 30 30 30 30 37 30 30 30 30 30 30 44 32 30 35 0D
1779567727328,74 34 35 31 38 30 30 30 30 30 30 30 30 30 30 30 30 30 30 30 30 0D
1779567727345,74 34 35 31 38 30 30 30 30 30 30 30 30 30 30 30 30 30 30 30 30 0D
1779567727353,74 34 35 35 38 45 41 46 46 30 37 30 30 39 45 46 46 30 30 30 30 0D
1779567727363,74 34 35 31 38 30 30 30 30 30 30 30 30 30 30 30 30 30 30 30 30 0D
1779567727383,74 34 35 35 38 45 41 46 46 30 37 30 30 39 45 46 46 30 30 30 30 0D
1779567727390,74 34 35 31 38 30 30 30 30 30 30 30 30 30 30 30 30 30 30 30 30 0D
1779567727398,74 34 35 31 38 30 30 30 30 30 30 30 30 30 30 30 30 30 30 30 30 0D
1779567727411,74 34 35 35 38 45 41 46 46 30 37 30 30 39 45 46 46 30 30 30 30 0D
1779567727419,74 34 35 30 38 30 30 30 30 30 37 30 30 30 30 30 30 44 32 30 35 0D
1779567727440,74 34 35 31 38 30 30 30 30 30 30 30 30 30 30 30 30 30 30 30 30 0D
1779567727444,74 34 35 31 38 30 30 30 30 30 30 30 30 30 30 30 30 30 30 30 30 0D
1779567727462,74 34 35 31 38 30 30 30 30 30 30 30 30 30 30 30 30 30 30 30 30 0D
1779567727480,74 34 35 35 38 45 37 46 46 30 36 30 30 39 46 46 46 30 30 30 30 0D
1779567727486,74 34 35 31 38 30 30 30 30 30 30 30 30 30 30 30 30 30 30 30 30 0D
1779567727505,74 34 35 31 38 30 30 30 30 30 30 30 30 30 30 30 30 30 30 30 30 0D
1779567727515,74 34 35 35 38 45 37 46 46 30 36 30 30 39 46 46 46 30 30 30 30 0D
1779567727522,74 34 35 30 38 30 30 30 30 30 37 30 30 30 30 30 30 44 32 30 35 0D
1779567727533,74 34 35 31 38 30 30 30 30 30 30 30 30 30 30 30 30 30 30 30 30 0D
1779567727547,74 34 35 31 38 30 30 30 30 30 30 30 30 30 30 30 30 30 30 30 30 0D
1779567727559,74 34 35 35 38 45 37 46 46 30 36 30 30 39 46 46 46 30 30 30 30 0D
1779567727581,74 34 35 35 38 45 37 46 46 30 36 30 30 39 46 46 46 30 30 30 30 0D
1779567727589,74 34 35 31 38 30 30 30 30 30 30 30 30 30 30 30 30 30 30 30 30 0D
1779567727602,74 34 35 31 38 30 30 30 30 30 30 30 30 30 30 30 30 30 30 30 30 0D
1779567727612,74 34 35 35 38 45 37 46 46 30 36 30 30 39 46 46 46 30 30 30 30 0D
1779567727619,74 34 35 30 38 30 30 30 30 30 37 30 30 30 30 30 30 44 32 30 35 0D
1779567727630,74 34 35 31 38 30 30 30 30 30 30 30 30 30 30 30 30 30 30 30 30 0D
1779567727658,74 34 35 33 38 39 45 30 30 30 30 30 30 30 30 30 30 30 30 30 30 0D 74 34 35 34 38 30 31 30 30 30 30 30 30 30 30 30 30 30 30 30 30 0D 74 34 35 35 38 45 37 46 46 30 36 30 30 39 46 46 46 30 30 30
1779567727663,74 34 35 31 38 30 30 30 30 30 30 30 30 30 30 30 30 30 30 30 30 0D
1779567727692,74 34 35 35 38 45 41 46 46 30 38 30 30 39 45 46 46 30 30 30 30 0D
1779567727700,74 34 35 31 38 30 30 30 30 30 30 30 30 30 30 30 30 30 30 30 30 0D
1779567727713,74 34 35 35 38 45 41 46 46 30 38 30 30 39 45 46 46 30 30 30 30 0D
1779567727724,74 34 35 30 38 30 30 30 30 30 37 30 30 30 30 30 30 44 32 30 35 0D
1779567727730,74 34 35 31 38 30 30 30 30 30 30 30 30 30 30 30 30 30 30 30 30 0D
1779567727742,74 34 35 31 38 30 30 30 30 30 30 30 30 30 30 30 30 30 30 30 30 0D
1779567727750,74 34 35 35 38 45 41 46 46 30 38 30 30 39 45 46 46 30 30 30 30 0D
1779567727761,74 34 35 31 38 30 30 30 30 30 30 30 30 30 30 30 30 30 30 30 30 0D
1779567727782,74 34 35 35 38 45 41 46 46 30 38 30 30 39 45 46 46 30 30 30 30 0D
1779567727788,74 34 35 31 38 30 30 30 30 30 30 30 30 30 30 30 30 30 30 30 30 0D
1779567727792,74 34 35 35 38 45 41 46 46 30 38 30 30 39 45 46 46 30 30 30 30 0D
1779567727799,74 34 35 31 38 30 30 30 30 30 30 30 30 30 30 30 30 30 30 30 30 0D
1779567727813,74 34 35 35 38 45 41 46 46 30 38 30 30 39 45 46 46 30 30 30 30 0D
1779567727821,74 34 35 30 38 30 30 30 30 30 37 30 30 30 30 30 30 44 32 30 35 0D
1779567727830,74 34 35 31 38 30 30 30 30 30 30 30 30 30 30 30 30 30 30 30 30 0D
1779567727845,74 34 35 31 38 30 30 30 30 30 30 30 30 30 30 30 30 30 30 30 30 0D
1779567727857,74 34 35 35 38 45 41 46 46 30 38 30 30 39 45 46 46 30 30 30 30 0D
1779567727865,74 34 35 31 38 30 30 30 30 30 30 30 30 30 30 30 30 30 30 30 30 0D
1779567727872,74 34 35 35 38 45 41 46 46 30 36 30 30 39 45 46 46 30 30 30 30 0D
1779567727877,74 34 35 37 38 30 30 30 30 30 32 30 30 36 34 31 34 30 30 30 30 0D
1779567727884,74 34 35 31 38 30 30 30 30 30 30 30 30 30 30 30 30 30 30 30 30 0D
1779567727891,74 34 35 35 38 45 41 46 46 30 36 30 30 39 45 46 46 30 30 30 30 0D
1779567727898,74 34 35 31 38 30 30 30 30 30 30 30 30 30 30 30 30 30 30 30 30 0D
1779567727908,74 34 35 35 38 45 41 46 46 30 36 30 30 39 45 46 46 30 30 30 30 0D
1779567727921,74 34 35 30 38 30 30 30 30 30 37 30 30 30 30 30 30 44 32 30 35 0D
1779567727944,74 34 35 31 38 30 30 30 30 30 30 30 30 30 30 30 30 30 30 30 30 0D
1779567727949,74 34 35 31 38 30 30 30 30 30 30 30 30 30 30 30 30 30 30 30 30 0D
1779567727954,74 34 35 35 38 45 41 46 46 30 36 30 30 39 45 46 46 30 30 30 30 0D
1779567727957,74 34 35 31 38 30 30 30 30 30 30 30 30 30 30 30 30 30 30 30 30 0D
1779567727978,74 34 35 35 38 45 41 46 46 30 36 30 30 39 45 46 46 30 30 30 30 0D
1779567727982,74 34 35 31 38 30 30 30 30 30 30 30 30 30 30 30 30 30 30 30 30 0D
1779567727990,74 34 35 36 38 45 45 46 46 30 38 30 30 30 34 30 30 30 30 30 30 0D
1779567727997,74 34 35 31 38 30 30 30 30 30 30 30 30 30 30 30 30 30 30 30 30 0D
1779567728009,74 34 35 35 38 45 41 46 46 30 36 30 30 39 45 46 46 30 30 30 30 0D
1779567728029,74 34 35 30 38 30 30 30 30 30 37 30 30 30 30 30 30 44 32 30 35 0D
1779567728036,74 34 35 31 38 30 30 30 30 30 30 30 30 30 30 30 30 30 30 30 30 0D
1779567728042,74 34 35 31 38 30 30 30 30 30 30 30 30 30 30 30 30 30 30 30 30 0D
1779567728057,74 34 35 35 38 45 41 46 46 30 36 30 30 39 45 46 46 30 30 30 30 0D
1779567728062,74 34 35 31 38 30 30 30 30 30 30 30 30 30 30 30 30 30 30 30 30 0D
1779567728067,74 34 35 35 38 45 41 46 46 30 37 30 30 39 46 46 46 30 30 30 30 0D
1779567728079,74 34 35 37 38 30 30 30 30 30 31 30 30 36 34 31 34 30 30 30 30 0D
1779567728088,74 34 35 35 38 45 41 46 46 30 37 30 30 39 46 46 46 30 30 30 30 0D
1779567728099,74 34 35 31 38 30 30 30 30 30 30 30 30 30 30 30 30 30 30 30 30 0D
1779567728110,74 34 35 35 38 45 41 46 46 30 37 30 30 39 46 46 46 30 30 30 30 0D
1779567728123,74 34 35 30 38 30 30 30 30 30 37 30 30 30 30 30 30 44 32 30 35 0D
1779567728133,74 34 35 31 38 30 30 30 30 30 30 30 30 30 30 30 30 30 30 30 30 0D
1779567728143,74 34 35 31 38 30 30 30 30 30 30 30 30 30 30 30 30 30 30 30 30 0D
1779567728148,74 34 35 35 38 45 41 46 46 30 37 30 30 39 46 46 46 30 30 30 30 0D
1779567728167,74 34 35 31 38 30 30 30 30 30 30 30 30 30 30 30 30 30 30 30 30 0D
1779567728180,74 34 35 37 38 30 30 30 30 30 31 30 30 36 34 31 34 30 30 30 30 0D
1779567728189,74 34 35 35 38 45 41 46 46 30 37 30 30 39 46 46 46 30 30 30 30 0D
1779567728199,74 34 35 31 38 30 30 30 30 30 30 30 30 30 30 30 30 30 30 30 30 0D
1779567728211,74 34 35 35 38 45 41 46 46 30 37 30 30 39 46 46 46 30 30 30 30 0D
1779567728222,74 34 35 30 38 30 30 30 30 30 37 30 30 30 30 30 30 44 32 30 35 0D
1779567728230,74 34 35 31 38 30 30 30 30 30 30 30 30 30 30 30 30 30 30 30 30 0D
1779567728250,74 34 35 31 38 30 30 30 30 30 30 30 30 30 30 30 30 30 30 30 30 0D
1779567728255,74 34 35 35 38 45 41 46 46 30 37 30 30 39 46 46 46 30 30 30 30 0D
1779567728261,74 34 35 31 38 30 30 30 30 30 30 30 30 30 30 30 30 30 30 30 30 0D
1779567728295,74 34 35 35 38 45 41 46 46 30 36 30 30 39 46 46 46 30 30 30 30 0D
1779567728307,74 34 35 31 38 30 30 30 30 30 30 30 30 30 30 30 30 30 30 30 30 0D
1779567728313,74 34 35 35 38 45 41 46 46 30 36 30 30 39 46 46 46 30 30 30 30 0D
1779567728322,74 34 35 30 38 30 30 30 30 30 37 30 30 30 30 30 30 44 32 30 35 0D
1779567728331,74 34 35 31 38 30 30 30 30 30 30 30 30 30 30 30 30 30 30 30 30 0D
1779567728345,74 34 35 31 38 30 30 30 30 30 30 30 30 30 30 30 30 30 30 30 30 0D
1779567728356,74 34 35 35 38 45 41 46 46 30 36 30 30 39 46 46 46 30 30 30 30 0D
1779567728364,74 34 35 31 38 30 30 30 30 30 30 30 30 30 30 30 30 30 30 30 30 0D
1779567728374,74 34 35 37 38 30 30 30 30 30 30 30 30 36 34 31 34 30 30 30 30 0D
1779567728388,74 34 35 39 38 36 43 41 34 42 45 31 36 43 46 31 39 30 33 42 37 0D
1779567728399,74 34 35 31 38 30 30 30 30 30 30 30 30 30 30 30 30 30 30 30 30 0D
1779567728407,74 34 35 35 38 45 41 46 46 30 36 30 30 39 46 46 46 30 30 30 30 0D
1779567728424,74 34 35 30 38 30 30 30 30 30 37 30 30 30 30 30 30 44 32 30 35 0D
1779567728432,74 34 35 31 38 30 30 30 30 30 30 30 30 30 30 30 30 30 30 30 30 0D
1779567728439,74 34 35 31 38 30 30 30 30 30 30 30 30 30 30 30 30 30 30 30 30 0D
1779567728457,74 34 35 35 38 45 41 46 46 30 36 30 30 39 46 46 46 30 30 30 30 0D
1779567728466,74 34 35 31 38 30 30 30 30 30 30 30 30 30 30 30 30 30 30 30 30 0D
1779567728477,74 34 35 35 38 45 41 46 46 30 37 30 30 39 46 46 46 30 30 30 30 0D
1779567728483,74 34 35 31 38 30 30 30 30 30 30 30 30 30 30 30 30 30 30 30 30 0D
1779567728499,74 34 35 31 38 30 30 30 30 30 30 30 30 30 30 30 30 30 30 30 30 0D
1779567728512,74 34 35 35 38 45 41 46 46 30 37 30 30 39 46 46 46 30 30 30 30 0D
1779567728525,74 34 35 30 38 30 30 30 30 30 37 30 30 30 30 30 30 44 32 30 35 0D
1779567728537,74 34 35 31 38 30 30 30 30 30 30 30 30 30 30 30 30 30 30 30 30 0D
1779567728542,74 34 35 31 38 30 30 30 30 30 30 30 30 30 30 30 30 30 30 30 30 0D
1779567728550,74 34 35 35 38 45 41 46 46 30 37 30 30 39 46 46 46 30 30 30 30 0D
1779567728560,74 34 35 31 38 30 30 30 30 30 30 30 30 30 30 30 30 30 30 30 30 0D
1779567728590,74 34 35 35 38 45 41 46 46 30 37 30 30 39 46 46 46 30 30 30 30 0D
1779567728609,74 34 35 31 38 30 30 30 30 30 30 30 30 30 30 30 30 30 30 30 30 0D
1779567728617,74 34 35 35 38 45 41 46 46 30 37 30 30 39 46 46 46 30 30 30 30 0D
1779567728620,74 34 35 30 38 30 30 30 30 30 37 30 30 30 30 30 30 44 32 30 35 0D
1779567728634,74 34 35 31 38 30 30 30 30 30 30 30 30 30 30 30 30 30 30 30 30 0D
1779567728641,74 34 35 31 38 30 30 30 30 30 30 30 30 30 30 30 30 30 30 30 30 0D
1779567728656,74 34 35 35 38 45 41 46 46 30 37 30 30 39 46 46 46 30 30 30 30 0D
1779567728662,74 34 35 31 38 30 30 30 30 30 30 30 30 30 30 30 30 30 30 30 30 0D
1779567728672,74 34 35 35 38 45 41 46 46 30 36 30 30 39 46 46 46 30 30 30 30 0D
1779567728679,74 34 35 37 38 30 30 30 30 30 31 30 30 36 34 31 34 30 30 30 30 0D
1779567728689,74 34 35 39 38 36 43 41 34 42 45 31 36 43 44 31 39 30 33 42 37 0D
1779567728697,74 34 35 31 38 30 30 30 30 30 30 30 30 30 30 30 30 30 30 30 30 0D
1779567728708,74 34 35 35 38 45 41 46 46 30 36 30 30 39 46 46 46 30 30 30 30 0D
1779567728721,74 34 35 30 38 30 30 30 30 30 37 30 30 30 30 30 30 44 32 30 35 0D
1779567728736,74 34 35 31 38 30 30 30 30 30 30 30 30 30 30 30 30 30 30 30 30 0D
1779567728741,74 34 35 31 38 30 30 30 30 30 30 30 30 30 30 30 30 30 30 30 30 0D
1779567728752,74 34 35 35 38 45 41 46 46 30 36 30 30 39 46 46 46 30 30 30 30 0D
1779567728758,74 34 35 31 38 30 30 30 30 30 30 30 30 30 30 30 30 30 30 30 30 0D
1779567728770,74 34 35 35 38 45 41 46 46 30 36 30 30 39 46 46 46 30 30 30 30 0D
1779567728774,74 34 35 37 38 30 30 30 30 30 30 30 30 36 34 31 34 30 30 30 30 0D
1779567728789,74 34 35 39 38 36 41 41 34 42 45 31 36 43 42 31 39 30 33 42 37 0D
1779567728797,74 34 35 31 38 30 30 30 30 30 30 30 30 30 30 30 30 30 30 30 30 0D
1779567728807,74 34 35 35 38 45 41 46 46 30 36 30 30 39 46 46 46 30 30 30 30 0D
1779567728822,74 34 35 30 38 30 30 30 30 30 37 30 30 30 30 30 30 44 32 30 35 0D
1779567728830,74 34 35 31 38 30 30 30 30 30 30 30 30 30 30 30 30 30 30 30 30 0D
1779567728842,74 34 35 31 38 30 30 30 30 30 30 30 30 30 30 30 30 30 30 30 30 0D
1779567728854,74 34 35 35 38 45 41 46 46 30 36 30 30 39 46 46 46 30 30 30 30 0D
1779567728860,74 34 35 31 38 30 30 30 30 30 30 30 30 30 30 30 30 30 30 30 30 0D
1779567728875,74 34 35 35 38 45 41 46 46 30 37 30 30 39 46 46 46 30 30 30 30 0D
1779567728883,74 34 35 31 38 30 30 30 30 30 30 30 30 30 30 30 30 30 30 30 30 0D
1779567728888,74 34 35 35 38 45 41 46 46 30 37 30 30 39 46 46 46 30 30 30 30 0D
1779567728901,74 34 35 31 38 30 30 30 30 30 30 30 30 30 30 30 30 30 30 30 30 0D
1779567728906,74 34 35 35 38 45 41 46 46 30 37 30 30 39 46 46 46 30 30 30 30 0D
1779567728925,74 34 35 30 38 30 30 30 30 30 37 30 30 30 30 30 30 44 32 30 35 0D
1779567728936,74 34 35 31 38 30 30 30 30 30 30 30 30 30 30 30 30 30 30 30 30 0D
1779567728942,74 34 35 31 38 30 30 30 30 30 30 30 30 30 30 30 30 30 30 30 30 0D
1779567728947,74 34 35 35 38 45 41 46 46 30 37 30 30 39 46 46 46 30 30 30 30 0D
1779567728962,74 34 35 31 38 30 30 30 30 30 30 30 30 30 30 30 30 30 30 30 30 0D
1779567728991,74 34 35 35 38 45 41 46 46 30 37 30 30 39 46 46 46 30 30 30 30 0D
1779567729006,74 34 35 31 38 30 30 30 30 30 30 30 30 30 30 30 30 30 30 30 30 0D
1779567729014,74 34 35 35 38 45 41 46 46 30 37 30 30 39 46 46 46 30 30 30 30 0D
1779567729021,74 34 35 30 38 30 30 30 30 30 37 30 30 30 30 30 30 44 32 30 35 0D
1779567729041,74 34 35 31 38 30 30 30 30 30 30 30 30 30 30 30 30 30 30 30 30 0D
1779567729048,74 34 35 31 38 30 30 30 30 30 30 30 30 30 30 30 30 30 30 30 30 0D
1779567729065,74 34 35 31 38 30 30 30 30 30 30 30 30 30 30 30 30 30 30 30 30 0D
1779567729081,74 34 35 35 38 45 41 46 46 30 37 30 30 39 46 46 46 30 30 30 30 0D
1779567729086,74 34 35 31 38 30 30 30 30 30 30 30 30 30 30 30 30 30 30 30 30 0D
1779567729091,74 34 35 36 38 45 44 46 46 30 37 30 30 30 34 30 30 30 30 30 30 0D
1779567729103,74 34 35 31 38 30 30 30 30 30 30 30 30 30 30 30 30 30 30 30 30 0D
1779567729112,74 34 35 35 38 45 41 46 46 30 37 30 30 39 46 46 46 30 30 30 30 0D
1779567729120,74 34 35 30 38 30 30 30 30 30 37 30 30 30 30 30 30 44 32 30 35 0D
1779567729134,74 34 35 31 38 30 30 30 30 30 30 30 30 30 30 30 30 30 30 30 30 0D
1779567729141,74 34 35 31 38 30 30 30 30 30 30 30 30 30 30 30 30 30 30 30 30 0D
1779567729152,74 34 35 35 38 45 42 46 46 30 37 30 30 39 46 46 46 30 30 30 30 0D
1779567729158,74 34 35 31 38 30 30 30 30 30 30 30 30 30 30 30 30 30 30 30 30 0D
1779567729177,74 34 35 35 38 45 42 46 46 30 37 30 30 39 46 46 46 30 30 30 30 0D
1779567729182,74 34 35 31 38 30 30 30 30 30 30 30 30 30 30 30 30 30 30 30 30 0D
1779567729192,74 34 35 36 38 45 44 46 46 30 37 30 30 30 34 30 30 30 30 30 30 0D
1779567729201,74 34 35 31 38 30 30 30 30 30 30 30 30 30 30 30 30 30 30 30 30 0D
1779567729207,74 34 35 35 38 45 42 46 46 30 37 30 30 39 46 46 46 30 30 30 30 0D
1779567729223,74 34 35 30 38 30 30 30 30 30 37 30 30 30 30 30 30 44 32 30 35 0D
1779567729230,74 34 35 31 38 30 30 30 30 30 30 30 30 30 30 30 30 30 30 30 30 0D
1779567729238,74 34 35 31 38 30 30 30 30 30 30 30 30 30 30 30 30 30 30 30 30 0D
1779567729252,74 34 35 35 38 45 42 46 46 30 37 30 30 39 46 46 46 30 30 30 30 0D
1779567729257,74 34 35 31 38 30 30 30 30 30 30 30 30 30 30 30 30 30 30 30 30 0D
1779567729274,74 34 35 37 38 30 30 30 30 30 30 30 30 36 34 31 34 30 30 30 30 0D
1779567729289,74 34 35 39 38 36 39 41 34 42 45 31 36 43 34 31 39 30 33 42 37 0D
1779567729301,74 34 35 31 38 30 30 30 30 30 30 30 30 30 30 30 30 30 30 30 30 0D
1779567729309,74 34 35 35 38 45 42 46 46 30 37 30 30 39 46 46 46 30 30 30 30 0D
1779567729320,74 34 35 30 38 30 30 30 30 30 37 30 30 30 30 30 30 44 32 30 35 0D
1779567729338,74 34 35 31 38 30 30 30 30 30 30 30 30 30 30 30 30 30 30 30 30 0D
1779567729346,74 34 35 31 38 30 30 30 30 30 30 30 30 30 30 30 30 30 30 30 30 0D
1779567729350,74 34 35 35 38 45 41 46 46 30 37 30 30 39 46 46 46 30 30 30 30 0D
1779567729358,74 34 35 31 38 30 30 30 30 30 30 30 30 30 30 30 30 30 30 30 30 0D
1779567729378,74 34 35 35 38 45 41 46 46 30 37 30 30 39 46 46 46 30 30 30 30 0D
1779567729383,74 34 35 31 38 30 30 30 30 30 30 30 30 30 30 30 30 30 30 30 30 0D
1779567729389,74 34 35 35 38 45 41 46 46 30 37 30 30 39 46 46 46 30 30 30 30 0D
1779567729407,74 34 35 31 38 30 30 30 30 30 30 30 30 30 30 30 30 30 30 30 30 0D
1779567729419,74 34 35 35 38 45 41 46 46 30 37 30 30 39 46 46 46 30 30 30 30 0D
1779567729436,74 34 35 31 38 30 30 30 30 30 30 30 30 30 30 30 30 30 30 30 30 0D
1779567729442,74 34 35 31 38 30 30 30 30 30 30 30 30 30 30 30 30 30 30 30 30 0D
1779567729446,74 34 35 35 38 45 41 46 46 30 37 30 30 39 46 46 46 30 30 30 30 0D
1779567729461,74 34 35 31 38 30 30 30 30 30 30 30 30 30 30 30 30 30 30 30 30 0D
1779567729483,74 34 35 35 38 45 41 46 46 30 37 30 30 39 46 46 46 30 30 30 30 0D
1779567729489,74 34 35 31 38 30 30 30 30 30 30 30 30 30 30 30 30 30 30 30 30 0D
1779567729503,74 34 35 31 38 30 30 30 30 30 30 30 30 30 30 30 30 30 30 30 30 0D
1779567729512,74 34 35 35 38 45 41 46 46 30 37 30 30 39 46 46 46 30 30 30 30 0D
1779567729521,74 34 35 30 38 30 30 30 30 30 37 30 30 30 30 30 30 44 32 30 35 0D
1779567729536,74 34 35 31 38 30 30 30 30 30 30 30 30 30 30 30 30 30 30 30 30 0D
1779567729544,74 34 35 31 38 30 30 30 30 30 30 30 30 30 30 30 30 30 30 30 30 0D
1779567729554,74 34 35 35 38 45 39 46 46 30 37 30 30 39 46 46 46 30 30 30 30 0D
1779567729560,74 34 35 31 38 30 30 30 30 30 30 30 30 30 30 30 30 30 30 30 30 0D
1779567729594,74 34 35 35 38 45 39 46 46 30 37 30 30 39 46 46 46 30 30 30 30 0D
1779567729607,74 34 35 31 38 30 30 30 30 30 30 30 30 30 30 30 30 30 30 30 30 0D
1779567729612,74 34 35 35 38 45 39 46 46 30 37 30 30 39 46 46 46 30 30 30 30 0D
1779567729619,74 34 35 30 38 30 30 30 30 30 37 30 30 30 30 30 30 44 32 30 35 0D
1779567729639,74 34 35 31 38 30 30 30 30 30 30 30 30 30 30 30 30 30 30 30 30 0D
1779567729646,74 34 35 31 38 30 30 30 30 30 30 30 30 30 30 30 30 30 30 30 30 0D
1779567729651,74 34 35 35 38 45 39 46 46 30 37 30 30 39 46 46 46 30 30 30 30 0D
1779567729662,74 34 35 31 38 30 30 30 30 30 30 30 30 30 30 30 30 30 30 30 30 0D
1779567729686,74 34 35 35 38 45 39 46 46 30 37 30 30 39 46 46 46 30 30 30 30 0D
1779567729693,74 34 35 31 38 30 30 30 30 30 30 30 30 30 30 30 30 30 30 30 30 0D
1779567729701,74 34 35 35 38 45 39 46 46 30 37 30 30 39 46 46 46 30 30 30 30 0D
1779567729704,74 34 35 31 38 30 30 30 30 30 30 30 30 30 30 30 30 30 30 30 30 0D
1779567729710,74 34 35 35 38 45 39 46 46 30 37 30 30 39 46 46 46 30 30 30 30 0D
1779567729719,74 34 35 30 38 30 30 30 30 30 37 30 30 30 30 30 30 44 32 30 35 0D
1779567729732,74 34 35 31 38 30 30 30 30 30 30 30 30 30 30 30 30 30 30 30 30 0D
1779567729743,74 34 35 31 38 30 30 30 30 30 30 30 30 30 30 30 30 30 30 30 30 0D
1779567729758,74 34 35 35 38 45 41 46 46 30 37 30 30 39 45 46 46 30 30 30 30 0D
1779567729767,74 34 35 31 38 30 30 30 30 30 30 30 30 30 30 30 30 30 30 30 30 0D
1779567729796,74 34 35 35 38 45 41 46 46 30 37 30 30 39 45 46 46 30 30 30 30 0D
1779567729803,74 34 35 31 38 30 30 30 30 30 30 30 30 30 30 30 30 30 30 30 30 0D
1779567729811,74 34 35 35 38 45 41 46 46 30 37 30 30 39 45 46 46 30 30 30 30 0D
1779567729823,74 34 35 30 38 30 30 30 30 30 37 30 30 30 30 30 30 44 32 30 35 0D
1779567729832,74 34 35 32 38 38 43 30 30 30 30 30 30 30 30 30 30 32 37 30 30 0D 74 34 35 33 38 39 45 30 30 30 30 30 30 30 30 30 30 30 30 30 30 0D 74 34 35 34 38 30 31 30 30 30 30 30 30 30 30 30 30 30 30 30
1779567729840,74 34 35 31 38 30 30 30 30 30 30 30 30 30 30 30 30 30 30 30 30 0D
1779567729855,74 34 35 35 38 45 41 46 46 30 37 30 30 39 45 46 46 30 30 30 30 0D
1779567729867,74 34 35 31 38 30 30 30 30 30 30 30 30 30 30 30 30 30 30 30 30 0D
1779567729897,74 34 35 35 38 45 41 46 46 30 37 30 30 39 45 46 46 30 30 30 30 0D
1779567729902,74 34 35 31 38 30 30 30 30 30 30 30 30 30 30 30 30 30 30 30 30 0D
1779567729911,74 34 35 35 38 45 41 46 46 30 37 30 30 39 45 46 46 30 30 30 30 0D
1779567729919,74 34 35 30 38 30 30 30 30 30 37 30 30 30 30 30 30 44 32 30 35 0D
1779567729932,74 34 35 31 38 30 30 30 30 30 30 30 30 30 30 30 30 30 30 30 30 0D
1779567729940,74 34 35 31 38 30 30 30 30 30 30 30 30 30 30 30 30 30 30 30 30 0D
1779567729948,74 34 35 35 38 45 41 46 46 30 37 30 30 39 46 46 46 30 30 30 30 0D
1779567729960,74 34 35 31 38 30 30 30 30 30 30 30 30 30 30 30 30 30 30 30 30 0D
1779567729998,74 34 35 35 38 45 41 46 46 30 37 30 30 39 46 46 46 30 30 30 30 0D
1779567730006,74 34 35 31 38 30 30 30 30 30 30 30 30 30 30 30 30 30 30 30 30 0D
1779567730018,74 34 35 35 38 45 41 46 46 30 37 30 30 39 46 46 46 30 30 30 30 0D
1779567730024,74 34 35 30 38 30 30 30 30 30 37 30 30 30 30 30 30 44 32 30 35 0D
1779567730037,74 34 35 34 38 30 31 30 30 30 30 30 30 30 30 30 30 30 30 30 30 0D 74 34 35 35 38 45 41 46 46 30 37 30 30 39 46 46 46 30 30 30 30 0D 74 34 35 36 38 45 45 46 46 30 37 30 30 30 34 30 30 30 30 30
1779567730044,74 34 35 31 38 30 30 30 30 30 30 30 30 30 30 30 30 30 30 30 30 0D
1779567730050,74 34 35 35 38 45 41 46 46 30 37 30 30 39 46 46 46 30 30 30 30 0D
1779567730064,74 34 35 31 38 30 30 30 30 30 30 30 30 30 30 30 30 30 30 30 30 0D
1779567730082,74 34 35 36 38 45 45 46 46 30 37 30 30 30 34 30 30 30 30 30 30 0D
1779567730086,74 34 35 31 38 30 30 30 30 30 30 30 30 30 30 30 30 30 30 30 30 0D
1779567730090,74 34 35 35 38 45 41 46 46 30 37 30 30 39 46 46 46 30 30 30 30 0D
1779567730099,74 34 35 31 38 30 30 30 30 30 30 30 30 30 30 30 30 30 30 30 30 0D
1779567730114,74 34 35 35 38 45 41 46 46 30 37 30 30 39 46 46 46 30 30 30 30 0D
1779567730119,74 34 35 30 38 30 30 30 30 30 37 30 30 30 30 30 30 44 32 30 35 0D
1779567730133,74 34 35 31 38 30 30 30 30 30 30 30 30 30 30 30 30 30 30 30 30 0D
1779567730149,74 34 35 31 38 30 30 30 30 30 30 30 30 30 30 30 30 30 30 30 30 0D
1779567730163,74 34 35 31 38 30 30 30 30 30 30 30 30 30 30 30 30 30 30 30 30 0D
1779567730182,74 34 35 35 38 45 41 46 46 30 37 30 30 39 46 46 46 30 30 30 30 0D
1779567730193,74 34 35 31 38 30 30 30 30 30 30 30 30 30 30 30 30 30 30 30 30 0D
1779567730201,74 34 35 31 38 30 30 30 30 30 30 30 30 30 30 30 30 30 30 30 30 0D
1779567730206,74 34 35 35 38 45 41 46 46 30 37 30 30 39 46 46 46 30 30 30 30 0D
1779567730219,74 34 35 30 38 30 30 30 30 30 37 30 30 30 30 30 30 44 32 30 35 0D
1779567730233,74 34 35 31 38 30 30 30 30 30 30 30 30 30 30 30 30 30 30 30 30 0D
1779567730241,74 34 35 31 38 30 30 30 30 30 30 30 30 30 30 30 30 30 30 30 30 0D
1779567730250,74 34 35 35 38 45 41 46 46 30 37 30 30 39 46 46 46 30 30 30 30 0D
1779567730259,74 34 35 31 38 30 30 30 30 30 30 30 30 30 30 30 30 30 30 30 30 0D
1779567730268,74 34 35 35 38 45 41 46 46 30 37 30 30 39 46 46 46 30 30 30 30 0D
1779567730274,74 34 35 37 38 30 30 30 30 30 30 30 30 36 34 31 34 30 30 30 30 0D
1779567730283,74 34 35 31 38 30 30 30 30 30 30 30 30 30 30 30 30 30 30 30 30 0D
1779567730288,74 34 35 35 38 45 41 46 46 30 37 30 30 39 46 46 46 30 30 30 30 0D
1779567730300,74 34 35 31 38 30 30 30 30 30 30 30 30 30 30 30 30 30 30 30 30 0D
1779567730313,74 34 35 35 38 45 41 46 46 30 37 30 30 39 46 46 46 30 30 30 30 0D
1779567730319,74 34 35 30 38 30 30 30 30 30 37 30 30 30 30 30 30 44 32 30 35 0D
1779567730332,74 34 35 31 38 30 30 30 30 30 30 30 30 30 30 30 30 30 30 30 30 0D
1779567730338,74 34 35 31 38 30 30 30 30 30 30 30 30 30 30 30 30 30 30 30 30 0D
1779567730354,74 34 35 35 38 45 41 46 46 30 37 30 30 39 46 46 46 30 30 30 30 0D
1779567730364,74 34 35 31 38 30 30 30 30 30 30 30 30 30 30 30 30 30 30 30 30 0D
1779567730381,74 34 35 35 38 45 41 46 46 30 37 30 30 39 46 46 46 30 30 30 30 0D
1779567730391,74 34 35 35 38 45 41 46 46 30 37 30 30 39 46 46 46 30 30 30 30 0D
1779567730400,74 34 35 31 38 30 30 30 30 30 30 30 30 30 30 30 30 30 30 30 30 0D
1779567730415,74 34 35 35 38 45 41 46 46 30 37 30 30 39 46 46 46 30 30 30 30 0D
1779567730422,74 34 35 30 38 30 30 30 30 30 37 30 30 30 30 30 30 44 32 30 35 0D
1779567730431,74 34 35 31 38 30 30 30 30 30 30 30 30 30 30 30 30 30 30 30 30 0D
1779567730437,74 34 35 31 38 30 30 30 30 30 30 30 30 30 30 30 30 30 30 30 30 0D
1779567730451,74 34 35 35 38 45 41 46 46 30 37 30 30 39 46 46 46 30 30 30 30 0D
1779567730460,74 34 35 31 38 30 30 30 30 30 30 30 30 30 30 30 30 30 30 30 30 0D
1779567730470,74 34 35 35 38 45 41 46 46 30 37 30 30 39 46 46 46 30 30 30 30 0D
1779567730480,74 34 35 37 38 30 30 30 30 30 30 30 30 36 34 31 34 30 30 30 30 0D
1779567730483,74 34 35 31 38 30 30 30 30 30 30 30 30 30 30 30 30 30 30 30 30 0D
1779567730493,74 34 35 35 38 45 41 46 46 30 37 30 30 39 46 46 46 30 30 30 30 0D
1779567730501,74 34 35 31 38 30 30 30 30 30 30 30 30 30 30 30 30 30 30 30 30 0D
1779567730510,74 34 35 35 38 45 41 46 46 30 37 30 30 39 46 46 46 30 30 30 30 0D
1779567730517,74 34 35 30 38 30 30 30 30 30 37 30 30 30 30 30 30 44 32 30 35 0D
1779567730542,74 34 35 31 38 30 30 30 30 30 30 30 30 30 30 30 30 30 30 30 30 0D 74 34 35 31 38 30 30 30 30 30 30 30 30 30 30 30 30 30 30 30 30 0D
1779567730553,74 34 35 36 38 45 45 46 46 30 38 30 30 30 34 30 30 30 30 30 30 0D
1779567730562,74 34 35 31 38 30 30 30 30 30 30 30 30 30 30 30 30 30 30 30 30 0D
1779567730568,74 34 35 35 38 45 41 46 46 30 37 30 30 39 46 46 46 30 30 30 30 0D
1779567730573,74 34 35 37 38 30 30 30 30 30 31 30 30 36 34 31 34 30 31 30 30 0D
1779567730582,74 34 35 31 38 30 30 30 30 30 30 30 30 30 30 30 30 30 30 30 30 0D
1779567730596,74 34 35 35 38 45 41 46 46 30 37 30 30 39 46 46 46 30 30 30 30 0D
1779567730603,74 34 35 31 38 30 30 30 30 30 30 30 30 30 30 30 30 30 30 30 30 0D
1779567730610,74 34 35 35 38 45 41 46 46 30 37 30 30 39 46 46 46 30 30 30 30 0D
1779567730620,74 34 35 30 38 30 30 30 30 30 37 30 30 30 30 30 30 44 32 30 35 0D
1779567730633,74 34 35 31 38 30 30 30 30 30 30 30 30 30 30 30 30 30 30 30 30 0D
1779567730638,74 34 35 31 38 30 30 30 30 30 30 30 30 30 30 30 30 30 30 30 30 0D
1779567730650,74 34 35 35 38 45 41 46 46 30 37 30 30 39 46 46 46 30 30 30 30 0D
1779567730663,74 34 35 31 38 30 30 30 30 30 30 30 30 30 30 30 30 30 30 30 30 0D
1779567730678,74 34 35 35 38 45 41 46 46 30 37 30 30 39 46 46 46 30 30 30 30 0D
1779567730685,74 34 35 31 38 30 30 30 30 30 30 30 30 30 30 30 30 30 30 30 30 0D
1779567730688,74 34 35 35 38 45 41 46 46 30 37 30 30 39 46 46 46 30 30 30 30 0D
1779567730701,74 34 35 31 38 30 30 30 30 30 30 30 30 30 30 30 30 30 30 30 30 0D
1779567730711,74 34 35 35 38 45 41 46 46 30 37 30 30 39 46 46 46 30 30 30 30 0D
1779567730719,74 34 35 30 38 30 30 30 30 30 37 30 30 30 30 30 30 44 32 30 35 0D
1779567730734,74 34 35 31 38 30 30 30 30 30 30 30 30 30 30 30 30 30 30 30 30 0D
1779567730739,74 34 35 31 38 30 30 30 30 30 30 30 30 30 30 30 30 30 30 30 30 0D
1779567730749,74 34 35 35 38 45 41 46 46 30 37 30 30 39 45 46 46 30 30 30 30 0D
1779567730763,74 34 35 31 38 30 30 30 30 30 30 30 30 30 30 30 30 30 30 30 30 0D
1779567730781,74 34 35 35 38 45 41 46 46 30 37 30 30 39 45 46 46 30 30 30 30 0D
1779567730787,74 34 35 31 38 30 30 30 30 30 30 30 30 30 30 30 30 30 30 30 30 0D
1779567730789,74 34 35 35 38 45 41 46 46 30 37 30 30 39 45 46 46 30 30 30 30 0D
1779567730800,74 34 35 31 38 30 30 30 30 30 30 30 30 30 30 30 30 30 30 30 30 0D
1779567730814,74 34 35 35 38 45 41 46 46 30 37 30 30 39 45 46 46 30 30 30 30 0D
1779567730822,74 34 35 30 38 30 30 30 30 30 37 30 30 30 30 30 30 44 32 30 35 0D
1779567730832,74 34 35 31 38 30 30 30 30 30 30 30 30 30 30 30 30 30 30 30 30 0D
1779567730839,74 34 35 31 38 30 30 30 30 30 30 30 30 30 30 30 30 30 30 30 30 0D
1779567730848,74 34 35 35 38 45 41 46 46 30 37 30 30 39 45 46 46 30 30 30 30 0D
1779567730864,74 34 35 31 38 30 30 30 30 30 30 30 30 30 30 30 30 30 30 30 30 0D
1779567730890,74 34 35 35 38 45 41 46 46 30 37 30 30 39 45 46 46 30 30 30 30 0D
1779567730900,74 34 35 31 38 30 30 30 30 30 30 30 30 30 30 30 30 30 30 30 30 0D
1779567730912,74 34 35 35 38 45 41 46 46 30 37 30 30 39 45 46 46 30 30 30 30 0D
1779567730920,74 34 35 30 38 30 30 30 30 30 37 30 30 30 30 30 30 44 32 30 35 0D
1779567730933,74 34 35 34 38 30 31 30 30 30 30 30 30 30 30 30 30 30 30 30 30 0D
1779567730937,74 34 35 31 38 30 30 30 30 30 30 30 30 30 30 30 30 30 30 30 30 0D
1779567730947,74 34 35 35 38 45 41 46 46 30 38 30 30 39 46 46 46 30 30 30 30 0D
1779567730963,74 34 35 31 38 30 30 30 30 30 30 30 30 30 30 30 30 30 30 30 30 0D
1779567731000,74 34 35 35 38 45 41 46 46 30 38 30 30 39 46 46 46 30 30 30 30 0D
1779567731009,74 34 35 31 38 30 30 30 30 30 30 30 30 30 30 30 30 30 30 30 30 0D
1779567731013,74 34 35 35 38 45 41 46 46 30 38 30 30 39 46 46 46 30 30 30 30 0D
1779567731016,74 34 35 30 38 30 30 30 30 30 37 30 30 30 30 30 30 44 32 30 35 0D
1779567731033,74 34 35 31 38 30 30 30 30 30 30 30 30 30 30 30 30 30 30 30 30 0D
1779567731038,74 34 35 31 38 30 30 30 30 30 30 30 30 30 30 30 30 30 30 30 30 0D
1779567731054,74 34 35 35 38 45 41 46 46 30 38 30 30 39 46 46 46 30 30 30 30 0D
1779567731063,74 34 35 31 38 30 30 30 30 30 30 30 30 30 30 30 30 30 30 30 30 0D
1779567731078,74 34 35 35 38 45 41 46 46 30 38 30 30 39 46 46 46 30 30 30 30 0D
1779567731081,74 34 35 31 38 30 30 30 30 30 30 30 30 30 30 30 30 30 30 30 30 0D
1779567731095,74 34 35 35 38 45 41 46 46 30 38 30 30 39 46 46 46 30 30 30 30 0D
1779567731100,74 34 35 31 38 30 30 30 30 30 30 30 30 30 30 30 30 30 30 30 30 0D
1779567731117,74 34 35 35 38 45 41 46 46 30 38 30 30 39 46 46 46 30 30 30 30 0D
1779567731124,74 34 35 30 38 30 30 30 30 30 37 30 30 30 30 30 30 44 32 30 35 0D
1779567731137,74 34 35 31 38 30 30 30 30 30 30 30 30 30 30 30 30 30 30 30 30 0D
1779567731140,74 34 35 31 38 30 30 30 30 30 30 30 30 30 30 30 30 30 30 30 30 0D
1779567731153,74 34 35 36 38 45 44 46 46 30 37 30 30 30 35 30 30 30 30 30 30 0D
1779567731160,74 34 35 31 38 30 30 30 30 30 30 30 30 30 30 30 30 30 30 30 30 0D
1779567731168,74 34 35 35 38 45 41 46 46 30 37 30 30 39 46 46 46 30 30 30 30 0D
1779567731174,74 34 35 37 38 30 30 30 30 30 31 30 30 36 34 31 34 30 30 30 30 0D
1779567731192,74 34 35 39 38 36 33 41 34 42 45 31 36 42 33 31 39 30 33 42 37 0D
1779567731200,74 34 35 31 38 30 30 30 30 30 30 30 30 30 30 30 30 30 30 30 30 0D
1779567731212,74 34 35 35 38 45 41 46 46 30 37 30 30 39 46 46 46 30 30 30 30 0D
1779567731220,74 34 35 30 38 30 30 30 30 30 37 30 30 30 30 30 30 44 32 30 35 0D
1779567731233,74 34 35 31 38 30 30 30 30 30 30 30 30 30 30 30 30 30 30 30 30 0D
1779567731237,74 34 35 31 38 30 30 30 30 30 30 30 30 30 30 30 30 30 30 30 30 0D
1779567731255,74 34 35 35 38 45 41 46 46 30 37 30 30 39 46 46 46 30 30 30 30 0D
1779567731261,74 34 35 31 38 30 30 30 30 30 30 30 30 30 30 30 30 30 30 30 30 0D
1779567731272,74 34 35 35 38 45 41 46 46 30 37 30 30 39 46 46 46 30 30 30 30 0D
1779567731295,74 34 35 37 38 30 30 30 30 30 30 30 30 36 34 31 34 30 30 30 30 0D
1779567731300,74 34 35 31 38 30 30 30 30 30 30 30 30 30 30 30 30 30 30 30 30 0D
1779567731310,74 34 35 35 38 45 41 46 46 30 37 30 30 39 46 46 46 30 30 30 30 0D
1779567731316,74 34 35 30 38 30 30 30 30 30 37 30 30 30 30 30 30 44 32 30 35 0D
1779567731332,74 34 35 31 38 30 30 30 30 30 30 30 30 30 30 30 30 30 30 30 30 0D
1779567731340,74 34 35 31 38 30 30 30 30 30 30 30 30 30 30 30 30 30 30 30 30 0D
1779567731354,74 34 35 35 38 45 42 46 46 30 37 30 30 39 46 46 46 30 30 30 30 0D
1779567731364,74 34 35 31 38 30 30 30 30 30 30 30 30 30 30 30 30 30 30 30 30 0D
1779567731392,74 34 35 35 38 45 42 46 46 30 37 30 30 39 46 46 46 30 30 30 30 0D
1779567731400,74 34 35 31 38 30 30 30 30 30 30 30 30 30 30 30 30 30 30 30 30 0D
1779567731413,74 34 35 35 38 45 42 46 46 30 37 30 30 39 46 46 46 30 30 30 30 0D
1779567731419,74 34 35 30 38 30 30 30 30 30 37 30 30 30 30 30 30 44 32 30 35 0D
1779567731434,74 34 35 31 38 30 30 30 30 30 30 30 30 30 30 30 30 30 30 30 30 0D
1779567731444,74 34 35 31 38 30 30 30 30 30 30 30 30 30 30 30 30 30 30 30 30 0D
1779567731453,74 34 35 35 38 45 42 46 46 30 37 30 30 39 46 46 46 30 30 30 30 0D
1779567731462,74 34 35 31 38 30 30 30 30 30 30 30 30 30 30 30 30 30 30 30 30 0D
1779567731478,74 34 35 35 38 45 42 46 46 30 37 30 30 39 46 46 46 30 30 30 30 0D
1779567731485,74 34 35 31 38 30 30 30 30 30 30 30 30 30 30 30 30 30 30 30 30 0D
1779567731502,74 34 35 31 38 30 30 30 30 30 30 30 30 30 30 30 30 30 30 30 30 0D
1779567731521,74 34 35 30 38 30 30 30 30 30 37 30 30 30 30 30 30 44 32 30 35 0D
1779567731535,74 34 35 31 38 30 30 30 30 30 30 30 30 30 30 30 30 30 30 30 30 0D
1779567731542,74 34 35 31 38 30 30 30 30 30 30 30 30 30 30 30 30 30 30 30 30 0D
1779567731552,74 34 35 35 38 45 42 46 46 30 37 30 30 39 46 46 46 30 30 30 30 0D
1779567731559,74 34 35 31 38 30 30 30 30 30 30 30 30 30 30 30 30 30 30 30 30 0D
1779567731586,74 34 35 35 38 45 42 46 46 30 37 30 30 39 46 46 46 30 30 30 30 0D
1779567731604,74 34 35 31 38 30 30 30 30 30 30 30 30 30 30 30 30 30 30 30 30 0D
1779567731614,74 34 35 35 38 45 42 46 46 30 37 30 30 39 46 46 46 30 30 30 30 0D
1779567731619,74 34 35 30 38 30 30 30 30 30 37 30 30 30 30 30 30 44 32 30 35 0D
1779567731631,74 34 35 31 38 30 30 30 30 30 30 30 30 30 30 30 30 30 30 30 30 0D
1779567731641,74 34 35 31 38 30 30 30 30 30 30 30 30 30 30 30 30 30 30 30 30 0D
1779567731648,74 34 35 35 38 45 42 46 46 30 37 30 30 39 46 46 46 30 30 30 30 0D
1779567731661,74 34 35 31 38 30 30 30 30 30 30 30 30 30 30 30 30 30 30 30 30 0D
1779567731679,74 34 35 35 38 45 42 46 46 30 37 30 30 39 46 46 46 30 30 30 30 0D
1779567731687,74 34 35 31 38 30 30 30 30 30 30 30 30 30 30 30 30 30 30 30 30 0D
1779567731692,74 34 35 35 38 45 42 46 46 30 37 30 30 39 46 46 46 30 30 30 30 0D
1779567731703,74 34 35 31 38 30 30 30 30 30 30 30 30 30 30 30 30 30 30 30 30 0D
1779567731712,74 34 35 35 38 45 42 46 46 30 37 30 30 39 46 46 46 30 30 30 30 0D
1779567731717,74 34 35 30 38 30 30 30 30 30 37 30 30 30 30 30 30 44 32 30 35 0D
1779567731733,74 34 35 31 38 30 30 30 30 30 30 30 30 30 30 30 30 30 30 30 30 0D
1779567731738,74 34 35 31 38 30 30 30 30 30 30 30 30 30 30 30 30 30 30 30 30 0D
1779567731753,74 34 35 35 38 45 41 46 46 30 37 30 30 39 46 46 46 30 30 30 30 0D
1779567731757,74 34 35 31 38 30 30 30 30 30 30 30 30 30 30 30 30 30 30 30 30 0D
1779567731779,74 34 35 35 38 45 41 46 46 30 37 30 30 39 46 46 46 30 30 30 30 0D
1779567731787,74 34 35 31 38 30 30 30 30 30 30 30 30 30 30 30 30 30 30 30 30 0D
1779567731790,74 34 35 35 38 45 41 46 46 30 37 30 30 39 46 46 46 30 30 30 30 0D
1779567731800,74 34 35 31 38 30 30 30 30 30 30 30 30 30 30 30 30 30 30 30 30 0D
1779567731813,74 34 35 35 38 45 41 46 46 30 37 30 30 39 46 46 46 30 30 30 30 0D
1779567731821,74 34 35 30 38 30 30 30 30 30 37 30 30 30 30 30 30 44 32 30 35 0D
1779567731834,74 34 35 31 38 30 30 30 30 30 30 30 30 30 30 30 30 30 30 30 30 0D
1779567731841,74 34 35 31 38 30 30 30 30 30 30 30 30 30 30 30 30 30 30 30 30 0D
1779567731854,74 34 35 35 38 45 41 46 46 30 37 30 30 39 46 46 46 30 30 30 30 0D
1779567731862,74 34 35 31 38 30 30 30 30 30 30 30 30 30 30 30 30 30 30 30 30 0D
1779567731882,74 34 35 35 38 45 41 46 46 30 37 30 30 39 46 46 46 30 30 30 30 0D
1779567731891,74 34 35 31 38 30 30 30 30 30 30 30 30 30 30 30 30 30 30 30 30 0D
1779567731899,74 34 35 31 38 30 30 30 30 30 30 30 30 30 30 30 30 30 30 30 30 0D
1779567731912,74 34 35 35 38 45 41 46 46 30 37 30 30 39 46 46 46 30 30 30 30 0D
1779567731919,74 34 35 30 38 30 30 30 30 30 37 30 30 30 30 30 30 44 32 30 35 0D
1779567731928,74 34 35 31 38 30 30 30 30 30 30 30 30 30 30 30 30 30 30 30 30 0D
1779567731940,74 34 35 31 38 30 30 30 30 30 30 30 30 30 30 30 30 30 30 30 30 0D
1779567731950,74 34 35 35 38 45 41 46 46 30 37 30 30 39 46 46 46 30 30 30 30 0D
1779567731961,74 34 35 31 38 30 30 30 30 30 30 30 30 30 30 30 30 30 30 30 30 0D
1779567731983,74 34 35 35 38 45 41 46 46 30 37 30 30 39 46 46 46 30 30 30 30 0D
1779567731990,74 34 35 31 38 30 30 30 30 30 30 30 30 30 30 30 30 30 30 30 30 0D
1779567732000,74 34 35 31 38 30 30 30 30 30 30 30 30 30 30 30 30 30 30 30 30 0D
1779567732012,74 34 35 35 38 45 41 46 46 30 37 30 30 39 46 46 46 30 30 30 30 0D
1779567732023,74 34 35 30 38 30 30 30 30 30 37 30 30 30 30 30 30 44 32 30 35 0D
1779567732034,74 34 35 31 38 30 30 30 30 30 30 30 30 30 30 30 30 30 30 30 30 0D
1779567732048,74 34 35 31 38 30 30 30 30 30 30 30 30 30 30 30 30 30 30 30 30 0D
1779567732087,74 34 35 35 38 45 41 46 46 30 37 30 30 39 46 46 46 30 30 30 30 0D
1779567732100,74 34 35 31 38 30 30 30 30 30 30 30 30 30 30 30 30 30 30 30 30 0D
1779567732106,74 34 35 31 38 30 30 30 30 30 30 30 30 30 30 30 30 30 30 30 30 0D
1779567732108,74 34 35 35 38 45 41 46 46 30 37 30 30 39 46 46 46 30 30 30 30 0D
1779567732118,74 34 35 30 38 30 30 30 30 30 37 30 30 30 30 30 30 44 32 30 35 0D
1779567732132,74 34 35 31 38 30 30 30 30 30 30 30 30 30 30 30 30 30 30 30 30 0D
1779567732144,74 34 35 31 38 30 30 30 30 30 30 30 30 30 30 30 30 30 30 30 30 0D
1779567732156,74 34 35 35 38 45 41 46 46 30 37 30 30 41 30 46 46 30 30 30 30 0D
1779567732162,74 34 35 31 38 30 30 30 30 30 30 30 30 30 30 30 30 30 30 30 30 0D
1779567732179,74 34 35 35 38 45 41 46 46 30 37 30 30 41 30 46 46 30 30 30 30 0D
1779567732184,74 34 35 31 38 30 30 30 30 30 30 30 30 30 30 30 30 30 30 30 30 0D
1779567732196,74 34 35 31 38 30 30 30 30 30 30 30 30 30 30 30 30 30 30 30 30 0D
1779567732212,74 34 35 35 38 45 41 46 46 30 37 30 30 41 30 46 46 30 30 30 30 0D
1779567732222,74 34 35 30 38 30 30 30 30 30 37 30 30 30 30 30 30 44 32 30 35 0D
1779567732236,74 34 35 31 38 30 30 30 30 30 30 30 30 30 30 30 30 30 30 30 30 0D
1779567732243,74 34 35 31 38 30 30 30 30 30 30 30 30 30 30 30 30 30 30 30 30 0D
1779567732253,74 34 35 35 38 45 41 46 46 30 37 30 30 41 30 46 46 30 30 30 30 0D
1779567732262,74 34 35 31 38 30 30 30 30 30 30 30 30 30 30 30 30 30 30 30 30 0D
1779567732288,74 34 35 35 38 45 41 46 46 30 37 30 30 41 30 46 46 30 30 30 30 0D
1779567732294,74 34 35 35 38 45 41 46 46 30 37 30 30 41 30 46 46 30 30 30 30 0D
1779567732301,74 34 35 31 38 30 30 30 30 30 30 30 30 30 30 30 30 30 30 30 30 0D
1779567732311,74 34 35 35 38 45 41 46 46 30 37 30 30 41 30 46 46 30 30 30 30 0D
1779567732321,74 34 35 30 38 30 30 30 30 30 37 30 30 30 30 30 30 44 32 30 35 0D
1779567732332,74 34 35 31 38 30 30 30 30 30 30 30 30 30 30 30 30 30 30 30 30 0D
1779567732343,74 34 35 31 38 30 30 30 30 30 30 30 30 30 30 30 30 30 30 30 30 0D
1779567732359,74 34 35 35 38 45 42 46 46 30 37 30 30 39 46 46 46 30 30 30 30 0D
1779567732368,74 34 35 31 38 30 30 30 30 30 30 30 30 30 30 30 30 30 30 30 30 0D
1779567732377,74 34 35 37 38 30 30 30 30 30 30 30 30 36 34 31 34 30 30 30 30 0D
1779567732393,74 34 35 39 38 36 32 41 34 42 45 31 36 41 42 31 39 30 33 42 37 0D
1779567732399,74 34 35 31 38 30 30 30 30 30 30 30 30 30 30 30 30 30 30 30 30 0D
1779567732409,74 34 35 35 38 45 42 46 46 30 37 30 30 39 46 46 46 30 30 30 30 0D
1779567732418,74 34 35 30 38 30 30 30 30 30 37 30 30 30 30 30 30 44 32 30 35 0D
1779567732431,74 34 35 31 38 30 30 30 30 30 30 30 30 30 30 30 30 30 30 30 30 0D
1779567732440,74 34 35 31 38 30 30 30 30 30 30 30 30 30 30 30 30 30 30 30 30 0D
1779567732461,74 34 35 35 38 45 42 46 46 30 37 30 30 39 46 46 46 30 30 30 30 0D
1779567732464,74 34 35 31 38 30 30 30 30 30 30 30 30 30 30 30 30 30 30 30 30 0D
1779567732498,74 34 35 35 38 45 42 46 46 30 37 30 30 39 46 46 46 30 30 30 30 0D
1779567732503,74 34 35 31 38 30 30 30 30 30 30 30 30 30 30 30 30 30 30 30 30 0D
1779567732514,74 34 35 35 38 45 42 46 46 30 37 30 30 39 46 46 46 30 30 30 30 0D
1779567732523,74 34 35 30 38 30 30 30 30 30 37 30 30 30 30 30 30 44 32 30 35 0D
1779567732529,74 34 35 31 38 30 30 30 30 30 30 30 30 30 30 30 30 30 30 30 30 0D
1779567732538,74 34 35 32 38 38 43 30 30 30 30 30 30 30 30 30 30 32 37 30 30 0D
1779567732541,74 34 35 31 38 30 30 30 30 30 30 30 30 30 30 30 30 30 30 30 30 0D
1779567732563,74 34 35 31 38 30 30 30 30 30 30 30 30 30 30 30 30 30 30 30 30 0D
1779567732589,74 34 35 35 38 45 42 46 46 30 37 30 30 39 46 46 46 30 30 30 30 0D
1779567732601,74 34 35 31 38 30 30 30 30 30 30 30 30 30 30 30 30 30 30 30 30 0D
1779567732614,74 34 35 35 38 45 42 46 46 30 37 30 30 39 46 46 46 30 30 30 30 0D
1779567732622,74 34 35 30 38 30 30 30 30 30 37 30 30 30 30 30 30 44 32 30 35 0D
1779567732631,74 34 35 31 38 30 30 30 30 30 30 30 30 30 30 30 30 30 30 30 30 0D
1779567732643,74 34 35 31 38 30 30 30 30 30 30 30 30 30 30 30 30 30 30 30 30 0D
1779567732660,74 34 35 35 38 45 42 46 46 30 37 30 30 39 46 46 46 30 30 30 30 0D
1779567732665,74 34 35 31 38 30 30 30 30 30 30 30 30 30 30 30 30 30 30 30 30 0D
1779567732683,74 34 35 37 38 30 30 30 30 30 30 30 30 36 34 31 34 30 30 30 30 0D
1779567732692,74 34 35 31 38 30 30 30 30 30 30 30 30 30 30 30 30 30 30 30 30 0D
1779567732698,74 34 35 31 38 30 30 30 30 30 30 30 30 30 30 30 30 30 30 30 30 0D
1779567732710,74 34 35 35 38 45 42 46 46 30 37 30 30 39 46 46 46 30 30 30 30 0D
1779567732722,74 34 35 30 38 30 30 30 30 30 37 30 30 30 30 30 30 44 32 30 35 0D
1779567732732,74 34 35 31 38 30 30 30 30 30 30 30 30 30 30 30 30 30 30 30 30 0D
1779567732744,74 34 35 31 38 30 30 30 30 30 30 30 30 30 30 30 30 30 30 30 30 0D
1779567732756,74 34 35 35 38 45 42 46 46 30 38 30 30 39 46 46 46 30 30 30 30 0D
1779567732762,74 34 35 31 38 30 30 30 30 30 30 30 30 30 30 30 30 30 30 30 30 0D
1779567732776,74 34 35 35 38 45 42 46 46 30 38 30 30 39 46 46 46 30 30 30 30 0D
1779567732791,74 34 35 37 38 30 30 30 30 30 30 30 30 36 34 31 34 30 31 30 30 0D
1779567732801,74 34 35 31 38 30 30 30 30 30 30 30 30 30 30 30 30 30 30 30 30 0D
1779567732819,74 34 35 35 38 45 42 46 46 30 38 30 30 39 46 46 46 30 30 30 30 0D
1779567732826,74 34 35 30 38 30 30 30 30 30 37 30 30 30 30 30 30 44 32 30 35 0D
1779567732842,74 34 35 31 38 30 30 30 30 30 30 30 30 30 30 30 30 30 30 30 30 0D
1779567732857,74 34 35 35 38 45 42 46 46 30 38 30 30 39 46 46 46 30 30 30 30 0D
1779567732864,74 34 35 31 38 30 30 30 30 30 30 30 30 30 30 30 30 30 30 30 30 0D
1779567732881,74 34 35 37 38 30 30 30 30 30 30 30 30 36 34 31 34 30 30 30 30 0D
1779567732888,74 34 35 31 38 30 30 30 30 30 30 30 30 30 30 30 30 30 30 30 30 0D
1779567732898,74 34 35 31 38 30 30 30 30 30 30 30 30 30 30 30 30 30 30 30 30 0D
1779567732912,74 34 35 35 38 45 42 46 46 30 38 30 30 39 46 46 46 30 30 30 30 0D
1779567732929,74 34 35 30 38 30 30 30 30 30 37 30 30 30 30 30 30 44 32 30 35 0D
1779567732942,74 34 35 31 38 30 30 30 30 30 30 30 30 30 30 30 30 30 30 30 30 0D
1779567732948,74 34 35 31 38 30 30 30 30 30 30 30 30 30 30 30 30 30 30 30 30 0D
1779567732969,74 34 35 31 38 30 30 30 30 30 30 30 30 30 30 30 30 30 30 30 30 0D
1779567732976,74 34 35 37 38 30 30 30 30 30 31 30 30 36 34 31 34 30 30 30 30 0D
1779567732996,74 34 35 39 38 36 34 41 34 42 45 31 36 41 33 31 39 30 33 42 37 0D
1779567733000,74 34 35 31 38 30 30 30 30 30 30 30 30 30 30 30 30 30 30 30 30 0D
1779567733010,74 34 35 35 38 45 39 46 46 30 37 30 30 39 45 46 46 30 30 30 30 0D
1779567733020,74 34 35 30 38 30 30 30 30 30 37 30 30 30 30 30 30 44 32 30 35 0D
1779567733030,74 34 35 31 38 30 30 30 30 30 30 30 30 30 30 30 30 30 30 30 30 0D
1779567733043,74 34 35 31 38 30 30 30 30 30 30 30 30 30 30 30 30 30 30 30 30 0D
1779567733055,74 34 35 35 38 45 39 46 46 30 37 30 30 39 45 46 46 30 30 30 30 0D
1779567733060,74 34 35 31 38 30 30 30 30 30 30 30 30 30 30 30 30 30 30 30 30 0D
1779567733073,74 34 35 35 38 45 39 46 46 30 37 30 30 39 45 46 46 30 30 30 30 0D
1779567733079,74 34 35 37 38 30 30 30 30 30 30 30 30 36 34 31 34 30 30 30 30 0D
1779567733090,74 34 35 39 38 36 35 41 34 42 45 31 36 41 31 31 39 30 33 42 37 0D
1779567733098,74 34 35 31 38 30 30 30 30 30 30 30 30 30 30 30 30 30 30 30 30 0D
1779567733112,74 34 35 35 38 45 39 46 46 30 37 30 30 39 45 46 46 30 30 30 30 0D
1779567733124,74 34 35 30 38 30 30 30 30 30 37 30 30 30 30 30 30 44 32 30 35 0D
1779567733132,74 34 35 31 38 30 30 30 30 30 30 30 30 30 30 30 30 30 30 30 30 0D
1779567733145,74 34 35 31 38 30 30 30 30 30 30 30 30 30 30 30 30 30 30 30 30 0D
1779567733158,74 34 35 35 38 45 41 46 46 30 37 30 30 39 46 46 46 30 30 30 30 0D
1779567733165,74 34 35 31 38 30 30 30 30 30 30 30 30 30 30 30 30 30 30 30 30 0D
1779567733177,74 34 35 37 38 30 30 30 30 30 30 30 30 36 34 31 34 30 30 30 30 0D
1779567733194,74 34 35 39 38 36 35 41 34 42 45 31 36 39 46 31 39 30 33 42 37 0D
1779567733206,74 34 35 31 38 30 30 30 30 30 30 30 30 30 30 30 30 30 30 30 30 0D
1779567733219,74 34 35 35 38 45 41 46 46 30 37 30 30 39 46 46 46 30 30 30 30 0D
1779567733231,74 34 35 31 38 30 30 30 30 30 30 30 30 30 30 30 30 30 30 30 30 0D
1779567733242,74 34 35 31 38 30 30 30 30 30 30 30 30 30 30 30 30 30 30 30 30 0D
1779567733266,74 34 35 35 38 45 41 46 46 30 37 30 30 39 46 46 46 30 30 30 30 0D
1779567733279,74 34 35 31 38 30 30 30 30 30 30 30 30 30 30 30 30 30 30 30 30 0D
1779567733290,74 34 35 39 38 36 34 41 34 42 45 31 36 39 44 31 39 30 33 42 37 0D
1779567733301,74 34 35 31 38 30 30 30 30 30 30 30 30 30 30 30 30 30 30 30 30 0D
1779567733313,74 34 35 35 38 45 41 46 46 30 37 30 30 39 46 46 46 30 30 30 30 0D
1779567733324,74 34 35 30 38 30 30 30 30 30 37 30 30 30 30 30 30 44 32 30 35 0D
1779567733335,74 34 35 31 38 30 30 30 30 30 30 30 30 30 30 30 30 30 30 30 30 0D
1779567733342,74 34 35 31 38 30 30 30 30 30 30 30 30 30 30 30 30 30 30 30 30 0D
1779567733353,74 34 35 35 38 45 41 46 46 30 38 30 30 39 46 46 46 30 30 30 30 0D
1779567733361,74 34 35 31 38 30 30 30 30 30 30 30 30 30 30 30 30 30 30 30 30 0D
1779567733377,74 34 35 35 38 45 41 46 46 30 38 30 30 39 46 46 46 30 30 30 30 0D
1779567733390,74 34 35 31 38 30 30 30 30 30 30 30 30 30 30 30 30 30 30 30 30 0D
1779567733402,74 34 35 31 38 30 30 30 30 30 30 30 30 30 30 30 30 30 30 30 30 0D
1779567733414,74 34 35 35 38 45 41 46 46 30 38 30 30 39 46 46 46 30 30 30 30 0D
1779567733421,74 34 35 30 38 30 30 30 30 30 37 30 30 30 30 30 30 44 32 30 35 0D
1779567733430,74 34 35 31 38 30 30 30 30 30 30 30 30 30 30 30 30 30 30 30 30 0D
1779567733443,74 34 35 31 38 30 30 30 30 30 30 30 30 30 30 30 30 30 30 30 30 0D
1779567733452,74 34 35 35 38 45 41 46 46 30 38 30 30 39 46 46 46 30 30 30 30 0D
1779567733460,74 34 35 31 38 30 30 30 30 30 30 30 30 30 30 30 30 30 30 30 30 0D
1779567733479,74 34 35 35 38 45 41 46 46 30 38 30 30 39 46 46 46 30 30 30 30 0D
1779567733483,74 34 35 31 38 30 30 30 30 30 30 30 30 30 30 30 30 30 30 30 30 0D
1779567733491,74 34 35 35 38 45 41 46 46 30 38 30 30 39 46 46 46 30 30 30 30 0D
1779567733501,74 34 35 31 38 30 30 30 30 30 30 30 30 30 30 30 30 30 30 30 30 0D
1779567733508,74 34 35 35 38 45 41 46 46 30 38 30 30 39 46 46 46 30 30 30 30 0D
1779567733522,74 34 35 30 38 30 30 30 30 30 37 30 30 30 30 30 30 44 32 30 35 0D
1779567733538,74 34 35 31 38 30 30 30 30 30 30 30 30 30 30 30 30 30 30 30 30 0D
1779567733541,74 34 35 31 38 30 30 30 30 30 30 30 30 30 30 30 30 30 30 30 30 0D
1779567733552,74 34 35 35 38 45 41 46 46 30 37 30 30 39 46 46 46 30 30 30 30 0D
1779567733560,74 34 35 31 38 30 30 30 30 30 30 30 30 30 30 30 30 30 30 30 30 0D
1779567733580,74 34 35 35 38 45 41 46 46 30 37 30 30 39 46 46 46 30 30 30 30 0D
1779567733585,74 34 35 31 38 30 30 30 30 30 30 30 30 30 30 30 30 30 30 30 30 0D
1779567733591,74 34 35 35 38 45 41 46 46 30 37 30 30 39 46 46 46 30 30 30 30 0D
1779567733601,74 34 35 31 38 30 30 30 30 30 30 30 30 30 30 30 30 30 30 30 30 0D
1779567733618,74 34 35 35 38 45 41 46 46 30 37 30 30 39 46 46 46 30 30 30 30 0D
1779567733622,74 34 35 30 38 30 30 30 30 30 37 30 30 30 30 30 30 44 32 30 35 0D
1779567733632,74 34 35 35 38 45 41 46 46 30 37 30 30 39 46 46 46 30 30 30 30 0D
1779567733639,74 34 35 31 38 30 30 30 30 30 30 30 30 30 30 30 30 30 30 30 30 0D
1779567733647,74 34 35 35 38 45 41 46 46 30 37 30 30 39 46 46 46 30 30 30 30 0D
1779567733660,74 34 35 31 38 30 30 30 30 30 30 30 30 30 30 30 30 30 30 30 30 0D
1779567733668,74 34 35 35 38 45 41 46 46 30 37 30 30 39 46 46 46 30 30 30 30 0D
1779567733676,74 34 35 37 38 30 30 30 30 30 30 30 30 36 34 31 34 30 30 30 30 0D
1779567733682,74 34 35 31 38 30 30 30 30 30 30 30 30 30 30 30 30 30 30 30 30 0D
1779567733689,74 34 35 36 38 45 44 46 46 30 38 30 30 30 34 30 30 30 30 30 30 0D
1779567733703,74 34 35 31 38 30 30 30 30 30 30 30 30 30 30 30 30 30 30 30 30 0D
1779567733710,74 34 35 35 38 45 41 46 46 30 37 30 30 39 46 46 46 30 30 30 30 0D
1779567733721,74 34 35 30 38 30 30 30 30 30 37 30 30 30 30 30 30 44 32 30 35 0D
1779567733736,74 34 35 31 38 30 30 30 30 30 30 30 30 30 30 30 30 30 30 30 30 0D
1779567733742,74 34 35 31 38 30 30 30 30 30 30 30 30 30 30 30 30 30 30 30 30 0D
1779567733749,74 34 35 35 38 45 41 46 46 30 37 30 30 39 45 46 46 30 30 30 30 0D
1779567733760,74 34 35 31 38 30 30 30 30 30 30 30 30 30 30 30 30 30 30 30 30 0D
1779567733792,74 34 35 35 38 45 41 46 46 30 37 30 30 39 45 46 46 30 30 30 30 0D
1779567733801,74 34 35 31 38 30 30 30 30 30 30 30 30 30 30 30 30 30 30 30 30 0D
1779567733807,74 34 35 35 38 45 41 46 46 30 37 30 30 39 45 46 46 30 30 30 30 0D
1779567733824,74 34 35 30 38 30 30 30 30 30 37 30 30 30 30 30 30 44 32 30 35 0D
1779567733835,74 34 35 31 38 30 30 30 30 30 30 30 30 30 30 30 30 30 30 30 30 0D
1779567733840,74 34 35 31 38 30 30 30 30 30 30 30 30 30 30 30 30 30 30 30 30 0D
1779567733854,74 34 35 35 38 45 41 46 46 30 37 30 30 39 45 46 46 30 30 30 30 0D
1779567733861,74 34 35 31 38 30 30 30 30 30 30 30 30 30 30 30 30 30 30 30 30 0D
1779567733892,74 34 35 36 38 45 44 46 46 30 37 30 30 30 33 30 30 30 30 30 30 0D
1779567733903,74 34 35 31 38 30 30 30 30 30 30 30 30 30 30 30 30 30 30 30 30 0D
1779567733918,74 34 35 35 38 45 41 46 46 30 37 30 30 39 45 46 46 30 30 30 30 0D
1779567733924,74 34 35 30 38 30 30 30 30 30 37 30 30 30 30 30 30 44 32 30 35 0D
1779567733934,74 34 35 31 38 30 30 30 30 30 30 30 30 30 30 30 30 30 30 30 30 0D
1779567733941,74 34 35 31 38 30 30 30 30 30 30 30 30 30 30 30 30 30 30 30 30 0D
1779567733953,74 34 35 35 38 45 41 46 46 30 37 30 30 39 46 46 46 30 30 30 30 0D
1779567733958,74 34 35 31 38 30 30 30 30 30 30 30 30 30 30 30 30 30 30 30 30 0D
1779567734004,74 34 35 35 38 45 41 46 46 30 37 30 30 39 46 46 46 30 30 30 30 0D
1779567734011,74 34 35 31 38 30 30 30 30 30 30 30 30 30 30 30 30 30 30 30 30 0D
1779567734021,74 34 35 30 38 30 30 30 30 30 37 30 30 30 30 30 30 44 32 30 35 0D
1779567734033,74 34 35 31 38 30 30 30 30 30 30 30 30 30 30 30 30 30 30 30 30 0D
1779567734039,74 34 35 31 38 30 30 30 30 30 30 30 30 30 30 30 30 30 30 30 30 0D
1779567734051,74 34 35 35 38 45 41 46 46 30 37 30 30 39 46 46 46 30 30 30 30 0D
1779567734059,74 34 35 31 38 30 30 30 30 30 30 30 30 30 30 30 30 30 30 30 30 0D
1779567734067,74 34 35 35 38 45 41 46 46 30 37 30 30 39 46 46 46 30 30 30 30 0D
1779567734094,74 34 35 39 38 36 32 41 34 42 45 31 36 39 33 31 39 30 33 42 37 0D
1779567734104,74 34 35 31 38 30 30 30 30 30 30 30 30 30 30 30 30 30 30 30 30 0D
1779567734120,74 34 35 35 38 45 41 46 46 30 37 30 30 39 46 46 46 30 30 30 30 0D 74 34 35 30 38 30 30 30 30 30 37 30 30 30 30 30 30 44 32 30 35 0D
1779567734135,74 34 35 31 38 30 30 30 30 30 30 30 30 30 30 30 30 30 30 30 30 0D
1779567734139,74 34 35 31 38 30 30 30 30 30 30 30 30 30 30 30 30 30 30 30 30 0D
1779567734150,74 34 35 35 38 45 41 46 46 30 37 30 30 39 46 46 46 30 30 30 30 0D
1779567734159,74 34 35 31 38 30 30 30 30 30 30 30 30 30 30 30 30 30 30 30 30 0D
1779567734176,74 34 35 35 38 45 41 46 46 30 37 30 30 39 46 46 46 30 30 30 30 0D
1779567734183,74 34 35 31 38 30 30 30 30 30 30 30 30 30 30 30 30 30 30 30 30 0D
1779567734189,74 34 35 35 38 45 41 46 46 30 37 30 30 39 46 46 46 30 30 30 30 0D
1779567734206,74 34 35 31 38 30 30 30 30 30 30 30 30 30 30 30 30 30 30 30 30 0D
1779567734217,74 34 35 35 38 45 41 46 46 30 37 30 30 39 46 46 46 30 30 30 30 0D
1779567734232,74 34 35 31 38 30 30 30 30 30 30 30 30 30 30 30 30 30 30 30 30 0D
1779567734239,74 34 35 31 38 30 30 30 30 30 30 30 30 30 30 30 30 30 30 30 30 0D
1779567734257,74 34 35 35 38 45 41 46 46 30 37 30 30 39 46 46 46 30 30 30 30 0D
1779567734264,74 34 35 31 38 30 30 30 30 30 30 30 30 30 30 30 30 30 30 30 30 0D
1779567734270,74 34 35 35 38 45 41 46 46 30 37 30 30 39 46 46 46 30 30 30 30 0D
1779567734280,74 34 35 37 38 30 30 30 30 30 30 30 30 36 34 31 34 30 30 30 30 0D
1779567734284,74 34 35 31 38 30 30 30 30 30 30 30 30 30 30 30 30 30 30 30 30 0D
1779567734290,74 34 35 35 38 45 41 46 46 30 37 30 30 39 46 46 46 30 30 30 30 0D
1779567734304,74 34 35 31 38 30 30 30 30 30 30 30 30 30 30 30 30 30 30 30 30 0D
1779567734321,74 34 35 35 38 45 41 46 46 30 37 30 30 39 46 46 46 30 30 30 30 0D
1779567734332,74 34 35 31 38 30 30 30 30 30 30 30 30 30 30 30 30 30 30 30 30 0D
1779567734338,74 34 35 31 38 30 30 30 30 30 30 30 30 30 30 30 30 30 30 30 30 0D
1779567734348,74 34 35 35 38 45 39 46 46 30 37 30 30 39 46 46 46 30 30 30 30 0D
1779567734360,74 34 35 31 38 30 30 30 30 30 30 30 30 30 30 30 30 30 30 30 30 0D
1779567734379,74 34 35 35 38 45 39 46 46 30 37 30 30 39 46 46 46 30 30 30 30 0D
1779567734390,74 34 35 35 38 45 39 46 46 30 37 30 30 39 46 46 46 30 30 30 30 0D
1779567734404,74 34 35 31 38 30 30 30 30 30 30 30 30 30 30 30 30 30 30 30 30 0D
1779567734420,74 34 35 35 38 45 39 46 46 30 37 30 30 39 46 46 46 30 30 30 30 0D
1779567734425,74 34 35 30 38 30 30 30 30 30 37 30 30 30 30 30 30 44 32 30 35 0D
1779567734430,74 34 35 31 38 30 30 30 30 30 30 30 30 30 30 30 30 30 30 30 30 0D
1779567734439,74 34 35 31 38 30 30 30 30 30 30 30 30 30 30 30 30 30 30 30 30 0D
1779567734453,74 34 35 35 38 45 39 46 46 30 37 30 30 39 46 46 46 30 30 30 30 0D
1779567734459,74 34 35 31 38 30 30 30 30 30 30 30 30 30 30 30 30 30 30 30 30 0D
1779567734481,74 34 35 35 38 45 39 46 46 30 37 30 30 39 46 46 46 30 30 30 30 0D
1779567734484,74 34 35 31 38 30 30 30 30 30 30 30 30 30 30 30 30 30 30 30 30 0D
1779567734489,74 34 35 35 38 45 39 46 46 30 37 30 30 39 46 46 46 30 30 30 30 0D
1779567734503,74 34 35 31 38 30 30 30 30 30 30 30 30 30 30 30 30 30 30 30 30 0D
1779567734517,74 34 35 35 38 45 39 46 46 30 37 30 30 39 46 46 46 30 30 30 30 0D
1779567734523,74 34 35 30 38 30 30 30 30 30 37 30 30 30 30 30 30 44 32 30 35 0D
1779567734534,74 34 35 32 38 38 43 30 30 30 30 30 30 30 30 30 30 30 30 30 30 0D 74 34 35 33 38 39 45 30 30 30 30 30 30 30 30 30 30 30 30 30 30 0D
1779567734540,74 34 35 31 38 30 30 30 30 30 30 30 30 30 30 30 30 30 30 30 30 0D
1779567734567,74 34 35 31 38 30 30 30 30 30 30 30 30 30 30 30 30 30 30 30 30 0D
1779567734593,74 34 35 35 38 45 41 46 46 30 37 30 30 39 46 46 46 30 30 30 30 0D
1779567734607,74 34 35 31 38 30 30 30 30 30 30 30 30 30 30 30 30 30 30 30 30 0D
1779567734614,74 34 35 35 38 45 41 46 46 30 37 30 30 39 46 46 46 30 30 30 30 0D
1779567734622,74 34 35 30 38 30 30 30 30 30 37 30 30 30 30 30 30 44 32 30 35 0D
1779567734632,74 34 35 31 38 30 30 30 30 30 30 30 30 30 30 30 30 30 30 30 30 0D
1779567734640,74 34 35 31 38 30 30 30 30 30 30 30 30 30 30 30 30 30 30 30 30 0D
1779567734651,74 34 35 35 38 45 41 46 46 30 37 30 30 39 46 46 46 30 30 30 30 0D
1779567734660,74 34 35 31 38 30 30 30 30 30 30 30 30 30 30 30 30 30 30 30 30 0D
1779567734683,74 34 35 35 38 45 41 46 46 30 37 30 30 39 46 46 46 30 30 30 30 0D
1779567734689,74 34 35 31 38 30 30 30 30 30 30 30 30 30 30 30 30 30 30 30 30 0D
1779567734692,74 34 35 35 38 45 41 46 46 30 37 30 30 39 46 46 46 30 30 30 30 0D
1779567734701,74 34 35 31 38 30 30 30 30 30 30 30 30 30 30 30 30 30 30 30 30 0D
1779567734706,74 34 35 35 38 45 41 46 46 30 37 30 30 39 46 46 46 30 30 30 30 0D
1779567734720,74 34 35 30 38 30 30 30 30 30 37 30 30 30 30 30 30 44 32 30 35 0D
1779567734737,74 34 35 31 38 30 30 30 30 30 30 30 30 30 30 30 30 30 30 30 30 0D
1779567734747,74 34 35 31 38 30 30 30 30 30 30 30 30 30 30 30 30 30 30 30 30 0D
1779567734755,74 34 35 35 38 45 39 46 46 30 37 30 30 39 46 46 46 30 30 30 30 0D
1779567734765,74 34 35 31 38 30 30 30 30 30 30 30 30 30 30 30 30 30 30 30 30 0D
1779567734772,74 34 35 35 38 45 39 46 46 30 37 30 30 39 46 46 46 30 30 30 30 0D
1779567734778,74 34 35 37 38 30 30 30 30 30 31 30 30 36 34 31 34 30 30 30 30 0D
1779567734786,74 34 35 31 38 30 30 30 30 30 30 30 30 30 30 30 30 30 30 30 30 0D
1779567734790,74 34 35 35 38 45 39 46 46 30 37 30 30 39 46 46 46 30 30 30 30 0D
1779567734798,74 34 35 31 38 30 30 30 30 30 30 30 30 30 30 30 30 30 30 30 30 0D
1779567734815,74 34 35 35 38 45 39 46 46 30 37 30 30 39 46 46 46 30 30 30 30 0D
1779567734820,74 34 35 30 38 30 30 30 30 30 37 30 30 30 30 30 30 44 32 30 35 0D
1779567734831,74 34 35 31 38 30 30 30 30 30 30 30 30 30 30 30 30 30 30 30 30 0D
1779567734839,74 34 35 31 38 30 30 30 30 30 30 30 30 30 30 30 30 30 30 30 30 0D
1779567734850,74 34 35 35 38 45 39 46 46 30 37 30 30 39 46 46 46 30 30 30 30 0D
1779567734863,74 34 35 31 38 30 30 30 30 30 30 30 30 30 30 30 30 30 30 30 30 0D
1779567734873,74 34 35 35 38 45 39 46 46 30 37 30 30 39 46 46 46 30 30 30 30 0D
1779567734890,74 34 35 39 38 35 41 41 34 42 45 31 36 38 42 31 39 30 33 42 37 0D
1779567734900,74 34 35 31 38 30 30 30 30 30 30 30 30 30 30 30 30 30 30 30 30 0D
1779567734914,74 34 35 35 38 45 39 46 46 30 37 30 30 39 46 46 46 30 30 30 30 0D
1779567734921,74 34 35 30 38 30 30 30 30 30 37 30 30 30 30 30 30 44 32 30 35 0D
1779567734938,74 34 35 31 38 30 30 30 30 30 30 30 30 30 30 30 30 30 30 30 30 0D
1779567734945,74 34 35 31 38 30 30 30 30 30 30 30 30 30 30 30 30 30 30 30 30 0D
1779567734950,74 34 35 35 38 45 39 46 46 30 38 30 30 39 46 46 46 30 30 30 30 0D
1779567734964,74 34 35 31 38 30 30 30 30 30 30 30 30 30 30 30 30 30 30 30 30 0D
1779567734980,74 34 35 35 38 45 39 46 46 30 38 30 30 39 46 46 46 30 30 30 30 0D
1779567734985,74 34 35 31 38 30 30 30 30 30 30 30 30 30 30 30 30 30 30 30 30 0D
1779567734989,74 34 35 35 38 45 39 46 46 30 38 30 30 39 46 46 46 30 30 30 30 0D
1779567735000,74 34 35 31 38 30 30 30 30 30 30 30 30 30 30 30 30 30 30 30 30 0D
1779567735005,74 34 35 35 38 45 39 46 46 30 38 30 30 39 46 46 46 30 30 30 30 0D
1779567735021,74 34 35 30 38 30 30 30 30 30 37 30 30 30 30 30 30 44 32 30 35 0D
1779567735035,74 34 35 31 38 30 30 30 30 30 30 30 30 30 30 30 30 30 30 30 30 0D
1779567735041,74 34 35 31 38 30 30 30 30 30 30 30 30 30 30 30 30 30 30 30 30 0D
1779567735050,74 34 35 35 38 45 39 46 46 30 38 30 30 39 46 46 46 30 30 30 30 0D
1779567735057,74 34 35 31 38 30 30 30 30 30 30 30 30 30 30 30 30 30 30 30 30 0D
1779567735090,74 34 35 35 38 45 39 46 46 30 38 30 30 39 46 46 46 30 30 30 30 0D
1779567735102,74 34 35 31 38 30 30 30 30 30 30 30 30 30 30 30 30 30 30 30 30 0D
1779567735112,74 34 35 35 38 45 39 46 46 30 38 30 30 39 46 46 46 30 30 30 30 0D
1779567735118,74 34 35 30 38 30 30 30 30 30 37 30 30 30 30 30 30 44 32 30 35 0D
1779567735132,74 34 35 31 38 30 30 30 30 30 30 30 30 30 30 30 30 30 30 30 30 0D
1779567735137,74 34 35 31 38 30 30 30 30 30 30 30 30 30 30 30 30 30 30 30 30 0D
1779567735153,74 34 35 35 38 45 42 46 46 30 38 30 30 39 46 46 46 30 30 30 30 0D
1779567735164,74 34 35 31 38 30 30 30 30 30 30 30 30 30 30 30 30 30 30 30 30 0D
1779567735180,74 34 35 35 38 45 42 46 46 30 38 30 30 39 46 46 46 30 30 30 30 0D
1779567735187,74 34 35 31 38 30 30 30 30 30 30 30 30 30 30 30 30 30 30 30 30 0D
1779567735194,74 34 35 35 38 45 42 46 46 30 38 30 30 39 46 46 46 30 30 30 30 0D
1779567735200,74 34 35 31 38 30 30 30 30 30 30 30 30 30 30 30 30 30 30 30 30 0D
1779567735213,74 34 35 35 38 45 42 46 46 30 38 30 30 39 46 46 46 30 30 30 30 0D
1779567735216,74 34 35 30 38 30 30 30 30 30 37 30 30 30 30 30 30 44 32 30 35 0D
1779567735229,74 34 35 31 38 30 30 30 30 30 30 30 30 30 30 30 30 30 30 30 30 0D
1779567735238,74 34 35 31 38 30 30 30 30 30 30 30 30 30 30 30 30 30 30 30 30 0D
1779567735252,74 34 35 35 38 45 42 46 46 30 38 30 30 39 46 46 46 30 30 30 30 0D
1779567735264,74 34 35 31 38 30 30 30 30 30 30 30 30 30 30 30 30 30 30 30 30 0D
1779567735270,74 34 35 35 38 45 42 46 46 30 38 30 30 39 46 46 46 30 30 30 30 0D
1779567735278,74 34 35 37 38 30 30 30 30 30 30 30 30 36 34 31 34 30 30 30 30 0D
1779567735285,74 34 35 31 38 30 30 30 30 30 30 30 30 30 30 30 30 30 30 30 30 0D
1779567735294,74 34 35 35 38 45 42 46 46 30 38 30 30 39 46 46 46 30 30 30 30 0D
1779567735299,74 34 35 31 38 30 30 30 30 30 30 30 30 30 30 30 30 30 30 30 30 0D
1779567735310,74 34 35 35 38 45 42 46 46 30 38 30 30 39 46 46 46 30 30 30 30 0D
1779567735320,74 34 35 30 38 30 30 30 30 30 37 30 30 30 30 30 30 44 32 30 35 0D
1779567735337,74 34 35 31 38 30 30 30 30 30 30 30 30 30 30 30 30 30 30 30 30 0D
1779567735345,74 34 35 31 38 30 30 30 30 30 30 30 30 30 30 30 30 30 30 30 30 0D
1779567735354,74 34 35 35 38 45 41 46 46 30 37 30 30 39 46 46 46 30 30 30 30 0D
1779567735362,74 34 35 31 38 30 30 30 30 30 30 30 30 30 30 30 30 30 30 30 30 0D
1779567735369,74 34 35 35 38 45 41 46 46 30 37 30 30 39 46 46 46 30 30 30 30 0D
1779567735393,74 34 35 37 38 30 30 30 30 30 31 30 30 36 34 31 34 30 30 30 30 0D
1779567735399,74 34 35 31 38 30 30 30 30 30 30 30 30 30 30 30 30 30 30 30 30 0D
1779567735412,74 34 35 35 38 45 41 46 46 30 37 30 30 39 46 46 46 30 30 30 30 0D
1779567735419,74 34 35 30 38 30 30 30 30 30 37 30 30 30 30 30 30 44 32 30 35 0D
1779567735435,74 34 35 31 38 30 30 30 30 30 30 30 30 30 30 30 30 30 30 30 30 0D
1779567735443,74 34 35 31 38 30 30 30 30 30 30 30 30 30 30 30 30 30 30 30 30 0D
1779567735451,74 34 35 35 38 45 41 46 46 30 37 30 30 39 46 46 46 30 30 30 30 0D
1779567735462,74 34 35 31 38 30 30 30 30 30 30 30 30 30 30 30 30 30 30 30 30 0D
1779567735469,74 34 35 35 38 45 41 46 46 30 37 30 30 39 46 46 46 30 30 30 30 0D
1779567735493,74 34 35 36 38 45 45 46 46 30 38 30 30 30 35 30 30 30 30 30 30 0D
1779567735500,74 34 35 31 38 30 30 30 30 30 30 30 30 30 30 30 30 30 30 30 30 0D
1779567735515,74 34 35 35 38 45 41 46 46 30 37 30 30 39 46 46 46 30 30 30 30 0D
1779567735525,74 34 35 30 38 30 30 30 30 30 37 30 30 30 30 30 30 44 32 30 35 0D
1779567735533,74 34 35 31 38 30 30 30 30 30 30 30 30 30 30 30 30 30 30 30 30 0D
1779567735538,74 34 35 31 38 30 30 30 30 30 30 30 30 30 30 30 30 30 30 30 30 0D
1779567735551,74 34 35 35 38 45 41 46 46 30 37 30 30 39 45 46 46 30 30 30 30 0D
1779567735563,74 34 35 31 38 30 30 30 30 30 30 30 30 30 30 30 30 30 30 30 30 0D
1779567735583,74 34 35 35 38 45 41 46 46 30 37 30 30 39 45 46 46 30 30 30 30 0D
1779567735593,74 34 35 35 38 45 41 46 46 30 37 30 30 39 45 46 46 30 30 30 30 0D
1779567735600,74 34 35 31 38 30 30 30 30 30 30 30 30 30 30 30 30 30 30 30 30 0D
1779567735609,74 34 35 35 38 45 41 46 46 30 37 30 30 39 45 46 46 30 30 30 30 0D
1779567735618,74 34 35 30 38 30 30 30 30 30 37 30 30 30 30 30 30 44 32 30 35 0D
1779567735629,74 34 35 31 38 30 30 30 30 30 30 30 30 30 30 30 30 30 30 30 30 0D
1779567735642,74 34 35 31 38 30 30 30 30 30 30 30 30 30 30 30 30 30 30 30 30 0D
1779567735649,74 34 35 35 38 45 41 46 46 30 37 30 30 39 45 46 46 30 30 30 30 0D
1779567735659,74 34 35 31 38 30 30 30 30 30 30 30 30 30 30 30 30 30 30 30 30 0D
1779567735680,74 34 35 35 38 45 41 46 46 30 37 30 30 39 45 46 46 30 30 30 30 0D
1779567735689,74 34 35 31 38 30 30 30 30 30 30 30 30 30 30 30 30 30 30 30 30 0D
1779567735693,74 34 35 36 38 45 45 46 46 30 38 30 30 30 35 30 30 30 30 30 30 0D
1779567735699,74 34 35 31 38 30 30 30 30 30 30 30 30 30 30 30 30 30 30 30 30 0D
1779567735711,74 34 35 35 38 45 41 46 46 30 37 30 30 39 45 46 46 30 30 30 30 0D
1779567735721,74 34 35 30 38 30 30 30 30 30 37 30 30 30 30 30 30 44 32 30 35 0D
1779567735733,74 34 35 33 38 39 45 30 30 30 30 30 30 30 30 30 30 30 30 30 30 0D
1779567735738,74 34 35 31 38 30 30 30 30 30 30 30 30 30 30 30 30 30 30 30 30 0D
1779567735751,74 34 35 35 38 45 41 46 46 30 37 30 30 39 46 46 46 30 30 30 30 0D
1779567735763,74 34 35 31 38 30 30 30 30 30 30 30 30 30 30 30 30 30 30 30 30 0D
1779567735790,74 34 35 35 38 45 41 46 46 30 37 30 30 39 46 46 46 30 30 30 30 0D
1779567735803,74 34 35 31 38 30 30 30 30 30 30 30 30 30 30 30 30 30 30 30 30 0D
1779567735812,74 34 35 35 38 45 41 46 46 30 37 30 30 39 46 46 46 30 30 30 30 0D
1779567735819,74 34 35 30 38 30 30 30 30 30 37 30 30 30 30 30 30 44 32 30 35 0D
1779567735834,74 34 35 31 38 30 30 30 30 30 30 30 30 30 30 30 30 30 30 30 30 0D
1779567735852,74 34 35 31 38 30 30 30 30 30 30 30 30 30 30 30 30 30 30 30 30 0D
1779567735861,74 34 35 31 38 30 30 30 30 30 30 30 30 30 30 30 30 30 30 30 30 0D
1779567735879,74 34 35 35 38 45 41 46 46 30 37 30 30 39 46 46 46 30 30 30 30 0D
1779567735885,74 34 35 31 38 30 30 30 30 30 30 30 30 30 30 30 30 30 30 30 30 0D
1779567735894,74 34 35 35 38 45 41 46 46 30 37 30 30 39 46 46 46 30 30 30 30 0D
1779567735898,74 34 35 31 38 30 30 30 30 30 30 30 30 30 30 30 30 30 30 30 30 0D
1779567735909,74 34 35 35 38 45 41 46 46 30 37 30 30 39 46 46 46 30 30 30 30 0D
1779567735920,74 34 35 30 38 30 30 30 30 30 37 30 30 30 30 30 30 44 32 30 35 0D
1779567735930,74 34 35 31 38 30 30 30 30 30 30 30 30 30 30 30 30 30 30 30 30 0D
1779567735938,74 34 35 31 38 30 30 30 30 30 30 30 30 30 30 30 30 30 30 30 30 0D
1779567735956,74 34 35 35 38 45 41 46 46 30 37 30 30 39 45 46 46 30 30 30 30 0D
1779567735967,74 34 35 31 38 30 30 30 30 30 30 30 30 30 30 30 30 30 30 30 30 0D
1779567735990,74 34 35 35 38 45 41 46 46 30 37 30 30 39 45 46 46 30 30 30 30 0D
1779567736000,74 34 35 31 38 30 30 30 30 30 30 30 30 30 30 30 30 30 30 30 30 0D
1779567736012,74 34 35 35 38 45 41 46 46 30 37 30 30 39 45 46 46 30 30 30 30 0D
1779567736021,74 34 35 30 38 30 30 30 30 30 37 30 30 30 30 30 30 44 32 30 35 0D
1779567736038,74 34 35 31 38 30 30 30 30 30 30 30 30 30 30 30 30 30 30 30 30 0D
1779567736042,74 34 35 31 38 30 30 30 30 30 30 30 30 30 30 30 30 30 30 30 30 0D
1779567736054,74 34 35 35 38 45 41 46 46 30 37 30 30 39 45 46 46 30 30 30 30 0D
1779567736060,74 34 35 31 38 30 30 30 30 30 30 30 30 30 30 30 30 30 30 30 30 0D
1779567736082,74 34 35 35 38 45 41 46 46 30 37 30 30 39 45 46 46 30 30 30 30 0D
1779567736088,74 34 35 31 38 30 30 30 30 30 30 30 30 30 30 30 30 30 30 30 30 0D
1779567736101,74 34 35 31 38 30 30 30 30 30 30 30 30 30 30 30 30 30 30 30 30 0D
1779567736120,74 34 35 35 38 45 41 46 46 30 37 30 30 39 45 46 46 30 30 30 30 0D
1779567736129,74 34 35 30 38 30 30 30 30 30 37 30 30 30 30 30 30 44 32 30 35 0D
1779567736132,74 34 35 31 38 30 30 30 30 30 30 30 30 30 30 30 30 30 30 30 30 0D
1779567736139,74 34 35 31 38 30 30 30 30 30 30 30 30 30 30 30 30 30 30 30 30 0D
1779567736153,74 34 35 35 38 45 41 46 46 30 37 30 30 39 46 46 46 30 30 30 30 0D
1779567736164,74 34 35 31 38 30 30 30 30 30 30 30 30 30 30 30 30 30 30 30 30 0D
1779567736177,74 34 35 35 38 45 41 46 46 30 37 30 30 39 46 46 46 30 30 30 30 0D
1779567736184,74 34 35 31 38 30 30 30 30 30 30 30 30 30 30 30 30 30 30 30 30 0D
1779567736191,74 34 35 35 38 45 41 46 46 30 37 30 30 39 46 46 46 30 30 30 30 0D
1779567736206,74 34 35 31 38 30 30 30 30 30 30 30 30 30 30 30 30 30 30 30 30 0D
1779567736213,74 34 35 36 38 45 44 46 46 30 38 30 30 30 34 30 30 30 30 30 30 0D
1779567736220,74 34 35 30 38 30 30 30 30 30 37 30 30 30 30 30 30 44 32 30 35 0D
1779567736234,74 34 35 31 38 30 30 30 30 30 30 30 30 30 30 30 30 30 30 30 30 0D
1779567736244,74 34 35 31 38 30 30 30 30 30 30 30 30 30 30 30 30 30 30 30 30 0D
1779567736249,74 34 35 35 38 45 41 46 46 30 37 30 30 39 46 46 46 30 30 30 30 0D
1779567736259,74 34 35 31 38 30 30 30 30 30 30 30 30 30 30 30 30 30 30 30 30 0D
1779567736268,74 34 35 35 38 45 41 46 46 30 37 30 30 39 46 46 46 30 30 30 30 0D
1779567736279,74 34 35 37 38 30 30 30 30 30 31 30 30 36 34 31 34 30 30 30 30 0D
1779567736283,74 34 35 31 38 30 30 30 30 30 30 30 30 30 30 30 30 30 30 30 30 0D
1779567736302,74 34 35 31 38 30 30 30 30 30 30 30 30 30 30 30 30 30 30 30 30 0D
1779567736311,74 34 35 35 38 45 41 46 46 30 37 30 30 39 46 46 46 30 30 30 30 0D
1779567736318,74 34 35 30 38 30 30 30 30 30 37 30 30 30 30 30 30 44 32 30 35 0D
1779567736334,74 34 35 31 38 30 30 30 30 30 30 30 30 30 30 30 30 30 30 30 30 0D
1779567736344,74 34 35 31 38 30 30 30 30 30 30 30 30 30 30 30 30 30 30 30 30 0D
1779567736348,74 34 35 35 38 45 41 46 46 30 36 30 30 39 46 46 46 30 30 30 30 0D
1779567736360,74 34 35 31 38 30 30 30 30 30 30 30 30 30 30 30 30 30 30 30 30 0D
1779567736376,74 34 35 35 38 45 41 46 46 30 36 30 30 39 46 46 46 30 30 30 30 0D
1779567736383,74 34 35 31 38 30 30 30 30 30 30 30 30 30 30 30 30 30 30 30 30 0D
1779567736392,74 34 35 35 38 45 41 46 46 30 36 30 30 39 46 46 46 30 30 30 30 0D
1779567736400,74 34 35 31 38 30 30 30 30 30 30 30 30 30 30 30 30 30 30 30 30 0D
1779567736414,74 34 35 35 38 45 41 46 46 30 36 30 30 39 46 46 46 30 30 30 30 0D
1779567736420,74 34 35 30 38 30 30 30 30 30 37 30 30 30 30 30 30 44 32 30 35 0D
1779567736436,74 34 35 31 38 30 30 30 30 30 30 30 30 30 30 30 30 30 30 30 30 0D
1779567736439,74 34 35 31 38 30 30 30 30 30 30 30 30 30 30 30 30 30 30 30 30 0D
1779567736448,74 34 35 35 38 45 41 46 46 30 36 30 30 39 46 46 46 30 30 30 30 0D
1779567736458,74 34 35 31 38 30 30 30 30 30 30 30 30 30 30 30 30 30 30 30 30 0D
1779567736505,74 34 35 35 38 45 41 46 46 30 36 30 30 39 46 46 46 30 30 30 30 0D
1779567736513,74 34 35 31 38 30 30 30 30 30 30 30 30 30 30 30 30 30 30 30 30 0D
1779567736525,74 34 35 30 38 30 30 30 30 30 37 30 30 30 30 30 30 44 32 30 35 0D
1779567736533,74 34 35 31 38 30 30 30 30 30 30 30 30 30 30 30 30 30 30 30 30 0D
1779567736544,74 34 35 31 38 30 30 30 30 30 30 30 30 30 30 30 30 30 30 30 30 0D
1779567736558,74 34 35 35 38 45 41 46 46 30 36 30 30 39 46 46 46 30 30 30 30 0D
1779567736565,74 34 35 31 38 30 30 30 30 30 30 30 30 30 30 30 30 30 30 30 30 0D
1779567736578,74 34 35 35 38 45 41 46 46 30 36 30 30 39 46 46 46 30 30 30 30 0D
1779567736584,74 34 35 31 38 30 30 30 30 30 30 30 30 30 30 30 30 30 30 30 30 0D
1779567736593,74 34 35 35 38 45 41 46 46 30 36 30 30 39 46 46 46 30 30 30 30 0D
1779567736599,74 34 35 31 38 30 30 30 30 30 30 30 30 30 30 30 30 30 30 30 30 0D
1779567736613,74 34 35 35 38 45 41 46 46 30 36 30 30 39 46 46 46 30 30 30 30 0D
1779567736618,74 34 35 30 38 30 30 30 30 30 37 30 30 30 30 30 30 44 32 30 35 0D
1779567736638,74 34 35 31 38 30 30 30 30 30 30 30 30 30 30 30 30 30 30 30 30 0D
1779567736645,74 34 35 31 38 30 30 30 30 30 30 30 30 30 30 30 30 30 30 30 30 0D
1779567736657,74 34 35 35 38 45 41 46 46 30 36 30 30 39 46 46 46 30 30 30 30 0D
1779567736663,74 34 35 31 38 30 30 30 30 30 30 30 30 30 30 30 30 30 30 30 30 0D
1779567736688,74 34 35 35 38 45 41 46 46 30 36 30 30 39 46 46 46 30 30 30 30 0D 74 34 35 31 38 30 30 30 30 30 30 30 30 30 30 30 30 30 30 30 30 0D
1779567736702,74 34 35 31 38 30 30 30 30 30 30 30 30 30 30 30 30 30 30 30 30 0D
1779567736716,74 34 35 35 38 45 41 46 46 30 36 30 30 39 46 46 46 30 30 30 30 0D
1779567736721,74 34 35 30 38 30 30 30 30 30 37 30 30 30 30 30 30 44 32 30 35 0D
1779567736736,74 34 35 31 38 30 30 30 30 30 30 30 30 30 30 30 30 30 30 30 30 0D
1779567736749,74 34 35 31 38 30 30 30 30 30 30 30 30 30 30 30 30 30 30 30 30 0D
1779567736756,74 34 35 35 38 45 41 46 46 30 37 30 30 39 45 46 46 30 30 30 30 0D
1779567736762,74 34 35 31 38 30 30 30 30 30 30 30 30 30 30 30 30 30 30 30 30 0D
1779567736780,74 34 35 35 38 45 41 46 46 30 37 30 30 39 45 46 46 30 30 30 30 0D
1779567736785,74 34 35 31 38 30 30 30 30 30 30 30 30 30 30 30 30 30 30 30 30 0D
1779567736802,74 34 35 31 38 30 30 30 30 30 30 30 30 30 30 30 30 30 30 30 30 0D
1779567736813,74 34 35 35 38 45 41 46 46 30 37 30 30 39 45 46 46 30 30 30 30 0D
1779567736825,74 34 35 30 38 30 30 30 30 30 37 30 30 30 30 30 30 44 32 30 35 0D
1779567736834,74 34 35 31 38 30 30 30 30 30 30 30 30 30 30 30 30 30 30 30 30 0D
1779567736843,74 34 35 31 38 30 30 30 30 30 30 30 30 30 30 30 30 30 30 30 30 0D
1779567736856,74 34 35 35 38 45 41 46 46 30 37 30 30 39 45 46 46 30 30 30 30 0D
1779567736862,74 34 35 31 38 30 30 30 30 30 30 30 30 30 30 30 30 30 30 30 30 0D
1779567736878,74 34 35 35 38 45 41 46 46 30 37 30 30 39 45 46 46 30 30 30 30 0D
1779567736885,74 34 35 31 38 30 30 30 30 30 30 30 30 30 30 30 30 30 30 30 30 0D
1779567736892,74 34 35 35 38 45 41 46 46 30 37 30 30 39 45 46 46 30 30 30 30 0D
1779567736901,74 34 35 31 38 30 30 30 30 30 30 30 30 30 30 30 30 30 30 30 30 0D
1779567736910,74 34 35 35 38 45 41 46 46 30 37 30 30 39 45 46 46 30 30 30 30 0D
1779567736922,74 34 35 30 38 30 30 30 30 30 37 30 30 30 30 30 30 44 32 30 35 0D
1779567736930,74 34 35 31 38 30 30 30 30 30 30 30 30 30 30 30 30 30 30 30 30 0D
1779567736941,74 34 35 31 38 30 30 30 30 30 30 30 30 30 30 30 30 30 30 30 30 0D
1779567736950,74 34 35 35 38 45 41 46 46 30 36 30 30 39 46 46 46 30 30 30 30 0D
1779567736961,74 34 35 31 38 30 30 30 30 30 30 30 30 30 30 30 30 30 30 30 30 0D
1779567736996,74 34 35 35 38 45 41 46 46 30 36 30 30 39 46 46 46 30 30 30 30 0D
1779567737007,74 34 35 31 38 30 30 30 30 30 30 30 30 30 30 30 30 30 30 30 30 0D
1779567737014,74 34 35 35 38 45 41 46 46 30 36 30 30 39 46 46 46 30 30 30 30 0D
1779567737023,74 34 35 30 38 30 30 30 30 30 37 30 30 30 30 30 30 44 32 30 35 0D
1779567737033,74 34 35 31 38 30 30 30 30 30 30 30 30 30 30 30 30 30 30 30 30 0D
1779567737042,74 34 35 31 38 30 30 30 30 30 30 30 30 30 30 30 30 30 30 30 30 0D
1779567737055,74 34 35 35 38 45 41 46 46 30 36 30 30 39 46 46 46 30 30 30 30 0D
1779567737062,74 34 35 31 38 30 30 30 30 30 30 30 30 30 30 30 30 30 30 30 30 0D
1779567737081,74 34 35 35 38 45 41 46 46 30 36 30 30 39 46 46 46 30 30 30 30 0D
1779567737087,74 34 35 31 38 30 30 30 30 30 30 30 30 30 30 30 30 30 30 30 30 0D
1779567737092,74 34 35 35 38 45 41 46 46 30 36 30 30 39 46 46 46 30 30 30 30 0D
1779567737103,74 34 35 31 38 30 30 30 30 30 30 30 30 30 30 30 30 30 30 30 30 0D
1779567737110,74 34 35 35 38 45 41 46 46 30 36 30 30 39 46 46 46 30 30 30 30 0D
1779567737124,74 34 35 30 38 30 30 30 30 30 37 30 30 30 30 30 30 44 32 30 35 0D
1779567737133,74 34 35 31 38 30 30 30 30 30 30 30 30 30 30 30 30 30 30 30 30 0D
1779567737141,74 34 35 31 38 30 30 30 30 30 30 30 30 30 30 30 30 30 30 30 30 0D
1779567737150,74 34 35 35 38 45 41 46 46 30 37 30 30 39 46 46 46 30 30 30 30 0D
1779567737161,74 34 35 31 38 30 30 30 30 30 30 30 30 30 30 30 30 30 30 30 30 0D
1779567737194,74 34 35 35 38 45 41 46 46 30 37 30 30 39 46 46 46 30 30 30 30 0D
1779567737207,74 34 35 31 38 30 30 30 30 30 30 30 30 30 30 30 30 30 30 30 30 0D
1779567737214,74 34 35 35 38 45 41 46 46 30 37 30 30 39 46 46 46 30 30 30 30 0D
1779567737220,74 34 35 30 38 30 30 30 30 30 37 30 30 30 30 30 30 44 32 30 35 0D
1779567737230,74 34 35 31 38 30 30 30 30 30 30 30 30 30 30 30 30 30 30 30 30 0D
1779567737240,74 34 35 31 38 30 30 30 30 30 30 30 30 30 30 30 30 30 30 30 30 0D
1779567737250,74 34 35 35 38 45 41 46 46 30 37 30 30 39 46 46 46 30 30 30 30 0D
1779567737258,74 34 35 31 38 30 30 30 30 30 30 30 30 30 30 30 30 30 30 30 30 0D
1779567737299,74 34 35 35 38 45 41 46 46 30 37 30 30 39 46 46 46 30 30 30 30 0D
1779567737308,74 34 35 31 38 30 30 30 30 30 30 30 30 30 30 30 30 30 30 30 30 0D
1779567737313,74 34 35 35 38 45 41 46 46 30 37 30 30 39 46 46 46 30 30 30 30 0D
1779567737323,74 34 35 30 38 30 30 30 30 30 37 30 30 30 30 30 30 44 32 30 35 0D
1779567737331,74 34 35 31 38 30 30 30 30 30 30 30 30 30 30 30 30 30 30 30 30 0D
1779567737344,74 34 35 31 38 30 30 30 30 30 30 30 30 30 30 30 30 30 30 30 30 0D
1779567737350,74 34 35 35 38 45 41 46 46 30 37 30 30 39 46 46 46 30 30 30 30 0D
1779567737361,74 34 35 31 38 30 30 30 30 30 30 30 30 30 30 30 30 30 30 30 30 0D
1779567737390,74 34 35 35 38 45 41 46 46 30 37 30 30 39 46 46 46 30 30 30 30 0D
1779567737399,74 34 35 31 38 30 30 30 30 30 30 30 30 30 30 30 30 30 30 30 30 0D
1779567737415,74 34 35 35 38 45 41 46 46 30 37 30 30 39 46 46 46 30 30 30 30 0D
1779567737434,74 34 35 30 38 30 30 30 30 30 37 30 30 30 30 30 30 44 32 30 35 0D
1779567737442,74 34 35 31 38 30 30 30 30 30 30 30 30 30 30 30 30 30 30 30 30 0D
1779567737452,74 34 35 35 38 45 41 46 46 30 37 30 30 39 46 46 46 30 30 30 30 0D
1779567737458,74 34 35 31 38 30 30 30 30 30 30 30 30 30 30 30 30 30 30 30 30 0D
1779567737494,74 34 35 35 38 45 41 46 46 30 37 30 30 39 46 46 46 30 30 30 30 0D
1779567737500,74 34 35 31 38 30 30 30 30 30 30 30 30 30 30 30 30 30 30 30 30 0D
1779567737518,74 34 35 35 38 45 41 46 46 30 37 30 30 39 46 46 46 30 30 30 30 0D
1779567737524,74 34 35 30 38 30 30 30 30 30 37 30 30 30 30 30 30 44 32 30 35 0D
1779567737538,74 34 35 31 38 30 30 30 30 30 30 30 30 30 30 30 30 30 30 30 30 0D
1779567737556,74 34 35 35 38 45 41 46 46 30 37 30 30 39 46 46 46 30 30 30 30 0D
1779567737562,74 34 35 31 38 30 30 30 30 30 30 30 30 30 30 30 30 30 30 30 30 0D
1779567737580,74 34 35 35 38 45 41 46 46 30 37 30 30 39 46 46 46 30 30 30 30 0D
1779567737590,74 34 35 31 38 30 30 30 30 30 30 30 30 30 30 30 30 30 30 30 30 0D
1779567737595,74 34 35 35 38 45 41 46 46 30 37 30 30 39 46 46 46 30 30 30 30 0D
1779567737601,74 34 35 31 38 30 30 30 30 30 30 30 30 30 30 30 30 30 30 30 30 0D
1779567737613,74 34 35 35 38 45 41 46 46 30 37 30 30 39 46 46 46 30 30 30 30 0D
1779567737621,74 34 35 30 38 30 30 30 30 30 37 30 30 30 30 30 30 44 32 30 35 0D
1779567737635,74 34 35 31 38 30 30 30 30 30 30 30 30 30 30 30 30 30 30 30 30 0D
1779567737641,74 34 35 31 38 30 30 30 30 30 30 30 30 30 30 30 30 30 30 30 30 0D
1779567737648,74 34 35 35 38 45 41 46 46 30 37 30 30 39 46 46 46 30 30 30 30 0D
1779567737660,74 34 35 31 38 30 30 30 30 30 30 30 30 30 30 30 30 30 30 30 30 0D
1779567737694,74 34 35 35 38 45 41 46 46 30 37 30 30 39 46 46 46 30 30 30 30 0D
1779567737705,74 34 35 31 38 30 30 30 30 30 30 30 30 30 30 30 30 30 30 30 30 0D
1779567737712,74 34 35 35 38 45 41 46 46 30 37 30 30 39 46 46 46 30 30 30 30 0D
1779567737721,74 34 35 30 38 30 30 30 30 30 37 30 30 30 30 30 30 44 32 30 35 0D
1779567737735,74 34 35 31 38 30 30 30 30 30 30 30 30 30 30 30 30 30 30 30 30 0D
1779567737740,74 34 35 31 38 30 30 30 30 30 30 30 30 30 30 30 30 30 30 30 30 0D
1779567737753,74 34 35 35 38 45 41 46 46 30 37 30 30 39 45 46 46 30 30 30 30 0D
1779567737762,74 34 35 31 38 30 30 30 30 30 30 30 30 30 30 30 30 30 30 30 30 0D
1779567737771,74 34 35 35 38 45 41 46 46 30 37 30 30 39 45 46 46 30 30 30 30 0D
1779567737779,74 34 35 37 38 30 30 30 30 30 32 30 30 36 34 31 34 30 45 30 30 0D
1779567737788,74 34 35 31 38 30 30 30 30 30 30 30 30 30 30 30 30 30 30 30 30 0D
1779567737798,74 34 35 31 38 30 30 30 30 30 30 30 30 30 30 30 30 30 30 30 30 0D
1779567737813,74 34 35 35 38 45 41 46 46 30 37 30 30 39 45 46 46 30 30 30 30 0D
1779567737824,74 34 35 30 38 30 30 30 30 30 37 30 30 30 30 30 30 44 32 30 35 0D
1779567737837,74 34 35 31 38 30 30 30 30 30 30 30 30 30 30 30 30 30 30 30 30 0D
1779567737843,74 34 35 31 38 30 30 30 30 30 30 30 30 30 30 30 30 30 30 30 30 0D
1779567737854,74 34 35 35 38 45 41 46 46 30 37 30 30 39 45 46 46 30 30 30 30 0D
1779567737861,74 34 35 31 38 30 30 30 30 30 30 30 30 30 30 30 30 30 30 30 30 0D
1779567737880,74 34 35 35 38 45 41 46 46 30 37 30 30 39 45 46 46 30 30 30 30 0D
1779567737888,74 34 35 31 38 30 30 30 30 30 30 30 30 30 30 30 30 30 30 30 30 0D
1779567737902,74 34 35 31 38 30 30 30 30 30 30 30 30 30 30 30 30 30 30 30 30 0D
1779567737908,74 34 35 35 38 45 41 46 46 30 37 30 30 39 45 46 46 30 30 30 30 0D
1779567737921,74 34 35 30 38 30 30 30 30 30 37 30 30 30 30 30 30 44 32 30 35 0D
1779567737931,74 34 35 31 38 30 30 30 30 30 30 30 30 30 30 30 30 30 30 30 30 0D
1779567737946,74 34 35 31 38 30 30 30 30 30 30 30 30 30 30 30 30 30 30 30 30 0D
1779567737951,74 34 35 35 38 45 41 46 46 30 36 30 30 39 46 46 46 30 30 30 30 0D
1779567737959,74 34 35 31 38 30 30 30 30 30 30 30 30 30 30 30 30 30 30 30 30 0D
1779567737973,74 34 35 35 38 45 41 46 46 30 36 30 30 39 46 46 46 30 30 30 30 0D
1779567737977,74 34 35 31 38 30 30 30 30 30 30 30 30 30 30 30 30 30 30 30 30 0D
1779567737988,74 34 35 35 38 45 41 46 46 30 36 30 30 39 46 46 46 30 30 30 30 0D
1779567738000,74 34 35 31 38 30 30 30 30 30 30 30 30 30 30 30 30 30 30 30 30 0D
1779567738008,74 34 35 35 38 45 41 46 46 30 36 30 30 39 46 46 46 30 30 30 30 0D
1779567738025,74 34 35 30 38 30 30 30 30 30 37 30 30 30 30 30 30 44 32 30 35 0D
1779567738037,74 34 35 31 38 30 30 30 30 30 30 30 30 30 30 30 30 30 30 30 30 0D
1779567738044,74 34 35 31 38 30 30 30 30 30 30 30 30 30 30 30 30 30 30 30 30 0D
1779567738069,74 34 35 31 38 30 30 30 30 30 30 30 30 30 30 30 30 30 30 30 30 0D
1779567738074,74 34 35 37 38 30 30 30 30 30 30 30 30 36 34 31 34 33 33 30 30 0D
1779567738086,74 34 35 39 38 33 33 41 34 42 45 31 36 36 38 31 39 30 33 42 37 0D
1779567738092,74 34 35 31 38 30 30 30 30 30 30 30 30 30 30 30 30 30 30 30 30 0D
1779567738103,74 34 35 31 38 30 30 30 30 30 30 30 30 30 30 30 30 30 30 30 30 0D
1779567738110,74 34 35 35 38 45 41 46 46 30 36 30 30 39 46 46 46 30 30 30 30 0D
1779567738123,74 34 35 30 38 30 30 30 30 30 37 30 30 30 30 30 30 44 32 30 35 0D
1779567738137,74 34 35 31 38 30 30 30 30 30 30 30 30 30 30 30 30 30 30 30 30 0D
1779567738143,74 34 35 31 38 30 30 30 30 30 30 30 30 30 30 30 30 30 30 30 30 0D
1779567738153,74 34 35 35 38 45 39 46 46 30 36 30 30 39 46 46 46 30 30 30 30 0D
1779567738160,74 34 35 31 38 30 30 30 30 30 30 30 30 30 30 30 30 30 30 30 30 0D
1779567738170,74 34 35 35 38 45 39 46 46 30 36 30 30 39 46 46 46 30 30 30 30 0D
1779567738179,74 34 35 37 38 30 30 30 30 30 30 30 30 36 34 31 34 32 44 30 30 0D
1779567738184,74 34 35 31 38 30 30 30 30 30 30 30 30 30 30 30 30 30 30 30 30 0D
1779567738201,74 34 35 31 38 30 30 30 30 30 30 30 30 30 30 30 30 30 30 30 30 0D
1779567738209,74 34 35 35 38 45 39 46 46 30 36 30 30 39 46 46 46 30 30 30 30 0D
1779567738221,74 34 35 30 38 30 30 30 30 30 37 30 30 30 30 30 30 44 32 30 35 0D
1779567738234,74 34 35 31 38 30 30 30 30 30 30 30 30 30 30 30 30 30 30 30 30 0D
1779567738239,74 34 35 31 38 30 30 30 30 30 30 30 30 30 30 30 30 30 30 30 30 0D
1779567738252,74 34 35 35 38 45 39 46 46 30 36 30 30 39 46 46 46 30 30 30 30 0D
1779567738258,74 34 35 31 38 30 30 30 30 30 30 30 30 30 30 30 30 30 30 30 30 0D
1779567738282,74 34 35 35 38 45 39 46 46 30 36 30 30 39 46 46 46 30 30 30 30 0D
1779567738290,74 34 35 31 38 30 30 30 30 30 30 30 30 30 30 30 30 30 30 30 30 0D
1779567738309,74 34 35 31 38 30 30 30 30 30 30 30 30 30 30 30 30 30 30 30 30 0D
1779567738318,74 34 35 35 38 45 39 46 46 30 36 30 30 39 46 46 46 30 30 30 30 0D
1779567738320,74 34 35 30 38 30 30 30 30 30 37 30 30 30 30 30 30 44 32 30 35 0D
1779567738342,74 34 35 31 38 30 30 30 30 30 30 30 30 30 30 30 30 30 30 30 30 0D
1779567738349,74 34 35 31 38 30 30 30 30 30 30 30 30 30 30 30 30 30 30 30 30 0D
1779567738360,74 34 35 31 38 30 30 30 30 30 30 30 30 30 30 30 30 30 30 30 30 0D
1779567738371,74 34 35 35 38 45 42 46 46 30 37 30 30 39 46 46 46 30 30 30 30 0D
1779567738394,74 34 35 37 38 30 30 30 30 30 31 30 30 36 34 31 34 32 37 30 30 0D
1779567738408,74 34 35 31 38 30 30 30 30 30 30 30 30 30 30 30 30 30 30 30 30 0D
1779567738417,74 34 35 35 38 45 42 46 46 30 37 30 30 39 46 46 46 30 30 30 30 0D
1779567738422,74 34 35 30 38 30 30 30 30 30 37 30 30 30 30 30 30 44 32 30 35 0D
1779567738433,74 34 35 31 38 30 30 30 30 30 30 30 30 30 30 30 30 30 30 30 30 0D
1779567738439,74 34 35 31 38 30 30 30 30 30 30 30 30 30 30 30 30 30 30 30 30 0D
1779567738452,74 34 35 35 38 45 42 46 46 30 37 30 30 39 46 46 46 30 30 30 30 0D
1779567738465,74 34 35 31 38 30 30 30 30 30 30 30 30 30 30 30 30 30 30 30 30 0D
1779567738473,74 34 35 35 38 45 42 46 46 30 37 30 30 39 46 46 46 30 30 30 30 0D
1779567738480,74 34 35 31 38 30 30 30 30 30 30 30 30 30 30 30 30 30 30 30 30 0D
1779567738487,74 34 35 35 38 45 42 46 46 30 37 30 30 39 46 46 46 30 30 30 30 0D
1779567738502,74 34 35 31 38 30 30 30 30 30 30 30 30 30 30 30 30 30 30 30 30 0D
1779567738515,74 34 35 35 38 45 42 46 46 30 37 30 30 39 46 46 46 30 30 30 30 0D
1779567738521,74 34 35 30 38 30 30 30 30 30 37 30 30 30 30 30 30 44 32 30 35 0D
1779567738535,74 34 35 31 38 30 30 30 30 30 30 30 30 30 30 30 30 30 30 30 30 0D
1779567738540,74 34 35 31 38 30 30 30 30 30 30 30 30 30 30 30 30 30 30 30 30 0D
1779567738551,74 34 35 35 38 45 39 46 46 30 37 30 30 39 46 46 46 30 30 30 30 0D
1779567738563,74 34 35 31 38 30 30 30 30 30 30 30 30 30 30 30 30 30 30 30 30 0D
1779567738581,74 34 35 35 38 45 39 46 46 30 37 30 30 39 46 46 46 30 30 30 30 0D
1779567738585,74 34 35 31 38 30 30 30 30 30 30 30 30 30 30 30 30 30 30 30 30 0D
1779567738596,74 34 35 36 38 45 45 46 46 30 37 30 30 30 34 30 30 30 30 30 30 0D
1779567738604,74 34 35 31 38 30 30 30 30 30 30 30 30 30 30 30 30 30 30 30 30 0D
1779567738609,74 34 35 35 38 45 39 46 46 30 37 30 30 39 46 46 46 30 30 30 30 0D
1779567738621,74 34 35 30 38 30 30 30 30 30 37 30 30 30 30 30 30 44 32 30 35 0D
1779567738636,74 34 35 31 38 30 30 30 30 30 30 30 30 30 30 30 30 30 30 30 30 0D
1779567738641,74 34 35 31 38 30 30 30 30 30 30 30 30 30 30 30 30 30 30 30 30 0D
1779567738650,74 34 35 35 38 45 39 46 46 30 37 30 30 39 46 46 46 30 30 30 30 0D
1779567738666,74 34 35 31 38 30 30 30 30 30 30 30 30 30 30 30 30 30 30 30 30 0D
1779567738699,74 34 35 35 38 45 39 46 46 30 37 30 30 39 46 46 46 30 30 30 30 0D
1779567738704,74 34 35 31 38 30 30 30 30 30 30 30 30 30 30 30 30 30 30 30 30 0D
1779567738711,74 34 35 35 38 45 39 46 46 30 37 30 30 39 46 46 46 30 30 30 30 0D
1779567738723,74 34 35 30 38 30 30 30 30 30 37 30 30 30 30 30 30 44 32 30 35 0D
1779567738732,74 34 35 31 38 30 30 30 30 30 30 30 30 30 30 30 30 30 30 30 30 0D
1779567738739,74 34 35 31 38 30 30 30 30 30 30 30 30 30 30 30 30 30 30 30 30 0D
1779567738754,74 34 35 35 38 45 44 46 46 30 37 30 30 39 45 46 46 30 30 30 30 0D
1779567738769,74 34 35 31 38 30 30 30 30 30 30 30 30 30 30 30 30 30 30 30 30 0D
1779567738780,74 34 35 35 38 45 44 46 46 30 37 30 30 39 45 46 46 30 30 30 30 0D
1779567738785,74 34 35 31 38 30 30 30 30 30 30 30 30 30 30 30 30 30 30 30 30 0D
1779567738789,74 34 35 35 38 45 44 46 46 30 37 30 30 39 45 46 46 30 30 30 30 0D
1779567738797,74 34 35 31 38 30 30 30 30 30 30 30 30 30 30 30 30 30 30 30 30 0D
1779567738811,74 34 35 35 38 45 44 46 46 30 37 30 30 39 45 46 46 30 30 30 30 0D
1779567738820,74 34 35 30 38 30 30 30 30 30 37 30 30 30 30 30 30 44 32 30 35 0D
1779567738832,74 34 35 31 38 30 30 30 30 30 30 30 30 30 30 30 30 30 30 30 30 0D
1779567738840,74 34 35 31 38 30 30 30 30 30 30 30 30 30 30 30 30 30 30 30 30 0D
1779567738849,74 34 35 35 38 45 44 46 46 30 37 30 30 39 45 46 46 30 30 30 30 0D
1779567738861,74 34 35 31 38 30 30 30 30 30 30 30 30 30 30 30 30 30 30 30 30 0D
1779567738877,74 34 35 35 38 45 44 46 46 30 37 30 30 39 45 46 46 30 30 30 30 0D
1779567738881,74 34 35 31 38 30 30 30 30 30 30 30 30 30 30 30 30 30 30 30 30 0D
1779567738893,74 34 35 36 38 45 45 46 46 30 37 30 30 30 34 30 30 30 30 30 30 0D
1779567738900,74 34 35 31 38 30 30 30 30 30 30 30 30 30 30 30 30 30 30 30 30 0D
1779567738908,74 34 35 35 38 45 44 46 46 30 37 30 30 39 45 46 46 30 30 30 30 0D
1779567738920,74 34 35 30 38 30 30 30 30 30 37 30 30 30 30 30 30 44 32 30 35 0D
1779567738935,74 34 35 31 38 30 30 30 30 30 30 30 30 30 30 30 30 30 30 30 30 0D
1779567738943,74 34 35 31 38 30 30 30 30 30 30 30 30 30 30 30 30 30 30 30 30 0D
1779567738954,74 34 35 35 38 45 41 46 46 30 37 30 30 39 46 46 46 30 30 30 30 0D
1779567738960,74 34 35 31 38 30 30 30 30 30 30 30 30 30 30 30 30 30 30 30 30 0D
1779567738993,74 34 35 35 38 45 41 46 46 30 37 30 30 39 46 46 46 30 30 30 30 0D
1779567739004,74 34 35 31 38 30 30 30 30 30 30 30 30 30 30 30 30 30 30 30 30 0D
1779567739024,74 34 35 35 38 45 41 46 46 30 37 30 30 39 46 46 46 30 30 30 30 0D
1779567739031,74 34 35 31 38 30 30 30 30 30 30 30 30 30 30 30 30 30 30 30 30 0D
1779567739046,74 34 35 31 38 30 30 30 30 30 30 30 30 30 30 30 30 30 30 30 30 0D
1779567739053,74 34 35 36 38 45 45 46 46 30 38 30 30 30 34 30 30 30 30 30 30 0D
1779567739060,74 34 35 31 38 30 30 30 30 30 30 30 30 30 30 30 30 30 30 30 30 0D
1779567739073,74 34 35 35 38 45 41 46 46 30 37 30 30 39 46 46 46 30 30 30 30 0D
1779567739079,74 34 35 37 38 30 30 30 30 30 31 30 30 36 34 31 34 33 44 30 30 0D
1779567739082,74 34 35 31 38 30 30 30 30 30 30 30 30 30 30 30 30 30 30 30 30 0D
1779567739088,74 34 35 35 38 45 41 46 46 30 37 30 30 39 46 46 46 30 30 30 30 0D
1779567739096,74 34 35 36 38 45 45 46 46 30 38 30 30 30 34 30 30 30 30 30 30 0D
1779567739099,74 34 35 31 38 30 30 30 30 30 30 30 30 30 30 30 30 30 30 30 30 0D
1779567739109,74 34 35 35 38 45 41 46 46 30 37 30 30 39 46 46 46 30 30 30 30 0D
1779567739120,74 34 35 30 38 30 30 30 30 30 37 30 30 30 30 30 30 44 32 30 35 0D
1779567739133,74 34 35 31 38 30 30 30 30 30 30 30 30 30 30 30 30 30 30 30 30 0D
1779567739141,74 34 35 31 38 30 30 30 30 30 30 30 30 30 30 30 30 30 30 30 30 0D
1779567739153,74 34 35 36 38 45 45 46 46 30 38 30 30 30 34 30 30 30 30 30 30 0D
1779567739159,74 34 35 31 38 30 30 30 30 30 30 30 30 30 30 30 30 30 30 30 30 0D
1779567739174,74 34 35 35 38 45 39 46 46 30 38 30 30 39 46 46 46 30 30 30 30 0D
1779567739177,74 34 35 31 38 30 30 30 30 30 30 30 30 30 30 30 30 30 30 30 30 0D
1779567739191,74 34 35 35 38 45 39 46 46 30 38 30 30 39 46 46 46 30 30 30 30 0D
1779567739198,74 34 35 31 38 30 30 30 30 30 30 30 30 30 30 30 30 30 30 30 30 0D
1779567739221,74 34 35 35 38 45 39 46 46 30 38 30 30 39 46 46 46 30 30 30 30 0D
1779567739229,74 34 35 30 38 30 30 30 30 30 37 30 30 30 30 30 30 44 32 30 35 0D
1779567739243,74 34 35 31 38 30 30 30 30 30 30 30 30 30 30 30 30 30 30 30 30 0D
1779567739248,74 34 35 35 38 45 39 46 46 30 38 30 30 39 46 46 46 30 30 30 30 0D
1779567739259,74 34 35 31 38 30 30 30 30 30 30 30 30 30 30 30 30 30 30 30 30 0D
1779567739270,74 34 35 35 38 45 39 46 46 30 38 30 30 39 46 46 46 30 30 30 30 0D
1779567739276,74 34 35 37 38 30 30 30 30 30 30 30 30 36 34 31 34 32 45 30 30 0D
1779567739283,74 34 35 31 38 30 30 30 30 30 30 30 30 30 30 30 30 30 30 30 30 0D
1779567739287,74 34 35 35 38 45 39 46 46 30 38 30 30 39 46 46 46 30 30 30 30 0D
1779567739298,74 34 35 31 38 30 30 30 30 30 30 30 30 30 30 30 30 30 30 30 30 0D
1779567739314,74 34 35 35 38 45 39 46 46 30 38 30 30 39 46 46 46 30 30 30 30 0D
1779567739320,74 34 35 30 38 30 30 30 30 30 37 30 30 30 30 30 30 44 32 30 35 0D
1779567739332,74 34 35 31 38 30 30 30 30 30 30 30 30 30 30 30 30 30 30 30 30 0D
1779567739340,74 34 35 31 38 30 30 30 30 30 30 30 30 30 30 30 30 30 30 30 30 0D
1779567739353,74 34 35 35 38 45 41 46 46 30 37 30 30 39 45 46 46 30 30 30 30 0D
1779567739369,74 34 35 31 38 30 30 30 30 30 30 30 30 30 30 30 30 30 30 30 30 0D
1779567739376,74 34 35 35 38 45 41 46 46 30 37 30 30 39 45 46 46 30 30 30 30 0D
1779567739387,74 34 35 39 38 32 36 41 34 42 45 31 36 36 30 31 39 30 33 42 37 0D
1779567739402,74 34 35 31 38 30 30 30 30 30 30 30 30 30 30 30 30 30 30 30 30 0D
1779567739413,74 34 35 35 38 45 41 46 46 30 37 30 30 39 45 46 46 30 30 30 30 0D
1779567739420,74 34 35 30 38 30 30 30 30 30 37 30 30 30 30 30 30 44 32 30 35 0D
1779567739431,74 34 35 31 38 30 30 30 30 30 30 30 30 30 30 30 30 30 30 30 30 0D
1779567739443,74 34 35 31 38 30 30 30 30 30 30 30 30 30 30 30 30 30 30 30 30 0D
1779567739453,74 34 35 35 38 45 41 46 46 30 37 30 30 39 45 46 46 30 30 30 30 0D
1779567739463,74 34 35 31 38 30 30 30 30 30 30 30 30 30 30 30 30 30 30 30 30 0D
1779567739481,74 34 35 35 38 45 41 46 46 30 37 30 30 39 45 46 46 30 30 30 30 0D
1779567739485,74 34 35 31 38 30 30 30 30 30 30 30 30 30 30 30 30 30 30 30 30 0D
1779567739490,74 34 35 35 38 45 41 46 46 30 37 30 30 39 45 46 46 30 30 30 30 0D
1779567739499,74 34 35 31 38 30 30 30 30 30 30 30 30 30 30 30 30 30 30 30 30 0D
1779567739509,74 34 35 35 38 45 41 46 46 30 37 30 30 39 45 46 46 30 30 30 30 0D
1779567739518,74 34 35 30 38 30 30 30 30 30 37 30 30 30 30 30 30 44 32 30 35 0D
1779567739542,74 34 35 31 38 30 30 30 30 30 30 30 30 30 30 30 30 30 30 30 30 0D
1779567739554,74 34 35 31 38 30 30 30 30 30 30 30 30 30 30 30 30 30 30 30 30 0D
1779567739559,74 34 35 31 38 30 30 30 30 30 30 30 30 30 30 30 30 30 30 30 30 0D
1779567739568,74 34 35 35 38 45 39 46 46 30 36 30 30 39 46 46 46 30 30 30 30 0D
1779567739581,74 34 35 39 38 32 33 41 34 42 45 31 36 35 46 31 39 30 33 42 37 0D
1779567739588,74 34 35 31 38 30 30 30 30 30 30 30 30 30 30 30 30 30 30 30 30 0D
1779567739599,74 34 35 31 38 30 30 30 30 30 30 30 30 30 30 30 30 30 30 30 30 0D
1779567739615,74 34 35 35 38 45 39 46 46 30 36 30 30 39 46 46 46 30 30 30 30 0D
1779567739620,74 34 35 30 38 30 30 30 30 30 37 30 30 30 30 30 30 44 32 30 35 0D
1779567739636,74 34 35 31 38 30 30 30 30 30 30 30 30 30 30 30 30 30 30 30 30 0D
1779567739642,74 34 35 31 38 30 30 30 30 30 30 30 30 30 30 30 30 30 30 30 30 0D
1779567739648,74 34 35 35 38 45 39 46 46 30 36 30 30 39 46 46 46 30 30 30 30 0D
1779567739665,74 34 35 31 38 30 30 30 30 30 30 30 30 30 30 30 30 30 30 30 30 0D
1779567739681,74 34 35 35 38 45 39 46 46 30 36 30 30 39 46 46 46 30 30 30 30 0D
1779567739689,74 34 35 31 38 30 30 30 30 30 30 30 30 30 30 30 30 30 30 30 30 0D
1779567739692,74 34 35 35 38 45 39 46 46 30 36 30 30 39 46 46 46 30 30 30 30 0D
1779567739699,74 34 35 31 38 30 30 30 30 30 30 30 30 30 30 30 30 30 30 30 30 0D
1779567739711,74 34 35 35 38 45 39 46 46 30 36 30 30 39 46 46 46 30 30 30 30 0D
1779567739718,74 34 35 30 38 30 30 30 30 30 37 30 30 30 30 30 30 44 32 30 35 0D
1779567739731,74 34 35 31 38 30 30 30 30 30 30 30 30 30 30 30 30 30 30 30 30 0D
1779567739741,74 34 35 31 38 30 30 30 30 30 30 30 30 30 30 30 30 30 30 30 30 0D
1779567739751,74 34 35 35 38 45 41 46 46 30 37 30 30 39 45 46 46 30 30 30 30 0D
1779567739762,74 34 35 31 38 30 30 30 30 30 30 30 30 30 30 30 30 30 30 30 30 0D
1779567739769,74 34 35 35 38 45 41 46 46 30 37 30 30 39 45 46 46 30 30 30 30 0D
1779567739779,74 34 35 37 38 30 30 30 30 30 30 30 30 36 34 31 34 31 30 30 30 0D
1779567739788,74 34 35 35 38 45 41 46 46 30 37 30 30 39 45 46 46 30 30 30 30 0D
1779567739798,74 34 35 31 38 30 30 30 30 30 30 30 30 30 30 30 30 30 30 30 30 0D
1779567739813,74 34 35 35 38 45 41 46 46 30 37 30 30 39 45 46 46 30 30 30 30 0D
1779567739818,74 34 35 30 38 30 30 30 30 30 37 30 30 30 30 30 30 44 32 30 35 0D
1779567739833,74 34 35 31 38 30 30 30 30 30 30 30 30 30 30 30 30 30 30 30 30 0D
1779567739839,74 34 35 31 38 30 30 30 30 30 30 30 30 30 30 30 30 30 30 30 30 0D
1779567739855,74 34 35 35 38 45 41 46 46 30 37 30 30 39 45 46 46 30 30 30 30 0D
1779567739862,74 34 35 31 38 30 30 30 30 30 30 30 30 30 30 30 30 30 30 30 30 0D
1779567739877,74 34 35 35 38 45 41 46 46 30 37 30 30 39 45 46 46 30 30 30 30 0D
1779567739883,74 34 35 31 38 30 30 30 30 30 30 30 30 30 30 30 30 30 30 30 30 0D
1779567739889,74 34 35 35 38 45 41 46 46 30 37 30 30 39 45 46 46 30 30 30 30 0D
1779567739900,74 34 35 31 38 30 30 30 30 30 30 30 30 30 30 30 30 30 30 30 30 0D
1779567739911,74 34 35 35 38 45 41 46 46 30 37 30 30 39 45 46 46 30 30 30 30 0D
1779567739922,74 34 35 30 38 30 30 30 30 30 37 30 30 30 30 30 30 44 32 30 35 0D
1779567739934,74 34 35 31 38 30 30 30 30 30 30 30 30 30 30 30 30 30 30 30 30 0D
1779567739943,74 34 35 31 38 30 30 30 30 30 30 30 30 30 30 30 30 30 30 30 30 0D
1779567739957,74 34 35 35 38 45 41 46 46 30 37 30 30 39 46 46 46 30 30 30 30 0D
1779567739963,74 34 35 31 38 30 30 30 30 30 30 30 30 30 30 30 30 30 30 30 30 0D
1779567739972,74 34 35 35 38 45 41 46 46 30 37 30 30 39 46 46 46 30 30 30 30 0D
1779567739976,74 34 35 37 38 30 30 30 30 30 30 30 30 36 34 31 34 31 30 30 30 0D
1779567739981,74 34 35 31 38 30 30 30 30 30 30 30 30 30 30 30 30 30 30 30 30 0D
1779567739993,74 34 35 35 38 45 41 46 46 30 37 30 30 39 46 46 46 30 30 30 30 0D
1779567740000,74 34 35 31 38 30 30 30 30 30 30 30 30 30 30 30 30 30 30 30 30 0D
1779567740007,74 34 35 35 38 45 41 46 46 30 37 30 30 39 46 46 46 30 30 30 30 0D
1779567740019,74 34 35 30 38 30 30 30 30 30 37 30 30 30 30 30 30 44 32 30 35 0D
1779567740030,74 34 35 31 38 30 30 30 30 30 30 30 30 30 30 30 30 30 30 30 30 0D
1779567740039,74 34 35 31 38 30 30 30 30 30 30 30 30 30 30 30 30 30 30 30 30 0D
1779567740055,74 34 35 35 38 45 41 46 46 30 37 30 30 39 46 46 46 30 30 30 30 0D
1779567740063,74 34 35 31 38 30 30 30 30 30 30 30 30 30 30 30 30 30 30 30 30 0D
1779567740086,74 34 35 35 38 45 41 46 46 30 37 30 30 39 46 46 46 30 30 30 30 0D
1779567740095,74 34 35 31 38 30 30 30 30 30 30 30 30 30 30 30 30 30 30 30 30 0D
1779567740102,74 34 35 31 38 30 30 30 30 30 30 30 30 30 30 30 30 30 30 30 30 0D
1779567740113,74 34 35 35 38 45 41 46 46 30 37 30 30 39 46 46 46 30 30 30 30 0D
1779567740120,74 34 35 30 38 30 30 30 30 30 37 30 30 30 30 30 30 44 32 30 35 0D
1779567740134,74 34 35 31 38 30 30 30 30 30 30 30 30 30 30 30 30 30 30 30 30 0D
1779567740141,74 34 35 31 38 30 30 30 30 30 30 30 30 30 30 30 30 30 30 30 30 0D
1779567740153,74 34 35 35 38 45 41 46 46 30 37 30 30 39 46 46 46 30 30 30 30 0D
1779567740165,74 34 35 31 38 30 30 30 30 30 30 30 30 30 30 30 30 30 30 30 30 0D
1779567740197,74 34 35 35 38 45 41 46 46 30 37 30 30 39 46 46 46 30 30 30 30 0D
1779567740205,74 34 35 31 38 30 30 30 30 30 30 30 30 30 30 30 30 30 30 30 30 0D
1779567740216,74 34 35 35 38 45 41 46 46 30 37 30 30 39 46 46 46 30 30 30 30 0D
1779567740222,74 34 35 30 38 30 30 30 30 30 37 30 30 30 30 30 30 44 32 30 35 0D
1779567740233,74 34 35 31 38 30 30 30 30 30 30 30 30 30 30 30 30 30 30 30 30 0D
1779567740242,74 34 35 31 38 30 30 30 30 30 30 30 30 30 30 30 30 30 30 30 30 0D
1779567740252,74 34 35 35 38 45 41 46 46 30 37 30 30 39 46 46 46 30 30 30 30 0D
1779567740263,74 34 35 31 38 30 30 30 30 30 30 30 30 30 30 30 30 30 30 30 30 0D
1779567740297,74 34 35 35 38 45 41 46 46 30 37 30 30 39 46 46 46 30 30 30 30 0D
1779567740305,74 34 35 31 38 30 30 30 30 30 30 30 30 30 30 30 30 30 30 30 30 0D
1779567740316,74 34 35 35 38 45 41 46 46 30 37 30 30 39 46 46 46 30 30 30 30 0D
1779567740321,74 34 35 30 38 30 30 30 30 30 37 30 30 30 30 30 30 44 32 30 35 0D
1779567740336,74 34 35 32 38 38 43 30 30 30 30 30 30 30 30 30 30 32 37 30 30 0D 74 34 35 33 38 39 45 30 30 30 30 30 30 30 30 30 30 30 31 30 30 0D
1779567740341,74 34 35 31 38 30 30 30 30 30 30 30 30 30 30 30 30 30 30 30 30 0D
1779567740352,74 34 35 35 38 45 41 46 46 30 38 30 30 39 46 46 46 30 30 30 30 0D
1779567740362,74 34 35 31 38 30 30 30 30 30 30 30 30 30 30 30 30 30 30 30 30 0D
1779567740391,74 34 35 35 38 45 41 46 46 30 38 30 30 39 46 46 46 30 30 30 30 0D
1779567740403,74 34 35 31 38 30 30 30 30 30 30 30 30 30 30 30 30 30 30 30 30 0D
1779567740413,74 34 35 35 38 45 41 46 46 30 38 30 30 39 46 46 46 30 30 30 30 0D
1779567740418,74 34 35 30 38 31 37 30 30 30 30 30 30 30 30 30 30 44 32 30 35 0D
1779567740429,74 34 35 31 38 30 30 30 30 30 30 30 30 30 30 30 30 30 30 30 30 0D
1779567740445,74 34 35 31 38 30 30 30 30 30 30 30 30 30 30 30 30 30 30 30 30 0D
1779567740449,74 34 35 35 38 45 41 46 46 30 38 30 30 39 46 46 46 30 30 30 30 0D
1779567740462,74 34 35 31 38 30 30 30 30 30 30 30 30 30 30 30 30 30 30 30 30 0D
1779567740472,74 34 35 35 38 45 41 46 46 30 38 30 30 39 46 46 46 30 30 30 30 0D
1779567740480,74 34 35 37 38 30 30 30 30 30 31 30 30 36 34 31 34 31 33 30 30 0D
1779567740490,74 34 35 31 38 30 30 30 30 30 30 30 30 30 30 30 30 30 30 30 30 0D
1779567740492,74 34 35 35 38 45 41 46 46 30 38 30 30 39 46 46 46 30 30 30 30 0D
1779567740498,74 34 35 31 38 30 30 30 30 30 30 30 30 30 30 30 30 30 30 30 30 0D
1779567740511,74 34 35 35 38 45 41 46 46 30 38 30 30 39 46 46 46 30 30 30 30 0D
1779567740518,74 34 35 30 38 33 45 30 30 30 30 30 30 30 30 30 30 44 32 30 35 0D
1779567740531,74 34 35 31 38 30 30 30 30 30 30 30 30 30 30 30 30 30 30 30 30 0D
1779567740537,74 34 35 31 38 30 30 30 30 30 30 30 30 30 30 30 30 30 30 30 30 0D
1779567740553,74 34 35 35 38 45 38 46 46 30 37 30 30 41 31 46 46 30 30 30 30 0D
1779567740563,74 34 35 31 38 30 30 30 30 30 30 30 30 30 30 30 30 30 30 30 30 0D
1779567740596,74 34 35 35 38 45 38 46 46 30 37 30 30 41 31 46 46 30 30 30 30 0D
1779567740602,74 34 35 31 38 30 30 30 30 30 30 30 30 30 30 30 30 30 30 30 30 0D
1779567740614,74 34 35 35 38 45 38 46 46 30 37 30 30 41 31 46 46 30 30 30 30 0D
1779567740621,74 34 35 30 38 37 37 30 30 30 30 30 30 30 30 30 30 44 32 30 35 0D
1779567740632,74 34 35 31 38 30 30 30 30 30 30 30 30 30 30 30 30 30 30 30 30 0D
1779567740645,74 34 35 31 38 30 30 30 30 30 30 30 30 30 30 30 30 30 30 30 30 0D
1779567740660,74 34 35 35 38 45 38 46 46 30 37 30 30 41 31 46 46 30 30 30 30 0D
1779567740680,74 34 35 35 38 45 38 46 46 30 37 30 30 41 31 46 46 30 30 30 30 0D
1779567740686,74 34 35 31 38 30 30 30 30 30 30 30 30 30 30 30 30 30 30 30 30 0D
1779567740692,74 34 35 35 38 45 38 46 46 30 37 30 30 41 31 46 46 30 30 30 30 0D
1779567740697,74 34 35 31 38 30 30 30 30 30 30 30 30 30 30 30 30 30 30 30 30 0D
1779567740714,74 34 35 35 38 45 38 46 46 30 37 30 30 41 31 46 46 30 30 30 30 0D
1779567740719,74 34 35 30 38 41 30 30 30 30 30 30 30 30 30 30 30 44 32 30 35 0D
1779567740732,74 34 35 31 38 30 30 30 30 30 30 30 30 30 30 30 30 30 30 30 30 0D
1779567740741,74 34 35 31 38 30 30 30 30 30 30 30 30 30 30 30 30 30 30 30 30 0D
1779567740751,74 34 35 35 38 45 39 46 46 30 37 30 30 39 46 46 46 30 30 30 30 0D
1779567740762,74 34 35 31 38 30 30 30 30 30 30 30 30 30 30 30 30 30 30 30 30 0D
1779567740768,74 34 35 35 38 45 39 46 46 30 37 30 30 39 46 46 46 30 30 30 30 0D
1779567740777,74 34 35 37 38 30 30 30 30 30 31 30 30 36 34 31 34 31 41 30 30 0D
1779567740797,74 34 35 31 38 30 30 30 30 30 30 30 30 30 30 30 30 30 30 30 30 0D
1779567740802,74 34 35 31 38 30 30 30 30 30 30 30 30 30 30 30 30 30 30 30 30 0D
1779567740808,74 34 35 35 38 45 39 46 46 30 37 30 30 39 46 46 46 30 30 30 30 0D
1779567740823,74 34 35 30 38 43 30 30 30 30 30 30 30 30 30 30 30 44 32 30 35 0D
1779567740834,74 34 35 31 38 30 30 30 30 30 30 30 30 30 30 30 30 30 30 30 30 0D
1779567740842,74 34 35 31 38 30 30 30 30 30 30 30 30 30 30 30 30 30 30 30 30 0D
1779567740849,74 34 35 35 38 45 39 46 46 30 37 30 30 39 46 46 46 30 30 30 30 0D
1779567740859,74 34 35 31 38 30 30 30 30 30 30 30 30 30 30 30 30 30 30 30 30 0D
1779567740879,74 34 35 35 38 45 39 46 46 30 37 30 30 39 46 46 46 30 30 30 30 0D
1779567740885,74 34 35 31 38 30 30 30 30 30 30 30 30 30 30 30 30 30 30 30 30 0D
1779567740902,74 34 35 31 38 30 30 30 30 30 30 30 30 30 30 30 30 30 30 30 30 0D
1779567740912,74 34 35 35 38 45 39 46 46 30 37 30 30 39 46 46 46 30 30 30 30 0D
1779567740924,74 34 35 30 38 43 46 30 30 30 30 30 30 30 30 30 30 44 32 30 35 0D
1779567740930,74 34 35 31 38 30 30 30 30 30 30 30 30 30 30 30 30 30 30 30 30 0D
1779567740942,74 34 35 31 38 30 30 30 30 30 30 30 30 30 30 30 30 30 30 30 30 0D
1779567740950,74 34 35 35 38 45 41 46 46 30 37 30 30 41 35 46 46 30 30 30 30 0D
1779567740962,74 34 35 31 38 30 30 30 30 30 30 30 30 30 30 30 30 30 30 30 30 0D
1779567740968,74 34 35 35 38 45 41 46 46 30 37 30 30 41 35 46 46 30 30 30 30 0D
1779567740979,74 34 35 37 38 30 30 30 30 30 30 30 30 36 34 31 34 32 43 30 30 0D
1779567740991,74 34 35 31 38 30 30 30 30 30 30 30 30 30 30 30 30 30 30 30 30 0D
1779567741001,74 34 35 31 38 30 30 30 30 30 30 30 30 30 30 30 30 30 30 30 30 0D
1779567741012,74 34 35 35 38 45 41 46 46 30 37 30 30 41 35 46 46 30 30 30 30 0D
1779567741018,74 34 35 30 38 44 31 30 30 30 30 30 30 30 30 30 30 44 32 30 35 0D
1779567741029,74 34 35 31 38 30 30 30 30 30 30 30 30 30 30 30 30 30 30 30 30 0D
1779567741040,74 34 35 31 38 30 30 30 30 30 30 30 30 30 30 30 30 30 30 30 30 0D
1779567741050,74 34 35 35 38 45 41 46 46 30 37 30 30 41 35 46 46 30 30 30 30 0D
1779567741063,74 34 35 31 38 30 30 30 30 30 30 30 30 30 30 30 30 30 30 30 30 0D
1779567741078,74 34 35 35 38 45 41 46 46 30 37 30 30 41 35 46 46 30 30 30 30 0D
1779567741082,74 34 35 31 38 30 30 30 30 30 30 30 30 30 30 30 30 30 30 30 30 0D
1779567741090,74 34 35 36 38 45 46 46 46 30 36 30 30 30 34 30 30 30 30 30 30 0D
1779567741097,74 34 35 31 38 30 30 30 30 30 30 30 30 30 30 30 30 30 30 30 30 0D
1779567741108,74 34 35 35 38 45 41 46 46 30 37 30 30 41 35 46 46 30 30 30 30 0D
1779567741118,74 34 35 30 38 44 38 30 30 30 30 30 30 30 30 30 30 44 32 30 35 0D
1779567741134,74 34 35 31 38 30 30 30 30 30 30 30 30 30 30 30 30 30 30 30 30 0D
1779567741144,74 34 35 31 38 30 30 30 30 30 30 30 30 30 30 30 30 30 30 30 30 0D
1779567741148,74 34 35 35 38 45 34 46 46 30 38 30 30 39 43 46 46 30 30 30 30 0D
1779567741159,74 34 35 31 38 30 30 30 30 30 30 30 30 30 30 30 30 30 30 30 30 0D
1779567741168,74 34 35 35 38 45 34 46 46 30 38 30 30 39 43 46 46 30 30 30 30 0D
1779567741173,74 34 35 37 38 30 30 30 30 30 30 30 30 36 34 31 34 34 32 30 30 0D
1779567741183,74 34 35 31 38 30 30 30 30 30 30 30 30 30 30 30 30 30 30 30 30 0D
1779567741201,74 34 35 31 38 30 30 30 30 30 30 30 30 30 30 30 30 30 30 30 30 0D
1779567741212,74 34 35 35 38 45 34 46 46 30 38 30 30 39 43 46 46 30 30 30 30 0D
1779567741223,74 34 35 30 38 44 41 30 30 30 30 30 30 30 30 30 30 44 32 30 35 0D
1779567741229,74 34 35 31 38 30 30 30 30 30 30 30 30 30 30 30 30 30 30 30 30 0D
1779567741242,74 34 35 31 38 30 30 30 30 30 30 30 30 30 30 30 30 30 30 30 30 0D
1779567741250,74 34 35 35 38 45 34 46 46 30 38 30 30 39 43 46 46 30 30 30 30 0D
1779567741261,74 34 35 31 38 30 30 30 30 30 30 30 30 30 30 30 30 30 30 30 30 0D
1779567741279,74 34 35 35 38 45 34 46 46 30 38 30 30 39 43 46 46 30 30 30 30 0D
1779567741287,74 34 35 31 38 30 30 30 30 30 30 30 30 30 30 30 30 30 30 30 30 0D
1779567741298,74 34 35 31 38 30 30 30 30 30 30 30 30 30 30 30 30 30 30 30 30 0D
1779567741309,74 34 35 35 38 45 34 46 46 30 38 30 30 39 43 46 46 30 30 30 30 0D
1779567741323,74 34 35 30 38 44 46 30 30 30 30 30 30 30 30 30 30 44 32 30 35 0D
1779567741331,74 34 35 31 38 30 30 30 30 30 30 30 30 30 30 30 30 30 30 30 30 0D
1779567741341,74 34 35 31 38 30 30 30 30 30 30 30 30 30 30 30 30 30 30 30 30 0D
1779567741351,74 34 35 35 38 45 41 46 46 30 34 30 30 41 35 46 46 30 30 30 30 0D
1779567741361,74 34 35 31 38 30 30 30 30 30 30 30 30 30 30 30 30 30 30 30 30 0D
1779567741377,74 34 35 35 38 45 41 46 46 30 34 30 30 41 35 46 46 30 30 30 30 0D
1779567741384,74 34 35 31 38 30 30 30 30 30 30 30 30 30 30 30 30 30 30 30 30 0D
1779567741403,74 34 35 31 38 30 30 30 30 30 30 30 30 30 30 30 30 30 30 30 30 0D
1779567741413,74 34 35 35 38 45 41 46 46 30 34 30 30 41 35 46 46 30 30 30 30 0D
1779567741421,74 34 35 30 38 45 31 30 30 30 30 30 30 30 30 30 30 44 32 30 35 0D
1779567741429,74 34 35 31 38 30 30 30 30 30 30 30 30 30 30 30 30 30 30 30 30 0D
1779567741444,74 34 35 31 38 30 30 30 30 30 30 30 30 30 30 30 30 30 30 30 30 0D
1779567741459,74 34 35 35 38 45 41 46 46 30 34 30 30 41 35 46 46 30 30 30 30 0D
1779567741468,74 34 35 31 38 30 30 30 30 30 30 30 30 30 30 30 30 30 30 30 30 0D
1779567741484,74 34 35 35 38 45 41 46 46 30 34 30 30 41 35 46 46 30 30 30 30 0D
1779567741487,74 34 35 31 38 30 30 30 30 30 30 30 30 30 30 30 30 30 30 30 30 0D
1779567741501,74 34 35 31 38 30 30 30 30 30 30 30 30 30 30 30 30 30 30 30 30 0D
1779567741512,74 34 35 35 38 45 41 46 46 30 34 30 30 41 35 46 46 30 30 30 30 0D
1779567741523,74 34 35 30 38 45 31 30 30 30 30 30 30 30 30 30 30 44 32 30 35 0D
1779567741533,74 34 35 31 38 30 30 30 30 30 30 30 30 30 30 30 30 30 30 30 30 0D
1779567741546,74 34 35 31 38 30 30 30 30 30 30 30 30 30 30 30 30 30 30 30 30 0D
1779567741556,74 34 35 35 38 45 38 46 46 30 38 30 30 39 45 46 46 30 30 30 30 0D
1779567741562,74 34 35 31 38 30 30 30 30 30 30 30 30 30 30 30 30 30 30 30 30 0D
1779567741576,74 34 35 35 38 45 38 46 46 30 38 30 30 39 45 46 46 30 30 30 30 0D
1779567741581,74 34 35 37 38 30 31 30 30 30 30 30 30 36 34 31 34 36 31 30 30 0D
1779567741591,74 34 35 31 38 30 30 30 30 30 30 30 30 30 30 30 30 30 30 30 30 0D
1779567741602,74 34 35 31 38 30 30 30 30 30 30 30 30 30 30 30 30 30 30 30 30 0D
1779567741611,74 34 35 35 38 45 38 46 46 30 38 30 30 39 45 46 46 30 30 30 30 0D
1779567741625,74 34 35 30 38 31 45 30 32 30 30 30 30 30 30 30 30 44 32 30 35 0D
1779567741633,74 34 35 31 38 30 30 30 30 30 30 30 30 30 30 30 30 30 30 30 30 0D
1779567741641,74 34 35 31 38 30 30 30 30 30 30 30 30 30 30 30 30 30 30 30 30 0D
1779567741657,74 34 35 35 38 45 38 46 46 30 38 30 30 39 45 46 46 30 30 30 30 0D
1779567741660,74 34 35 31 38 30 30 30 30 30 30 30 30 30 30 30 30 30 30 30 30 0D
1779567741670,74 34 35 35 38 45 38 46 46 30 38 30 30 39 45 46 46 30 30 30 30 0D
1779567741693,74 34 35 39 38 31 43 41 34 42 45 31 36 35 42 31 39 30 33 42 37 0D
1779567741699,74 34 35 31 38 30 30 30 30 30 30 30 30 30 30 30 30 30 30 30 30 0D
1779567741712,74 34 35 35 38 45 38 46 46 30 38 30 30 39 45 46 46 30 30 30 30 0D
1779567741721,74 34 35 30 38 37 39 30 35 30 30 30 30 30 30 30 30 44 32 30 35 0D
1779567741731,74 34 35 31 38 30 30 30 30 30 30 30 30 30 30 30 30 30 30 30 30 0D
1779567741740,74 34 35 31 38 30 30 30 30 30 30 30 30 30 30 30 30 30 30 30 30 0D
1779567741755,74 34 35 35 38 45 46 46 46 30 37 30 30 41 34 46 46 30 30 30 30 0D
1779567741761,74 34 35 31 38 30 30 30 30 30 30 30 30 30 30 30 30 30 30 30 30 0D
1779567741778,74 34 35 35 38 45 46 46 46 30 37 30 30 41 34 46 46 30 30 30 30 0D
1779567741784,74 34 35 31 38 30 30 30 30 30 30 30 30 30 30 30 30 30 30 30 30 0D
1779567741788,74 34 35 35 38 45 46 46 46 30 37 30 30 41 34 46 46 30 30 30 30 0D
1779567741797,74 34 35 31 38 30 30 30 30 30 30 30 30 30 30 30 30 30 30 30 30 0D
1779567741813,74 34 35 35 38 45 46 46 46 30 37 30 30 41 34 46 46 30 30 30 30 0D
1779567741821,74 34 35 30 38 41 34 30 35 30 30 30 30 30 30 30 30 44 32 30 35 0D
1779567741830,74 34 35 31 38 30 30 30 30 30 30 30 30 30 30 30 30 30 30 30 30 0D
1779567741839,74 34 35 31 38 30 30 30 30 30 30 30 30 30 30 30 30 30 30 30 30 0D
1779567741885,74 34 35 35 38 45 46 46 46 30 37 30 30 41 34 46 46 30 30 30 30 0D
1779567741895,74 34 35 35 38 45 46 46 46 30 37 30 30 41 34 46 46 30 30 30 30 0D
1779567741905,74 34 35 31 38 30 30 30 30 30 30 30 30 30 30 30 30 30 30 30 30 0D
1779567741917,74 34 35 35 38 45 46 46 46 30 37 30 30 41 34 46 46 30 30 30 30 0D
1779567741922,74 34 35 30 38 36 30 30 35 30 30 30 30 30 30 30 30 44 32 30 35 0D
1779567741937,74 34 35 31 38 30 30 30 30 30 30 30 30 30 30 30 30 30 30 30 30 0D
1779567741942,74 34 35 31 38 30 30 30 30 30 30 30 30 30 30 30 30 30 30 30 30 0D
1779567741952,74 34 35 35 38 45 42 46 46 30 43 30 30 39 43 46 46 30 30 30 30 0D
1779567741961,74 34 35 31 38 30 30 30 30 30 30 30 30 30 30 30 30 30 30 30 30 0D
1779567741999,74 34 35 35 38 45 42 46 46 30 43 30 30 39 43 46 46 30 30 30 30 0D
1779567742004,74 34 35 31 38 30 30 30 30 30 30 30 30 30 30 30 30 30 30 30 30 0D
1779567742010,74 34 35 35 38 45 42 46 46 30 43 30 30 39 43 46 46 30 30 30 30 0D
1779567742022,74 34 35 30 38 35 39 30 35 30 30 30 30 30 30 30 30 44 32 30 35 0D
1779567742035,74 34 35 31 38 30 30 30 30 30 30 30 30 30 30 30 30 30 30 30 30 0D
1779567742043,74 34 35 31 38 30 30 30 30 30 30 30 30 30 30 30 30 30 30 30 30 0D
1779567742055,74 34 35 35 38 45 42 46 46 30 43 30 30 39 43 46 46 30 30 30 30 0D
1779567742062,74 34 35 31 38 30 30 30 30 30 30 30 30 30 30 30 30 30 30 30 30 0D
1779567742077,74 34 35 35 38 45 42 46 46 30 43 30 30 39 43 46 46 30 30 30 30 0D
1779567742083,74 34 35 31 38 30 30 30 30 30 30 30 30 30 30 30 30 30 30 30 30 0D
1779567742107,74 34 35 31 38 30 30 30 30 30 30 30 30 30 30 30 30 30 30 30 30 0D
1779567742115,74 34 35 35 38 45 42 46 46 30 43 30 30 39 43 46 46 30 30 30 30 0D
1779567742123,74 34 35 30 38 34 41 30 35 30 30 30 30 30 30 30 30 44 32 30 35 0D
1779567742144,74 34 35 31 38 30 30 30 30 30 30 30 30 30 30 30 30 30 30 30 30 0D
1779567742153,74 34 35 35 38 45 41 46 46 30 37 30 30 41 31 46 46 30 30 30 30 0D
1779567742160,74 34 35 31 38 30 30 30 30 30 30 30 30 30 30 30 30 30 30 30 30 0D
1779567742181,74 34 35 35 38 45 41 46 46 30 37 30 30 41 31 46 46 30 30 30 30 0D
1779567742191,74 34 35 31 38 30 30 30 30 30 30 30 30 30 30 30 30 30 30 30 30 0D
1779567742209,74 34 35 31 38 30 30 30 30 30 30 30 30 30 30 30 30 30 30 30 30 0D
1779567742215,74 34 35 35 38 45 41 46 46 30 37 30 30 41 31 46 46 30 30 30 30 0D
1779567742223,74 34 35 30 38 33 38 30 35 30 30 30 30 30 30 30 30 44 32 30 35 0D
1779567742239,74 34 35 31 38 30 30 30 30 30 30 30 30 30 30 30 30 30 30 30 30 0D
1779567742246,74 34 35 31 38 30 30 30 30 30 30 30 30 30 30 30 30 30 30 30 30 0D
1779567742253,74 34 35 36 38 45 45 46 46 30 38 30 30 30 35 30 30 30 30 30 30 0D
1779567742262,74 34 35 31 38 30 30 30 30 30 30 30 30 30 30 30 30 30 30 30 30 0D
1779567742275,74 34 35 36 38 45 45 46 46 30 38 30 30 30 35 30 30 30 30 30 30 0D
1779567742292,74 34 35 37 38 30 38 30 30 30 30 30 30 36 34 31 34 32 34 30 31 0D
1779567742305,74 34 35 31 38 30 30 30 30 30 30 30 30 30 30 30 30 30 30 30 30 0D
1779567742313,74 34 35 35 38 45 41 46 46 30 37 30 30 41 31 46 46 30 30 30 30 0D
1779567742319,74 34 35 30 38 31 45 30 35 30 30 30 30 30 30 30 30 44 32 30 35 0D
1779567742330,74 34 35 31 38 30 30 30 30 30 30 30 30 30 30 30 30 30 30 30 30 0D
1779567742340,74 34 35 31 38 30 30 30 30 30 30 30 30 30 30 30 30 30 30 30 30 0D
1779567742354,74 34 35 35 38 45 41 46 46 30 37 30 30 39 44 46 46 30 30 30 30 0D
1779567742361,74 34 35 31 38 30 30 30 30 30 30 30 30 30 30 30 30 30 30 30 30 0D
1779567742379,74 34 35 35 38 45 41 46 46 30 37 30 30 39 44 46 46 30 30 30 30 0D
1779567742388,74 34 35 31 38 30 30 30 30 30 30 30 30 30 30 30 30 30 30 30 30 0D
1779567742394,74 34 35 35 38 45 41 46 46 30 37 30 30 39 44 46 46 30 30 30 30 0D
1779567742406,74 34 35 31 38 30 30 30 30 30 30 30 30 30 30 30 30 30 30 30 30 0D
1779567742411,74 34 35 35 38 45 41 46 46 30 37 30 30 39 44 46 46 30 30 30 30 0D
1779567742420,74 34 35 30 38 30 43 30 35 30 30 30 30 30 30 30 30 44 32 30 35 0D
1779567742441,74 34 35 31 38 30 30 30 30 30 30 30 30 30 30 30 30 30 30 30 30 0D
1779567742446,74 34 35 31 38 30 30 30 30 30 30 30 30 30 30 30 30 30 30 30 30 0D
1779567742454,74 34 35 36 38 45 45 46 46 30 38 30 30 30 35 30 30 30 30 30 30 0D
1779567742460,74 34 35 31 38 30 30 30 30 30 30 30 30 30 30 30 30 30 30 30 30 0D
1779567742484,74 34 35 35 38 45 41 46 46 30 37 30 30 39 44 46 46 30 30 30 30 0D
1779567742490,74 34 35 31 38 30 30 30 30 30 30 30 30 30 30 30 30 30 30 30 30 0D
1779567742504,74 34 35 31 38 30 30 30 30 30 30 30 30 30 30 30 30 30 30 30 30 0D
1779567742513,74 34 35 35 38 45 41 46 46 30 37 30 30 39 44 46 46 30 30 30 30 0D
1779567742521,74 34 35 30 38 46 38 30 34 30 30 30 30 30 30 30 30 44 32 30 35 0D
1779567742534,74 34 35 31 38 30 30 30 30 30 30 30 30 30 30 30 30 30 30 30 30 0D
1779567742541,74 34 35 31 38 30 30 30 30 30 30 30 30 30 30 30 30 30 30 30 30 0D
1779567742552,74 34 35 35 38 45 39 46 46 30 36 30 30 39 46 46 46 30 30 30 30 0D
1779567742562,74 34 35 31 38 30 30 30 30 30 30 30 30 30 30 30 30 30 30 30 30 0D
1779567742573,74 34 35 37 38 31 30 30 30 30 31 30 30 36 34 31 34 35 41 30 31 0D
1779567742594,74 34 35 39 38 31 38 41 34 42 45 31 36 35 39 31 39 30 33 42 37 0D
1779567742604,74 34 35 31 38 30 30 30 30 30 30 30 30 30 30 30 30 30 30 30 30 0D
1779567742609,74 34 35 35 38 45 39 46 46 30 36 30 30 39 46 46 46 30 30 30 30 0D
1779567742623,74 34 35 30 38 44 31 30 34 30 30 30 30 30 30 30 30 44 32 30 35 0D
1779567742642,74 34 35 31 38 30 30 30 30 30 30 30 30 30 30 30 30 30 30 30 30 0D
1779567742649,74 34 35 31 38 30 30 30 30 30 30 30 30 30 30 30 30 30 30 30 30 0D
1779567742661,74 34 35 31 38 30 30 30 30 30 30 30 30 30 30 30 30 30 30 30 30 0D
1779567742685,74 34 35 35 38 45 39 46 46 30 36 30 30 39 46 46 46 30 30 30 30 0D
1779567742694,74 34 35 31 38 30 30 30 30 30 30 30 30 30 30 30 30 30 30 30 30 0D
1779567742702,74 34 35 31 38 30 30 30 30 30 30 30 30 30 30 30 30 30 30 30 30 0D
1779567742709,74 34 35 35 38 45 39 46 46 30 36 30 30 39 46 46 46 30 30 30 30 0D
1779567742721,74 34 35 30 38 43 32 30 34 30 30 30 30 30 30 30 30 44 32 30 35 0D
1779567742730,74 34 35 31 38 30 30 30 30 30 30 30 30 30 30 30 30 30 30 30 30 0D
1779567742750,74 34 35 31 38 30 30 30 30 30 30 30 30 30 30 30 30 30 30 30 30 0D
1779567742758,74 34 35 35 38 45 39 46 46 30 37 30 30 39 46 46 46 30 30 30 30 0D
1779567742767,74 34 35 31 38 30 30 30 30 30 30 30 30 30 30 30 30 30 30 30 30 0D
1779567742776,74 34 35 35 38 45 39 46 46 30 37 30 30 39 46 46 46 30 30 30 30 0D
1779567742779,74 34 35 31 38 30 30 30 30 30 30 30 30 30 30 30 30 30 30 30 30 0D
1779567742803,74 34 35 31 38 30 30 30 30 30 30 30 30 30 30 30 30 30 30 30 30 0D
1779567742813,74 34 35 35 38 45 39 46 46 30 37 30 30 39 46 46 46 30 30 30 30 0D
1779567742827,74 34 35 30 38 41 35 30 34 30 30 30 30 30 30 30 30 44 32 30 35 0D
1779567742837,74 34 35 31 38 30 30 30 30 30 30 30 30 30 30 30 30 30 30 30 30 0D
1779567742845,74 34 35 31 38 30 30 30 30 30 30 30 30 30 30 30 30 30 30 30 30 0D
1779567742867,74 34 35 31 38 30 30 30 30 30 30 30 30 30 30 30 30 30 30 30 30 0D
1779567742900,74 34 35 37 38 32 31 30 30 30 31 30 30 36 34 31 34 38 32 30 31 0D
1779567742909,74 34 35 31 38 30 30 30 30 30 30 30 30 30 30 30 30 30 30 30 30 0D
1779567742915,74 34 35 35 38 45 39 46 46 30 37 30 30 39 46 46 46 30 30 30 30 0D
1779567742922,74 34 35 30 38 38 38 30 34 30 30 30 30 30 30 30 30 44 32 30 35 0D
1779567742937,74 34 35 31 38 30 30 30 30 30 30 30 30 30 30 30 30 30 30 30 30 0D
1779567742942,74 34 35 31 38 30 30 30 30 30 30 30 30 30 30 30 30 30 30 30 30 0D
1779567742952,74 34 35 35 38 45 41 46 46 30 37 30 30 41 31 46 46 30 30 30 30 0D
1779567742959,74 34 35 31 38 30 30 30 30 30 30 30 30 30 30 30 30 30 30 30 30 0D
1779567742981,74 34 35 35 38 45 41 46 46 30 37 30 30 41 31 46 46 30 30 30 30 0D
1779567742994,74 34 35 31 38 30 30 30 30 30 30 30 30 30 30 30 30 30 30 30 30 0D
1779567743006,74 34 35 31 38 30 30 30 30 30 30 30 30 30 30 30 30 30 30 30 30 0D
1779567743022,74 34 35 35 38 45 41 46 46 30 37 30 30 41 31 46 46 30 30 30 30 0D
1779567743029,74 34 35 30 38 37 37 30 34 30 30 30 30 30 30 30 30 44 32 30 35 0D
1779567743035,74 34 35 32 38 38 43 30 30 30 30 30 30 30 30 30 30 32 37 30 30 0D 74 34 35 33 38 39 45 30 30 30 30 30 30 30 30 30 30 30 31 30 30 0D 74 34 35 34 38 30 31 30 30 30 30 30 30 30 30 30 30 30 30 30
1779567743042,74 34 35 31 38 30 30 30 30 30 30 30 30 30 30 30 30 30 30 30 30 0D
1779567743061,74 34 35 31 38 30 30 30 30 30 30 30 30 30 30 30 30 30 30 30 30 0D
1779567743083,74 34 35 35 38 45 41 46 46 30 37 30 30 41 31 46 46 30 30 30 30 0D
1779567743087,74 34 35 31 38 30 30 30 30 30 30 30 30 30 30 30 30 30 30 30 30 0D
1779567743091,74 34 35 35 38 45 41 46 46 30 37 30 30 41 31 46 46 30 30 30 30 0D
1779567743105,74 34 35 31 38 30 30 30 30 30 30 30 30 30 30 30 30 30 30 30 30 0D
1779567743111,74 34 35 35 38 45 41 46 46 30 37 30 30 41 31 46 46 30 30 30 30 0D
1779567743121,74 34 35 30 38 34 30 30 34 30 30 30 30 30 30 30 30 44 32 30 35 0D
1779567743134,74 34 35 31 38 30 30 30 30 30 30 30 30 30 30 30 30 30 30 30 30 0D
1779567743140,74 34 35 31 38 30 30 30 30 30 30 30 30 30 30 30 30 30 30 30 30 0D
1779567743151,74 34 35 35 38 45 39 46 46 30 38 30 30 41 30 46 46 30 30 30 30 0D
1779567743162,74 34 35 31 38 30 30 30 30 30 30 30 30 30 30 30 30 30 30 30 30 0D
1779567743190,74 34 35 36 38 45 45 46 46 30 37 30 30 30 34 30 30 30 30 30 30 0D
1779567743206,74 34 35 31 38 30 30 30 30 30 30 30 30 30 30 30 30 30 30 30 30 0D
1779567743219,74 34 35 35 38 45 39 46 46 30 38 30 30 41 30 46 46 30 30 30 30 0D
1779567743234,74 34 35 30 38 32 45 30 34 30 30 30 30 30 30 30 30 44 32 30 35 0D
1779567743243,74 34 35 31 38 30 30 30 30 30 30 30 30 30 30 30 30 30 30 30 30 0D
1779567743256,74 34 35 35 38 45 39 46 46 30 38 30 30 41 30 46 46 30 30 30 30 0D
1779567743264,74 34 35 31 38 30 30 30 30 30 30 30 30 30 30 30 30 30 30 30 30 0D
1779567743292,74 34 35 35 38 45 39 46 46 30 38 30 30 41 30 46 46 30 30 30 30 0D
1779567743305,74 34 35 31 38 30 30 30 30 30 30 30 30 30 30 30 30 30 30 30 30 0D
1779567743312,74 34 35 35 38 45 39 46 46 30 38 30 30 41 30 46 46 30 30 30 30 0D
1779567743320,74 34 35 30 38 30 32 30 34 30 30 30 30 30 30 30 30 44 32 30 35 0D
1779567743338,74 34 35 31 38 30 30 30 30 30 30 30 30 30 30 30 30 30 30 30 30 0D
1779567743346,74 34 35 31 38 30 30 30 30 30 30 30 30 30 30 30 30 30 30 30 30 0D
1779567743352,74 34 35 35 38 45 39 46 46 30 38 30 30 39 46 46 46 30 30 30 30 0D
1779567743359,74 34 35 31 38 30 30 30 30 30 30 30 30 30 30 30 30 30 30 30 30 0D
1779567743375,74 34 35 35 38 45 39 46 46 30 38 30 30 39 46 46 46 30 30 30 30 0D
1779567743380,74 34 35 31 38 30 30 30 30 30 30 30 30 30 30 30 30 30 30 30 30 0D
1779567743394,74 34 35 35 38 45 39 46 46 30 38 30 30 39 46 46 46 30 30 30 30 0D
1779567743399,74 34 35 31 38 30 30 30 30 30 30 30 30 30 30 30 30 30 30 30 30 0D
1779567743410,74 34 35 35 38 45 39 46 46 30 38 30 30 39 46 46 46 30 30 30 30 0D
1779567743421,74 34 35 30 38 45 42 30 33 30 30 30 30 30 30 30 30 44 32 30 35 0D
1779567743436,74 34 35 31 38 30 30 30 30 30 30 30 30 30 30 30 30 30 30 30 30 0D
1779567743439,74 34 35 31 38 30 30 30 30 30 30 30 30 30 30 30 30 30 30 30 30 0D
1779567743458,74 34 35 31 38 30 30 30 30 30 30 30 30 30 30 30 30 30 30 30 30 0D
1779567743479,74 34 35 35 38 45 39 46 46 30 38 30 30 39 46 46 46 30 30 30 30 0D
1779567743495,74 34 35 31 38 30 30 30 30 30 30 30 30 30 30 30 30 30 30 30 30 0D
1779567743501,74 34 35 31 38 30 30 30 30 30 30 30 30 30 30 30 30 30 30 30 30 0D
1779567743506,74 34 35 35 38 45 39 46 46 30 38 30 30 39 46 46 46 30 30 30 30 0D
1779567743523,74 34 35 30 38 45 38 30 33 30 30 30 30 30 30 30 30 44 32 30 35 0D
1779567743534,74 34 35 31 38 30 30 30 30 30 30 30 30 30 30 30 30 30 30 30 30 0D
1779567743542,74 34 35 31 38 30 30 30 30 30 30 30 30 30 30 30 30 30 30 30 30 0D
1779567743548,74 34 35 35 38 45 38 46 46 30 37 30 30 41 30 46 46 30 30 30 30 0D
1779567743568,74 34 35 31 38 30 30 30 30 30 30 30 30 30 30 30 30 30 30 30 30 0D
1779567743590,74 34 35 35 38 45 38 46 46 30 37 30 30 41 30 46 46 30 30 30 30 0D
1779567743602,74 34 35 31 38 30 30 30 30 30 30 30 30 30 30 30 30 30 30 30 30 0D
1779567743609,74 34 35 35 38 45 38 46 46 30 37 30 30 41 30 46 46 30 30 30 30 0D
1779567743621,74 34 35 30 38 46 30 30 33 30 30 30 30 30 30 30 30 44 32 30 35 0D
1779567743636,74 34 35 31 38 30 30 30 30 30 30 30 30 30 30 30 30 30 30 30 30 0D
1779567743644,74 34 35 31 38 30 30 30 30 30 30 30 30 30 30 30 30 30 30 30 30 0D
1779567743670,74 34 35 31 38 30 30 30 30 30 30 30 30 30 30 30 30 30 30 30 30 0D
1779567743680,74 34 35 37 38 41 31 30 30 30 31 30 30 36 34 31 34 37 35 30 31 0D
1779567743687,74 34 35 31 38 30 30 30 30 30 30 30 30 30 30 30 30 30 30 30 30 0D
1779567743703,74 34 35 31 38 30 30 30 30 30 30 30 30 30 30 30 30 30 30 30 30 0D
1779567743714,74 34 35 35 38 45 38 46 46 30 37 30 30 41 30 46 46 30 30 30 30 0D
1779567743725,74 34 35 30 38 45 46 30 33 30 30 30 30 30 30 30 30 44 32 30 35 0D
1779567743738,74 34 35 31 38 30 30 30 30 30 30 30 30 30 30 30 30 30 30 30 30 0D
1779567743744,74 34 35 31 38 30 30 30 30 30 30 30 30 30 30 30 30 30 30 30 30 0D
1779567743756,74 34 35 35 38 45 35 46 46 30 37 30 30 39 46 46 46 30 30 30 30 0D
1779567743768,74 34 35 31 38 30 30 30 30 30 30 30 30 30 30 30 30 30 30 30 30 0D
1779567743772,74 34 35 35 38 45 35 46 46 30 37 30 30 39 46 46 46 30 30 30 30 0D
1779567743781,74 34 35 39 38 31 34 41 34 42 45 31 36 35 34 31 39 30 33 42 37 0D
1779567743786,74 34 35 31 38 30 30 30 30 30 30 30 30 30 30 30 30 30 30 30 30 0D
1779567743798,74 34 35 31 38 30 30 30 30 30 30 30 30 30 30 30 30 30 30 30 30 0D
1779567743817,74 34 35 35 38 45 35 46 46 30 37 30 30 39 46 46 46 30 30 30 30 0D
1779567743824,74 34 35 30 38 30 32 30 34 30 30 30 30 30 30 30 30 44 32 30 35 0D
1779567743832,74 34 35 31 38 30 30 30 30 30 30 30 30 30 30 30 30 30 30 30 30 0D
1779567743838,74 34 35 31 38 30 30 30 30 30 30 30 30 30 30 30 30 30 30 30 30 0D
1779567743848,74 34 35 35 38 45 35 46 46 30 37 30 30 39 46 46 46 30 30 30 30 0D
1779567743863,74 34 35 31 38 30 30 30 30 30 30 30 30 30 30 30 30 30 30 30 30 0D
1779567743875,74 34 35 35 38 45 35 46 46 30 37 30 30 39 46 46 46 30 30 30 30 0D
1779567743883,74 34 35 31 38 30 30 30 30 30 30 30 30 30 30 30 30 30 30 30 30 0D
1779567743895,74 34 35 35 38 45 35 46 46 30 37 30 30 39 46 46 46 30 30 30 30 0D
1779567743902,74 34 35 31 38 30 30 30 30 30 30 30 30 30 30 30 30 30 30 30 30 0D
1779567743914,74 34 35 35 38 45 35 46 46 30 37 30 30 39 46 46 46 30 30 30 30 0D
1779567743919,74 34 35 30 38 31 32 30 34 30 30 30 30 30 30 30 30 44 32 30 35 0D
1779567743933,74 34 35 31 38 30 30 30 30 30 30 30 30 30 30 30 30 30 30 30 30 0D
1779567743938,74 34 35 31 38 30 30 30 30 30 30 30 30 30 30 30 30 30 30 30 30 0D
1779567743948,74 34 35 35 38 45 39 46 46 30 37 30 30 39 46 46 46 30 30 30 30 0D
1779567743964,74 34 35 31 38 30 30 30 30 30 30 30 30 30 30 30 30 30 30 30 30 0D
1779567743985,74 34 35 35 38 45 39 46 46 30 37 30 30 39 46 46 46 30 30 30 30 0D
1779567743991,74 34 35 31 38 30 30 30 30 30 30 30 30 30 30 30 30 30 30 30 30 0D
1779567744001,74 34 35 31 38 30 30 30 30 30 30 30 30 30 30 30 30 30 30 30 30 0D
1779567744014,74 34 35 35 38 45 39 46 46 30 37 30 30 39 46 46 46 30 30 30 30 0D
1779567744021,74 34 35 30 38 30 42 30 34 30 30 30 30 30 30 30 30 44 32 30 35 0D
1779567744034,74 34 35 31 38 30 30 30 30 30 30 30 30 30 30 30 30 30 30 30 30 0D
1779567744045,74 34 35 31 38 30 30 30 30 30 30 30 30 30 30 30 30 30 30 30 30 0D
1779567744049,74 34 35 35 38 45 39 46 46 30 37 30 30 39 46 46 46 30 30 30 30 0D
1779567744062,74 34 35 31 38 30 30 30 30 30 30 30 30 30 30 30 30 30 30 30 30 0D
1779567744080,74 34 35 35 38 45 39 46 46 30 37 30 30 39 46 46 46 30 30 30 30 0D
1779567744087,74 34 35 31 38 30 30 30 30 30 30 30 30 30 30 30 30 30 30 30 30 0D
1779567744100,74 34 35 31 38 30 30 30 30 30 30 30 30 30 30 30 30 30 30 30 30 0D
1779567744113,74 34 35 35 38 45 39 46 46 30 37 30 30 39 46 46 46 30 30 30 30 0D
1779567744123,74 34 35 30 38 46 38 30 33 30 30 30 30 30 30 30 30 44 32 30 35 0D
1779567744139,74 34 35 31 38 30 30 30 30 30 30 30 30 30 30 30 30 30 30 30 30 0D
1779567744146,74 34 35 31 38 30 30 30 30 30 30 30 30 30 30 30 30 30 30 30 30 0D
1779567744152,74 34 35 35 38 45 37 46 46 30 37 30 30 41 30 46 46 30 30 30 30 0D
1779567744164,74 34 35 31 38 30 30 30 30 30 30 30 30 30 30 30 30 30 30 30 30 0D
1779567744186,74 34 35 35 38 45 37 46 46 30 37 30 30 41 30 46 46 30 30 30 30 0D
1779567744197,74 34 35 31 38 30 30 30 30 30 30 30 30 30 30 30 30 30 30 30 30 0D
1779567744203,74 34 35 31 38 30 30 30 30 30 30 30 30 30 30 30 30 30 30 30 30 0D
1779567744217,74 34 35 35 38 45 37 46 46 30 37 30 30 41 30 46 46 30 30 30 30 0D
1779567744223,74 34 35 30 38 46 39 30 33 30 30 30 30 30 30 30 30 44 32 30 35 0D
1779567744237,74 34 35 31 38 30 30 30 30 30 30 30 30 30 30 30 30 30 30 30 30 0D
1779567744241,74 34 35 31 38 30 30 30 30 30 30 30 30 30 30 30 30 30 30 30 30 0D
1779567744251,74 34 35 35 38 45 37 46 46 30 37 30 30 41 30 46 46 30 30 30 30 0D
1779567744262,74 34 35 31 38 30 30 30 30 30 30 30 30 30 30 30 30 30 30 30 30 0D
1779567744278,74 34 35 35 38 45 37 46 46 30 37 30 30 41 30 46 46 30 30 30 30 0D
1779567744284,74 34 35 31 38 30 30 30 30 30 30 30 30 30 30 30 30 30 30 30 30 0D
1779567744294,74 34 35 35 38 45 37 46 46 30 37 30 30 41 30 46 46 30 30 30 30 0D
1779567744300,74 34 35 31 38 30 30 30 30 30 30 30 30 30 30 30 30 30 30 30 30 0D
1779567744312,74 34 35 35 38 45 37 46 46 30 37 30 30 41 30 46 46 30 30 30 30 0D
1779567744318,74 34 35 30 38 46 30 30 33 30 30 30 30 30 30 30 30 44 32 30 35 0D
1779567744340,74 34 35 31 38 30 30 30 30 30 30 30 30 30 30 30 30 30 30 30 30 0D
1779567744348,74 34 35 31 38 30 30 30 30 30 30 30 30 30 30 30 30 30 30 30 30 0D
1779567744351,74 34 35 35 38 45 44 46 46 30 36 30 30 39 44 46 46 30 30 30 30 0D
1779567744363,74 34 35 31 38 30 30 30 30 30 30 30 30 30 30 30 30 30 30 30 30 0D
1779567744381,74 34 35 35 38 45 44 46 46 30 36 30 30 39 44 46 46 30 30 30 30 0D
1779567744389,74 34 35 31 38 30 30 30 30 30 30 30 30 30 30 30 30 30 30 30 30 0D
1779567744394,74 34 35 35 38 45 44 46 46 30 36 30 30 39 44 46 46 30 30 30 30 0D
1779567744400,74 34 35 31 38 30 30 30 30 30 30 30 30 30 30 30 30 30 30 30 30 0D
1779567744412,74 34 35 35 38 45 44 46 46 30 36 30 30 39 44 46 46 30 30 30 30 0D
1779567744422,74 34 35 30 38 45 39 30 33 30 30 30 30 30 30 30 30 44 32 30 35 0D
1779567744440,74 34 35 37 38 45 33 30 30 30 30 30 30 36 34 31 34 36 46 30 31 0D 74 34 35 39 38 31 33 41 34 42 45 31 36 35 31 31 39 30 33 42 37 0D
1779567744447,74 34 35 31 38 30 30 30 30 30 30 30 30 30 30 30 30 30 30 30 30 0D
1779567744459,74 34 35 31 38 30 30 30 30 30 30 30 30 30 30 30 30 30 30 30 30 0D
1779567744465,74 34 35 35 38 45 44 46 46 30 36 30 30 39 44 46 46 30 30 30 30 0D
1779567744471,74 34 35 37 38 45 33 30 30 30 30 30 30 36 34 31 34 36 44 30 31 0D
1779567744487,74 34 35 39 38 31 33 41 34 42 45 31 36 35 31 31 39 30 33 42 37 0D
1779567744499,74 34 35 31 38 30 30 30 30 30 30 30 30 30 30 30 30 30 30 30 30 0D
1779567744513,74 34 35 35 38 45 44 46 46 30 36 30 30 39 44 46 46 30 30 30 30 0D
1779567744520,74 34 35 30 38 45 34 30 33 30 30 30 30 30 30 30 30 44 32 30 35 0D
1779567744538,74 34 35 31 38 30 30 30 30 30 30 30 30 30 30 30 30 30 30 30 30 0D
1779567744545,74 34 35 31 38 30 30 30 30 30 30 30 30 30 30 30 30 30 30 30 30 0D
1779567744550,74 34 35 35 38 45 45 46 46 30 38 30 30 39 44 46 46 30 30 30 30 0D
1779567744563,74 34 35 31 38 30 30 30 30 30 30 30 30 30 30 30 30 30 30 30 30 0D
1779567744580,74 34 35 35 38 45 45 46 46 30 38 30 30 39 44 46 46 30 30 30 30 0D
1779567744586,74 34 35 31 38 30 30 30 30 30 30 30 30 30 30 30 30 30 30 30 30 0D
1779567744606,74 34 35 31 38 30 30 30 30 30 30 30 30 30 30 30 30 30 30 30 30 0D
1779567744621,74 34 35 30 38 45 37 30 33 30 30 30 30 30 30 30 30 44 32 30 35 0D
1779567744637,74 34 35 31 38 30 30 30 30 30 30 30 30 30 30 30 30 30 30 30 30 0D
1779567744649,74 34 35 31 38 30 30 30 30 30 30 30 30 30 30 30 30 30 30 30 30 0D
1779567744656,74 34 35 35 38 45 45 46 46 30 38 30 30 39 44 46 46 30 30 30 30 0D
1779567744659,74 34 35 31 38 30 30 30 30 30 30 30 30 30 30 30 30 30 30 30 30 0D
1779567744684,74 34 35 35 38 45 45 46 46 30 38 30 30 39 44 46 46 30 30 30 30 0D
1779567744691,74 34 35 31 38 30 30 30 30 30 30 30 30 30 30 30 30 30 30 30 30 0D
1779567744699,74 34 35 31 38 30 30 30 30 30 30 30 30 30 30 30 30 30 30 30 30 0D
1779567744709,74 34 35 35 38 45 45 46 46 30 38 30 30 39 44 46 46 30 30 30 30 0D
1779567744723,74 34 35 30 38 46 32 30 33 30 30 30 30 30 30 30 30 44 32 30 35 0D
1779567744736,74 34 35 31 38 30 30 30 30 30 30 30 30 30 30 30 30 30 30 30 30 0D
1779567744742,74 34 35 31 38 30 30 30 30 30 30 30 30 30 30 30 30 30 30 30 30 0D
1779567744754,74 34 35 35 38 45 39 46 46 30 37 30 30 41 30 46 46 30 30 30 30 0D
1779567744771,74 34 35 31 38 30 30 30 30 30 30 30 30 30 30 30 30 30 30 30 30 0D
1779567744800,74 34 35 35 38 45 39 46 46 30 37 30 30 41 30 46 46 30 30 30 30 0D
1779567744807,74 34 35 31 38 30 30 30 30 30 30 30 30 30 30 30 30 30 30 30 30 0D
1779567744815,74 34 35 35 38 45 39 46 46 30 37 30 30 41 30 46 46 30 30 30 30 0D
1779567744821,74 34 35 30 38 45 33 30 33 30 30 30 30 30 30 30 30 44 32 30 35 0D
1779567744834,74 34 35 31 38 30 30 30 30 30 30 30 30 30 30 30 30 30 30 30 30 0D
1779567744844,74 34 35 31 38 30 30 30 30 30 30 30 30 30 30 30 30 30 30 30 30 0D
1779567744849,74 34 35 35 38 45 39 46 46 30 37 30 30 41 30 46 46 30 30 30 30 0D
1779567744866,74 34 35 31 38 30 30 30 30 30 30 30 30 30 30 30 30 30 30 30 30 0D
1779567744879,74 34 35 37 38 45 45 30 30 30 30 30 30 36 34 31 34 36 36 30 31 0D
1779567744895,74 34 35 31 38 30 30 30 30 30 30 30 30 30 30 30 30 30 30 30 30 0D
1779567744900,74 34 35 31 38 30 30 30 30 30 30 30 30 30 30 30 30 30 30 30 30 0D
1779567744922,74 34 35 30 38 45 32 30 33 30 30 30 30 30 30 30 30 44 32 30 35 0D
1779567744934,74 34 35 31 38 30 30 30 30 30 30 30 30 30 30 30 30 30 30 30 30 0D
1779567744954,74 34 35 31 38 30 30 30 30 30 30 30 30 30 30 30 30 30 30 30 30 0D
1779567744960,74 34 35 35 38 45 37 46 46 30 37 30 30 41 30 46 46 30 30 30 30 0D
1779567744978,74 34 35 35 38 45 37 46 46 30 37 30 30 41 30 46 46 30 30 30 30 0D
1779567744993,74 34 35 35 38 45 37 46 46 30 37 30 30 41 30 46 46 30 30 30 30 0D
1779567744998,74 34 35 31 38 30 30 30 30 30 30 30 30 30 30 30 30 30 30 30 30 0D
1779567745010,74 34 35 35 38 45 37 46 46 30 37 30 30 41 30 46 46 30 30 30 30 0D
1779567745023,74 34 35 30 38 44 36 30 33 30 30 30 30 30 30 30 30 44 32 30 35 0D
1779567745032,74 34 35 31 38 30 30 30 30 30 30 30 30 30 30 30 30 30 30 30 30 0D
1779567745041,74 34 35 31 38 30 30 30 30 30 30 30 30 30 30 30 30 30 30 30 30 0D
1779567745050,74 34 35 35 38 45 37 46 46 30 37 30 30 41 30 46 46 30 30 30 30 0D
1779567745060,74 34 35 31 38 30 30 30 30 30 30 30 30 30 30 30 30 30 30 30 30 0D
1779567745094,74 34 35 35 38 45 37 46 46 30 37 30 30 41 30 46 46 30 30 30 30 0D
1779567745102,74 34 35 31 38 30 30 30 30 30 30 30 30 30 30 30 30 30 30 30 30 0D
1779567745113,74 34 35 35 38 45 37 46 46 30 37 30 30 41 30 46 46 30 30 30 30 0D
1779567745122,74 34 35 30 38 45 46 30 33 30 30 30 30 30 30 30 30 44 32 30 35 0D
1779567745133,74 34 35 31 38 30 30 30 30 30 30 30 30 30 30 30 30 30 30 30 30 0D
1779567745141,74 34 35 31 38 30 30 30 30 30 30 30 30 30 30 30 30 30 30 30 30 0D
1779567745161,74 34 35 35 38 45 44 46 46 30 36 30 30 39 46 46 46 30 30 30 30 0D
1779567745164,74 34 35 31 38 30 30 30 30 30 30 30 30 30 30 30 30 30 30 30 30 0D
1779567745180,74 34 35 35 38 45 44 46 46 30 36 30 30 39 46 46 46 30 30 30 30 0D
1779567745186,74 34 35 31 38 30 30 30 30 30 30 30 30 30 30 30 30 30 30 30 30 0D
1779567745187,74 34 35 35 38 45 44 46 46 30 36 30 30 39 46 46 46 30 30 30 30 0D
1779567745200,74 34 35 31 38 30 30 30 30 30 30 30 30 30 30 30 30 30 30 30 30 0D
1779567745210,74 34 35 35 38 45 44 46 46 30 36 30 30 39 46 46 46 30 30 30 30 0D
1779567745218,74 34 35 30 38 46 37 30 33 30 30 30 30 30 30 30 30 44 32 30 35 0D
1779567745236,74 34 35 31 38 30 30 30 30 30 30 30 30 30 30 30 30 30 30 30 30 0D
1779567745243,74 34 35 31 38 30 30 30 30 30 30 30 30 30 30 30 30 30 30 30 30 0D
1779567745247,74 34 35 35 38 45 44 46 46 30 36 30 30 39 46 46 46 30 30 30 30 0D
1779567745261,74 34 35 31 38 30 30 30 30 30 30 30 30 30 30 30 30 30 30 30 30 0D
1779567745280,74 34 35 35 38 45 44 46 46 30 36 30 30 39 46 46 46 30 30 30 30 0D
1779567745287,74 34 35 31 38 30 30 30 30 30 30 30 30 30 30 30 30 30 30 30 30 0D
1779567745299,74 34 35 31 38 30 30 30 30 30 30 30 30 30 30 30 30 30 30 30 30 0D
1779567745312,74 34 35 35 38 45 44 46 46 30 36 30 30 39 46 46 46 30 30 30 30 0D
1779567745324,74 34 35 30 38 45 38 30 33 30 30 30 30 30 30 30 30 44 32 30 35 0D
1779567745337,74 34 35 31 38 30 30 30 30 30 30 30 30 30 30 30 30 30 30 30 30 0D
1779567745345,74 34 35 31 38 30 30 30 30 30 30 30 30 30 30 30 30 30 30 30 30 0D
1779567745353,74 34 35 35 38 45 39 46 46 30 37 30 30 39 45 46 46 30 30 30 30 0D
1779567745361,74 34 35 31 38 30 30 30 30 30 30 30 30 30 30 30 30 30 30 30 30 0D
1779567745380,74 34 35 35 38 45 39 46 46 30 37 30 30 39 45 46 46 30 30 30 30 0D
1779567745388,74 34 35 31 38 30 30 30 30 30 30 30 30 30 30 30 30 30 30 30 30 0D
1779567745392,74 34 35 36 38 45 46 46 46 30 37 30 30 30 35 30 30 30 30 30 30 0D
1779567745400,74 34 35 31 38 30 30 30 30 30 30 30 30 30 30 30 30 30 30 30 30 0D
1779567745409,74 34 35 35 38 45 39 46 46 30 37 30 30 39 45 46 46 30 30 30 30 0D
1779567745423,74 34 35 30 38 45 32 30 33 30 30 30 30 30 30 30 30 44 32 30 35 0D
1779567745434,74 34 35 31 38 30 30 30 30 30 30 30 30 30 30 30 30 30 30 30 30 0D
1779567745441,74 34 35 31 38 30 30 30 30 30 30 30 30 30 30 30 30 30 30 30 30 0D
1779567745448,74 34 35 35 38 45 39 46 46 30 37 30 30 39 45 46 46 30 30 30 30 0D
1779567745463,74 34 35 31 38 30 30 30 30 30 30 30 30 30 30 30 30 30 30 30 30 0D
1779567745479,74 34 35 35 38 45 39 46 46 30 37 30 30 39 45 46 46 30 30 30 30 0D
1779567745485,74 34 35 31 38 30 30 30 30 30 30 30 30 30 30 30 30 30 30 30 30 0D
1779567745503,74 34 35 31 38 30 30 30 30 30 30 30 30 30 30 30 30 30 30 30 30 0D
1779567745529,74 34 35 30 38 45 35 30 33 30 30 30 30 30 30 30 30 44 32 30 35 0D
1779567745536,74 34 35 31 38 30 30 30 30 30 30 30 30 30 30 30 30 30 30 30 30 0D
1779567745545,74 34 35 31 38 30 30 30 30 30 30 30 30 30 30 30 30 30 30 30 30 0D
1779567745550,74 34 35 35 38 45 36 46 46 30 37 30 30 39 45 46 46 30 30 30 30 0D
1779567745559,74 34 35 31 38 30 30 30 30 30 30 30 30 30 30 30 30 30 30 30 30 0D
1779567745575,74 34 35 35 38 45 36 46 46 30 37 30 30 39 45 46 46 30 30 30 30 0D
1779567745583,74 34 35 31 38 30 30 30 30 30 30 30 30 30 30 30 30 30 30 30 30 0D
1779567745590,74 34 35 35 38 45 36 46 46 30 37 30 30 39 45 46 46 30 30 30 30 0D
