1779567453507,74 34 35 31 38 30 30 30 30 30 30 30 30 30 30 30 30 30 30 30 30 0D
1779567453539,74 34 35 31 38 30 30 30 30 30 30 30 30 30 30 30 30 30 30 30 30 0D
1779567453553,74 34 35 31 38 30 30 30 30 30 30 30 30 30 30 30 30 30 30 30 30 0D
1779567453560,74 34 35 35 38 45 41 46 46 30 37 30 30 39 46 46 46 30 30 30 30 0D
1779567453573,74 34 35 30 38 30 30 30 30 30 37 30 30 30 30 30 30 45 34 30 35 0D
1779567453578,74 34 35 31 38 30 30 30 30 30 30 30 30 30 30 30 30 30 30 30 30 0D
1779567453591,74 34 35 31 38 30 30 30 30 30 30 30 30 30 30 30 30 30 30 30 30 0D
1779567453597,74 34 35 35 38 45 41 46 46 30 37 30 30 39 46 46 46 30 30 30 30 0D
1779567453615,74 34 35 31 38 30 30 30 30 30 30 30 30 30 30 30 30 30 30 30 30 0D
1779567453622,74 34 35 35 38 45 41 46 46 30 37 30 30 39 46 46 46 30 30 30 30 0D
1779567453625,74 34 35 39 38 46 30 41 34 42 45 31 36 34 46 31 41 30 33 42 37 0D
1779567453634,74 34 35 31 38 30 30 30 30 30 30 30 30 30 30 30 30 30 30 30 30 0D
1779567453639,74 34 35 36 38 45 44 46 46 30 38 30 30 30 34 30 30 30 30 30 30 0D
1779567453656,74 34 35 31 38 30 30 30 30 30 30 30 30 30 30 30 30 30 30 30 30 0D
1779567453663,74 34 35 35 38 45 41 46 46 30 37 30 30 39 46 46 46 30 30 30 30 0D
1779567453672,74 34 35 30 38 30 30 30 30 30 37 30 30 30 30 30 30 45 34 30 35 0D
1779567453679,74 34 35 31 38 30 30 30 30 30 30 30 30 30 30 30 30 30 30 30 30 0D
1779567453694,74 34 35 31 38 30 30 30 30 30 30 30 30 30 30 30 30 30 30 30 30 0D
1779567453702,74 34 35 35 38 45 41 46 46 30 37 30 30 39 46 46 46 30 30 30 30 0D
1779567453717,74 34 35 31 38 30 30 30 30 30 30 30 30 30 30 30 30 30 30 30 30 0D
1779567453722,74 34 35 37 38 30 30 30 30 30 30 30 30 36 34 31 34 30 30 30 30 0D
1779567453727,74 34 35 39 38 46 30 41 34 42 45 31 36 35 30 31 41 30 33 42 37 0D
1779567453735,74 34 35 31 38 30 30 30 30 30 30 30 30 30 30 30 30 30 30 30 30 0D
1779567453740,74 34 35 36 38 45 44 46 46 30 38 30 30 30 34 30 30 30 30 30 30 0D
1779567453753,74 34 35 31 38 30 30 30 30 30 30 30 30 30 30 30 30 30 30 30 30 0D
1779567453759,74 34 35 35 38 45 41 46 46 30 37 30 30 39 46 46 46 30 30 30 30 0D
1779567453774,74 34 35 30 38 30 30 30 30 30 37 30 30 30 30 30 30 45 34 30 35 0D
1779567453783,74 34 35 31 38 30 30 30 30 30 30 30 30 30 30 30 30 30 30 30 30 0D
1779567453793,74 34 35 31 38 30 30 30 30 30 30 30 30 30 30 30 30 30 30 30 30 0D
1779567453796,74 34 35 35 38 45 41 46 46 30 37 30 30 39 46 46 46 30 30 30 30 0D
1779567453812,74 34 35 31 38 30 30 30 30 30 30 30 30 30 30 30 30 30 30 30 30 0D
1779567453822,74 34 35 37 38 30 30 30 30 30 30 30 30 36 34 31 34 30 30 30 30 0D
1779567453829,74 34 35 39 38 46 30 41 34 42 45 31 36 35 31 31 41 30 33 42 37 0D
1779567453835,74 34 35 31 38 30 30 30 30 30 30 30 30 30 30 30 30 30 30 30 30 0D
1779567453853,74 34 35 31 38 30 30 30 30 30 30 30 30 30 30 30 30 30 30 30 30 0D
1779567453859,74 34 35 35 38 45 41 46 46 30 37 30 30 39 46 46 46 30 30 30 30 0D
1779567453861,74 34 35 36 38 45 45 46 46 30 37 30 30 30 34 30 30 30 30 30 30 0D
1779567453874,74 34 35 30 38 30 30 30 30 30 37 30 30 30 30 30 30 45 34 30 35 0D
1779567453881,74 34 35 31 38 30 30 30 30 30 30 30 30 30 30 30 30 30 30 30 30 0D
1779567453892,74 34 35 31 38 30 30 30 30 30 30 30 30 30 30 30 30 30 30 30 30 0D
1779567453898,74 34 35 35 38 45 41 46 46 30 37 30 30 39 46 46 46 30 30 30 30 0D
1779567453915,74 34 35 31 38 30 30 30 30 30 30 30 30 30 30 30 30 30 30 30 30 0D
1779567453922,74 34 35 37 38 30 30 30 30 30 30 30 30 36 34 31 34 30 30 30 30 0D
1779567453931,74 34 35 39 38 46 30 41 34 42 45 31 36 35 32 31 41 30 33 42 37 0D
1779567453937,74 34 35 35 38 45 41 46 46 30 37 30 30 39 46 46 46 30 30 30 30 0D
1779567453952,74 34 35 31 38 30 30 30 30 30 30 30 30 30 30 30 30 30 30 30 30 0D
1779567453958,74 34 35 35 38 45 41 46 46 30 37 30 30 39 46 46 46 30 30 30 30 0D
1779567453970,74 34 35 30 38 30 30 30 30 30 37 30 30 30 30 30 30 45 34 30 35 0D
1779567453977,74 34 35 31 38 30 30 30 30 30 30 30 30 30 30 30 30 30 30 30 30 0D
1779567453991,74 34 35 31 38 30 30 30 30 30 30 30 30 30 30 30 30 30 30 30 30 0D
1779567453994,74 34 35 35 38 45 41 46 46 30 37 30 30 39 46 46 46 30 30 30 30 0D
1779567454023,74 34 35 31 38 30 30 30 30 30 30 30 30 30 30 30 30 30 30 30 30 0D
1779567454033,74 34 35 37 38 30 30 30 30 30 30 30 30 36 34 31 34 30 30 30 30 0D
1779567454037,74 34 35 31 38 30 30 30 30 30 30 30 30 30 30 30 30 30 30 30 30 0D
1779567454044,74 34 35 36 38 45 45 46 46 30 37 30 30 30 34 30 30 30 30 30 30 0D
1779567454051,74 34 35 31 38 30 30 30 30 30 30 30 30 30 30 30 30 30 30 30 30 0D
1779567454057,74 34 35 35 38 45 41 46 46 30 37 30 30 39 46 46 46 30 30 30 30 0D
1779567454077,74 34 35 30 38 30 30 30 30 30 37 30 30 30 30 30 30 45 34 30 35 0D
1779567454082,74 34 35 31 38 30 30 30 30 30 30 30 30 30 30 30 30 30 30 30 30 0D
1779567454094,74 34 35 31 38 30 30 30 30 30 30 30 30 30 30 30 30 30 30 30 30 0D
1779567454100,74 34 35 35 38 45 41 46 46 30 37 30 30 39 46 46 46 30 30 30 30 0D
1779567454114,74 34 35 31 38 30 30 30 30 30 30 30 30 30 30 30 30 30 30 30 30 0D
1779567454121,74 34 35 35 38 45 41 46 46 30 37 30 30 39 46 46 46 30 30 30 30 0D
1779567454129,74 34 35 37 38 30 30 30 30 30 30 30 30 36 34 31 34 30 30 30 30 0D
1779567454139,74 34 35 39 38 46 31 41 34 42 45 31 36 35 33 31 41 30 33 42 37 0D
1779567454152,74 34 35 31 38 30 30 30 30 30 30 30 30 30 30 30 30 30 30 30 30 0D
1779567454156,74 34 35 35 38 45 41 46 46 30 37 30 30 39 46 46 46 30 30 30 30 0D
1779567454173,74 34 35 30 38 30 30 30 30 30 37 30 30 30 30 30 30 45 34 30 35 0D
1779567454181,74 34 35 31 38 30 30 30 30 30 30 30 30 30 30 30 30 30 30 30 30 0D
1779567454192,74 34 35 31 38 30 30 30 30 30 30 30 30 30 30 30 30 30 30 30 30 0D
1779567454200,74 34 35 35 38 45 41 46 46 30 37 30 30 39 46 46 46 30 30 30 30 0D
1779567454221,74 34 35 31 38 30 30 30 30 30 30 30 30 30 30 30 30 30 30 30 30 0D
1779567454230,74 34 35 37 38 30 30 30 30 30 30 30 30 36 34 31 34 30 30 30 30 0D
1779567454236,74 34 35 31 38 30 30 30 30 30 30 30 30 30 30 30 30 30 30 30 30 0D
1779567454241,74 34 35 35 38 45 41 46 46 30 37 30 30 39 46 46 46 30 30 30 30 0D
1779567454253,74 34 35 31 38 30 30 30 30 30 30 30 30 30 30 30 30 30 30 30 30 0D
1779567454259,74 34 35 35 38 45 41 46 46 30 37 30 30 39 46 46 46 30 30 30 30 0D
1779567454270,74 34 35 30 38 30 30 30 30 30 37 30 30 30 30 30 30 45 34 30 35 0D
1779567454284,74 34 35 31 38 30 30 30 30 30 30 30 30 30 30 30 30 30 30 30 30 0D
1779567454293,74 34 35 31 38 30 30 30 30 30 30 30 30 30 30 30 30 30 30 30 30 0D
1779567454305,74 34 35 35 38 45 39 46 46 30 37 30 30 39 46 46 46 30 30 30 30 0D
1779567454316,74 34 35 31 38 30 30 30 30 30 30 30 30 30 30 30 30 30 30 30 30 0D
1779567454319,74 34 35 37 38 30 30 30 30 30 30 30 30 36 34 31 34 30 30 30 30 0D
1779567454322,74 34 35 39 38 46 32 41 34 42 45 31 36 35 34 31 41 30 33 42 37 0D
1779567454333,74 34 35 31 38 30 30 30 30 30 30 30 30 30 30 30 30 30 30 30 30 0D
1779567454356,74 34 35 31 38 30 30 30 30 30 30 30 30 30 30 30 30 30 30 30 30 0D
1779567454365,74 34 35 35 38 45 39 46 46 30 37 30 30 39 46 46 46 30 30 30 30 0D
1779567454377,74 34 35 30 38 30 30 30 30 30 37 30 30 30 30 30 30 45 34 30 35 0D
1779567454387,30 0D 74 34 35 35 38 45 39 46 46 30 37 30 30 39 46 46 46 30 30 30 30 0D 74 34 35 36 38 45 44 46 46 30 38 30 30 30 34 30 30 30 30 30 30 0D 74 34 35 37 38 30 30 30 30 30 30 30 30 36 34 31 34 30
1779567454392,74 34 35 31 38 30 30 30 30 30 30 30 30 30 30 30 30 30 30 30 30 0D
1779567454421,74 34 35 31 38 30 30 30 30 30 30 30 30 30 30 30 30 30 30 30 30 0D
1779567454428,74 34 35 35 38 45 39 46 46 30 37 30 30 39 46 46 46 30 30 30 30 0D
1779567454437,74 34 35 37 38 30 30 30 30 30 31 30 30 36 34 31 34 30 30 30 30 0D
1779567454455,74 34 35 31 38 30 30 30 30 30 30 30 30 30 30 30 30 30 30 30 30 0D
1779567454464,74 34 35 35 38 45 39 46 46 30 37 30 30 39 46 46 46 30 30 30 30 0D
1779567454475,74 34 35 30 38 30 30 30 30 30 37 30 30 30 30 30 30 45 34 30 35 0D
1779567454482,74 34 35 31 38 30 30 30 30 30 30 30 30 30 30 30 30 30 30 30 30 0D
1779567454490,74 34 35 31 38 30 30 30 30 30 30 30 30 30 30 30 30 30 30 30 30 0D
1779567454498,74 34 35 35 38 45 39 46 46 30 37 30 30 39 46 46 46 30 30 30 30 0D
1779567454521,74 34 35 31 38 30 30 30 30 30 30 30 30 30 30 30 30 30 30 30 30 0D
1779567454526,74 34 35 37 38 30 30 30 30 30 30 30 30 36 34 31 34 30 30 30 30 0D
1779567454536,74 34 35 39 38 46 32 41 34 42 45 31 36 35 35 31 41 30 33 42 37 0D
1779567454553,74 34 35 31 38 30 30 30 30 30 30 30 30 30 30 30 30 30 30 30 30 0D
1779567454562,74 34 35 35 38 45 39 46 46 30 37 30 30 39 46 46 46 30 30 30 30 0D
1779567454576,74 34 35 30 38 30 30 30 30 30 37 30 30 30 30 30 30 45 34 30 35 0D
1779567454578,74 34 35 32 38 38 43 30 30 30 30 30 30 30 30 30 30 30 30 30 30 0D
1779567454594,74 34 35 31 38 30 30 30 30 30 30 30 30 30 30 30 30 30 30 30 30 0D
1779567454608,74 34 35 35 38 45 39 46 46 30 37 30 30 39 46 46 46 30 30 30 30 0D
1779567454613,74 34 35 31 38 30 30 30 30 30 30 30 30 30 30 30 30 30 30 30 30 0D
1779567454618,74 34 35 35 38 45 39 46 46 30 37 30 30 39 46 46 46 30 30 30 30 0D
1779567454625,74 34 35 37 38 30 30 30 30 30 31 30 30 36 34 31 34 30 30 30 30 0D
1779567454638,74 34 35 31 38 30 30 30 30 30 30 30 30 30 30 30 30 30 30 30 30 0D
1779567454643,74 34 35 35 38 45 39 46 46 30 37 30 30 39 46 46 46 30 30 30 30 0D
1779567454654,74 34 35 31 38 30 30 30 30 30 30 30 30 30 30 30 30 30 30 30 30 0D
1779567454658,74 34 35 35 38 45 39 46 46 30 37 30 30 39 46 46 46 30 30 30 30 0D
1779567454674,74 34 35 30 38 30 30 30 30 30 37 30 30 30 30 30 30 45 34 30 35 0D
1779567454679,74 34 35 31 38 30 30 30 30 30 30 30 30 30 30 30 30 30 30 30 30 0D
1779567454699,74 34 35 31 38 30 30 30 30 30 30 30 30 30 30 30 30 30 30 30 30 0D
1779567454717,74 34 35 31 38 30 30 30 30 30 30 30 30 30 30 30 30 30 30 30 30 0D
1779567454726,74 34 35 37 38 30 30 30 30 30 30 30 30 36 34 31 34 30 30 30 30 0D
1779567454733,74 34 35 31 38 30 30 30 30 30 30 30 30 30 30 30 30 30 30 30 30 0D
1779567454738,74 34 35 35 38 45 41 46 46 30 36 30 30 39 46 46 46 30 30 30 30 0D
1779567454753,74 34 35 31 38 30 30 30 30 30 30 30 30 30 30 30 30 30 30 30 30 0D
1779567454764,74 34 35 35 38 45 41 46 46 30 36 30 30 39 46 46 46 30 30 30 30 0D
1779567454773,74 34 35 30 38 30 30 30 30 30 37 30 30 30 30 30 30 45 34 30 35 0D
1779567454781,74 34 35 31 38 30 30 30 30 30 30 30 30 30 30 30 30 30 30 30 30 0D
1779567454798,74 34 35 31 38 30 30 30 30 30 30 30 30 30 30 30 30 30 30 30 30 0D
1779567454802,74 34 35 35 38 45 41 46 46 30 36 30 30 39 46 46 46 30 30 30 30 0D
1779567454814,74 34 35 31 38 30 30 30 30 30 30 30 30 30 30 30 30 30 30 30 30 0D
1779567454819,74 34 35 36 38 45 44 46 46 30 37 30 30 30 34 30 30 30 30 30 30 0D
1779567454822,74 34 35 37 38 30 30 30 30 30 30 30 30 36 34 31 34 30 30 30 30 0D
1779567454829,74 34 35 31 38 30 30 30 30 30 30 30 30 30 30 30 30 30 30 30 30 0D
1779567454836,74 34 35 35 38 45 41 46 46 30 36 30 30 39 46 46 46 30 30 30 30 0D
1779567454852,74 34 35 31 38 30 30 30 30 30 30 30 30 30 30 30 30 30 30 30 30 0D
1779567454858,74 34 35 35 38 45 41 46 46 30 36 30 30 39 46 46 46 30 30 30 30 0D
1779567454873,74 34 35 30 38 30 30 30 30 30 37 30 30 30 30 30 30 45 34 30 35 0D
1779567454881,74 34 35 31 38 30 30 30 30 30 30 30 30 30 30 30 30 30 30 30 30 0D
1779567454898,74 34 35 31 38 30 30 30 30 30 30 30 30 30 30 30 30 30 30 30 30 0D
1779567454915,74 34 35 31 38 30 30 30 30 30 30 30 30 30 30 30 30 30 30 30 30 0D
1779567454920,74 34 35 35 38 45 41 46 46 30 36 30 30 39 45 46 46 30 30 30 30 0D
1779567454921,74 34 35 37 38 30 30 30 30 30 30 30 30 36 34 31 34 30 30 30 30 0D
1779567454947,74 34 35 31 38 30 30 30 30 30 30 30 30 30 30 30 30 30 30 30 30 0D
1779567454951,74 34 35 31 38 30 30 30 30 30 30 30 30 30 30 30 30 30 30 30 30 0D
1779567454965,74 34 35 35 38 45 41 46 46 30 36 30 30 39 45 46 46 30 30 30 30 0D
1779567454972,74 34 35 30 38 30 30 30 30 30 37 30 30 30 30 30 30 45 34 30 35 0D
1779567454977,74 34 35 31 38 30 30 30 30 30 30 30 30 30 30 30 30 30 30 30 30 0D
1779567454993,74 34 35 31 38 30 30 30 30 30 30 30 30 30 30 30 30 30 30 30 30 0D
1779567455019,74 34 35 31 38 30 30 30 30 30 30 30 30 30 30 30 30 30 30 30 30 0D
1779567455029,74 34 35 35 38 45 41 46 46 30 36 30 30 39 45 46 46 30 30 30 30 0D
1779567455037,74 34 35 31 38 30 30 30 30 30 30 30 30 30 30 30 30 30 30 30 30 0D
1779567455041,74 34 35 35 38 45 41 46 46 30 36 30 30 39 45 46 46 30 30 30 30 0D
1779567455053,74 34 35 31 38 30 30 30 30 30 30 30 30 30 30 30 30 30 30 30 30 0D
1779567455057,74 34 35 35 38 45 41 46 46 30 36 30 30 39 45 46 46 30 30 30 30 0D
1779567455080,74 34 35 30 38 30 30 30 30 30 37 30 30 30 30 30 30 45 34 30 35 0D
1779567455085,74 34 35 32 38 38 43 30 30 30 30 30 30 30 30 30 30 30 30 30 30 0D 74 34 35 33 38 39 45 30 30 30 30 30 30 30 30 30 30 30 30 30 30 0D 74 34 35 34 38 30 31 30 30 30 30 30 30 30 30 30 30 30 30 30
1779567455099,74 34 35 31 38 30 30 30 30 30 30 30 30 30 30 30 30 30 30 30 30 0D
1779567455115,74 34 35 31 38 30 30 30 30 30 30 30 30 30 30 30 30 30 30 30 30 0D
1779567455118,74 34 35 35 38 45 39 46 46 30 37 30 30 39 45 46 46 30 30 30 30 0D
1779567455123,74 34 35 37 38 30 30 30 30 30 30 30 30 36 34 31 34 30 30 30 30 0D
1779567455133,74 34 35 31 38 30 30 30 30 30 30 30 30 30 30 30 30 30 30 30 30 0D
1779567455141,74 34 35 35 38 45 39 46 46 30 37 30 30 39 45 46 46 30 30 30 30 0D
1779567455155,74 34 35 31 38 30 30 30 30 30 30 30 30 30 30 30 30 30 30 30 30 0D
1779567455161,74 34 35 35 38 45 39 46 46 30 37 30 30 39 45 46 46 30 30 30 30 0D
1779567455172,74 34 35 30 38 30 30 30 30 30 37 30 30 30 30 30 30 45 34 30 35 0D
1779567455180,74 34 35 32 38 38 43 30 30 30 30 30 30 30 30 30 30 30 30 30 30 0D 74 34 35 33 38 39 45 30 30 30 30 30 30 30 30 30 30 30 30 30 30 0D
1779567455202,74 34 35 31 38 30 30 30 30 30 30 30 30 30 30 30 30 30 30 30 30 0D
1779567455213,74 34 35 31 38 30 30 30 30 30 30 30 30 30 30 30 30 30 30 30 30 0D
1779567455221,74 34 35 35 38 45 39 46 46 30 37 30 30 39 45 46 46 30 30 30 30 0D
1779567455223,74 34 35 37 38 30 30 30 30 30 30 30 30 36 34 31 34 30 30 30 30 0D
1779567455229,74 34 35 39 38 46 32 41 34 42 45 31 36 35 36 31 41 30 33 42 37 0D
1779567455236,74 34 35 31 38 30 30 30 30 30 30 30 30 30 30 30 30 30 30 30 30 0D
1779567455245,74 34 35 35 38 45 39 46 46 30 37 30 30 39 45 46 46 30 30 30 30 0D
1779567455252,74 34 35 31 38 30 30 30 30 30 30 30 30 30 30 30 30 30 30 30 30 0D
1779567455262,74 34 35 35 38 45 39 46 46 30 37 30 30 39 45 46 46 30 30 30 30 0D
1779567455279,74 34 35 30 38 30 30 30 30 30 37 30 30 30 30 30 30 45 34 30 35 0D
1779567455286,30 0D 74 34 35 35 38 45 41 46 46 30 37 30 30 39 46 46 46 30 30 30 30 0D 74 34 35 36 38 45 44 46 46 30 37 30 30 30 35 30 30 30 30 30 30 0D 74 34 35 37 38 30 30 30 30 30 30 30 30 36 34 31 34 30
1779567455294,74 34 35 31 38 30 30 30 30 30 30 30 30 30 30 30 30 30 30 30 30 0D
1779567455298,74 34 35 35 38 45 41 46 46 30 37 30 30 39 46 46 46 30 30 30 30 0D
1779567455314,74 34 35 31 38 30 30 30 30 30 30 30 30 30 30 30 30 30 30 30 30 0D
1779567455320,74 34 35 35 38 45 41 46 46 30 37 30 30 39 46 46 46 30 30 30 30 0D
1779567455324,74 34 35 37 38 30 30 30 30 30 30 30 30 36 34 31 34 30 30 30 30 0D
1779567455334,74 34 35 31 38 30 30 30 30 30 30 30 30 30 30 30 30 30 30 30 30 0D
1779567455340,74 34 35 35 38 45 41 46 46 30 37 30 30 39 46 46 46 30 30 30 30 0D
1779567455352,74 34 35 31 38 30 30 30 30 30 30 30 30 30 30 30 30 30 30 30 30 0D
1779567455355,74 34 35 35 38 45 41 46 46 30 37 30 30 39 46 46 46 30 30 30 30 0D
1779567455373,74 34 35 30 38 30 30 30 30 30 37 30 30 30 30 30 30 45 34 30 35 0D
1779567455383,74 34 35 31 38 30 30 30 30 30 30 30 30 30 30 30 30 30 30 30 30 0D
1779567455397,74 34 35 31 38 30 30 30 30 30 30 30 30 30 30 30 30 30 30 30 30 0D
1779567455404,74 34 35 35 38 45 41 46 46 30 37 30 30 39 46 46 46 30 30 30 30 0D
1779567455417,74 34 35 31 38 30 30 30 30 30 30 30 30 30 30 30 30 30 30 30 30 0D
1779567455419,74 34 35 35 38 45 41 46 46 30 37 30 30 39 46 46 46 30 30 30 30 0D
1779567455425,74 34 35 37 38 30 30 30 30 30 30 30 30 36 34 31 34 30 31 30 30 0D
1779567455434,74 34 35 31 38 30 30 30 30 30 30 30 30 30 30 30 30 30 30 30 30 0D
1779567455443,74 34 35 35 38 45 41 46 46 30 37 30 30 39 46 46 46 30 30 30 30 0D
1779567455451,74 34 35 31 38 30 30 30 30 30 30 30 30 30 30 30 30 30 30 30 30 0D
1779567455461,74 34 35 35 38 45 41 46 46 30 37 30 30 39 46 46 46 30 30 30 30 0D
1779567455477,74 34 35 30 38 30 30 30 30 30 37 30 30 30 30 30 30 45 34 30 35 0D
1779567455484,74 34 35 31 38 30 30 30 30 30 30 30 30 30 30 30 30 30 30 30 30 0D
1779567455496,74 34 35 31 38 30 30 30 30 30 30 30 30 30 30 30 30 30 30 30 30 0D
1779567455514,74 34 35 31 38 30 30 30 30 30 30 30 30 30 30 30 30 30 30 30 30 0D
1779567455520,74 34 35 35 38 45 41 46 46 30 37 30 30 39 46 46 46 30 30 30 30 0D
1779567455527,74 34 35 37 38 30 30 30 30 30 31 30 30 36 34 31 34 30 30 30 30 0D
1779567455534,74 34 35 31 38 30 30 30 30 30 30 30 30 30 30 30 30 30 30 30 30 0D
1779567455539,74 34 35 35 38 45 41 46 46 30 37 30 30 39 46 46 46 30 30 30 30 0D
1779567455548,74 34 35 31 38 30 30 30 30 30 30 30 30 30 30 30 30 30 30 30 30 0D
1779567455569,74 34 35 35 38 45 41 46 46 30 37 30 30 39 46 46 46 30 30 30 30 0D
1779567455578,74 34 35 30 38 30 30 30 30 30 37 30 30 30 30 30 30 45 34 30 35 0D
1779567455584,30 0D 74 34 35 35 38 45 41 46 46 30 37 30 30 39 46 46 46 30 30 30 30 0D 74 34 35 36 38 45 44 46 46 30 38 30 30 30 33 30 30 30 30 30 30 0D 74 34 35 37 38 30 30 30 30 30 31 30 30 36 34 31 34 30
1779567455591,30 30 30 0D 74 34 35 39 38 46 30 41 34 42 45 31 36 35 36 31 41 30 33 42 37 0D
1779567455596,74 34 35 35 38 45 41 46 46 30 37 30 30 39 46 46 46 30 30 30 30 0D
1779567455612,74 34 35 31 38 30 30 30 30 30 30 30 30 30 30 30 30 30 30 30 30 0D
1779567455621,74 34 35 35 38 45 41 46 46 30 37 30 30 39 46 46 46 30 30 30 30 0D
1779567455626,74 34 35 37 38 30 30 30 30 30 30 30 30 36 34 31 34 30 30 30 30 0D
1779567455631,74 34 35 31 38 30 30 30 30 30 30 30 30 30 30 30 30 30 30 30 30 0D
1779567455635,74 34 35 35 38 45 41 46 46 30 37 30 30 39 46 46 46 30 30 30 30 0D
1779567455656,74 34 35 31 38 30 30 30 30 30 30 30 30 30 30 30 30 30 30 30 30 0D
1779567455662,74 34 35 35 38 45 41 46 46 30 37 30 30 39 46 46 46 30 30 30 30 0D
1779567455685,74 34 35 30 38 30 30 30 30 30 37 30 30 30 30 30 30 45 34 30 35 0D
1779567455696,74 34 35 31 38 30 30 30 30 30 30 30 30 30 30 30 30 30 30 30 30 0D
1779567455703,74 34 35 35 38 45 41 46 46 30 37 30 30 39 46 46 46 30 30 30 30 0D
1779567455715,74 34 35 31 38 30 30 30 30 30 30 30 30 30 30 30 30 30 30 30 30 0D
1779567455725,74 34 35 35 38 45 41 46 46 30 37 30 30 39 46 46 46 30 30 30 30 0D
1779567455732,74 34 35 31 38 30 30 30 30 30 30 30 30 30 30 30 30 30 30 30 30 0D
1779567455736,74 34 35 35 38 45 41 46 46 30 37 30 30 39 46 46 46 30 30 30 30 0D
1779567455751,74 34 35 31 38 30 30 30 30 30 30 30 30 30 30 30 30 30 30 30 30 0D
1779567455754,74 34 35 35 38 45 41 46 46 30 37 30 30 39 46 46 46 30 30 30 30 0D
1779567455775,74 34 35 30 38 30 30 30 30 30 37 30 30 30 30 30 30 45 34 30 35 0D
1779567455796,74 34 35 31 38 30 30 30 30 30 30 30 30 30 30 30 30 30 30 30 30 0D
1779567455799,74 34 35 35 38 45 41 46 46 30 37 30 30 39 46 46 46 30 30 30 30 0D
1779567455819,74 34 35 31 38 30 30 30 30 30 30 30 30 30 30 30 30 30 30 30 30 0D
1779567455828,74 34 35 35 38 45 41 46 46 30 37 30 30 39 46 46 46 30 30 30 30 0D
1779567455835,74 34 35 31 38 30 30 30 30 30 30 30 30 30 30 30 30 30 30 30 30 0D
1779567455841,74 34 35 35 38 45 41 46 46 30 37 30 30 39 46 46 46 30 30 30 30 0D
1779567455850,74 34 35 31 38 30 30 30 30 30 30 30 30 30 30 30 30 30 30 30 30 0D
1779567455854,74 34 35 35 38 45 41 46 46 30 37 30 30 39 46 46 46 30 30 30 30 0D
1779567455870,74 34 35 30 38 30 30 30 30 30 37 30 30 30 30 30 30 45 34 30 35 0D
1779567455878,74 34 35 31 38 30 30 30 30 30 30 30 30 30 30 30 30 30 30 30 30 0D
1779567455884,74 34 35 32 38 38 43 30 30 30 30 30 30 30 30 30 30 32 37 30 30 0D 74 34 35 33 38 39 45 30 30 30 30 30 30 30 30 30 30 30 30 30 30 0D 74 34 35 34 38 30 31 30 30 30 30 30 30 30 30 30 30 30 30 30
1779567455894,74 34 35 31 38 30 30 30 30 30 30 30 30 30 30 30 30 30 30 30 30 0D
1779567455911,74 34 35 31 38 30 30 30 30 30 30 30 30 30 30 30 30 30 30 30 30 0D
1779567455916,74 34 35 35 38 45 39 46 46 30 37 30 30 39 46 46 46 30 30 30 30 0D
1779567455921,74 34 35 37 38 30 30 30 30 30 30 30 30 36 34 31 34 30 30 30 30 0D
1779567455929,74 34 35 39 38 45 45 41 34 42 45 31 36 35 35 31 41 30 33 42 37 0D
1779567455936,74 34 35 31 38 30 30 30 30 30 30 30 30 30 30 30 30 30 30 30 30 0D
1779567455940,74 34 35 35 38 45 39 46 46 30 37 30 30 39 46 46 46 30 30 30 30 0D
1779567457156,74 34 35 31 38 30 30 30 30 30 30 30 30 30 30 30 30 30 30 30 30 0D
1779567457165,74 34 35 31 38 30 30 30 30 30 30 30 30 30 30 30 30 30 30 30 30 0D
1779567457182,74 34 35 35 38 45 41 46 46 30 37 30 30 39 46 46 46 30 30 30 30 0D
1779567457195,74 34 35 37 38 30 30 30 30 30 30 30 30 36 34 31 34 30 30 30 30 0D
1779567457207,74 34 35 31 38 30 30 30 30 30 30 30 30 30 30 30 30 30 30 30 30 0D
1779567457213,74 34 35 35 38 45 41 46 46 30 37 30 30 39 46 46 46 30 30 30 30 0D
1779567457230,74 34 35 30 38 30 30 30 30 30 37 30 30 30 30 30 30 45 34 30 35 0D
1779567457234,74 34 35 31 38 30 30 30 30 30 30 30 30 30 30 30 30 30 30 30 30 0D
1779567457250,74 34 35 31 38 30 30 30 30 30 30 30 30 30 30 30 30 30 30 30 30 0D
1779567457257,74 34 35 35 38 45 41 46 46 30 37 30 30 39 46 46 46 30 30 30 30 0D
1779567457263,74 34 35 31 38 30 30 30 30 30 30 30 30 30 30 30 30 30 30 30 30 0D
1779567457272,74 34 35 35 38 45 41 46 46 30 37 30 30 39 46 46 46 30 30 30 30 0D
1779567457281,74 34 35 37 38 30 30 30 30 30 30 30 30 36 34 31 34 30 30 30 30 0D
1779567457283,74 34 35 31 38 30 30 30 30 30 30 30 30 30 30 30 30 30 30 30 30 0D
1779567457290,74 34 35 36 38 45 44 46 46 30 38 30 30 30 34 30 30 30 30 30 30 0D
1779567457310,74 34 35 31 38 30 30 30 30 30 30 30 30 30 30 30 30 30 30 30 30 0D
1779567457315,74 34 35 35 38 45 41 46 46 30 37 30 30 39 46 46 46 30 30 30 30 0D
1779567457325,74 34 35 30 38 30 30 30 30 30 37 30 30 30 30 30 30 45 34 30 35 0D
1779567457330,74 34 35 31 38 30 30 30 30 30 30 30 30 30 30 30 30 30 30 30 30 0D
1779567457349,74 34 35 31 38 30 30 30 30 30 30 30 30 30 30 30 30 30 30 30 30 0D
1779567457355,74 34 35 35 38 45 41 46 46 30 37 30 30 39 46 46 46 30 30 30 30 0D
1779567457363,74 34 35 31 38 30 30 30 30 30 30 30 30 30 30 30 30 30 30 30 30 0D
1779567458679,74 34 35 31 38 30 30 30 30 30 30 30 30 30 30 30 30 30 30 30 30 0D
1779567458701,74 34 35 31 38 30 30 30 30 30 30 30 30 30 30 30 30 30 30 30 30 0D
1779567458714,74 34 35 37 38 30 30 30 30 30 30 30 30 36 34 31 34 30 30 30 30 0D
1779567458725,74 34 35 31 38 30 30 30 30 30 30 30 30 30 30 30 30 30 30 30 30 0D
1779567458731,74 34 35 35 38 45 41 46 46 30 37 30 30 39 46 46 46 30 30 30 30 0D
1779567458747,74 34 35 30 38 30 30 30 30 30 37 30 30 30 30 30 30 45 34 30 35 0D
1779567458753,74 34 35 31 38 30 30 30 30 30 30 30 30 30 30 30 30 30 30 30 30 0D
1779567458763,74 34 35 31 38 30 30 30 30 30 30 30 30 30 30 30 30 30 30 30 30 0D
1779567458766,74 34 35 35 38 45 41 46 46 30 37 30 30 39 46 46 46 30 30 30 30 0D
1779567458784,74 34 35 31 38 30 30 30 30 30 30 30 30 30 30 30 30 30 30 30 30 0D
1779567458789,74 34 35 35 38 45 41 46 46 30 37 30 30 39 46 46 46 30 30 30 30 0D
1779567458790,74 34 35 37 38 30 30 30 30 30 30 30 30 36 34 31 34 30 30 30 30 0D
1779567458801,74 34 35 39 38 46 30 41 34 42 45 31 36 34 46 31 41 30 33 42 37 0D
1779567458808,74 34 35 36 38 45 44 46 46 30 38 30 30 30 34 30 30 30 30 30 30 0D
1779567458823,74 34 35 31 38 30 30 30 30 30 30 30 30 30 30 30 30 30 30 30 30 0D
1779567458834,74 34 35 35 38 45 41 46 46 30 37 30 30 39 46 46 46 30 30 30 30 0D
1779567458850,74 34 35 30 38 30 30 30 30 30 37 30 30 30 30 30 30 45 34 30 35 0D
1779567458868,74 34 35 31 38 30 30 30 30 30 30 30 30 30 30 30 30 30 30 30 30 0D
1779567458875,74 34 35 35 38 45 41 46 46 30 37 30 30 39 46 46 46 30 30 30 30 0D
1779567458888,74 34 35 31 38 30 30 30 30 30 30 30 30 30 30 30 30 30 30 30 30 0D
1779567458893,74 34 35 37 38 30 30 30 30 30 30 30 30 36 34 31 34 30 30 30 30 0D
1779567458901,74 34 35 39 38 46 30 41 34 42 45 31 36 35 30 31 41 30 33 42 37 0D
1779567458903,74 34 35 31 38 30 30 30 30 30 30 30 30 30 30 30 30 30 30 30 30 0D
1779567458909,74 34 35 36 38 45 44 46 46 30 38 30 30 30 34 30 30 30 30 30 30 0D
1779567458925,74 34 35 31 38 30 30 30 30 30 30 30 30 30 30 30 30 30 30 30 30 0D
1779567458933,74 34 35 35 38 45 41 46 46 30 37 30 30 39 46 46 46 30 30 30 30 0D
1779567458950,74 34 35 30 38 30 30 30 30 30 37 30 30 30 30 30 30 45 34 30 35 0D
1779567458954,74 34 35 31 38 30 30 30 30 30 30 30 30 30 30 30 30 30 30 30 30 0D
1779567458965,74 34 35 31 38 30 30 30 30 30 30 30 30 30 30 30 30 30 30 30 30 0D
1779567458972,74 34 35 35 38 45 41 46 46 30 37 30 30 39 46 46 46 30 30 30 30 0D
1779567458990,74 34 35 31 38 30 30 30 30 30 30 30 30 30 30 30 30 30 30 30 30 0D
1779567458995,74 34 35 37 38 30 30 30 30 30 30 30 30 36 34 31 34 30 30 30 30 0D
1779567459001,74 34 35 39 38 46 30 41 34 42 45 31 36 35 31 31 41 30 33 42 37 0D
1779567459007,74 34 35 31 38 30 30 30 30 30 30 30 30 30 30 30 30 30 30 30 30 0D
1779567459010,74 34 35 35 38 45 41 46 46 30 37 30 30 39 46 46 46 30 30 30 30 0D
1779567459022,74 34 35 31 38 30 30 30 30 30 30 30 30 30 30 30 30 30 30 30 30 0D
1779567459025,74 34 35 35 38 45 41 46 46 30 37 30 30 39 46 46 46 30 30 30 30 0D
1779567459034,74 34 35 36 38 45 45 46 46 30 37 30 30 30 34 30 30 30 30 30 30 0D
1779567459044,74 34 35 30 38 30 30 30 30 30 37 30 30 30 30 30 30 45 34 30 35 0D
1779567459052,74 34 35 31 38 30 30 30 30 30 30 30 30 30 30 30 30 30 30 30 30 0D
1779567459064,74 34 35 31 38 30 30 30 30 30 30 30 30 30 30 30 30 30 30 30 30 0D
1779567459072,74 34 35 35 38 45 41 46 46 30 37 30 30 39 46 46 46 30 30 30 30 0D
1779567459090,74 34 35 31 38 30 30 30 30 30 30 30 30 30 30 30 30 30 30 30 30 0D
1779567459095,74 34 35 37 38 30 30 30 30 30 30 30 30 36 34 31 34 30 30 30 30 0D
1779567459100,74 34 35 39 38 46 30 41 34 42 45 31 36 35 32 31 41 30 33 42 37 0D
1779567459106,74 34 35 31 38 30 30 30 30 30 30 30 30 30 30 30 30 30 30 30 30 0D
1779567459108,74 34 35 35 38 45 41 46 46 30 37 30 30 39 46 46 46 30 30 30 30 0D
1779567459122,74 34 35 31 38 30 30 30 30 30 30 30 30 30 30 30 30 30 30 30 30 0D
1779567459130,74 34 35 35 38 45 41 46 46 30 37 30 30 39 46 46 46 30 30 30 30 0D
1779567459147,74 34 35 30 38 30 30 30 30 30 37 30 30 30 30 30 30 45 34 30 35 0D
1779567459165,74 34 35 31 38 30 30 30 30 30 30 30 30 30 30 30 30 30 30 30 30 0D
1779567459171,74 34 35 35 38 45 41 46 46 30 37 30 30 39 46 46 46 30 30 30 30 0D
1779567459196,74 34 35 31 38 30 30 30 30 30 30 30 30 30 30 30 30 30 30 30 30 0D
1779567459208,74 34 35 37 38 30 30 30 30 30 30 30 30 36 34 31 34 30 30 30 30 0D
1779567459217,74 34 35 36 38 45 45 46 46 30 37 30 30 30 34 30 30 30 30 30 30 0D
1779567459223,74 34 35 31 38 30 30 30 30 30 30 30 30 30 30 30 30 30 30 30 30 0D
1779567459231,74 34 35 35 38 45 41 46 46 30 37 30 30 39 46 46 46 30 30 30 30 0D
1779567459252,74 34 35 30 38 30 30 30 30 30 37 30 30 30 30 30 30 45 34 30 35 0D
1779567459258,74 34 35 31 38 30 30 30 30 30 30 30 30 30 30 30 30 30 30 30 30 0D
1779567459265,74 34 35 31 38 30 30 30 30 30 30 30 30 30 30 30 30 30 30 30 30 0D
1779567459285,74 34 35 31 38 30 30 30 30 30 30 30 30 30 30 30 30 30 30 30 30 0D
1779567459292,74 34 35 35 38 45 41 46 46 30 37 30 30 39 46 46 46 30 30 30 30 0D
1779567459298,74 34 35 37 38 30 30 30 30 30 30 30 30 36 34 31 34 30 30 30 30 0D
1779567459302,74 34 35 31 38 30 30 30 30 30 30 30 30 30 30 30 30 30 30 30 30 0D
1779567459308,74 34 35 35 38 45 41 46 46 30 37 30 30 39 46 46 46 30 30 30 30 0D
1779567459324,74 34 35 31 38 30 30 30 30 30 30 30 30 30 30 30 30 30 30 30 30 0D
1779567459329,74 34 35 35 38 45 41 46 46 30 37 30 30 39 46 46 46 30 30 30 30 0D
1779567459344,74 34 35 30 38 30 30 30 30 30 37 30 30 30 30 30 30 45 34 30 35 0D
1779567459352,74 34 35 31 38 30 30 30 30 30 30 30 30 30 30 30 30 30 30 30 30 0D
1779567459369,74 34 35 31 38 30 30 30 30 30 30 30 30 30 30 30 30 30 30 30 30 0D
1779567459377,74 34 35 35 38 45 41 46 46 30 37 30 30 39 46 46 46 30 30 30 30 0D
1779567459395,74 34 35 31 38 30 30 30 30 30 30 30 30 30 30 30 30 30 30 30 30 0D
1779567459404,74 34 35 37 38 30 30 30 30 30 30 30 30 36 34 31 34 30 30 30 30 0D
1779567459407,74 34 35 31 38 30 30 30 30 30 30 30 30 30 30 30 30 30 30 30 30 0D
1779567459416,74 34 35 35 38 45 41 46 46 30 37 30 30 39 46 46 46 30 30 30 30 0D
1779567459427,74 34 35 31 38 30 30 30 30 30 30 30 30 30 30 30 30 30 30 30 30 0D
1779567459433,74 34 35 35 38 45 41 46 46 30 37 30 30 39 46 46 46 30 30 30 30 0D
1779567459447,74 34 35 30 38 30 30 30 30 30 37 30 30 30 30 30 30 45 34 30 35 0D
1779567459453,74 34 35 31 38 30 30 30 30 30 30 30 30 30 30 30 30 30 30 30 30 0D
1779567459466,74 34 35 31 38 30 30 30 30 30 30 30 30 30 30 30 30 30 30 30 30 0D
1779567459471,74 34 35 35 38 45 39 46 46 30 37 30 30 39 46 46 46 30 30 30 30 0D
1779567459484,74 34 35 31 38 30 30 30 30 30 30 30 30 30 30 30 30 30 30 30 30 0D
1779567459490,74 34 35 36 38 45 44 46 46 30 38 30 30 30 34 30 30 30 30 30 30 0D
1779567459497,74 34 35 37 38 30 30 30 30 30 30 30 30 36 34 31 34 30 30 30 30 0D
1779567459515,74 34 35 31 38 30 30 30 30 30 30 30 30 30 30 30 30 30 30 30 30 0D
1779567459530,74 34 35 31 38 30 30 30 30 30 30 30 30 30 30 30 30 30 30 30 30 0D
1779567459548,74 34 35 30 38 30 30 30 30 30 37 30 30 30 30 30 30 45 34 30 35 0D
1779567459553,30 0D 74 34 35 35 38 45 39 46 46 30 37 30 30 39 46 46 46 30 30 30 30 0D 74 34 35 36 38 45 44 46 46 30 38 30 30 30 34 30 30 30 30 30 30 0D 74 34 35 37 38 30 30 30 30 30 30 30 30 36 34 31 34 30
1779567459575,74 34 35 31 38 30 30 30 30 30 30 30 30 30 30 30 30 30 30 30 30 0D
1779567459585,74 34 35 31 38 30 30 30 30 30 30 30 30 30 30 30 30 30 30 30 30 0D
1779567459590,74 34 35 35 38 45 39 46 46 30 37 30 30 39 46 46 46 30 30 30 30 0D
1779567459598,74 34 35 37 38 30 30 30 30 30 31 30 30 36 34 31 34 30 30 30 30 0D
1779567459603,74 34 35 31 38 30 30 30 30 30 30 30 30 30 30 30 30 30 30 30 30 0D
1779567459622,74 34 35 31 38 30 30 30 30 30 30 30 30 30 30 30 30 30 30 30 30 0D
1779567459629,74 34 35 35 38 45 39 46 46 30 37 30 30 39 46 46 46 30 30 30 30 0D
1779567459643,74 34 35 30 38 30 30 30 30 30 37 30 30 30 30 30 30 45 34 30 35 0D
1779567459655,74 34 35 31 38 30 30 30 30 30 30 30 30 30 30 30 30 30 30 30 30 0D
1779567459668,74 34 35 31 38 30 30 30 30 30 30 30 30 30 30 30 30 30 30 30 30 0D
1779567459677,74 34 35 35 38 45 39 46 46 30 37 30 30 39 46 46 46 30 30 30 30 0D
1779567459688,74 34 35 31 38 30 30 30 30 30 30 30 30 30 30 30 30 30 30 30 30 0D
1779567459695,74 34 35 37 38 30 30 30 30 30 30 30 30 36 34 31 34 30 30 30 30 0D
1779567459700,74 34 35 39 38 46 32 41 34 42 45 31 36 35 35 31 41 30 33 42 37 0D
1779567459705,74 34 35 31 38 30 30 30 30 30 30 30 30 30 30 30 30 30 30 30 30 0D
1779567459708,74 34 35 35 38 45 39 46 46 30 37 30 30 39 46 46 46 30 30 30 30 0D
1779567459731,74 34 35 31 38 30 30 30 30 30 30 30 30 30 30 30 30 30 30 30 30 0D
1779567459745,74 34 35 30 38 30 30 30 30 30 37 30 30 30 30 30 30 45 34 30 35 0D
1779567459752,74 34 35 32 38 38 43 30 30 30 30 30 30 30 30 30 30 30 30 30 30 0D
1779567459764,74 34 35 31 38 30 30 30 30 30 30 30 30 30 30 30 30 30 30 30 30 0D
1779567459770,74 34 35 35 38 45 39 46 46 30 37 30 30 39 46 46 46 30 30 30 30 0D
1779567459787,74 34 35 31 38 30 30 30 30 30 30 30 30 30 30 30 30 30 30 30 30 0D
1779567459791,74 34 35 35 38 45 39 46 46 30 37 30 30 39 46 46 46 30 30 30 30 0D
1779567459798,74 34 35 37 38 30 30 30 30 30 31 30 30 36 34 31 34 30 30 30 30 0D
1779567459802,74 34 35 31 38 30 30 30 30 30 30 30 30 30 30 30 30 30 30 30 30 0D
1779567459808,74 34 35 35 38 45 39 46 46 30 37 30 30 39 46 46 46 30 30 30 30 0D
1779567459828,74 34 35 31 38 30 30 30 30 30 30 30 30 30 30 30 30 30 30 30 30 0D
1779567459834,74 34 35 35 38 45 39 46 46 30 37 30 30 39 46 46 46 30 30 30 30 0D
1779567459847,74 34 35 30 38 30 30 30 30 30 37 30 30 30 30 30 30 45 34 30 35 0D
1779567459853,74 34 35 31 38 30 30 30 30 30 30 30 30 30 30 30 30 30 30 30 30 0D
1779567459873,74 34 35 31 38 30 30 30 30 30 30 30 30 30 30 30 30 30 30 30 30 0D
1779567459886,74 34 35 31 38 30 30 30 30 30 30 30 30 30 30 30 30 30 30 30 30 0D
1779567459897,74 34 35 36 38 45 44 46 46 30 37 30 30 30 34 30 30 30 30 30 30 0D
1779567459908,74 34 35 37 38 30 30 30 30 30 30 30 30 36 34 31 34 30 30 30 30 0D
1779567459915,74 34 35 35 38 45 41 46 46 30 36 30 30 39 46 46 46 30 30 30 30 0D
1779567459923,74 34 35 31 38 30 30 30 30 30 30 30 30 30 30 30 30 30 30 30 30 0D
1779567459931,74 34 35 35 38 45 41 46 46 30 36 30 30 39 46 46 46 30 30 30 30 0D
1779567459946,74 34 35 30 38 30 30 30 30 30 37 30 30 30 30 30 30 45 34 30 35 0D
1779567459952,74 34 35 31 38 30 30 30 30 30 30 30 30 30 30 30 30 30 30 30 30 0D
1779567459966,74 34 35 31 38 30 30 30 30 30 30 30 30 30 30 30 30 30 30 30 30 0D
1779567459979,74 34 35 35 38 45 41 46 46 30 36 30 30 39 46 46 46 30 30 30 30 0D
1779567459988,74 34 35 31 38 30 30 30 30 30 30 30 30 30 30 30 30 30 30 30 30 0D
1779567459993,74 34 35 36 38 45 44 46 46 30 37 30 30 30 34 30 30 30 30 30 30 0D
1779567459999,74 34 35 37 38 30 30 30 30 30 30 30 30 36 34 31 34 30 30 30 30 0D
1779567460004,74 34 35 31 38 30 30 30 30 30 30 30 30 30 30 30 30 30 30 30 30 0D
1779567460015,74 34 35 35 38 45 41 46 46 30 36 30 30 39 46 46 46 30 30 30 30 0D
1779567460022,74 34 35 31 38 30 30 30 30 30 30 30 30 30 30 30 30 30 30 30 30 0D
1779567460029,74 34 35 35 38 45 41 46 46 30 36 30 30 39 46 46 46 30 30 30 30 0D
1779567460046,74 34 35 30 38 30 30 30 30 30 37 30 30 30 30 30 30 45 34 30 35 0D
1779567460050,74 34 35 31 38 30 30 30 30 30 30 30 30 30 30 30 30 30 30 30 30 0D
1779567460070,74 34 35 31 38 30 30 30 30 30 30 30 30 30 30 30 30 30 30 30 30 0D
1779567460086,74 34 35 31 38 30 30 30 30 30 30 30 30 30 30 30 30 30 30 30 30 0D
1779567460090,74 34 35 35 38 45 41 46 46 30 36 30 30 39 45 46 46 30 30 30 30 0D
1779567460096,74 34 35 37 38 30 30 30 30 30 30 30 30 36 34 31 34 30 30 30 30 0D
1779567460118,74 34 35 31 38 30 30 30 30 30 30 30 30 30 30 30 30 30 30 30 30 0D
1779567460125,74 34 35 31 38 30 30 30 30 30 30 30 30 30 30 30 30 30 30 30 30 0D
1779567460133,74 34 35 35 38 45 41 46 46 30 36 30 30 39 45 46 46 30 30 30 30 0D
1779567460142,74 34 35 30 38 30 30 30 30 30 37 30 30 30 30 30 30 45 34 30 35 0D
1779567460147,74 34 35 31 38 30 30 30 30 30 30 30 30 30 30 30 30 30 30 30 30 0D
1779567460171,74 34 35 31 38 30 30 30 30 30 30 30 30 30 30 30 30 30 30 30 30 0D
1779567460185,74 34 35 31 38 30 30 30 30 30 30 30 30 30 30 30 30 30 30 30 30 0D
1779567460192,74 34 35 35 38 45 41 46 46 30 36 30 30 39 45 46 46 30 30 30 30 0D
1779567460195,74 34 35 37 38 30 30 30 30 30 30 30 30 36 34 31 34 30 30 30 30 0D
1779567460206,74 34 35 31 38 30 30 30 30 30 30 30 30 30 30 30 30 30 30 30 30 0D
1779567460212,74 34 35 35 38 45 41 46 46 30 36 30 30 39 45 46 46 30 30 30 30 0D
1779567460227,74 34 35 31 38 30 30 30 30 30 30 30 30 30 30 30 30 30 30 30 30 0D
1779567460232,74 34 35 35 38 45 41 46 46 30 36 30 30 39 45 46 46 30 30 30 30 0D
1779567460249,74 34 35 30 38 30 30 30 30 30 37 30 30 30 30 30 30 45 34 30 35 0D
1779567460256,74 34 35 32 38 38 43 30 30 30 30 30 30 30 30 30 30 30 30 30 30 0D 74 34 35 33 38 39 45 30 30 30 30 30 30 30 30 30 30 30 30 30 30 0D 74 34 35 34 38 30 31 30 30 30 30 30 30 30 30 30 30 30 30 30
1779567460264,74 34 35 31 38 30 30 30 30 30 30 30 30 30 30 30 30 30 30 30 30 0D
1779567460270,74 34 35 35 38 45 39 46 46 30 37 30 30 39 45 46 46 30 30 30 30 0D
1779567460285,74 34 35 31 38 30 30 30 30 30 30 30 30 30 30 30 30 30 30 30 30 0D
1779567460292,74 34 35 35 38 45 39 46 46 30 37 30 30 39 45 46 46 30 30 30 30 0D
1779567460296,74 34 35 37 38 30 30 30 30 30 30 30 30 36 34 31 34 30 30 30 30 0D
1779567460302,74 34 35 31 38 30 30 30 30 30 30 30 30 30 30 30 30 30 30 30 30 0D
1779567460306,74 34 35 35 38 45 39 46 46 30 37 30 30 39 45 46 46 30 30 30 30 0D
1779567460324,74 34 35 31 38 30 30 30 30 30 30 30 30 30 30 30 30 30 30 30 30 0D
1779567460329,74 34 35 35 38 45 39 46 46 30 37 30 30 39 45 46 46 30 30 30 30 0D
1779567460346,74 34 35 30 38 30 30 30 30 30 37 30 30 30 30 30 30 45 34 30 35 0D
1779567460348,74 34 35 32 38 38 43 30 30 30 30 30 30 30 30 30 30 30 30 30 30 0D 74 34 35 33 38 39 45 30 30 30 30 30 30 30 30 30 30 30 30 30 30 0D
1779567460364,74 34 35 31 38 30 30 30 30 30 30 30 30 30 30 30 30 30 30 30 30 0D
1779567460368,74 34 35 35 38 45 39 46 46 30 37 30 30 39 45 46 46 30 30 30 30 0D
1779567460384,74 34 35 31 38 30 30 30 30 30 30 30 30 30 30 30 30 30 30 30 30 0D
1779567460389,74 34 35 35 38 45 39 46 46 30 37 30 30 39 45 46 46 30 30 30 30 0D
1779567460396,74 34 35 37 38 30 30 30 30 30 30 30 30 36 34 31 34 30 30 30 30 0D
1779567460404,74 34 35 39 38 46 32 41 34 42 45 31 36 35 36 31 41 30 33 42 37 0D
1779567460411,74 34 35 31 38 30 30 30 30 30 30 30 30 30 30 30 30 30 30 30 30 0D
1779567460414,74 34 35 35 38 45 39 46 46 30 37 30 30 39 45 46 46 30 30 30 30 0D
1779567460426,74 34 35 31 38 30 30 30 30 30 30 30 30 30 30 30 30 30 30 30 30 0D
1779567460432,74 34 35 35 38 45 39 46 46 30 37 30 30 39 45 46 46 30 30 30 30 0D
1779567460446,74 34 35 30 38 30 30 30 30 30 37 30 30 30 30 30 30 45 34 30 35 0D
1779567460453,30 0D 74 34 35 35 38 45 41 46 46 30 37 30 30 39 46 46 46 30 30 30 30 0D 74 34 35 36 38 45 44 46 46 30 37 30 30 30 35 30 30 30 30 30 30 0D 74 34 35 37 38 30 30 30 30 30 30 30 30 36 34 31 34 30
1779567460465,74 34 35 31 38 30 30 30 30 30 30 30 30 30 30 30 30 30 30 30 30 0D
1779567460469,74 34 35 35 38 45 41 46 46 30 37 30 30 39 46 46 46 30 30 30 30 0D
1779567460483,74 34 35 31 38 30 30 30 30 30 30 30 30 30 30 30 30 30 30 30 30 0D
1779567460485,74 34 35 35 38 45 41 46 46 30 37 30 30 39 46 46 46 30 30 30 30 0D
1779567460495,74 34 35 37 38 30 30 30 30 30 30 30 30 36 34 31 34 30 30 30 30 0D
1779567460501,74 34 35 31 38 30 30 30 30 30 30 30 30 30 30 30 30 30 30 30 30 0D
1779567460511,74 34 35 35 38 45 41 46 46 30 37 30 30 39 46 46 46 30 30 30 30 0D
1779567460526,74 34 35 31 38 30 30 30 30 30 30 30 30 30 30 30 30 30 30 30 30 0D
1779567460531,74 34 35 35 38 45 41 46 46 30 37 30 30 39 46 46 46 30 30 30 30 0D
1779567460546,74 34 35 30 38 30 30 30 30 30 37 30 30 30 30 30 30 45 34 30 35 0D
1779567460553,74 34 35 31 38 30 30 30 30 30 30 30 30 30 30 30 30 30 30 30 30 0D
1779567460565,74 34 35 31 38 30 30 30 30 30 30 30 30 30 30 30 30 30 30 30 30 0D
1779567460571,74 34 35 35 38 45 41 46 46 30 37 30 30 39 46 46 46 30 30 30 30 0D
1779567460584,74 34 35 31 38 30 30 30 30 30 30 30 30 30 30 30 30 30 30 30 30 0D
1779567460594,74 34 35 35 38 45 41 46 46 30 37 30 30 39 46 46 46 30 30 30 30 0D
1779567460605,74 34 35 31 38 30 30 30 30 30 30 30 30 30 30 30 30 30 30 30 30 0D
1779567460614,74 34 35 35 38 45 41 46 46 30 37 30 30 39 46 46 46 30 30 30 30 0D
1779567460627,74 34 35 31 38 30 30 30 30 30 30 30 30 30 30 30 30 30 30 30 30 0D
1779567460630,74 34 35 35 38 45 41 46 46 30 37 30 30 39 46 46 46 30 30 30 30 0D
1779567460647,74 34 35 30 38 30 30 30 30 30 37 30 30 30 30 30 30 45 34 30 35 0D
1779567460653,74 34 35 31 38 30 30 30 30 30 30 30 30 30 30 30 30 30 30 30 30 0D
1779567460668,74 34 35 31 38 30 30 30 30 30 30 30 30 30 30 30 30 30 30 30 30 0D
1779567460687,74 34 35 31 38 30 30 30 30 30 30 30 30 30 30 30 30 30 30 30 30 0D
1779567460690,74 34 35 35 38 45 41 46 46 30 37 30 30 39 46 46 46 30 30 30 30 0D
1779567460697,74 34 35 37 38 30 30 30 30 30 31 30 30 36 34 31 34 30 30 30 30 0D
1779567460703,74 34 35 31 38 30 30 30 30 30 30 30 30 30 30 30 30 30 30 30 30 0D
1779567460711,74 34 35 35 38 45 41 46 46 30 37 30 30 39 46 46 46 30 30 30 30 0D
1779567460726,74 34 35 31 38 30 30 30 30 30 30 30 30 30 30 30 30 30 30 30 30 0D
1779567460750,74 34 35 30 38 30 30 30 30 30 37 30 30 30 30 30 30 45 34 30 35 0D
1779567460758,30 0D 74 34 35 35 38 45 41 46 46 30 37 30 30 39 46 46 46 30 30 30 30 0D 74 34 35 36 38 45 44 46 46 30 38 30 30 30 33 30 30 30 30 30 30 0D 74 34 35 37 38 30 30 30 30 30 31 30 30 36 34 31 34 30
1779567460768,74 34 35 31 38 30 30 30 30 30 30 30 30 30 30 30 30 30 30 30 30 0D
1779567460770,74 34 35 35 38 45 41 46 46 30 37 30 30 39 46 46 46 30 30 30 30 0D
1779567460784,74 34 35 31 38 30 30 30 30 30 30 30 30 30 30 30 30 30 30 30 30 0D
1779567460792,74 34 35 35 38 45 41 46 46 30 37 30 30 39 46 46 46 30 30 30 30 0D
1779567460798,74 34 35 37 38 30 30 30 30 30 30 30 30 36 34 31 34 30 30 30 30 0D
1779567460803,74 34 35 31 38 30 30 30 30 30 30 30 30 30 30 30 30 30 30 30 30 0D
1779567460814,74 34 35 35 38 45 41 46 46 30 37 30 30 39 46 46 46 30 30 30 30 0D
1779567460824,74 34 35 31 38 30 30 30 30 30 30 30 30 30 30 30 30 30 30 30 30 0D
1779567460830,74 34 35 35 38 45 41 46 46 30 37 30 30 39 46 46 46 30 30 30 30 0D
1779567460859,74 34 35 30 38 30 30 30 30 30 37 30 30 30 30 30 30 45 34 30 35 0D
1779567460867,74 34 35 31 38 30 30 30 30 30 30 30 30 30 30 30 30 30 30 30 30 0D
1779567460876,74 34 35 35 38 45 41 46 46 30 37 30 30 39 46 46 46 30 30 30 30 0D
1779567460886,74 34 35 31 38 30 30 30 30 30 30 30 30 30 30 30 30 30 30 30 30 0D
1779567460897,74 34 35 35 38 45 41 46 46 30 37 30 30 39 46 46 46 30 30 30 30 0D
1779567460905,74 34 35 31 38 30 30 30 30 30 30 30 30 30 30 30 30 30 30 30 30 0D
1779567460915,74 34 35 35 38 45 41 46 46 30 37 30 30 39 46 46 46 30 30 30 30 0D
1779567460924,74 34 35 31 38 30 30 30 30 30 30 30 30 30 30 30 30 30 30 30 30 0D
1779567460929,74 34 35 35 38 45 41 46 46 30 37 30 30 39 46 46 46 30 30 30 30 0D
1779567460951,74 34 35 30 38 30 30 30 30 30 37 30 30 30 30 30 30 45 34 30 35 0D
1779567460969,74 34 35 31 38 30 30 30 30 30 30 30 30 30 30 30 30 30 30 30 30 0D
1779567460980,74 34 35 35 38 45 41 46 46 30 37 30 30 39 46 46 46 30 30 30 30 0D
1779567460988,74 34 35 31 38 30 30 30 30 30 30 30 30 30 30 30 30 30 30 30 30 0D
1779567461000,74 34 35 35 38 45 41 46 46 30 37 30 30 39 46 46 46 30 30 30 30 0D
1779567461006,74 34 35 31 38 30 30 30 30 30 30 30 30 30 30 30 30 30 30 30 30 0D
1779567461025,74 34 35 31 38 30 30 30 30 30 30 30 30 30 30 30 30 30 30 30 30 0D
1779567461031,74 34 35 35 38 45 41 46 46 30 37 30 30 39 46 46 46 30 30 30 30 0D
1779567461044,74 34 35 30 38 30 30 30 30 30 37 30 30 30 30 30 30 45 34 30 35 0D
1779567461050,74 34 35 31 38 30 30 30 30 30 30 30 30 30 30 30 30 30 30 30 30 0D
1779567461060,74 34 35 32 38 38 43 30 30 30 30 30 30 30 30 30 30 32 37 30 30 0D 74 34 35 33 38 39 45 30 30 30 30 30 30 30 30 30 30 30 30 30 30 0D 74 34 35 34 38 30 31 30 30 30 30 30 30 30 30 30 30 30 30 30
1779567461065,74 34 35 31 38 30 30 30 30 30 30 30 30 30 30 30 30 30 30 30 30 0D
1779567461067,74 34 35 35 38 45 39 46 46 30 37 30 30 39 46 46 46 30 30 30 30 0D
1779567461087,74 34 35 31 38 30 30 30 30 30 30 30 30 30 30 30 30 30 30 30 30 0D
1779567461093,74 34 35 35 38 45 39 46 46 30 37 30 30 39 46 46 46 30 30 30 30 0D
1779567461096,74 34 35 37 38 30 30 30 30 30 30 30 30 36 34 31 34 30 30 30 30 0D
1779567461100,74 34 35 39 38 45 45 41 34 42 45 31 36 35 35 31 41 30 33 42 37 0D
1779567461108,74 34 35 31 38 30 30 30 30 30 30 30 30 30 30 30 30 30 30 30 30 0D
1779567461114,74 34 35 35 38 45 39 46 46 30 37 30 30 39 46 46 46 30 30 30 30 0D
1779567462283,74 34 35 31 38 30 30 30 30 30 30 30 30 30 30 30 30 30 30 30 30 0D
1779567462300,74 34 35 31 38 30 30 30 30 30 30 30 30 30 30 30 30 30 30 30 30 0D
1779567462309,74 34 35 37 38 30 30 30 30 30 30 30 30 36 34 31 34 30 30 30 30 0D
1779567462326,74 34 35 31 38 30 30 30 30 30 30 30 30 30 30 30 30 30 30 30 30 0D
1779567462333,74 34 35 35 38 45 41 46 46 30 37 30 30 39 46 46 46 30 30 30 30 0D
1779567462347,74 34 35 30 38 30 30 30 30 30 37 30 30 30 30 30 30 45 34 30 35 0D
1779567462357,74 34 35 31 38 30 30 30 30 30 30 30 30 30 30 30 30 30 30 30 30 0D
1779567462367,74 34 35 31 38 30 30 30 30 30 30 30 30 30 30 30 30 30 30 30 30 0D
1779567462371,74 34 35 35 38 45 41 46 46 30 37 30 30 39 46 46 46 30 30 30 30 0D
1779567462389,74 34 35 31 38 30 30 30 30 30 30 30 30 30 30 30 30 30 30 30 30 0D
1779567462391,74 34 35 37 38 30 30 30 30 30 30 30 30 36 34 31 34 30 30 30 30 0D
1779567462400,74 34 35 39 38 46 30 41 34 42 45 31 36 34 46 31 41 30 33 42 37 0D
1779567462404,74 34 35 31 38 30 30 30 30 30 30 30 30 30 30 30 30 30 30 30 30 0D
1779567462408,74 34 35 36 38 45 44 46 46 30 38 30 30 30 34 30 30 30 30 30 30 0D
1779567462429,74 34 35 31 38 30 30 30 30 30 30 30 30 30 30 30 30 30 30 30 30 0D
1779567462434,74 34 35 35 38 45 41 46 46 30 37 30 30 39 46 46 46 30 30 30 30 0D
1779567462447,74 34 35 30 38 30 30 30 30 30 37 30 30 30 30 30 30 45 34 30 35 0D
1779567462452,74 34 35 31 38 30 30 30 30 30 30 30 30 30 30 30 30 30 30 30 30 0D
1779567462467,74 34 35 31 38 30 30 30 30 30 30 30 30 30 30 30 30 30 30 30 30 0D
1779567462471,74 34 35 35 38 45 41 46 46 30 37 30 30 39 46 46 46 30 30 30 30 0D
1779567462489,74 34 35 31 38 30 30 30 30 30 30 30 30 30 30 30 30 30 30 30 30 0D
1779567462495,74 34 35 37 38 30 30 30 30 30 30 30 30 36 34 31 34 30 30 30 30 0D
1779567462498,74 34 35 39 38 46 30 41 34 42 45 31 36 35 30 31 41 30 33 42 37 0D
1779567462508,74 34 35 31 38 30 30 30 30 30 30 30 30 30 30 30 30 30 30 30 30 0D
1779567462515,74 34 35 36 38 45 44 46 46 30 38 30 30 30 34 30 30 30 30 30 30 0D
1779567462524,74 34 35 31 38 30 30 30 30 30 30 30 30 30 30 30 30 30 30 30 30 0D
1779567462527,74 34 35 35 38 45 41 46 46 30 37 30 30 39 46 46 46 30 30 30 30 0D
1779567462547,74 34 35 30 38 30 30 30 30 30 37 30 30 30 30 30 30 45 34 30 35 0D
1779567462556,74 34 35 31 38 30 30 30 30 30 30 30 30 30 30 30 30 30 30 30 30 0D
1779567462569,74 34 35 31 38 30 30 30 30 30 30 30 30 30 30 30 30 30 30 30 30 0D
1779567462576,74 34 35 35 38 45 41 46 46 30 37 30 30 39 46 46 46 30 30 30 30 0D
1779567462587,74 34 35 31 38 30 30 30 30 30 30 30 30 30 30 30 30 30 30 30 30 0D
1779567462591,74 34 35 37 38 30 30 30 30 30 30 30 30 36 34 31 34 30 30 30 30 0D
1779567462601,74 34 35 39 38 46 30 41 34 42 45 31 36 35 31 31 41 30 33 42 37 0D
1779567462608,74 34 35 31 38 30 30 30 30 30 30 30 30 30 30 30 30 30 30 30 30 0D
1779567462609,74 34 35 35 38 45 41 46 46 30 37 30 30 39 46 46 46 30 30 30 30 0D
1779567462623,74 34 35 31 38 30 30 30 30 30 30 30 30 30 30 30 30 30 30 30 30 0D
1779567462625,74 34 35 35 38 45 41 46 46 30 37 30 30 39 46 46 46 30 30 30 30 0D
1779567462635,74 34 35 36 38 45 45 46 46 30 37 30 30 30 34 30 30 30 30 30 30 0D
1779567462643,74 34 35 30 38 30 30 30 30 30 37 30 30 30 30 30 30 45 34 30 35 0D
1779567462652,74 34 35 31 38 30 30 30 30 30 30 30 30 30 30 30 30 30 30 30 30 0D
1779567462665,74 34 35 31 38 30 30 30 30 30 30 30 30 30 30 30 30 30 30 30 30 0D
1779567462672,74 34 35 35 38 45 41 46 46 30 37 30 30 39 46 46 46 30 30 30 30 0D
1779567462687,74 34 35 31 38 30 30 30 30 30 30 30 30 30 30 30 30 30 30 30 30 0D
1779567462693,74 34 35 37 38 30 30 30 30 30 30 30 30 36 34 31 34 30 30 30 30 0D
1779567462697,74 34 35 39 38 46 30 41 34 42 45 31 36 35 32 31 41 30 33 42 37 0D
1779567462705,74 34 35 31 38 30 30 30 30 30 30 30 30 30 30 30 30 30 30 30 30 0D
1779567462709,74 34 35 35 38 45 41 46 46 30 37 30 30 39 46 46 46 30 30 30 30 0D
1779567462725,74 34 35 31 38 30 30 30 30 30 30 30 30 30 30 30 30 30 30 30 30 0D
1779567462730,74 34 35 35 38 45 41 46 46 30 37 30 30 39 46 46 46 30 30 30 30 0D
1779567462746,74 34 35 30 38 30 30 30 30 30 37 30 30 30 30 30 30 45 34 30 35 0D
1779567462752,74 34 35 31 38 30 30 30 30 30 30 30 30 30 30 30 30 30 30 30 30 0D
1779567462763,74 34 35 31 38 30 30 30 30 30 30 30 30 30 30 30 30 30 30 30 30 0D
1779567462771,74 34 35 35 38 45 41 46 46 30 37 30 30 39 46 46 46 30 30 30 30 0D
1779567462791,74 34 35 31 38 30 30 30 30 30 30 30 30 30 30 30 30 30 30 30 30 0D
1779567462798,74 34 35 37 38 30 30 30 30 30 30 30 30 36 34 31 34 30 30 30 30 0D
1779567462806,74 34 35 31 38 30 30 30 30 30 30 30 30 30 30 30 30 30 30 30 30 0D
1779567462810,74 34 35 36 38 45 45 46 46 30 37 30 30 30 34 30 30 30 30 30 30 0D
1779567462823,74 34 35 31 38 30 30 30 30 30 30 30 30 30 30 30 30 30 30 30 30 0D
1779567462829,74 34 35 35 38 45 41 46 46 30 37 30 30 39 46 46 46 30 30 30 30 0D
1779567462848,74 34 35 30 38 30 30 30 30 30 37 30 30 30 30 30 30 45 34 30 35 0D
1779567462853,74 34 35 31 38 30 30 30 30 30 30 30 30 30 30 30 30 30 30 30 30 0D
1779567462868,74 34 35 31 38 30 30 30 30 30 30 30 30 30 30 30 30 30 30 30 30 0D
1779567462873,74 34 35 35 38 45 41 46 46 30 37 30 30 39 46 46 46 30 30 30 30 0D
1779567462886,74 34 35 31 38 30 30 30 30 30 30 30 30 30 30 30 30 30 30 30 30 0D
1779567462891,74 34 35 35 38 45 41 46 46 30 37 30 30 39 46 46 46 30 30 30 30 0D
1779567462895,74 34 35 37 38 30 30 30 30 30 30 30 30 36 34 31 34 30 30 30 30 0D
1779567462902,74 34 35 39 38 46 31 41 34 42 45 31 36 35 33 31 41 30 33 42 37 0D
1779567462908,74 34 35 31 38 30 30 30 30 30 30 30 30 30 30 30 30 30 30 30 30 0D
1779567462925,74 34 35 31 38 30 30 30 30 30 30 30 30 30 30 30 30 30 30 30 30 0D
1779567462939,74 34 35 35 38 45 41 46 46 30 37 30 30 39 46 46 46 30 30 30 30 0D
1779567462948,74 34 35 30 38 30 30 30 30 30 37 30 30 30 30 30 30 45 34 30 35 0D
1779567462954,74 34 35 31 38 30 30 30 30 30 30 30 30 30 30 30 30 30 30 30 30 0D
1779567462963,74 34 35 31 38 30 30 30 30 30 30 30 30 30 30 30 30 30 30 30 30 0D
1779567462970,74 34 35 35 38 45 41 46 46 30 37 30 30 39 46 46 46 30 30 30 30 0D
1779567462996,74 34 35 31 38 30 30 30 30 30 30 30 30 30 30 30 30 30 30 30 30 0D
1779567463002,74 34 35 37 38 30 30 30 30 30 30 30 30 36 34 31 34 30 30 30 30 0D
1779567463012,74 34 35 35 38 45 41 46 46 30 37 30 30 39 46 46 46 30 30 30 30 0D
1779567463025,74 34 35 31 38 30 30 30 30 30 30 30 30 30 30 30 30 30 30 30 30 0D
1779567463031,74 34 35 35 38 45 41 46 46 30 37 30 30 39 46 46 46 30 30 30 30 0D
1779567463047,74 34 35 30 38 30 30 30 30 30 37 30 30 30 30 30 30 45 34 30 35 0D
1779567463055,74 34 35 31 38 30 30 30 30 30 30 30 30 30 30 30 30 30 30 30 30 0D
1779567463068,74 34 35 31 38 30 30 30 30 30 30 30 30 30 30 30 30 30 30 30 30 0D
1779567463073,74 34 35 35 38 45 39 46 46 30 37 30 30 39 46 46 46 30 30 30 30 0D
1779567463085,74 34 35 31 38 30 30 30 30 30 30 30 30 30 30 30 30 30 30 30 30 0D
1779567463091,74 34 35 36 38 45 44 46 46 30 38 30 30 30 34 30 30 30 30 30 30 0D
1779567463093,74 34 35 37 38 30 30 30 30 30 30 30 30 36 34 31 34 30 30 30 30 0D
1779567463102,74 34 35 39 38 46 32 41 34 42 45 31 36 35 34 31 41 30 33 42 37 0D
1779567463108,74 34 35 31 38 30 30 30 30 30 30 30 30 30 30 30 30 30 30 30 30 0D
1779567463131,74 34 35 31 38 30 30 30 30 30 30 30 30 30 30 30 30 30 30 30 30 0D
1779567463136,74 34 35 35 38 45 39 46 46 30 37 30 30 39 46 46 46 30 30 30 30 0D
1779567463153,74 34 35 30 38 30 30 30 30 30 37 30 30 30 30 30 30 45 34 30 35 0D
1779567463157,30 0D 74 34 35 35 38 45 39 46 46 30 37 30 30 39 46 46 46 30 30 30 30 0D 74 34 35 36 38 45 44 46 46 30 38 30 30 30 34 30 30 30 30 30 30 0D 74 34 35 37 38 30 30 30 30 30 30 30 30 36 34 31 34 30
1779567463167,74 34 35 31 38 30 30 30 30 30 30 30 30 30 30 30 30 30 30 30 30 0D
1779567463189,74 34 35 31 38 30 30 30 30 30 30 30 30 30 30 30 30 30 30 30 30 0D
1779567463199,74 34 35 35 38 45 39 46 46 30 37 30 30 39 46 46 46 30 30 30 30 0D
1779567463207,74 34 35 31 38 30 30 30 30 30 30 30 30 30 30 30 30 30 30 30 30 0D
1779567463225,74 34 35 31 38 30 30 30 30 30 30 30 30 30 30 30 30 30 30 30 30 0D
1779567463236,74 34 35 35 38 45 39 46 46 30 37 30 30 39 46 46 46 30 30 30 30 0D
1779567463250,74 34 35 30 38 30 30 30 30 30 37 30 30 30 30 30 30 45 34 30 35 0D
1779567463256,74 34 35 31 38 30 30 30 30 30 30 30 30 30 30 30 30 30 30 30 30 0D
1779567463269,74 34 35 31 38 30 30 30 30 30 30 30 30 30 30 30 30 30 30 30 30 0D
1779567463276,74 34 35 35 38 45 39 46 46 30 37 30 30 39 46 46 46 30 30 30 30 0D
1779567463289,74 34 35 31 38 30 30 30 30 30 30 30 30 30 30 30 30 30 30 30 30 0D
1779567463294,74 34 35 37 38 30 30 30 30 30 30 30 30 36 34 31 34 30 30 30 30 0D
1779567463305,74 34 35 39 38 46 32 41 34 42 45 31 36 35 35 31 41 30 33 42 37 0D
1779567463314,74 34 35 31 38 30 30 30 30 30 30 30 30 30 30 30 30 30 30 30 30 0D
1779567463322,74 34 35 31 38 30 30 30 30 30 30 30 30 30 30 30 30 30 30 30 30 0D
1779567463332,74 34 35 35 38 45 39 46 46 30 37 30 30 39 46 46 46 30 30 30 30 0D
1779567463348,74 34 35 30 38 30 30 30 30 30 37 30 30 30 30 30 30 45 34 30 35 0D
1779567463354,74 34 35 32 38 38 43 30 30 30 30 30 30 30 30 30 30 30 30 30 30 0D
1779567463368,74 34 35 31 38 30 30 30 30 30 30 30 30 30 30 30 30 30 30 30 30 0D
1779567463374,74 34 35 35 38 45 39 46 46 30 37 30 30 39 46 46 46 30 30 30 30 0D
1779567463385,74 34 35 31 38 30 30 30 30 30 30 30 30 30 30 30 30 30 30 30 30 0D
1779567463389,74 34 35 35 38 45 39 46 46 30 37 30 30 39 46 46 46 30 30 30 30 0D
1779567463401,74 34 35 37 38 30 30 30 30 30 31 30 30 36 34 31 34 30 30 30 30 0D
1779567463405,74 34 35 31 38 30 30 30 30 30 30 30 30 30 30 30 30 30 30 30 30 0D
1779567463409,74 34 35 35 38 45 39 46 46 30 37 30 30 39 46 46 46 30 30 30 30 0D
1779567463426,74 34 35 31 38 30 30 30 30 30 30 30 30 30 30 30 30 30 30 30 30 0D
1779567463432,74 34 35 35 38 45 39 46 46 30 37 30 30 39 46 46 46 30 30 30 30 0D
1779567463450,74 34 35 30 38 30 30 30 30 30 37 30 30 30 30 30 30 45 34 30 35 0D
1779567463456,74 34 35 31 38 30 30 30 30 30 30 30 30 30 30 30 30 30 30 30 30 0D
1779567463472,74 34 35 31 38 30 30 30 30 30 30 30 30 30 30 30 30 30 30 30 30 0D
1779567463491,74 34 35 31 38 30 30 30 30 30 30 30 30 30 30 30 30 30 30 30 30 0D
1779567463502,74 34 35 36 38 45 44 46 46 30 37 30 30 30 34 30 30 30 30 30 30 0D
1779567463506,74 34 35 31 38 30 30 30 30 30 30 30 30 30 30 30 30 30 30 30 30 0D
1779567463510,74 34 35 35 38 45 41 46 46 30 36 30 30 39 46 46 46 30 30 30 30 0D
1779567463525,74 34 35 31 38 30 30 30 30 30 30 30 30 30 30 30 30 30 30 30 30 0D
1779567463539,74 34 35 35 38 45 41 46 46 30 36 30 30 39 46 46 46 30 30 30 30 0D
1779567463544,74 34 35 30 38 30 30 30 30 30 37 30 30 30 30 30 30 45 34 30 35 0D
1779567463556,74 34 35 31 38 30 30 30 30 30 30 30 30 30 30 30 30 30 30 30 30 0D
1779567463570,74 34 35 31 38 30 30 30 30 30 30 30 30 30 30 30 30 30 30 30 30 0D
1779567463580,74 34 35 35 38 45 41 46 46 30 36 30 30 39 46 46 46 30 30 30 30 0D
1779567463589,74 34 35 31 38 30 30 30 30 30 30 30 30 30 30 30 30 30 30 30 30 0D
1779567463598,74 34 35 36 38 45 44 46 46 30 37 30 30 30 34 30 30 30 30 30 30 0D
1779567463604,74 34 35 31 38 30 30 30 30 30 30 30 30 30 30 30 30 30 30 30 30 0D
1779567463608,74 34 35 35 38 45 41 46 46 30 36 30 30 39 46 46 46 30 30 30 30 0D
1779567463625,74 34 35 31 38 30 30 30 30 30 30 30 30 30 30 30 30 30 30 30 30 0D
1779567463634,74 34 35 35 38 45 41 46 46 30 36 30 30 39 46 46 46 30 30 30 30 0D
1779567463647,74 34 35 30 38 30 30 30 30 30 37 30 30 30 30 30 30 45 34 30 35 0D
1779567463653,74 34 35 31 38 30 30 30 30 30 30 30 30 30 30 30 30 30 30 30 30 0D
1779567463671,74 34 35 31 38 30 30 30 30 30 30 30 30 30 30 30 30 30 30 30 30 0D
1779567463687,74 34 35 31 38 30 30 30 30 30 30 30 30 30 30 30 30 30 30 30 30 0D
1779567463693,74 34 35 35 38 45 41 46 46 30 36 30 30 39 45 46 46 30 30 30 30 0D
1779567463698,74 34 35 37 38 30 30 30 30 30 30 30 30 36 34 31 34 30 30 30 30 0D
1779567463721,74 34 35 31 38 30 30 30 30 30 30 30 30 30 30 30 30 30 30 30 30 0D
1779567463728,74 34 35 31 38 30 30 30 30 30 30 30 30 30 30 30 30 30 30 30 30 0D
1779567463733,74 34 35 35 38 45 41 46 46 30 36 30 30 39 45 46 46 30 30 30 30 0D
1779567463747,74 34 35 30 38 30 30 30 30 30 37 30 30 30 30 30 30 45 34 30 35 0D
1779567463754,74 34 35 31 38 30 30 30 30 30 30 30 30 30 30 30 30 30 30 30 30 0D
1779567463764,74 34 35 31 38 30 30 30 30 30 30 30 30 30 30 30 30 30 30 30 30 0D
1779567463787,74 34 35 31 38 30 30 30 30 30 30 30 30 30 30 30 30 30 30 30 30 0D
1779567463794,74 34 35 35 38 45 41 46 46 30 36 30 30 39 45 46 46 30 30 30 30 0D
1779567463801,74 34 35 37 38 30 30 30 30 30 30 30 30 36 34 31 34 30 30 30 30 0D
1779567463805,74 34 35 31 38 30 30 30 30 30 30 30 30 30 30 30 30 30 30 30 30 0D
1779567463809,74 34 35 35 38 45 41 46 46 30 36 30 30 39 45 46 46 30 30 30 30 0D
1779567463826,74 34 35 31 38 30 30 30 30 30 30 30 30 30 30 30 30 30 30 30 30 0D
1779567463832,74 34 35 35 38 45 41 46 46 30 36 30 30 39 45 46 46 30 30 30 30 0D
1779567463846,74 34 35 30 38 30 30 30 30 30 37 30 30 30 30 30 30 45 34 30 35 0D
1779567463853,74 34 35 32 38 38 43 30 30 30 30 30 30 30 30 30 30 30 30 30 30 0D 74 34 35 33 38 39 45 30 30 30 30 30 30 30 30 30 30 30 30 30 30 0D 74 34 35 34 38 30 31 30 30 30 30 30 30 30 30 30 30 30 30 30
1779567463867,74 34 35 31 38 30 30 30 30 30 30 30 30 30 30 30 30 30 30 30 30 0D
1779567463872,74 34 35 35 38 45 39 46 46 30 37 30 30 39 45 46 46 30 30 30 30 0D
1779567463885,74 34 35 31 38 30 30 30 30 30 30 30 30 30 30 30 30 30 30 30 30 0D
1779567463891,74 34 35 35 38 45 39 46 46 30 37 30 30 39 45 46 46 30 30 30 30 0D
1779567463899,74 34 35 37 38 30 30 30 30 30 30 30 30 36 34 31 34 30 30 30 30 0D
1779567463903,74 34 35 31 38 30 30 30 30 30 30 30 30 30 30 30 30 30 30 30 30 0D
1779567463908,74 34 35 35 38 45 39 46 46 30 37 30 30 39 45 46 46 30 30 30 30 0D
1779567463918,74 34 35 31 38 30 30 30 30 30 30 30 30 30 30 30 30 30 30 30 30 0D
1779567465776,74 34 35 31 38 30 30 30 30 30 30 30 30 30 30 30 30 30 30 30 30 0D
1779567465803,74 34 35 31 38 30 30 30 30 30 30 30 30 30 30 30 30 30 30 30 30 0D
1779567465810,74 34 35 37 38 30 30 30 30 30 30 30 30 36 34 31 34 30 30 30 30 0D
1779567465826,74 34 35 31 38 30 30 30 30 30 30 30 30 30 30 30 30 30 30 30 30 0D
1779567465834,74 34 35 35 38 45 41 46 46 30 37 30 30 39 46 46 46 30 30 30 30 0D
1779567465849,74 34 35 30 38 30 30 30 30 30 37 30 30 30 30 30 30 45 34 30 35 0D
1779567465859,74 34 35 31 38 30 30 30 30 30 30 30 30 30 30 30 30 30 30 30 30 0D
1779567465866,74 34 35 31 38 30 30 30 30 30 30 30 30 30 30 30 30 30 30 30 30 0D
1779567465872,74 34 35 35 38 45 41 46 46 30 37 30 30 39 46 46 46 30 30 30 30 0D
1779567465885,74 34 35 31 38 30 30 30 30 30 30 30 30 30 30 30 30 30 30 30 30 0D
1779567465896,74 34 35 35 38 45 41 46 46 30 37 30 30 39 46 46 46 30 30 30 30 0D
1779567465904,74 34 35 31 38 30 30 30 30 30 30 30 30 30 30 30 30 30 30 30 30 0D
1779567465907,74 34 35 36 38 45 44 46 46 30 38 30 30 30 34 30 30 30 30 30 30 0D
1779567465927,74 34 35 31 38 30 30 30 30 30 30 30 30 30 30 30 30 30 30 30 30 0D
1779567465932,74 34 35 35 38 45 41 46 46 30 37 30 30 39 46 46 46 30 30 30 30 0D
1779567465946,74 34 35 30 38 30 30 30 30 30 37 30 30 30 30 30 30 45 34 30 35 0D
1779567465949,74 34 35 31 38 30 30 30 30 30 30 30 30 30 30 30 30 30 30 30 30 0D
1779567465970,74 34 35 31 38 30 30 30 30 30 30 30 30 30 30 30 30 30 30 30 30 0D
1779567465978,74 34 35 35 38 45 41 46 46 30 37 30 30 39 46 46 46 30 30 30 30 0D
1779567465994,74 34 35 31 38 30 30 30 30 30 30 30 30 30 30 30 30 30 30 30 30 0D
1779567466002,74 34 35 37 38 30 30 30 30 30 30 30 30 36 34 31 34 30 30 30 30 0D
1779567466007,74 34 35 31 38 30 30 30 30 30 30 30 30 30 30 30 30 30 30 30 30 0D
1779567466012,74 34 35 36 38 45 44 46 46 30 38 30 30 30 34 30 30 30 30 30 30 0D
1779567466028,74 34 35 31 38 30 30 30 30 30 30 30 30 30 30 30 30 30 30 30 30 0D
1779567466032,74 34 35 35 38 45 41 46 46 30 37 30 30 39 46 46 46 30 30 30 30 0D
1779567466043,74 34 35 30 38 30 30 30 30 30 37 30 30 30 30 30 30 45 34 30 35 0D
1779567466054,74 34 35 31 38 30 30 30 30 30 30 30 30 30 30 30 30 30 30 30 30 0D
1779567466068,74 34 35 31 38 30 30 30 30 30 30 30 30 30 30 30 30 30 30 30 30 0D
1779567466076,74 34 35 35 38 45 41 46 46 30 37 30 30 39 46 46 46 30 30 30 30 0D
1779567466089,74 34 35 31 38 30 30 30 30 30 30 30 30 30 30 30 30 30 30 30 30 0D
1779567466093,74 34 35 37 38 30 30 30 30 30 30 30 30 36 34 31 34 30 30 30 30 0D
1779567466108,74 34 35 39 38 46 30 41 34 42 45 31 36 35 31 31 41 30 33 42 37 0D
1779567466116,74 34 35 35 38 45 41 46 46 30 37 30 30 39 46 46 46 30 30 30 30 0D
1779567466126,74 34 35 31 38 30 30 30 30 30 30 30 30 30 30 30 30 30 30 30 30 0D
1779567466131,74 34 35 35 38 45 41 46 46 30 37 30 30 39 46 46 46 30 30 30 30 0D
1779567466132,74 34 35 36 38 45 45 46 46 30 37 30 30 30 34 30 30 30 30 30 30 0D
1779567466146,74 34 35 30 38 30 30 30 30 30 37 30 30 30 30 30 30 45 34 30 35 0D
1779567466149,74 34 35 31 38 30 30 30 30 30 30 30 30 30 30 30 30 30 30 30 30 0D
1779567466166,74 34 35 31 38 30 30 30 30 30 30 30 30 30 30 30 30 30 30 30 30 0D
1779567466169,74 34 35 35 38 45 41 46 46 30 37 30 30 39 46 46 46 30 30 30 30 0D
1779567466195,74 34 35 31 38 30 30 30 30 30 30 30 30 30 30 30 30 30 30 30 30 0D
1779567466205,74 34 35 37 38 30 30 30 30 30 30 30 30 36 34 31 34 30 30 30 30 0D
1779567466209,74 34 35 35 38 45 41 46 46 30 37 30 30 39 46 46 46 30 30 30 30 0D
1779567466227,74 34 35 31 38 30 30 30 30 30 30 30 30 30 30 30 30 30 30 30 30 0D
1779567466233,74 34 35 35 38 45 41 46 46 30 37 30 30 39 46 46 46 30 30 30 30 0D
1779567466246,74 34 35 30 38 30 30 30 30 30 37 30 30 30 30 30 30 45 34 30 35 0D
1779567466256,74 34 35 31 38 30 30 30 30 30 30 30 30 30 30 30 30 30 30 30 30 0D
1779567466265,74 34 35 31 38 30 30 30 30 30 30 30 30 30 30 30 30 30 30 30 30 0D
1779567466270,74 34 35 35 38 45 41 46 46 30 37 30 30 39 46 46 46 30 30 30 30 0D
1779567466294,74 34 35 31 38 30 30 30 30 30 30 30 30 30 30 30 30 30 30 30 30 0D
1779567466297,74 34 35 37 38 30 30 30 30 30 30 30 30 36 34 31 34 30 30 30 30 0D
1779567466307,74 34 35 39 38 46 31 41 34 42 45 31 36 35 33 31 41 30 33 42 37 0D
1779567466313,74 34 35 36 38 45 45 46 46 30 37 30 30 30 34 30 30 30 30 30 30 0D
1779567466324,74 34 35 31 38 30 30 30 30 30 30 30 30 30 30 30 30 30 30 30 30 0D
1779567466328,74 34 35 35 38 45 41 46 46 30 37 30 30 39 46 46 46 30 30 30 30 0D
1779567466348,74 34 35 30 38 30 30 30 30 30 37 30 30 30 30 30 30 45 34 30 35 0D
1779567466355,74 34 35 31 38 30 30 30 30 30 30 30 30 30 30 30 30 30 30 30 30 0D
1779567466363,74 34 35 31 38 30 30 30 30 30 30 30 30 30 30 30 30 30 30 30 30 0D
1779567466371,74 34 35 35 38 45 41 46 46 30 37 30 30 39 46 46 46 30 30 30 30 0D
1779567466385,74 34 35 31 38 30 30 30 30 30 30 30 30 30 30 30 30 30 30 30 30 0D
1779567466391,74 34 35 35 38 45 41 46 46 30 37 30 30 39 46 46 46 30 30 30 30 0D
1779567466396,74 34 35 37 38 30 30 30 30 30 30 30 30 36 34 31 34 30 30 30 30 0D
1779567466400,74 34 35 39 38 46 31 41 34 42 45 31 36 35 33 31 41 30 33 42 37 0D
1779567466403,74 34 35 31 38 30 30 30 30 30 30 30 30 30 30 30 30 30 30 30 30 0D
1779567466409,74 34 35 35 38 45 41 46 46 30 37 30 30 39 46 46 46 30 30 30 30 0D
1779567466425,74 34 35 31 38 30 30 30 30 30 30 30 30 30 30 30 30 30 30 30 30 0D
1779567466431,74 34 35 35 38 45 41 46 46 30 37 30 30 39 46 46 46 30 30 30 30 0D
1779567466447,74 34 35 30 38 30 30 30 30 30 37 30 30 30 30 30 30 45 34 30 35 0D
1779567466454,74 34 35 31 38 30 30 30 30 30 30 30 30 30 30 30 30 30 30 30 30 0D
1779567466464,74 34 35 31 38 30 30 30 30 30 30 30 30 30 30 30 30 30 30 30 30 0D
1779567466470,74 34 35 35 38 45 41 46 46 30 37 30 30 39 46 46 46 30 30 30 30 0D
1779567466491,74 34 35 31 38 30 30 30 30 30 30 30 30 30 30 30 30 30 30 30 30 0D
1779567466500,74 34 35 37 38 30 30 30 30 30 30 30 30 36 34 31 34 30 30 30 30 0D
1779567466505,74 34 35 31 38 30 30 30 30 30 30 30 30 30 30 30 30 30 30 30 30 0D
1779567466510,74 34 35 35 38 45 41 46 46 30 37 30 30 39 46 46 46 30 30 30 30 0D
1779567466526,74 34 35 31 38 30 30 30 30 30 30 30 30 30 30 30 30 30 30 30 30 0D
1779567466532,74 34 35 35 38 45 41 46 46 30 37 30 30 39 46 46 46 30 30 30 30 0D
1779567466545,74 34 35 30 38 30 30 30 30 30 37 30 30 30 30 30 30 45 34 30 35 0D
1779567466555,74 34 35 31 38 30 30 30 30 30 30 30 30 30 30 30 30 30 30 30 30 0D
1779567466562,74 34 35 31 38 30 30 30 30 30 30 30 30 30 30 30 30 30 30 30 30 0D
1779567466571,74 34 35 35 38 45 39 46 46 30 37 30 30 39 46 46 46 30 30 30 30 0D
1779567466591,74 34 35 31 38 30 30 30 30 30 30 30 30 30 30 30 30 30 30 30 30 0D
1779567466600,74 34 35 37 38 30 30 30 30 30 30 30 30 36 34 31 34 30 30 30 30 0D
1779567466605,74 34 35 31 38 30 30 30 30 30 30 30 30 30 30 30 30 30 30 30 30 0D
1779567466626,74 34 35 31 38 30 30 30 30 30 30 30 30 30 30 30 30 30 30 30 30 0D
1779567466638,74 34 35 35 38 45 39 46 46 30 37 30 30 39 46 46 46 30 30 30 30 0D
1779567466653,74 34 35 30 38 30 30 30 30 30 37 30 30 30 30 30 30 45 34 30 35 0D
1779567466672,74 34 35 31 38 30 30 30 30 30 30 30 30 30 30 30 30 30 30 30 30 0D
1779567466692,74 34 35 31 38 30 30 30 30 30 30 30 30 30 30 30 30 30 30 30 30 0D
1779567466701,74 34 35 35 38 45 39 46 46 30 37 30 30 39 46 46 46 30 30 30 30 0D
1779567466705,74 34 35 31 38 30 30 30 30 30 30 30 30 30 30 30 30 30 30 30 30 0D
1779567466728,74 34 35 31 38 30 30 30 30 30 30 30 30 30 30 30 30 30 30 30 30 0D
1779567466734,74 34 35 35 38 45 39 46 46 30 37 30 30 39 46 46 46 30 30 30 30 0D
1779567466744,74 34 35 30 38 30 30 30 30 30 37 30 30 30 30 30 30 45 34 30 35 0D
1779567466756,74 34 35 31 38 30 30 30 30 30 30 30 30 30 30 30 30 30 30 30 30 0D
1779567466771,74 34 35 31 38 30 30 30 30 30 30 30 30 30 30 30 30 30 30 30 30 0D
1779567466793,74 34 35 31 38 30 30 30 30 30 30 30 30 30 30 30 30 30 30 30 30 0D
1779567466799,74 34 35 37 38 30 30 30 30 30 30 30 30 36 34 31 34 30 30 30 30 0D
1779567466806,74 34 35 39 38 46 32 41 34 42 45 31 36 35 35 31 41 30 33 42 37 0D
1779567466810,74 34 35 35 38 45 39 46 46 30 37 30 30 39 46 46 46 30 30 30 30 0D
1779567466833,74 34 35 31 38 30 30 30 30 30 30 30 30 30 30 30 30 30 30 30 30 0D
1779567466843,74 34 35 35 38 45 39 46 46 30 37 30 30 39 46 46 46 30 30 30 30 0D
1779567466849,74 34 35 30 38 30 30 30 30 30 37 30 30 30 30 30 30 45 34 30 35 0D
1779567466869,74 34 35 31 38 30 30 30 30 30 30 30 30 30 30 30 30 30 30 30 30 0D
1779567466888,74 34 35 31 38 30 30 30 30 30 30 30 30 30 30 30 30 30 30 30 30 0D
1779567466901,74 34 35 35 38 45 39 46 46 30 37 30 30 39 46 46 46 30 30 30 30 0D
1779567466909,74 34 35 31 38 30 30 30 30 30 30 30 30 30 30 30 30 30 30 30 30 0D
1779567466926,74 34 35 31 38 30 30 30 30 30 30 30 30 30 30 30 30 30 30 30 30 0D
1779567466932,74 34 35 35 38 45 39 46 46 30 37 30 30 39 46 46 46 30 30 30 30 0D
1779567466945,74 34 35 30 38 30 30 30 30 30 37 30 30 30 30 30 30 45 34 30 35 0D
1779567466955,74 34 35 31 38 30 30 30 30 30 30 30 30 30 30 30 30 30 30 30 30 0D
1779567466970,74 34 35 31 38 30 30 30 30 30 30 30 30 30 30 30 30 30 30 30 30 0D
1779567467880,74 34 35 31 38 30 30 30 30 30 30 30 30 30 30 30 30 30 30 30 30 0D
1779567467904,74 34 35 31 38 30 30 30 30 30 30 30 30 30 30 30 30 30 30 30 30 0D
1779567467916,74 34 35 37 38 30 30 30 30 30 30 30 30 36 34 31 34 30 30 30 30 0D
1779567467925,74 34 35 31 38 30 30 30 30 30 30 30 30 30 30 30 30 30 30 30 30 0D
1779567467930,74 34 35 35 38 45 41 46 46 30 37 30 30 39 46 46 46 30 30 30 30 0D
1779567467952,74 34 35 30 38 30 30 30 30 30 37 30 30 30 30 30 30 45 34 30 35 0D
1779567467957,74 34 35 31 38 30 30 30 30 30 30 30 30 30 30 30 30 30 30 30 30 0D
1779567467968,74 34 35 31 38 30 30 30 30 30 30 30 30 30 30 30 30 30 30 30 30 0D
1779567467972,74 34 35 35 38 45 41 46 46 30 37 30 30 39 46 46 46 30 30 30 30 0D
1779567467985,74 34 35 31 38 30 30 30 30 30 30 30 30 30 30 30 30 30 30 30 30 0D
1779567467995,74 34 35 35 38 45 41 46 46 30 37 30 30 39 46 46 46 30 30 30 30 0D
1779567467999,74 34 35 39 38 46 30 41 34 42 45 31 36 34 46 31 41 30 33 42 37 0D
1779567468004,74 34 35 31 38 30 30 30 30 30 30 30 30 30 30 30 30 30 30 30 30 0D
1779567468009,74 34 35 36 38 45 44 46 46 30 38 30 30 30 34 30 30 30 30 30 30 0D
1779567468028,74 34 35 31 38 30 30 30 30 30 30 30 30 30 30 30 30 30 30 30 30 0D
1779567468032,74 34 35 35 38 45 41 46 46 30 37 30 30 39 46 46 46 30 30 30 30 0D
1779567468054,74 34 35 30 38 30 30 30 30 30 37 30 30 30 30 30 30 45 34 30 35 0D
1779567468069,74 34 35 31 38 30 30 30 30 30 30 30 30 30 30 30 30 30 30 30 30 0D
1779567468074,74 34 35 35 38 45 41 46 46 30 37 30 30 39 46 46 46 30 30 30 30 0D
1779567468089,74 34 35 31 38 30 30 30 30 30 30 30 30 30 30 30 30 30 30 30 30 0D
1779567468099,74 34 35 37 38 30 30 30 30 30 30 30 30 36 34 31 34 30 30 30 30 0D
1779567468103,74 34 35 39 38 46 30 41 34 42 45 31 36 35 30 31 41 30 33 42 37 0D
1779567468105,74 34 35 31 38 30 30 30 30 30 30 30 30 30 30 30 30 30 30 30 30 0D
1779567468114,74 34 35 36 38 45 44 46 46 30 38 30 30 30 34 30 30 30 30 30 30 0D
1779567468124,74 34 35 31 38 30 30 30 30 30 30 30 30 30 30 30 30 30 30 30 30 0D
1779567468133,74 34 35 35 38 45 41 46 46 30 37 30 30 39 46 46 46 30 30 30 30 0D
1779567468146,74 34 35 30 38 30 30 30 30 30 37 30 30 30 30 30 30 45 34 30 35 0D
1779567468153,74 34 35 31 38 30 30 30 30 30 30 30 30 30 30 30 30 30 30 30 30 0D
1779567468169,74 34 35 31 38 30 30 30 30 30 30 30 30 30 30 30 30 30 30 30 30 0D
1779567468176,74 34 35 35 38 45 41 46 46 30 37 30 30 39 46 46 46 30 30 30 30 0D
1779567468187,74 34 35 31 38 30 30 30 30 30 30 30 30 30 30 30 30 30 30 30 30 0D
1779567468199,74 34 35 37 38 30 30 30 30 30 30 30 30 36 34 31 34 30 30 30 30 0D
1779567468209,74 34 35 39 38 46 30 41 34 42 45 31 36 35 31 31 41 30 33 42 37 0D
1779567468214,74 34 35 35 38 45 41 46 46 30 37 30 30 39 46 46 46 30 30 30 30 0D
1779567468225,74 34 35 31 38 30 30 30 30 30 30 30 30 30 30 30 30 30 30 30 30 0D
1779567468228,74 34 35 35 38 45 41 46 46 30 37 30 30 39 46 46 46 30 30 30 30 0D
1779567468235,74 34 35 36 38 45 45 46 46 30 37 30 30 30 34 30 30 30 30 30 30 0D
1779567468247,74 34 35 30 38 30 30 30 30 30 37 30 30 30 30 30 30 45 34 30 35 0D
1779567468254,74 34 35 31 38 30 30 30 30 30 30 30 30 30 30 30 30 30 30 30 30 0D
1779567468268,74 34 35 31 38 30 30 30 30 30 30 30 30 30 30 30 30 30 30 30 30 0D
1779567468271,74 34 35 35 38 45 41 46 46 30 37 30 30 39 46 46 46 30 30 30 30 0D
1779567468293,74 34 35 31 38 30 30 30 30 30 30 30 30 30 30 30 30 30 30 30 30 0D
1779567468297,74 34 35 37 38 30 30 30 30 30 30 30 30 36 34 31 34 30 30 30 30 0D
1779567468301,74 34 35 39 38 46 30 41 34 42 45 31 36 35 32 31 41 30 33 42 37 0D
1779567468305,74 34 35 31 38 30 30 30 30 30 30 30 30 30 30 30 30 30 30 30 30 0D
1779567468309,74 34 35 35 38 45 41 46 46 30 37 30 30 39 46 46 46 30 30 30 30 0D
1779567468330,74 34 35 31 38 30 30 30 30 30 30 30 30 30 30 30 30 30 30 30 30 0D
1779567468334,74 34 35 35 38 45 41 46 46 30 37 30 30 39 46 46 46 30 30 30 30 0D
1779567468351,74 34 35 30 38 30 30 30 30 30 37 30 30 30 30 30 30 45 34 30 35 0D
1779567468364,74 34 35 31 38 30 30 30 30 30 30 30 30 30 30 30 30 30 30 30 30 0D
1779567468370,74 34 35 35 38 45 41 46 46 30 37 30 30 39 46 46 46 30 30 30 30 0D
1779567468390,74 34 35 31 38 30 30 30 30 30 30 30 30 30 30 30 30 30 30 30 30 0D
1779567468399,74 34 35 37 38 30 30 30 30 30 30 30 30 36 34 31 34 30 30 30 30 0D
1779567468405,74 34 35 31 38 30 30 30 30 30 30 30 30 30 30 30 30 30 30 30 30 0D
1779567468412,74 34 35 36 38 45 45 46 46 30 37 30 30 30 34 30 30 30 30 30 30 0D
1779567468433,74 34 35 31 38 30 30 30 30 30 30 30 30 30 30 30 30 30 30 30 30 0D
1779567468437,74 34 35 35 38 45 41 46 46 30 37 30 30 39 46 46 46 30 30 30 30 0D
1779567468449,74 34 35 30 38 30 30 30 30 30 37 30 30 30 30 30 30 45 34 30 35 0D
1779567468454,74 34 35 31 38 30 30 30 30 30 30 30 30 30 30 30 30 30 30 30 30 0D
1779567468465,74 34 35 31 38 30 30 30 30 30 30 30 30 30 30 30 30 30 30 30 30 0D
1779567468470,74 34 35 35 38 45 41 46 46 30 37 30 30 39 46 46 46 30 30 30 30 0D
1779567468488,74 34 35 31 38 30 30 30 30 30 30 30 30 30 30 30 30 30 30 30 30 0D
1779567468495,74 34 35 35 38 45 41 46 46 30 37 30 30 39 46 46 46 30 30 30 30 0D
1779567468502,74 34 35 37 38 30 30 30 30 30 30 30 30 36 34 31 34 30 30 30 30 0D
1779567468508,74 34 35 31 38 30 30 30 30 30 30 30 30 30 30 30 30 30 30 30 30 0D
1779567468511,74 34 35 35 38 45 41 46 46 30 37 30 30 39 46 46 46 30 30 30 30 0D
1779567468526,74 34 35 31 38 30 30 30 30 30 30 30 30 30 30 30 30 30 30 30 30 0D
1779567468540,74 34 35 35 38 45 41 46 46 30 37 30 30 39 46 46 46 30 30 30 30 0D
1779567468546,74 34 35 30 38 30 30 30 30 30 37 30 30 30 30 30 30 45 34 30 35 0D
1779567468552,74 34 35 31 38 30 30 30 30 30 30 30 30 30 30 30 30 30 30 30 30 0D
1779567468564,74 34 35 31 38 30 30 30 30 30 30 30 30 30 30 30 30 30 30 30 30 0D
1779567468570,74 34 35 35 38 45 41 46 46 30 37 30 30 39 46 46 46 30 30 30 30 0D
1779567468590,74 34 35 31 38 30 30 30 30 30 30 30 30 30 30 30 30 30 30 30 30 0D
1779567468595,74 34 35 37 38 30 30 30 30 30 30 30 30 36 34 31 34 30 30 30 30 0D
1779567468600,74 34 35 39 38 46 31 41 34 42 45 31 36 35 35 31 41 30 33 42 37 0D
1779567468604,74 34 35 31 38 30 30 30 30 30 30 30 30 30 30 30 30 30 30 30 30 0D
1779567468614,74 34 35 35 38 45 41 46 46 30 37 30 30 39 46 46 46 30 30 30 30 0D
1779567468630,74 34 35 31 38 30 30 30 30 30 30 30 30 30 30 30 30 30 30 30 30 0D
1779567468635,74 34 35 35 38 45 41 46 46 30 37 30 30 39 46 46 46 30 30 30 30 0D
1779567468649,74 34 35 30 38 30 30 30 30 30 37 30 30 30 30 30 30 45 34 30 35 0D
1779567468654,74 34 35 31 38 30 30 30 30 30 30 30 30 30 30 30 30 30 30 30 30 0D
1779567468662,74 34 35 31 38 30 30 30 30 30 30 30 30 30 30 30 30 30 30 30 30 0D
1779567468669,74 34 35 35 38 45 39 46 46 30 37 30 30 39 46 46 46 30 30 30 30 0D
1779567468683,74 34 35 31 38 30 30 30 30 30 30 30 30 30 30 30 30 30 30 30 30 0D
1779567468687,74 34 35 36 38 45 44 46 46 30 38 30 30 30 34 30 30 30 30 30 30 0D
1779567468697,74 34 35 37 38 30 30 30 30 30 30 30 30 36 34 31 34 30 30 30 30 0D
1779567468706,74 34 35 31 38 30 30 30 30 30 30 30 30 30 30 30 30 30 30 30 30 0D
1779567468732,74 34 35 31 38 30 30 30 30 30 30 30 30 30 30 30 30 30 30 30 30 0D
1779567468739,74 34 35 35 38 45 39 46 46 30 37 30 30 39 46 46 46 30 30 30 30 0D
1779567468750,74 34 35 30 38 30 30 30 30 30 37 30 30 30 30 30 30 45 34 30 35 0D
1779567468757,30 0D 74 34 35 35 38 45 39 46 46 30 37 30 30 39 46 46 46 30 30 30 30 0D 74 34 35 36 38 45 44 46 46 30 38 30 30 30 34 30 30 30 30 30 30 0D 74 34 35 37 38 30 30 30 30 30 30 30 30 36 34 31 34 30
1779567468765,74 34 35 31 38 30 30 30 30 30 30 30 30 30 30 30 30 30 30 30 30 0D
1779567468768,74 34 35 31 38 30 30 30 30 30 30 30 30 30 30 30 30 30 30 30 30 0D
1779567565843,74 34 35 30 38 30 30 30 30 30 37 30 30 30 30 30 30 31 34 30 33 0D
1779567565862,74 34 35 31 38 30 30 30 30 30 30 30 30 30 30 30 30 30 30 30 30 0D 74 34 35 31 38 30 30 30 30 30 30 30 30 30 30 30 30 30 30 30 30 0D
1779567565867,74 34 35 31 38 30 30 30 30 30 30 30 30 30 30 30 30 30 30 30 30 0D
1779567565882,74 34 35 31 38 30 30 30 30 30 30 30 30 30 30 30 30 30 30 30 30 0D
1779567565900,74 34 35 35 38 45 44 46 46 30 37 30 30 39 45 46 46 30 30 30 30 0D 74 34 35 36 38 45 39 46 46 30 38 30 30 30 35 30 30 30 30 30 30 0D
1779567565920,74 34 35 31 38 30 30 30 30 30 30 30 30 30 30 30 30 30 30 30 30 0D
1779567565930,74 34 35 31 38 30 30 30 30 30 30 30 30 30 30 30 30 30 30 30 30 0D
1779567565950,74 34 35 31 38 30 30 30 30 30 30 30 30 30 30 30 30 30 30 30 30 0D
1779567565978,74 34 35 37 38 30 30 30 30 30 30 30 30 36 34 31 34 30 30 30 30 0D
1779567565985,74 34 35 31 38 30 30 30 30 30 30 30 30 30 30 30 30 30 30 30 30 0D
1779567565999,74 34 35 35 38 45 43 46 46 30 36 30 30 39 45 46 46 30 30 30 30 0D
1779567566015,74 34 35 31 38 30 30 30 30 30 30 30 30 30 30 30 30 30 30 30 30 0D
1779567566033,74 34 35 31 38 30 30 30 30 30 30 30 30 30 30 30 30 30 30 30 30 0D
1779567566047,74 34 35 31 38 30 30 30 30 30 30 30 30 30 30 30 30 30 30 30 30 0D
1779567566055,74 34 35 36 38 45 39 46 46 30 38 30 30 30 35 30 30 30 30 30 30 0D
1779567566077,74 34 35 31 38 30 30 30 30 30 30 30 30 30 30 30 30 30 30 30 30 0D
1779567566095,74 34 35 31 38 30 30 30 30 30 30 30 30 30 30 30 30 30 30 30 30 0D
1779567566107,74 34 35 31 38 30 30 30 30 30 30 30 30 30 30 30 30 30 30 30 30 0D
1779567566114,74 34 35 39 38 30 30 30 30 30 30 30 30 30 30 30 30 30 30 30 30 0D
1779567566133,74 34 35 31 38 30 30 30 30 30 30 30 30 30 30 30 30 30 30 30 30 0D
1779567566144,74 34 35 31 38 30 30 30 30 30 30 30 30 30 30 30 30 30 30 30 30 0D
1779567566162,74 34 35 32 38 38 43 30 30 30 30 30 30 30 30 30 30 30 30 30 30 0D
1779567566169,74 34 35 31 38 30 30 30 30 30 30 30 30 30 30 30 30 30 30 30 30 0D
1779567566209,74 34 35 31 38 30 30 30 30 30 30 30 30 30 30 30 30 30 30 30 30 0D
1779567566215,74 34 35 31 38 30 30 30 30 30 30 30 30 30 30 30 30 30 30 30 30 0D
1779567566220,74 34 35 39 38 30 30 30 30 30 30 30 30 30 30 30 30 30 30 30 30 0D
1779567566251,74 34 35 31 38 30 30 30 30 30 30 30 30 30 30 30 30 30 30 30 30 0D
1779567566265,74 34 35 31 38 30 30 30 30 30 30 30 30 30 30 30 30 30 30 30 30 0D
1779567566295,74 34 35 31 38 30 30 30 30 30 30 30 30 30 30 30 30 30 30 30 30 0D
1779567566304,74 34 35 37 38 30 30 30 30 30 30 30 30 36 34 31 34 30 30 30 30 0D
1779567566306,74 34 35 31 38 30 30 30 30 30 30 30 30 30 30 30 30 30 30 30 30 0D
1779567566329,74 34 35 39 38 30 30 30 30 30 30 30 30 30 30 30 30 30 30 30 30 0D
1779567566336,74 34 35 38 38 34 38 30 33 30 30 30 30 30 30 30 30 30 30 30 30 0D
1779567566348,74 34 35 32 38 38 43 30 30 30 30 30 30 30 30 30 30 30 30 30 30 0D
1779567566376,74 34 35 31 38 30 30 30 30 30 30 30 30 30 30 30 30 30 30 30 30 0D
1779567566398,74 34 35 31 38 30 30 30 30 30 30 30 30 30 30 30 30 30 30 30 30 0D
1779567566404,74 34 35 33 38 39 41 30 30 30 30 30 30 30 30 30 30 30 30 30 30 0D
1779567566414,74 34 35 39 38 30 30 30 30 30 30 30 30 30 30 30 30 30 30 30 30 0D
1779567566422,74 34 35 31 38 30 30 30 30 30 30 30 30 30 30 30 30 30 30 30 30 0D
1779567566430,74 34 35 35 38 45 43 46 46 30 36 30 30 39 45 46 46 30 30 30 30 0D
1779567566444,74 34 35 31 38 30 30 30 30 30 30 30 30 30 30 30 30 30 30 30 30 0D
1779567566457,74 34 35 30 38 30 30 30 30 30 37 30 30 30 30 30 30 31 34 30 33 0D
1779567566470,74 34 35 31 38 30 30 30 30 30 30 30 30 30 30 30 30 30 30 30 30 0D
1779567566486,74 34 35 31 38 30 30 30 30 30 30 30 30 30 30 30 30 30 30 30 30 0D
1779567566489,74 34 35 37 38 30 30 30 30 30 30 30 30 36 34 31 34 30 30 30 30 0D
1779567566503,74 34 35 31 38 30 30 30 30 30 30 30 30 30 30 30 30 30 30 30 30 0D
1779567566511,74 34 35 36 38 45 39 46 46 30 38 30 30 30 35 30 30 30 30 30 30 0D
1779567566522,74 34 35 39 38 30 30 30 30 30 30 30 30 30 30 30 30 30 30 30 30 0D
1779567566529,74 34 35 31 38 30 30 30 30 30 30 30 30 30 30 30 30 30 30 30 30 0D
1779567566549,74 34 35 31 38 30 30 30 30 30 30 30 30 30 30 30 30 30 30 30 30 0D
1779567566570,74 34 35 31 38 30 30 30 30 30 30 30 30 30 30 30 30 30 30 30 30 0D
1779567566586,74 34 35 31 38 30 30 30 30 30 30 30 30 30 30 30 30 30 30 30 30 0D
1779567566589,74 34 35 37 38 30 30 30 30 30 30 30 30 36 34 31 34 30 30 30 30 0D
1779567566599,74 34 35 31 38 30 30 30 30 30 30 30 30 30 30 30 30 30 30 30 30 0D
1779567566619,74 34 35 39 38 30 30 30 30 30 30 30 30 30 30 30 30 30 30 30 30 0D
1779567566630,74 34 35 31 38 30 30 30 30 30 30 30 30 30 30 30 30 30 30 30 30 0D
1779567566645,74 34 35 31 38 30 30 30 30 30 30 30 30 30 30 30 30 30 30 30 30 0D
1779567566652,74 34 35 32 38 38 43 30 30 30 30 30 30 30 30 30 30 30 30 30 30 0D
1779567566656,74 34 35 30 38 30 30 30 30 30 37 30 30 30 30 30 30 30 32 30 33 0D
1779567566669,74 34 35 31 38 30 30 30 30 30 30 30 30 30 30 30 30 30 30 30 30 0D
1779567566686,74 34 35 31 38 30 30 30 30 30 30 30 30 30 30 30 30 30 30 30 30 0D
1779567566697,74 34 35 33 38 39 41 30 30 30 30 30 30 30 30 30 30 30 30 30 30 0D
1779567566708,74 34 35 31 38 30 30 30 30 30 30 30 30 30 30 30 30 30 30 30 30 0D
1779567566717,74 34 35 39 38 30 30 30 30 30 30 30 30 30 30 30 30 30 30 30 30 0D
1779567566723,74 34 35 31 38 30 30 30 30 30 30 30 30 30 30 30 30 30 30 30 30 0D
1779567566727,74 34 35 36 38 45 39 46 46 30 38 30 30 30 35 30 30 30 30 30 30 0D
1779567566751,74 34 35 31 38 30 30 30 30 30 30 30 30 30 30 30 30 30 30 30 30 0D
1779567566761,74 34 35 30 38 30 30 30 30 30 37 30 30 30 30 30 30 30 32 30 33 0D
1779567566773,74 34 35 31 38 30 30 30 30 30 30 30 30 30 30 30 30 30 30 30 30 0D
1779567566786,74 34 35 31 38 30 30 30 30 30 30 30 30 30 30 30 30 30 30 30 30 0D
1779567566792,74 34 35 33 38 39 41 30 30 30 30 30 30 30 30 30 30 30 30 30 30 0D
1779567566796,74 34 35 31 38 30 30 30 30 30 30 30 30 30 30 30 30 30 30 30 30 0D
1779567566823,74 34 35 39 38 30 30 30 30 30 30 30 30 30 30 30 30 30 30 30 30 0D
1779567566828,74 34 35 36 38 45 39 46 46 30 38 30 30 30 35 30 30 30 30 30 30 0D
1779567566846,74 34 35 31 38 30 30 30 30 30 30 30 30 30 30 30 30 30 30 30 30 0D
1779567566854,74 34 35 37 38 30 30 30 30 30 30 30 30 36 34 31 34 30 30 30 30 0D
1779567566874,74 34 35 31 38 30 30 30 30 30 30 30 30 30 30 30 30 30 30 30 30 0D
1779567566885,74 34 35 31 38 30 30 30 30 30 30 30 30 30 30 30 30 30 30 30 30 0D
1779567566894,74 34 35 33 38 39 41 30 30 30 30 30 30 30 30 30 30 30 30 30 30 0D
1779567566901,74 34 35 37 38 30 30 30 30 30 30 30 30 36 34 31 34 30 30 30 30 0D
1779567566908,74 34 35 31 38 30 30 30 30 30 30 30 30 30 30 30 30 30 30 30 30 0D
1779567566929,74 34 35 39 38 30 30 30 30 30 30 30 30 30 30 30 30 30 30 30 30 0D
1779567566946,74 34 35 31 38 30 30 30 30 30 30 30 30 30 30 30 30 30 30 30 30 0D
1779567566950,74 34 35 32 38 38 43 30 30 30 30 30 30 30 30 30 30 30 30 30 30 0D
1779567566968,74 34 35 31 38 30 30 30 30 30 30 30 30 30 30 30 30 30 30 30 30 0D
1779567566981,74 34 35 31 38 30 30 30 30 30 30 30 30 30 30 30 30 30 30 30 30 0D
1779567566994,74 34 35 35 38 45 44 46 46 30 36 30 30 39 45 46 46 30 30 30 30 0D
1779567567002,74 34 35 37 38 30 30 30 30 30 30 30 30 36 34 31 34 30 31 30 30 0D
1779567567011,74 34 35 35 38 45 44 46 46 30 36 30 30 39 45 46 46 30 30 30 30 0D
1779567567016,74 34 35 39 38 30 30 30 30 30 30 30 30 30 30 30 30 30 30 30 30 0D
1779567567028,74 34 35 31 38 30 30 30 30 30 30 30 30 30 30 30 30 30 30 30 30 0D
1779567567032,74 34 35 35 38 45 44 46 46 30 36 30 30 39 45 46 46 30 30 30 30 0D
1779567567047,74 34 35 31 38 30 30 30 30 30 30 30 30 30 30 30 30 30 30 30 30 0D
1779567567058,74 34 35 30 38 30 30 30 30 30 37 30 30 30 30 30 30 31 34 30 33 0D
1779567567070,74 34 35 31 38 30 30 30 30 30 30 30 30 30 30 30 30 30 30 30 30 0D
1779567567087,74 34 35 31 38 30 30 30 30 30 30 30 30 30 30 30 30 30 30 30 30 0D
1779567567101,74 34 35 33 38 39 41 30 30 30 30 30 30 30 30 30 30 30 30 30 30 0D
1779567567111,74 34 35 35 38 45 44 46 46 30 36 30 30 39 44 46 46 30 30 30 30 0D
1779567567125,74 34 35 31 38 30 30 30 30 30 30 30 30 30 30 30 30 30 30 30 30 0D
1779567567146,74 34 35 31 38 30 30 30 30 30 30 30 30 30 30 30 30 30 30 30 30 0D
1779567567157,74 34 35 35 38 45 44 46 46 30 36 30 30 39 44 46 46 30 30 30 30 0D
1779567567166,74 34 35 31 38 30 30 30 30 30 30 30 30 30 30 30 30 30 30 30 30 0D
1779567567182,74 34 35 31 38 30 30 30 30 30 30 30 30 30 30 30 30 30 30 30 30 0D
1779567567187,74 34 35 35 38 45 44 46 46 30 36 30 30 39 44 46 46 30 30 30 30 0D
1779567567202,74 34 35 33 38 39 41 30 30 30 30 30 30 30 30 30 30 30 30 30 30 0D
1779567567209,74 34 35 31 38 30 30 30 30 30 30 30 30 30 30 30 30 30 30 30 30 0D 74 34 35 36 38 45 41 46 46 30 38 30 30 30 35 30 30 30 30 30 30 0D
1779567567212,74 34 35 39 38 30 30 30 30 30 30 30 30 30 30 30 30 30 30 30 30 0D
1779567567218,74 34 35 31 38 30 30 30 30 30 30 30 30 30 30 30 30 30 30 30 30 0D
1779567567227,74 34 35 35 38 45 44 46 46 30 36 30 30 39 44 46 46 30 30 30 30 0D
1779567567251,74 34 35 31 38 30 30 30 30 30 30 30 30 30 30 30 30 30 30 30 30 0D
1779567567259,74 34 35 30 38 30 30 30 30 30 37 30 30 30 30 30 30 31 34 30 33 0D
1779567567268,74 34 35 31 38 30 30 30 30 30 30 30 30 30 30 30 30 30 30 30 30 0D
1779567567283,74 34 35 31 38 30 30 30 30 30 30 30 30 30 30 30 30 30 30 30 30 0D
1779567567305,74 34 35 33 38 39 41 30 30 30 30 30 30 30 30 30 30 30 30 30 30 0D
1779567567312,74 34 35 35 38 45 44 46 46 30 35 30 30 39 45 46 46 30 30 30 30 0D
1779567567320,74 34 35 39 38 30 30 30 30 30 30 30 30 30 30 30 30 30 30 30 30 0D
1779567567342,74 34 35 36 38 45 41 46 46 30 38 30 30 30 35 30 30 30 30 30 30 0D
1779567567350,74 34 35 31 38 30 30 30 30 30 30 30 30 30 30 30 30 30 30 30 30 0D
1779567567380,74 34 35 31 38 30 30 30 30 30 30 30 30 30 30 30 30 30 30 30 30 0D
1779567567386,74 34 35 31 38 30 30 30 30 30 30 30 30 30 30 30 30 30 30 30 30 0D
1779567567397,74 34 35 33 38 39 41 30 30 30 30 30 30 30 30 30 30 30 30 30 30 0D
1779567567409,74 34 35 31 38 30 30 30 30 30 30 30 30 30 30 30 30 30 30 30 30 0D
1779567567426,74 34 35 39 38 30 30 30 30 30 30 30 30 30 30 30 30 30 30 30 30 0D
1779567567447,74 34 35 31 38 30 30 30 30 30 30 30 30 30 30 30 30 30 30 30 30 0D
1779567567457,74 34 35 30 38 30 30 30 30 30 37 30 30 30 30 30 30 30 32 30 33 0D
1779567567463,74 34 35 31 38 30 30 30 30 30 30 30 30 30 30 30 30 30 30 30 30 0D
1779567567489,74 34 35 31 38 30 30 30 30 30 30 30 30 30 30 30 30 30 30 30 30 0D
1779567567497,74 34 35 35 38 45 44 46 46 30 35 30 30 39 45 46 46 30 30 30 30 0D
1779567567509,74 34 35 31 38 30 30 30 30 30 30 30 30 30 30 30 30 30 30 30 30 0D
1779567567515,74 34 35 39 38 30 30 30 30 30 30 30 30 30 30 30 30 30 30 30 30 0D
1779567567521,74 34 35 31 38 30 30 30 30 30 30 30 30 30 30 30 30 30 30 30 30 0D
1779567567526,74 34 35 35 38 45 44 46 46 30 36 30 30 39 45 46 46 30 30 30 30 0D
1779567567547,74 34 35 31 38 30 30 30 30 30 30 30 30 30 30 30 30 30 30 30 30 0D
1779567567556,74 34 35 32 38 38 43 30 30 30 30 30 30 30 30 30 30 30 30 30 30 0D
1779567567566,74 34 35 31 38 30 30 30 30 30 30 30 30 30 30 30 30 30 30 30 30 0D
1779567567620,74 34 35 31 38 30 30 30 30 30 30 30 30 30 30 30 30 30 30 30 30 0D
1779567567629,74 34 35 31 38 30 30 30 30 30 30 30 30 30 30 30 30 30 30 30 30 0D
1779567567646,74 34 35 31 38 30 30 30 30 30 30 30 30 30 30 30 30 30 30 30 30 0D
1779567567650,74 34 35 30 38 30 30 30 30 30 37 30 30 30 30 30 30 30 32 30 33 0D
1779567567668,74 34 35 31 38 30 30 30 30 30 30 30 30 30 30 30 30 30 30 30 30 0D
1779567567680,74 34 35 31 38 30 30 30 30 30 30 30 30 30 30 30 30 30 30 30 30 0D
1779567567696,74 34 35 33 38 39 41 30 30 30 30 30 30 30 30 30 30 30 30 30 30 0D
1779567567702,74 34 35 31 38 30 30 30 30 30 30 30 30 30 30 30 30 30 30 30 30 0D
1779567567710,74 34 35 35 38 45 44 46 46 30 36 30 30 39 45 46 46 30 30 30 30 0D
1779567567717,74 34 35 39 38 30 30 30 30 30 30 30 30 30 30 30 30 30 30 30 30 0D
1779567567726,74 34 35 31 38 30 30 30 30 30 30 30 30 30 30 30 30 30 30 30 30 0D
1779567567730,74 34 35 36 38 45 39 46 46 30 38 30 30 30 35 30 30 30 30 30 30 0D
1779567567744,74 34 35 31 38 30 30 30 30 30 30 30 30 30 30 30 30 30 30 30 30 0D
1779567567751,74 34 35 30 38 30 30 30 30 30 37 30 30 30 30 30 30 31 34 30 33 0D
1779567567766,74 34 35 31 38 30 30 30 30 30 30 30 30 30 30 30 30 30 30 30 30 0D
1779567567780,74 34 35 31 38 30 30 30 30 30 30 30 30 30 30 30 30 30 30 30 30 0D
1779567567784,74 34 35 35 38 45 44 46 46 30 36 30 30 39 45 46 46 30 30 30 30 0D
1779567567787,74 34 35 36 38 45 39 46 46 30 38 30 30 30 36 30 30 30 30 30 30 0D
1779567567795,74 34 35 33 38 39 41 30 30 30 30 30 30 30 30 30 30 30 30 30 30 0D
1779567567804,74 34 35 31 38 30 30 30 30 30 30 30 30 30 30 30 30 30 30 30 30 0D
1779567567822,74 34 35 39 38 30 30 30 30 30 30 30 30 30 30 30 30 30 30 30 30 0D
1779567567834,74 34 35 31 38 30 30 30 30 30 30 30 30 30 30 30 30 30 30 30 30 0D
1779567567848,74 34 35 31 38 30 30 30 30 30 30 30 30 30 30 30 30 30 30 30 30 0D
1779567567855,74 34 35 30 38 30 30 30 30 30 37 30 30 30 30 30 30 30 32 30 33 0D
1779567567865,74 34 35 31 38 30 30 30 30 30 30 30 30 30 30 30 30 30 30 30 30 0D 74 34 35 36 38 45 39 46 46 30 38 30 30 30 36 30 30 30 30 30 30 0D
1779567567880,74 34 35 31 38 30 30 30 30 30 30 30 30 30 30 30 30 30 30 30 30 0D
1779567567893,74 34 35 35 38 45 44 46 46 30 36 30 30 39 45 46 46 30 30 30 30 0D
1779567567914,74 34 35 33 38 39 41 30 30 30 30 30 30 30 30 30 30 30 30 30 30 0D
1779567567919,74 34 35 39 38 30 30 30 30 30 30 30 30 30 30 30 30 30 30 30 30 0D
1779567567924,74 34 35 31 38 30 30 30 30 30 30 30 30 30 30 30 30 30 30 30 30 0D
1779567567950,74 34 35 31 38 30 30 30 30 30 30 30 30 30 30 30 30 30 30 30 30 0D
1779567567960,74 34 35 30 38 30 30 30 30 30 37 30 30 30 30 30 30 30 32 30 33 0D
1779567567971,74 34 35 36 38 45 39 46 46 30 38 30 30 30 36 30 30 30 30 30 30 0D
1779567567985,74 34 35 31 38 30 30 30 30 30 30 30 30 30 30 30 30 30 30 30 30 0D
1779567567993,74 34 35 33 38 39 41 30 30 30 30 30 30 30 30 30 30 30 30 30 30 0D
1779567568015,74 34 35 31 38 30 30 30 30 30 30 30 30 30 30 30 30 30 30 30 30 0D
1779567568026,74 34 35 31 38 30 30 30 30 30 30 30 30 30 30 30 30 30 30 30 30 0D
1779567568043,74 34 35 31 38 30 30 30 30 30 30 30 30 30 30 30 30 30 30 30 30 0D
1779567568060,74 34 35 30 38 30 30 30 30 30 37 30 30 30 30 30 30 30 32 30 33 0D
1779567568063,74 34 35 31 38 30 30 30 30 30 30 30 30 30 30 30 30 30 30 30 30 0D
1779567568083,74 34 35 31 38 30 30 30 30 30 30 30 30 30 30 30 30 30 30 30 30 0D
1779567568092,74 34 35 35 38 45 44 46 46 30 37 30 30 39 45 46 46 30 30 30 30 0D
1779567568100,74 34 35 33 38 39 41 30 30 30 30 30 30 30 30 30 30 30 30 30 30 0D
1779567568113,74 34 35 31 38 30 30 30 30 30 30 30 30 30 30 30 30 30 30 30 30 0D
1779567568117,74 34 35 39 38 30 30 30 30 30 30 30 30 30 30 30 30 30 30 30 30 0D
1779567568123,74 34 35 31 38 30 30 30 30 30 30 30 30 30 30 30 30 30 30 30 30 0D
1779567568125,74 34 35 35 38 45 44 46 46 30 36 30 30 39 46 46 46 30 30 30 30 0D
1779567568143,74 34 35 31 38 30 30 30 30 30 30 30 30 30 30 30 30 30 30 30 30 0D
1779567568146,74 34 35 30 38 30 30 30 30 30 37 30 30 30 30 30 30 30 32 30 33 0D
1779567568163,74 34 35 31 38 30 30 30 30 30 30 30 30 30 30 30 30 30 30 30 30 0D
1779567568180,74 34 35 31 38 30 30 30 30 30 30 30 30 30 30 30 30 30 30 30 30 0D
1779567568187,74 34 35 35 38 45 44 46 46 30 36 30 30 39 46 46 46 30 30 30 30 0D
1779567568198,74 34 35 33 38 39 41 30 30 30 30 30 30 30 30 30 30 30 30 30 30 0D
1779567568209,74 34 35 35 38 45 44 46 46 30 36 30 30 39 46 46 46 30 30 30 30 0D
1779567568223,74 34 35 31 38 30 30 30 30 30 30 30 30 30 30 30 30 30 30 30 30 0D
1779567568246,74 34 35 31 38 30 30 30 30 30 30 30 30 30 30 30 30 30 30 30 30 0D
1779567568252,74 34 35 30 38 30 30 30 30 30 37 30 30 30 30 30 30 30 32 30 33 0D
1779567568258,74 34 35 31 38 30 30 30 30 30 30 30 30 30 30 30 30 30 30 30 30 0D
1779567568264,74 34 35 36 38 45 38 46 46 30 38 30 30 30 35 30 30 30 30 30 30 0D
1779567568279,74 34 35 31 38 30 30 30 30 30 30 30 30 30 30 30 30 30 30 30 30 0D
1779567568291,74 34 35 35 38 45 44 46 46 30 36 30 30 39 46 46 46 30 30 30 30 0D
1779567568295,74 34 35 33 38 39 41 30 30 30 30 30 30 30 30 30 30 30 30 30 30 0D
1779567568299,74 34 35 31 38 30 30 30 30 30 30 30 30 30 30 30 30 30 30 30 30 0D
1779567568309,74 34 35 39 38 30 30 30 30 30 30 30 30 30 30 30 30 30 30 30 30 0D
1779567568321,74 34 35 31 38 30 30 30 30 30 30 30 30 30 30 30 30 30 30 30 30 0D
1779567568328,74 34 35 38 38 34 38 30 33 30 30 30 30 30 30 30 30 30 30 30 30 0D
1779567568342,74 34 35 31 38 30 30 30 30 30 30 30 30 30 30 30 30 30 30 30 30 0D
1779567568355,74 34 35 37 38 30 30 30 30 30 30 30 30 36 34 31 34 30 30 30 30 0D
1779567568359,74 34 35 31 38 30 30 30 30 30 30 30 30 30 30 30 30 30 30 30 30 0D
1779567568380,74 34 35 31 38 30 30 30 30 30 30 30 30 30 30 30 30 30 30 30 30 0D
1779567568389,74 34 35 35 38 45 44 46 46 30 37 30 30 39 45 46 46 30 30 30 30 0D
1779567568396,74 34 35 33 38 39 41 30 30 30 30 30 30 30 30 30 30 30 30 30 30 0D
1779567568399,74 34 35 31 38 30 30 30 30 30 30 30 30 30 30 30 30 30 30 30 30 0D
1779567568408,74 34 35 39 38 30 30 30 30 30 30 30 30 30 30 30 30 30 30 30 30 0D
1779567568425,74 34 35 31 38 30 30 30 30 30 30 30 30 30 30 30 30 30 30 30 30 0D
1779567568450,74 34 35 31 38 30 30 30 30 30 30 30 30 30 30 30 30 30 30 30 30 0D
1779567568460,74 34 35 30 38 30 30 30 30 30 37 30 30 30 30 30 30 30 32 30 33 0D
1779567568469,74 34 35 31 38 30 30 30 30 30 30 30 30 30 30 30 30 30 30 30 30 0D
1779567568475,74 34 35 39 38 30 30 30 30 30 30 30 30 30 30 30 30 30 30 30 30 0D
1779567568483,74 34 35 31 38 30 30 30 30 30 30 30 30 30 30 30 30 30 30 30 30 0D
1779567568495,74 34 35 33 38 39 41 30 30 30 30 30 30 30 30 30 30 30 30 30 30 0D
1779567568501,74 34 35 31 38 30 30 30 30 30 30 30 30 30 30 30 30 30 30 30 30 0D
1779567568508,74 34 35 35 38 45 44 46 46 30 36 30 30 39 45 46 46 30 30 30 30 0D
1779567568527,74 34 35 31 38 30 30 30 30 30 30 30 30 30 30 30 30 30 30 30 30 0D
1779567568547,74 34 35 31 38 30 30 30 30 30 30 30 30 30 30 30 30 30 30 30 30 0D
1779567568557,74 34 35 30 38 30 30 30 30 30 37 30 30 30 30 30 30 30 32 30 33 0D
1779567568563,74 34 35 35 38 45 44 46 46 30 36 30 30 39 45 46 46 30 30 30 30 0D
1779567568578,74 34 35 31 38 30 30 30 30 30 30 30 30 30 30 30 30 30 30 30 30 0D
1779567568587,74 34 35 35 38 45 44 46 46 30 36 30 30 39 45 46 46 30 30 30 30 0D
1779567568593,74 34 35 33 38 39 41 30 30 30 30 30 30 30 30 30 30 30 30 30 30 0D
1779567568604,74 34 35 31 38 30 30 30 30 30 30 30 30 30 30 30 30 30 30 30 30 0D
1779567568610,74 34 35 39 38 30 30 30 30 30 30 30 30 30 30 30 30 30 30 30 30 0D
1779567568624,74 34 35 31 38 30 30 30 30 30 30 30 30 30 30 30 30 30 30 30 30 0D
1779567568648,74 34 35 31 38 30 30 30 30 30 30 30 30 30 30 30 30 30 30 30 30 0D
1779567568655,74 34 35 30 38 30 30 30 30 30 37 30 30 30 30 30 30 31 34 30 33 0D
1779567568661,74 34 35 31 38 30 30 30 30 30 30 30 30 30 30 30 30 30 30 30 30 0D
1779567568682,74 34 35 31 38 30 30 30 30 30 30 30 30 30 30 30 30 30 30 30 30 0D
1779567568691,74 34 35 33 38 39 41 30 30 30 30 30 30 30 30 30 30 30 30 30 30 0D
1779567568695,74 34 35 31 38 30 30 30 30 30 30 30 30 30 30 30 30 30 30 30 30 0D
1779567568703,74 34 35 35 38 45 44 46 46 30 37 30 30 39 45 46 46 30 30 30 30 0D
1779567568709,74 34 35 39 38 30 30 30 30 30 30 30 30 30 30 30 30 30 30 30 30 0D
1779567568722,74 34 35 31 38 30 30 30 30 30 30 30 30 30 30 30 30 30 30 30 30 0D
1779567568741,74 34 35 31 38 30 30 30 30 30 30 30 30 30 30 30 30 30 30 30 30 0D
1779567568753,74 34 35 30 38 30 30 30 30 30 37 30 30 30 30 30 30 30 32 30 33 0D
1779567568773,74 34 35 31 38 30 30 30 30 30 30 30 30 30 30 30 30 30 30 30 30 0D
1779567568787,74 34 35 31 38 30 30 30 30 30 30 30 30 30 30 30 30 30 30 30 30 0D
1779567568793,74 34 35 33 38 39 41 30 30 30 30 30 30 30 30 30 30 30 30 30 30 0D
1779567568803,74 34 35 31 38 30 30 30 30 30 30 30 30 30 30 30 30 30 30 30 30 0D
1779567568807,74 34 35 39 38 30 30 30 30 30 30 30 30 30 30 30 30 30 30 30 30 0D
1779567568825,74 34 35 31 38 30 30 30 30 30 30 30 30 30 30 30 30 30 30 30 30 0D
1779567568850,74 34 35 31 38 30 30 30 30 30 30 30 30 30 30 30 30 30 30 30 30 0D
1779567568860,74 34 35 30 38 30 30 30 30 30 37 30 30 30 30 30 30 31 34 30 33 0D
1779567568873,74 34 35 31 38 30 30 30 30 30 30 30 30 30 30 30 30 30 30 30 30 0D
1779567568877,74 34 35 31 38 30 30 30 30 30 30 30 30 30 30 30 30 30 30 30 30 0D
1779567568887,74 34 35 35 38 45 44 46 46 30 37 30 30 39 45 46 46 30 30 30 30 0D
1779567568899,74 34 35 33 38 39 41 30 30 30 30 30 30 30 30 30 30 30 30 30 30 0D
1779567568906,74 34 35 31 38 30 30 30 30 30 30 30 30 30 30 30 30 30 30 30 30 0D
1779567568912,74 34 35 35 38 45 45 46 46 30 36 30 30 39 45 46 46 30 30 30 30 0D
1779567568932,74 34 35 31 38 30 30 30 30 30 30 30 30 30 30 30 30 30 30 30 30 0D
1779567568942,74 34 35 31 38 30 30 30 30 30 30 30 30 30 30 30 30 30 30 30 30 0D
1779567568952,74 34 35 30 38 30 30 30 30 30 37 30 30 30 30 30 30 31 34 30 33 0D
1779567568956,74 34 35 31 38 30 30 30 30 30 30 30 30 30 30 30 30 30 30 30 30 0D
1779567568962,74 34 35 34 38 30 31 30 30 30 30 30 30 30 30 30 30 30 30 30 30 0D
1779567568970,74 34 35 36 38 45 41 46 46 30 38 30 30 30 34 30 30 30 30 30 30 0D
1779567568987,74 34 35 31 38 30 30 30 30 30 30 30 30 30 30 30 30 30 30 30 30 0D
1779567568989,74 34 35 33 38 39 41 30 30 30 30 30 30 30 30 30 30 30 30 30 30 0D
1779567569003,74 34 35 31 38 30 30 30 30 30 30 30 30 30 30 30 30 30 30 30 30 0D
1779567569010,74 34 35 39 38 30 30 30 30 30 30 30 30 30 30 30 30 30 30 30 30 0D
1779567569022,74 34 35 31 38 30 30 30 30 30 30 30 30 30 30 30 30 30 30 30 30 0D
1779567569045,74 34 35 31 38 30 30 30 30 30 30 30 30 30 30 30 30 30 30 30 30 0D
1779567569054,74 34 35 32 38 38 43 30 30 30 30 30 30 30 30 30 30 30 30 30 30 0D
1779567569061,74 34 35 30 38 30 30 30 30 30 37 30 30 30 30 30 30 30 32 30 33 0D
1779567569078,74 34 35 31 38 30 30 30 30 30 30 30 30 30 30 30 30 30 30 30 30 0D
1779567569084,74 34 35 35 38 45 45 46 46 30 36 30 30 39 45 46 46 30 30 30 30 0D
1779567569092,74 34 35 33 38 39 41 30 30 30 30 30 30 30 30 30 30 30 30 30 30 0D
1779567569111,74 34 35 31 38 30 30 30 30 30 30 30 30 30 30 30 30 30 30 30 30 0D
1779567569122,74 34 35 39 38 30 30 30 30 30 30 30 30 30 30 30 30 30 30 30 30 0D
1779567569128,74 34 35 31 38 30 30 30 30 30 30 30 30 30 30 30 30 30 30 30 30 0D
1779567569141,74 34 35 31 38 30 30 30 30 30 30 30 30 30 30 30 30 30 30 30 30 0D
1779567569160,74 34 35 30 38 30 30 30 30 30 37 30 30 30 30 30 30 30 32 30 33 0D
1779567569174,74 34 35 31 38 30 30 30 30 30 30 30 30 30 30 30 30 30 30 30 30 0D
1779567569181,74 34 35 31 38 30 30 30 30 30 30 30 30 30 30 30 30 30 30 30 30 0D
1779567569188,74 34 35 35 38 45 43 46 46 30 36 30 30 39 45 46 46 30 30 30 30 0D 74 34 35 36 38 45 41 46 46 30 38 30 30 30 34 30 30 30 30 30 30 0D
1779567569191,74 34 35 33 38 39 41 30 30 30 30 30 30 30 30 30 30 30 30 30 30 0D
1779567569209,74 34 35 31 38 30 30 30 30 30 30 30 30 30 30 30 30 30 30 30 30 0D
1779567569217,74 34 35 31 38 30 30 30 30 30 30 30 30 30 30 30 30 30 30 30 30 0D
1779567569245,74 34 35 31 38 30 30 30 30 30 30 30 30 30 30 30 30 30 30 30 30 0D
1779567569259,74 34 35 30 38 30 30 30 30 30 37 30 30 30 30 30 30 30 32 30 33 0D
1779567569266,74 34 35 39 38 30 30 30 30 30 30 30 30 30 30 30 30 30 30 30 30 0D
1779567569278,74 34 35 31 38 30 30 30 30 30 30 30 30 30 30 30 30 30 30 30 30 0D
1779567569290,74 34 35 35 38 45 43 46 46 30 36 30 30 39 45 46 46 30 30 30 30 0D
1779567569299,74 34 35 37 38 30 30 30 30 30 30 30 30 36 34 31 34 30 30 30 30 0D
1779567569304,74 34 35 31 38 30 30 30 30 30 30 30 30 30 30 30 30 30 30 30 30 0D
1779567569311,74 34 35 39 38 30 30 30 30 30 30 30 30 30 30 30 30 30 30 30 30 0D
1779567569337,74 34 35 31 38 30 30 30 30 30 30 30 30 30 30 30 30 30 30 30 30 0D
1779567569349,74 34 35 38 38 34 38 30 33 30 30 30 30 30 30 30 30 30 30 30 30 0D
1779567569355,74 34 35 30 38 30 30 30 30 30 37 30 30 30 30 30 30 30 32 30 33 0D
1779567569369,74 34 35 31 38 30 30 30 30 30 30 30 30 30 30 30 30 30 30 30 30 0D 74 34 35 36 38 45 41 46 46 30 37 30 30 30 35 30 30 30 30 30 30 0D
1779567569385,74 34 35 31 38 30 30 30 30 30 30 30 30 30 30 30 30 30 30 30 30 0D
1779567569388,74 34 35 33 38 39 41 30 30 30 30 30 30 30 30 30 30 30 30 30 30 0D
1779567569405,74 34 35 31 38 30 30 30 30 30 30 30 30 30 30 30 30 30 30 30 30 0D
1779567569411,74 34 35 39 38 30 30 30 30 30 30 30 30 30 30 30 30 30 30 30 30 0D
1779567569428,74 34 35 31 38 30 30 30 30 30 30 30 30 30 30 30 30 30 30 30 30 0D
1779567569442,74 34 35 31 38 30 30 30 30 30 30 30 30 30 30 30 30 30 30 30 30 0D
1779567569448,74 34 35 32 38 38 43 30 30 30 30 30 30 30 30 30 30 30 30 30 30 0D
1779567569465,74 34 35 30 38 30 30 30 30 30 37 30 30 30 30 30 30 30 32 30 33 0D
1779567569488,74 34 35 31 38 30 30 30 30 30 30 30 30 30 30 30 30 30 30 30 30 0D
1779567569514,74 34 35 31 38 30 30 30 30 30 30 30 30 30 30 30 30 30 30 30 30 0D
1779567569519,74 34 35 39 38 30 30 30 30 30 30 30 30 30 30 30 30 30 30 30 30 0D
1779567569555,74 34 35 31 38 30 30 30 30 30 30 30 30 30 30 30 30 30 30 30 30 0D
1779567569564,74 34 35 30 38 30 30 30 30 30 37 30 30 30 30 30 30 30 32 30 33 0D
1779567569583,74 34 35 31 38 30 30 30 30 30 30 30 30 30 30 30 30 30 30 30 30 0D
1779567569592,74 34 35 35 38 45 44 46 46 30 36 30 30 39 45 46 46 30 30 30 30 0D
1779567569608,74 34 35 31 38 30 30 30 30 30 30 30 30 30 30 30 30 30 30 30 30 0D
1779567569619,74 34 35 39 38 30 30 30 30 30 30 30 30 30 30 30 30 30 30 30 30 0D
1779567569626,74 34 35 31 38 30 30 30 30 30 30 30 30 30 30 30 30 30 30 30 30 0D
1779567569637,74 34 35 31 38 30 30 30 30 30 30 30 30 30 30 30 30 30 30 30 30 0D
1779567569643,74 34 35 32 38 38 43 30 30 30 30 30 30 30 30 30 30 30 30 30 30 0D
1779567569658,74 34 35 30 38 30 30 30 30 30 37 30 30 30 30 30 30 30 32 30 33 0D
1779567569670,74 34 35 31 38 30 30 30 30 30 30 30 30 30 30 30 30 30 30 30 30 0D
1779567569684,74 34 35 31 38 30 30 30 30 30 30 30 30 30 30 30 30 30 30 30 30 0D
1779567569689,74 34 35 33 38 39 41 30 30 30 30 30 30 30 30 30 30 30 30 30 30 0D
1779567569708,74 34 35 31 38 30 30 30 30 30 30 30 30 30 30 30 30 30 30 30 30 0D
1779567569715,74 34 35 39 38 30 30 30 30 30 30 30 30 30 30 30 30 30 30 30 30 0D
1779567569728,74 34 35 31 38 30 30 30 30 30 30 30 30 30 30 30 30 30 30 30 30 0D
1779567569747,74 34 35 31 38 30 30 30 30 30 30 30 30 30 30 30 30 30 30 30 30 0D
1779567569757,74 34 35 30 38 30 30 30 30 30 37 30 30 30 30 30 30 30 32 30 33 0D
1779567569768,74 34 35 31 38 30 30 30 30 30 30 30 30 30 30 30 30 30 30 30 30 0D
1779567569777,74 34 35 31 38 30 30 30 30 30 30 30 30 30 30 30 30 30 30 30 30 0D
1779567569787,74 34 35 35 38 45 43 46 46 30 36 30 30 39 45 46 46 30 30 30 30 0D
1779567569792,74 34 35 33 38 39 41 30 30 30 30 30 30 30 30 30 30 30 30 30 30 0D
1779567569813,74 34 35 31 38 30 30 30 30 30 30 30 30 30 30 30 30 30 30 30 30 0D
1779567569819,74 34 35 39 38 30 30 30 30 30 30 30 30 30 30 30 30 30 30 30 30 0D
1779567569822,74 34 35 31 38 30 30 30 30 30 30 30 30 30 30 30 30 30 30 30 30 0D
1779567569844,74 34 35 31 38 30 30 30 30 30 30 30 30 30 30 30 30 30 30 30 30 0D
1779567569854,74 34 35 30 38 30 30 30 30 30 37 30 30 30 30 30 30 30 32 30 33 0D
1779567569862,74 34 35 31 38 30 30 30 30 30 30 30 30 30 30 30 30 30 30 30 30 0D
1779567569864,74 34 35 34 38 30 31 30 30 30 30 30 30 30 30 30 30 30 30 30 30 0D
1779567569895,74 34 35 31 38 30 30 30 30 30 30 30 30 30 30 30 30 30 30 30 30 0D
1779567569901,74 34 35 33 38 39 41 30 30 30 30 30 30 30 30 30 30 30 30 30 30 0D
1779567569906,74 34 35 39 38 30 30 30 30 30 30 30 30 30 30 30 30 30 30 30 30 0D
1779567569921,74 34 35 31 38 30 30 30 30 30 30 30 30 30 30 30 30 30 30 30 30 0D
1779567569947,74 34 35 31 38 30 30 30 30 30 30 30 30 30 30 30 30 30 30 30 30 0D
1779567569950,74 34 35 30 38 30 30 30 30 30 37 30 30 30 30 30 30 30 32 30 33 0D
1779567569956,74 34 35 31 38 30 30 30 30 30 30 30 30 30 30 30 30 30 30 30 30 0D
1779567569970,74 34 35 34 38 30 31 30 30 30 30 30 30 30 30 30 30 30 30 30 30 0D
1779567569988,74 34 35 31 38 30 30 30 30 30 30 30 30 30 30 30 30 30 30 30 30 0D
1779567569991,74 34 35 35 38 45 44 46 46 30 36 30 30 39 45 46 46 30 30 30 30 0D
1779567569999,74 34 35 37 38 30 30 30 30 30 30 30 30 36 34 31 34 30 30 30 30 0D
1779567570009,74 34 35 31 38 30 30 30 30 30 30 30 30 30 30 30 30 30 30 30 30 0D
1779567570016,74 34 35 39 38 30 30 30 30 30 30 30 30 30 30 30 30 30 30 30 30 0D
1779567570028,74 34 35 31 38 30 30 30 30 30 30 30 30 30 30 30 30 30 30 30 30 0D
1779567570041,74 34 35 31 38 30 30 30 30 30 30 30 30 30 30 30 30 30 30 30 30 0D
1779567570053,74 34 35 32 38 38 43 30 30 30 30 30 30 30 30 30 30 30 30 30 30 0D
1779567570063,74 34 35 30 38 30 30 30 30 30 37 30 30 30 30 30 30 31 34 30 33 0D
1779567570069,74 34 35 34 38 30 31 30 30 30 30 30 30 30 30 30 30 30 30 30 30 0D
1779567570072,74 34 35 36 38 45 41 46 46 30 37 30 30 30 35 30 30 30 30 30 30 0D
1779567570081,74 34 35 31 38 30 30 30 30 30 30 30 30 30 30 30 30 30 30 30 30 0D
1779567570088,74 34 35 37 38 30 30 30 30 30 30 30 30 36 34 31 34 30 30 30 30 0D
1779567570114,74 34 35 31 38 30 30 30 30 30 30 30 30 30 30 30 30 30 30 30 30 0D
1779567570121,74 34 35 39 38 30 30 30 30 30 30 30 30 30 30 30 30 30 30 30 30 0D
1779567570140,74 34 35 31 38 30 30 30 30 30 30 30 30 30 30 30 30 30 30 30 30 0D
1779567570147,74 34 35 35 38 45 44 46 46 30 36 30 30 39 45 46 46 30 30 30 30 0D
1779567570165,74 34 35 30 38 30 30 30 30 30 37 30 30 30 30 30 30 31 34 30 33 0D
1779567570171,74 34 35 36 38 45 39 46 46 30 38 30 30 30 34 30 30 30 30 30 30 0D
1779567570190,74 34 35 31 38 30 30 30 30 30 30 30 30 30 30 30 30 30 30 30 30 0D
1779567570198,74 34 35 37 38 30 30 30 30 30 30 30 30 36 34 31 34 30 31 30 30 0D
1779567570210,74 34 35 31 38 30 30 30 30 30 30 30 30 30 30 30 30 30 30 30 30 0D
1779567570221,74 34 35 31 38 30 30 30 30 30 30 30 30 30 30 30 30 30 30 30 30 0D
1779567570237,74 34 35 31 38 30 30 30 30 30 30 30 30 30 30 30 30 30 30 30 30 0D
1779567570242,74 34 35 32 38 38 43 30 30 30 30 30 30 30 30 30 30 30 30 30 30 0D
1779567570258,74 34 35 30 38 30 30 30 30 30 37 30 30 30 30 30 30 31 34 30 33 0D
1779567570264,74 34 35 35 38 45 44 46 46 30 36 30 30 39 45 46 46 30 30 30 30 0D
1779567570272,74 34 35 36 38 45 39 46 46 30 38 30 30 30 34 30 30 30 30 30 30 0D
1779567570286,74 34 35 31 38 30 30 30 30 30 30 30 30 30 30 30 30 30 30 30 30 0D
1779567570291,74 34 35 33 38 39 41 30 30 30 30 30 30 30 30 30 30 30 30 30 30 0D
1779567570297,74 34 35 37 38 30 30 30 30 30 30 30 30 36 34 31 34 30 32 30 30 0D
1779567570306,74 34 35 31 38 30 30 30 30 30 30 30 30 30 30 30 30 30 30 30 30 0D
1779567570315,74 34 35 39 38 30 30 30 30 30 30 30 30 30 30 30 30 30 30 30 30 0D
1779567570322,74 34 35 31 38 30 30 30 30 30 30 30 30 30 30 30 30 30 30 30 30 0D
1779567570334,74 34 35 38 38 34 38 30 33 30 30 30 30 30 30 30 30 30 30 30 30 0D
1779567570342,74 34 35 31 38 30 30 30 30 30 30 30 30 30 30 30 30 30 30 30 30 0D
1779567570360,74 34 35 30 38 30 30 30 30 30 37 30 30 30 30 30 30 31 34 30 33 0D
1779567570368,74 34 35 31 38 30 30 30 30 30 30 30 30 30 30 30 30 30 30 30 30 0D
1779567570387,74 34 35 31 38 30 30 30 30 30 30 30 30 30 30 30 30 30 30 30 30 0D
1779567570393,74 34 35 33 38 39 41 30 30 30 30 30 30 30 30 30 30 30 30 30 30 0D
1779567570403,74 34 35 31 38 30 30 30 30 30 30 30 30 30 30 30 30 30 30 30 30 0D
1779567570409,74 34 35 35 38 45 44 46 46 30 36 30 30 39 45 46 46 30 30 30 30 0D
1779567570412,74 34 35 39 38 30 30 30 30 30 30 30 30 30 30 30 30 30 30 30 30 0D
1779567570423,74 34 35 31 38 30 30 30 30 30 30 30 30 30 30 30 30 30 30 30 30 0D
1779567570435,74 34 35 35 38 45 44 46 46 30 36 30 30 39 45 46 46 30 30 30 30 0D
1779567570439,74 34 35 31 38 30 30 30 30 30 30 30 30 30 30 30 30 30 30 30 30 0D
1779567570446,74 34 35 32 38 38 43 30 30 30 30 30 30 30 30 30 30 30 30 30 30 0D
1779567570450,74 34 35 30 38 30 30 30 30 30 37 30 30 30 30 30 30 31 34 30 33 0D
1779567570463,74 34 35 31 38 30 30 30 30 30 30 30 30 30 30 30 30 30 30 30 30 0D
1779567570483,74 34 35 39 38 30 30 30 30 30 30 30 30 30 30 30 30 30 30 30 30 0D
1779567570490,74 34 35 33 38 39 41 30 30 30 30 30 30 30 30 30 30 30 30 30 30 0D
1779567570494,74 34 35 37 38 30 30 30 30 30 30 30 30 36 34 31 34 30 31 30 30 0D
1779567570513,74 34 35 31 38 30 30 30 30 30 30 30 30 30 30 30 30 30 30 30 30 0D
1779567570522,74 34 35 31 38 30 30 30 30 30 30 30 30 30 30 30 30 30 30 30 30 0D
1779567570546,74 34 35 31 38 30 30 30 30 30 30 30 30 30 30 30 30 30 30 30 30 0D
1779567570555,74 34 35 32 38 38 43 30 30 30 30 30 30 30 30 30 30 30 30 30 30 0D
1779567570567,74 34 35 31 38 30 30 30 30 30 30 30 30 30 30 30 30 30 30 30 30 0D
1779567570591,74 34 35 31 38 30 30 30 30 30 30 30 30 30 30 30 30 30 30 30 30 0D
1779567570604,74 34 35 33 38 39 41 30 30 30 30 30 30 30 30 30 30 30 30 30 30 0D
1779567570613,74 34 35 39 38 30 30 30 30 30 30 30 30 30 30 30 30 30 30 30 30 0D
1779567570619,74 34 35 31 38 30 30 30 30 30 30 30 30 30 30 30 30 30 30 30 30 0D
1779567570633,74 34 35 36 38 45 39 46 46 30 38 30 30 30 35 30 30 30 30 30 30 0D
1779567570643,74 34 35 31 38 30 30 30 30 30 30 30 30 30 30 30 30 30 30 30 30 0D
1779567570649,74 34 35 30 38 30 30 30 30 30 37 30 30 30 30 30 30 31 34 30 33 0D
1779567570663,74 34 35 31 38 30 30 30 30 30 30 30 30 30 30 30 30 30 30 30 30 0D
1779567570667,74 34 35 34 38 30 31 30 30 30 30 30 30 30 30 30 30 30 30 30 30 0D
1779567570680,74 34 35 31 38 30 30 30 30 30 30 30 30 30 30 30 30 30 30 30 30 0D
1779567570685,74 34 35 33 38 39 41 30 30 30 30 30 30 30 30 30 30 30 30 30 30 0D
1779567570701,74 34 35 31 38 30 30 30 30 30 30 30 30 30 30 30 30 30 30 30 30 0D
1779567570713,74 34 35 39 38 30 30 30 30 30 30 30 30 30 30 30 30 30 30 30 30 0D
1779567570720,74 34 35 31 38 30 30 30 30 30 30 30 30 30 30 30 30 30 30 30 30 0D
1779567570727,74 34 35 35 38 45 44 46 46 30 36 30 30 39 46 46 46 30 30 30 30 0D
1779567570746,74 34 35 31 38 30 30 30 30 30 30 30 30 30 30 30 30 30 30 30 30 0D
1779567570753,74 34 35 32 38 38 43 30 30 30 30 30 30 30 30 30 30 30 30 30 30 0D 74 34 35 35 38 45 44 46 46 30 36 30 30 39 46 46 46 30 30 30 30 0D
1779567570761,74 34 35 30 38 30 30 30 30 30 37 30 30 30 30 30 30 31 34 30 33 0D
1779567570772,74 34 35 39 38 30 30 30 30 30 30 30 30 30 30 30 30 30 30 30 30 0D
1779567570780,74 34 35 31 38 30 30 30 30 30 30 30 30 30 30 30 30 30 30 30 30 0D
1779567570791,74 34 35 33 38 39 41 30 30 30 30 30 30 30 30 30 30 30 30 30 30 0D
1779567570796,74 34 35 37 38 30 30 30 30 30 30 30 30 36 34 31 34 30 30 30 30 0D
1779567570814,74 34 35 31 38 30 30 30 30 30 30 30 30 30 30 30 30 30 30 30 30 0D
1779567570819,74 34 35 39 38 30 30 30 30 30 30 30 30 30 30 30 30 30 30 30 30 0D
1779567570826,74 34 35 31 38 30 30 30 30 30 30 30 30 30 30 30 30 30 30 30 30 0D
1779567570845,74 34 35 31 38 30 30 30 30 30 30 30 30 30 30 30 30 30 30 30 30 0D
1779567570851,74 34 35 32 38 38 43 30 30 30 30 30 30 30 30 30 30 30 30 30 30 0D
1779567570868,74 34 35 30 38 30 30 30 30 30 37 30 30 30 30 30 30 31 34 30 33 0D
1779567570874,74 34 35 34 38 30 31 30 30 30 30 30 30 30 30 30 30 30 30 30 30 0D
1779567570887,74 34 35 31 38 30 30 30 30 30 30 30 30 30 30 30 30 30 30 30 30 0D
1779567570913,74 34 35 31 38 30 30 30 30 30 30 30 30 30 30 30 30 30 30 30 30 0D
1779567570923,74 34 35 31 38 30 30 30 30 30 30 30 30 30 30 30 30 30 30 30 30 0D
1779567570934,74 34 35 35 38 45 44 46 46 30 36 30 30 39 45 46 46 30 30 30 30 0D
1779567570945,74 34 35 31 38 30 30 30 30 30 30 30 30 30 30 30 30 30 30 30 30 0D
1779567570954,74 34 35 30 38 30 30 30 30 30 37 30 30 30 30 30 30 30 32 30 33 0D
1779567570965,74 34 35 31 38 30 30 30 30 30 30 30 30 30 30 30 30 30 30 30 30 0D
1779567570973,74 34 35 35 38 45 44 46 46 30 36 30 30 39 45 46 46 30 30 30 30 0D
1779567571066,74 34 35 31 38 30 30 30 30 30 30 30 30 30 30 30 30 30 30 30 30 0D
1779567571082,74 34 35 39 38 30 30 30 30 30 30 30 30 30 30 30 30 30 30 30 30 0D
1779567571088,74 34 35 31 38 30 30 30 30 30 30 30 30 30 30 30 30 30 30 30 30 0D
1779567571095,74 34 35 33 38 39 41 30 30 30 30 30 30 30 30 30 30 30 30 30 30 0D
1779567571111,74 34 35 31 38 30 30 30 30 30 30 30 30 30 30 30 30 30 30 30 30 0D
1779567571126,74 34 35 39 38 30 30 30 30 30 30 30 30 30 30 30 30 30 30 30 30 0D
1779567571147,74 34 35 31 38 30 30 30 30 30 30 30 30 30 30 30 30 30 30 30 30 0D
1779567571151,74 34 35 30 38 30 30 30 30 30 37 30 30 30 30 30 30 30 32 30 33 0D
1779567571155,74 34 35 31 38 30 30 30 30 30 30 30 30 30 30 30 30 30 30 30 30 0D
1779567571173,74 34 35 35 38 45 44 46 46 30 36 30 30 39 46 46 46 30 30 30 30 0D
1779567571195,74 34 35 31 38 30 30 30 30 30 30 30 30 30 30 30 30 30 30 30 30 0D
1779567571201,74 34 35 37 38 30 30 30 30 30 30 30 30 36 34 31 34 30 31 30 30 0D
1779567571202,74 34 35 36 38 45 41 46 46 30 38 30 30 30 35 30 30 30 30 30 30 0D
1779567571214,74 34 35 39 38 30 30 30 30 30 30 30 30 30 30 30 30 30 30 30 30 0D
1779567571228,74 34 35 31 38 30 30 30 30 30 30 30 30 30 30 30 30 30 30 30 30 0D
1779567571243,74 34 35 31 38 30 30 30 30 30 30 30 30 30 30 30 30 30 30 30 30 0D
1779567571247,74 34 35 30 38 30 30 30 30 30 37 30 30 30 30 30 30 30 32 30 33 0D
1779567571260,74 34 35 31 38 30 30 30 30 30 30 30 30 30 30 30 30 30 30 30 30 0D
1779567571267,74 34 35 34 38 30 31 30 30 30 30 30 30 30 30 30 30 30 30 30 30 0D
1779567571285,74 34 35 31 38 30 30 30 30 30 30 30 30 30 30 30 30 30 30 30 30 0D
1779567571295,74 34 35 33 38 39 41 30 30 30 30 30 30 30 30 30 30 30 30 30 30 0D
1779567571301,74 34 35 31 38 30 30 30 30 30 30 30 30 30 30 30 30 30 30 30 30 0D
1779567571314,74 34 35 35 38 45 44 46 46 30 36 30 30 39 46 46 46 30 30 30 30 0D
1779567571328,74 34 35 39 38 30 30 30 30 30 30 30 30 30 30 30 30 30 30 30 30 0D
1779567571335,74 34 35 38 38 34 39 30 33 30 30 30 30 30 30 30 30 30 30 30 30 0D
1779567571343,74 34 35 31 38 30 30 30 30 30 30 30 30 30 30 30 30 30 30 30 30 0D
1779567571351,74 34 35 32 38 38 43 30 30 30 30 30 30 30 30 30 30 30 30 30 30 0D
1779567571363,74 34 35 31 38 30 30 30 30 30 30 30 30 30 30 30 30 30 30 30 30 0D
1779567571389,74 34 35 31 38 30 30 30 30 30 30 30 30 30 30 30 30 30 30 30 30 0D
1779567571403,74 34 35 33 38 39 41 30 30 30 30 30 30 30 30 30 30 30 30 30 30 0D
1779567571409,74 34 35 31 38 30 30 30 30 30 30 30 30 30 30 30 30 30 30 30 30 0D
1779567571415,74 34 35 39 38 30 30 30 30 30 30 30 30 30 30 30 30 30 30 30 30 0D
1779567571420,74 34 35 31 38 30 30 30 30 30 30 30 30 30 30 30 30 30 30 30 30 0D
1779567571426,74 34 35 35 38 45 44 46 46 30 36 30 30 39 46 46 46 30 30 30 30 0D
1779567571438,74 34 35 31 38 30 30 30 30 30 30 30 30 30 30 30 30 30 30 30 30 0D
1779567571450,74 34 35 32 38 38 43 30 30 30 30 30 30 30 30 30 30 30 30 30 30 0D 74 34 35 35 38 45 44 46 46 30 36 30 30 39 46 46 46 30 30 30 30 0D
1779567571460,74 34 35 30 38 30 30 30 30 30 37 30 30 30 30 30 30 30 32 30 33 0D
1779567571465,74 34 35 31 38 30 30 30 30 30 30 30 30 30 30 30 30 30 30 30 30 0D
1779567571478,74 34 35 31 38 30 30 30 30 30 30 30 30 30 30 30 30 30 30 30 30 0D
1779567571485,74 34 35 35 38 45 44 46 46 30 36 30 30 39 46 46 46 30 30 30 30 0D
1779567571493,74 34 35 33 38 39 41 30 30 30 30 30 30 30 30 30 30 30 30 30 30 0D
1779567571498,74 34 35 37 38 30 30 30 30 30 30 30 30 36 34 31 34 30 30 30 30 0D
1779567571512,74 34 35 39 38 30 30 30 30 30 30 30 30 30 30 30 30 30 30 30 30 0D
1779567571521,74 34 35 31 38 30 30 30 30 30 30 30 30 30 30 30 30 30 30 30 30 0D
1779567571545,74 34 35 31 38 30 30 30 30 30 30 30 30 30 30 30 30 30 30 30 30 0D
1779567571549,74 34 35 32 38 38 43 30 30 30 30 30 30 30 30 30 30 30 30 30 30 0D
1779567571562,74 34 35 31 38 30 30 30 30 30 30 30 30 30 30 30 30 30 30 30 30 0D
1779567571597,74 34 35 31 38 30 30 30 30 30 30 30 30 30 30 30 30 30 30 30 30 0D
1779567571605,74 34 35 33 38 39 41 30 30 30 30 30 30 30 30 30 30 30 30 30 30 0D
1779567571615,74 34 35 35 38 45 44 46 46 30 36 30 30 39 45 46 46 30 30 30 30 0D
1779567571626,74 34 35 39 38 30 30 30 30 30 30 30 30 30 30 30 30 30 30 30 30 0D
1779567571646,74 34 35 31 38 30 30 30 30 30 30 30 30 30 30 30 30 30 30 30 30 0D
1779567571654,74 34 35 35 38 45 44 46 46 30 36 30 30 39 45 46 46 30 30 30 30 0D
1779567571666,74 34 35 31 38 30 30 30 30 30 30 30 30 30 30 30 30 30 30 30 30 0D
1779567571687,74 34 35 31 38 30 30 30 30 30 30 30 30 30 30 30 30 30 30 30 30 0D
1779567571695,74 34 35 33 38 39 41 30 30 30 30 30 30 30 30 30 30 30 30 30 30 0D
1779567571702,74 34 35 37 38 30 30 30 30 30 30 30 30 36 34 31 34 30 30 30 30 0D
1779567571714,74 34 35 31 38 30 30 30 30 30 30 30 30 30 30 30 30 30 30 30 30 0D
1779567571721,74 34 35 31 38 30 30 30 30 30 30 30 30 30 30 30 30 30 30 30 30 0D
1779567571738,74 34 35 31 38 30 30 30 30 30 30 30 30 30 30 30 30 30 30 30 30 0D
1779567571752,74 34 35 32 38 38 43 30 30 30 30 30 30 30 30 30 30 30 30 30 30 0D
1779567571768,74 34 35 31 38 30 30 30 30 30 30 30 30 30 30 30 30 30 30 30 30 0D
1779567571784,74 34 35 31 38 30 30 30 30 30 30 30 30 30 30 30 30 30 30 30 30 0D
1779567571799,74 34 35 33 38 39 41 30 30 30 30 30 30 30 30 30 30 30 30 30 30 0D
1779567571809,74 34 35 31 38 30 30 30 30 30 30 30 30 30 30 30 30 30 30 30 30 0D
1779567571816,74 34 35 39 38 30 30 30 30 30 30 30 30 30 30 30 30 30 30 30 30 0D
1779567571825,74 34 35 31 38 30 30 30 30 30 30 30 30 30 30 30 30 30 30 30 30 0D
1779567571850,74 34 35 31 38 30 30 30 30 30 30 30 30 30 30 30 30 30 30 30 30 0D
1779567571857,74 34 35 32 38 38 43 30 30 30 30 30 30 30 30 30 30 30 30 30 30 0D 74 34 35 35 38 45 43 46 46 30 36 30 30 39 45 46 46 30 30 30 30 0D
1779567571865,74 34 35 31 38 30 30 30 30 30 30 30 30 30 30 30 30 30 30 30 30 0D
1779567571887,74 34 35 31 38 30 30 30 30 30 30 30 30 30 30 30 30 30 30 30 30 0D
1779567571895,74 34 35 36 38 45 38 46 46 30 38 30 30 30 35 30 30 30 30 30 30 0D
1779567571911,74 34 35 33 38 39 41 30 30 30 30 30 30 30 30 30 30 30 30 30 30 0D
1779567571916,74 34 35 39 38 30 30 30 30 30 30 30 30 30 30 30 30 30 30 30 30 0D
1779567571918,74 34 35 31 38 30 30 30 30 30 30 30 30 30 30 30 30 30 30 30 30 0D
1779567571942,74 34 35 31 38 30 30 30 30 30 30 30 30 30 30 30 30 30 30 30 30 0D
1779567571947,74 34 35 32 38 38 43 30 30 30 30 30 30 30 30 30 30 30 30 30 30 0D 74 34 35 37 38 30 30 30 30 30 30 30 30 36 34 31 34 30 30 30 30 0D
1779567571966,74 34 35 30 38 30 30 30 30 30 37 30 30 30 30 30 30 30 32 30 33 0D
1779567571975,74 34 35 31 38 30 30 30 30 30 30 30 30 30 30 30 30 30 30 30 30 0D
1779567571986,74 34 35 31 38 30 30 30 30 30 30 30 30 30 30 30 30 30 30 30 30 0D
1779567571998,74 34 35 33 38 39 41 30 30 30 30 30 30 30 30 30 30 30 30 30 30 0D
1779567572014,74 34 35 31 38 30 30 30 30 30 30 30 30 30 30 30 30 30 30 30 30 0D
1779567572020,74 34 35 36 38 45 38 46 46 30 38 30 30 30 35 30 30 30 30 30 30 0D
1779567572025,74 34 35 35 38 45 44 46 46 30 37 30 30 39 45 46 46 30 30 30 30 0D
1779567572042,74 34 35 31 38 30 30 30 30 30 30 30 30 30 30 30 30 30 30 30 30 0D
1779567572057,74 34 35 35 38 45 44 46 46 30 37 30 30 39 45 46 46 30 30 30 30 0D
1779567572064,74 34 35 31 38 30 30 30 30 30 30 30 30 30 30 30 30 30 30 30 30 0D
1779567572077,74 34 35 31 38 30 30 30 30 30 30 30 30 30 30 30 30 30 30 30 30 0D
1779567572084,74 34 35 35 38 45 44 46 46 30 37 30 30 39 45 46 46 30 30 30 30 0D
1779567572101,74 34 35 33 38 39 41 30 30 30 30 30 30 30 30 30 30 30 30 30 30 0D
1779567572109,74 34 35 31 38 30 30 30 30 30 30 30 30 30 30 30 30 30 30 30 30 0D
1779567572116,74 34 35 39 38 30 30 30 30 30 30 30 30 30 30 30 30 30 30 30 30 0D
1779567572126,74 34 35 31 38 30 30 30 30 30 30 30 30 30 30 30 30 30 30 30 30 0D
1779567572148,74 34 35 31 38 30 30 30 30 30 30 30 30 30 30 30 30 30 30 30 30 0D
1779567572152,74 34 35 32 38 38 43 30 30 30 30 30 30 30 30 30 30 30 30 30 30 0D
1779567572170,74 34 35 31 38 30 30 30 30 30 30 30 30 30 30 30 30 30 30 30 30 0D
1779567572193,74 34 35 31 38 30 30 30 30 30 30 30 30 30 30 30 30 30 30 30 30 0D
1779567572197,74 34 35 33 38 39 41 30 30 30 30 30 30 30 30 30 30 30 30 30 30 0D
1779567572209,74 34 35 35 38 45 43 46 46 30 36 30 30 39 46 46 46 30 30 30 30 0D
1779567572214,74 34 35 39 38 30 30 30 30 30 30 30 30 30 30 30 30 30 30 30 30 0D
1779567572224,74 34 35 31 38 30 30 30 30 30 30 30 30 30 30 30 30 30 30 30 30 0D
1779567572243,74 34 35 31 38 30 30 30 30 30 30 30 30 30 30 30 30 30 30 30 30 0D
1779567572249,74 34 35 35 38 45 43 46 46 30 36 30 30 39 46 46 46 30 30 30 30 0D
1779567572262,74 34 35 31 38 30 30 30 30 30 30 30 30 30 30 30 30 30 30 30 30 0D
1779567572279,74 34 35 31 38 30 30 30 30 30 30 30 30 30 30 30 30 30 30 30 30 0D
1779567572285,74 34 35 35 38 45 43 46 46 30 36 30 30 39 46 46 46 30 30 30 30 0D
1779567572306,74 34 35 33 38 39 41 30 30 30 30 30 30 30 30 30 30 30 30 30 30 0D
1779567572314,74 34 35 39 38 30 30 30 30 30 30 30 30 30 30 30 30 30 30 30 30 0D
1779567572326,74 34 35 31 38 30 30 30 30 30 30 30 30 30 30 30 30 30 30 30 30 0D
1779567572332,74 34 35 38 38 34 38 30 33 30 30 30 30 30 30 30 30 30 30 30 30 0D
1779567572341,74 34 35 31 38 30 30 30 30 30 30 30 30 30 30 30 30 30 30 30 30 0D
1779567572344,74 34 35 30 38 30 30 30 30 30 37 30 30 30 30 30 30 31 34 30 33 0D
1779567572362,74 34 35 31 38 30 30 30 30 30 30 30 30 30 30 30 30 30 30 30 30 0D
1779567572380,74 34 35 31 38 30 30 30 30 30 30 30 30 30 30 30 30 30 30 30 30 0D
1779567572393,74 34 35 33 38 39 41 30 30 30 30 30 30 30 30 30 30 30 30 30 30 0D
1779567572399,74 34 35 37 38 30 30 30 30 30 30 30 30 36 34 31 34 30 31 30 30 0D
1779567572410,74 34 35 36 38 45 39 46 46 30 38 30 30 30 35 30 30 30 30 30 30 0D
1779567572417,74 34 35 39 38 30 30 30 30 30 30 30 30 30 30 30 30 30 30 30 30 0D
1779567572426,74 34 35 31 38 30 30 30 30 30 30 30 30 30 30 30 30 30 30 30 30 0D
1779567572446,74 34 35 31 38 30 30 30 30 30 30 30 30 30 30 30 30 30 30 30 30 0D
1779567572465,74 34 35 36 38 45 39 46 46 30 38 30 30 30 35 30 30 30 30 30 30 0D
1779567572469,74 34 35 31 38 30 30 30 30 30 30 30 30 30 30 30 30 30 30 30 30 0D
1779567572477,74 34 35 31 38 30 30 30 30 30 30 30 30 30 30 30 30 30 30 30 30 0D
1779567572483,74 34 35 35 38 45 43 46 46 30 37 30 30 39 46 46 46 30 30 30 30 0D
1779567572495,74 34 35 33 38 39 41 30 30 30 30 30 30 30 30 30 30 30 30 30 30 0D
1779567572504,74 34 35 31 38 30 30 30 30 30 30 30 30 30 30 30 30 30 30 30 30 0D
1779567572517,74 34 35 35 38 45 43 46 46 30 37 30 30 39 46 46 46 30 30 30 30 0D
1779567572526,74 34 35 31 38 30 30 30 30 30 30 30 30 30 30 30 30 30 30 30 30 0D
