1779567349516,74 34 35 31 38 30 30 30 30 30 30 30 30 30 30 30 30 30 30 30 30 0D
1779567349520,74 34 35 35 38 45 41 46 46 30 37 30 30 39 46 46 46 30 30 30 30 0D
1779567349537,74 34 35 31 38 30 30 30 30 30 30 30 30 30 30 30 30 30 30 30 30 0D
1779567349547,74 34 35 37 38 30 30 30 30 30 30 30 30 36 34 31 34 30 30 30 30 0D
1779567349553,74 34 35 39 38 44 37 41 34 42 45 31 36 36 39 31 41 30 33 42 37 0D
1779567349558,74 34 35 31 38 30 30 30 30 30 30 30 30 30 30 30 30 30 30 30 30 0D
1779567349583,74 34 35 31 38 30 30 30 30 30 30 30 30 30 30 30 30 30 30 30 30 0D
1779567349590,74 34 35 35 38 45 41 46 46 30 37 30 30 39 46 46 46 30 30 30 30 0D
1779567349602,74 34 35 30 38 30 30 30 30 30 37 30 30 30 30 30 30 45 34 30 35 0D
1779567349610,74 34 35 31 38 30 30 30 30 30 30 30 30 30 30 30 30 30 30 30 30 0D
1779567349617,74 34 35 31 38 30 30 30 30 30 30 30 30 30 30 30 30 30 30 30 30 0D
1779567349622,74 34 35 35 38 45 41 46 46 30 37 30 30 39 46 46 46 30 30 30 30 0D
1779567349642,74 34 35 31 38 30 30 30 30 30 30 30 30 30 30 30 30 30 30 30 30 0D
1779567349647,74 34 35 37 38 30 30 30 30 30 30 30 30 36 34 31 34 30 30 30 30 0D
1779567349655,74 34 35 39 38 44 37 41 34 42 45 31 36 36 41 31 41 30 33 42 37 0D
1779567349660,74 34 35 31 38 30 30 30 30 30 30 30 30 30 30 30 30 30 30 30 30 0D
1779567349691,74 34 35 31 38 30 30 30 30 30 30 30 30 30 30 30 30 30 30 30 30 0D
1779567349701,74 34 35 35 38 45 41 46 46 30 37 30 30 39 46 46 46 30 30 30 30 0D
1779567349713,74 34 35 31 38 30 30 30 30 30 30 30 30 30 30 30 30 30 30 30 30 0D
1779567349722,74 34 35 31 38 30 30 30 30 30 30 30 30 30 30 30 30 30 30 30 30 0D
1779567349740,74 34 35 31 38 30 30 30 30 30 30 30 30 30 30 30 30 30 30 30 30 0D
1779567349746,74 34 35 35 38 45 41 46 46 30 36 30 30 39 45 46 46 30 30 30 30 0D
1779567349753,74 34 35 37 38 30 30 30 30 30 31 30 30 36 34 31 34 30 30 30 30 0D
1779567349758,74 34 35 31 38 30 30 30 30 30 30 30 30 30 30 30 30 30 30 30 30 0D
1779567349782,74 34 35 31 38 30 30 30 30 30 30 30 30 30 30 30 30 30 30 30 30 0D
1779567349791,74 34 35 35 38 45 41 46 46 30 36 30 30 39 45 46 46 30 30 30 30 0D
1779567349800,74 34 35 30 38 30 30 30 30 30 37 30 30 30 30 30 30 45 34 30 35 0D
1779567349804,74 34 35 31 38 30 30 30 30 30 30 30 30 30 30 30 30 30 30 30 30 0D
1779567349822,74 34 35 31 38 30 30 30 30 30 30 30 30 30 30 30 30 30 30 30 30 0D
1779567349828,74 34 35 35 38 45 41 46 46 30 36 30 30 39 45 46 46 30 30 30 30 0D
1779567349836,74 34 35 31 38 30 30 30 30 30 30 30 30 30 30 30 30 30 30 30 30 0D
1779567349841,74 34 35 35 38 45 41 46 46 30 36 30 30 39 45 46 46 30 30 30 30 0D
1779567349849,74 34 35 37 38 30 30 30 30 30 32 30 30 36 34 31 34 30 30 30 30 0D
1779567349857,74 34 35 31 38 30 30 30 30 30 30 30 30 30 30 30 30 30 30 30 30 0D
1779567349870,74 34 35 35 38 45 41 46 46 30 36 30 30 39 45 46 46 30 30 30 30 0D
1779567349880,74 34 35 31 38 30 30 30 30 30 30 30 30 30 30 30 30 30 30 30 30 0D
1779567349903,74 34 35 30 38 30 30 30 30 30 37 30 30 30 30 30 30 45 34 30 35 0D
1779567349904,74 34 35 31 38 30 30 30 30 30 30 30 30 30 30 30 30 30 30 30 30 0D
1779567349920,74 34 35 31 38 30 30 30 30 30 30 30 30 30 30 30 30 30 30 30 30 0D
1779567349923,74 34 35 35 38 45 41 46 46 30 38 30 30 41 30 46 46 30 30 30 30 0D
1779567349939,74 34 35 31 38 30 30 30 30 30 30 30 30 30 30 30 30 30 30 30 30 0D
1779567349948,74 34 35 35 38 45 41 46 46 30 38 30 30 41 30 46 46 30 30 30 30 0D
1779567349953,74 34 35 37 38 30 30 30 30 30 31 30 30 36 34 31 34 30 30 30 30 0D
1779567349963,74 34 35 31 38 30 30 30 30 30 30 30 30 30 30 30 30 30 30 30 30 0D
1779567349970,74 34 35 35 38 45 41 46 46 30 38 30 30 41 30 46 46 30 30 30 30 0D
1779567349982,74 34 35 31 38 30 30 30 30 30 30 30 30 30 30 30 30 30 30 30 30 0D
1779567349988,74 34 35 35 38 45 41 46 46 30 38 30 30 41 30 46 46 30 30 30 30 0D
1779567349999,74 34 35 30 38 30 30 30 30 30 37 30 30 30 30 30 30 45 34 30 35 0D
1779567350005,74 34 35 31 38 30 30 30 30 30 30 30 30 30 30 30 30 30 30 30 30 0D
1779567350019,74 34 35 31 38 30 30 30 30 30 30 30 30 30 30 30 30 30 30 30 30 0D
1779567350038,74 34 35 31 38 30 30 30 30 30 30 30 30 30 30 30 30 30 30 30 30 0D
1779567350046,74 34 35 35 38 45 41 46 46 30 38 30 30 41 30 46 46 30 30 30 30 0D
1779567350054,74 34 35 37 38 30 30 30 30 30 31 30 30 36 34 31 34 30 30 30 30 0D
1779567350058,74 34 35 31 38 30 30 30 30 30 30 30 30 30 30 30 30 30 30 30 30 0D
1779567350063,74 34 35 35 38 45 41 46 46 30 38 30 30 41 30 46 46 30 30 30 30 0D
1779567350080,74 34 35 31 38 30 30 30 30 30 30 30 30 30 30 30 30 30 30 30 30 0D
1779567350087,74 34 35 35 38 45 41 46 46 30 38 30 30 41 30 46 46 30 30 30 30 0D
1779567350104,74 34 35 30 38 30 30 30 30 30 37 30 30 30 30 30 30 45 34 30 35 0D
1779567350107,74 34 35 31 38 30 30 30 30 30 30 30 30 30 30 30 30 30 30 30 30 0D
1779567350121,74 34 35 31 38 30 30 30 30 30 30 30 30 30 30 30 30 30 30 30 30 0D
1779567350127,74 34 35 36 38 45 45 46 46 30 37 30 30 30 33 30 30 30 30 30 30 0D
1779567350142,74 34 35 31 38 30 30 30 30 30 30 30 30 30 30 30 30 30 30 30 30 0D
1779567350146,74 34 35 35 38 45 41 46 46 30 37 30 30 39 46 46 46 30 30 30 30 0D
1779567350154,74 34 35 37 38 30 30 30 30 30 30 30 30 36 34 31 34 30 30 30 30 0D
1779567350162,74 34 35 31 38 30 30 30 30 30 30 30 30 30 30 30 30 30 30 30 30 0D
1779567350178,74 34 35 31 38 30 30 30 30 30 30 30 30 30 30 30 30 30 30 30 30 0D
1779567350182,74 34 35 35 38 45 41 46 46 30 37 30 30 39 46 46 46 30 30 30 30 0D
1779567350201,74 34 35 30 38 30 30 30 30 30 37 30 30 30 30 30 30 45 34 30 35 0D
1779567350207,74 34 35 31 38 30 30 30 30 30 30 30 30 30 30 30 30 30 30 30 30 0D
1779567350223,74 34 35 31 38 30 30 30 30 30 30 30 30 30 30 30 30 30 30 30 30 0D
1779567350239,74 34 35 31 38 30 30 30 30 30 30 30 30 30 30 30 30 30 30 30 30 0D
1779567350248,74 34 35 35 38 45 41 46 46 30 37 30 30 39 46 46 46 30 30 30 30 0D
1779567350256,74 34 35 37 38 30 30 30 30 30 30 30 30 36 34 31 34 30 30 30 30 0D
1779567350264,74 34 35 31 38 30 30 30 30 30 30 30 30 30 30 30 30 30 30 30 30 0D
1779567350270,74 34 35 35 38 45 41 46 46 30 37 30 30 39 46 46 46 30 30 30 30 0D
1779567350277,74 34 35 31 38 30 30 30 30 30 30 30 30 30 30 30 30 30 30 30 30 0D
1779567350282,74 34 35 35 38 45 41 46 46 30 37 30 30 39 46 46 46 30 30 30 30 0D
1779567350300,74 34 35 30 38 30 30 30 30 30 37 30 30 30 30 30 30 45 34 30 35 0D
1779567350311,74 34 35 31 38 30 30 30 30 30 30 30 30 30 30 30 30 30 30 30 30 0D
1779567350319,74 34 35 31 38 30 30 30 30 30 30 30 30 30 30 30 30 30 30 30 30 0D
1779567350337,74 34 35 31 38 30 30 30 30 30 30 30 30 30 30 30 30 30 30 30 30 0D
1779567350348,74 34 35 35 38 45 41 46 46 30 37 30 30 39 46 46 46 30 30 30 30 0D
1779567350356,74 34 35 37 38 30 30 30 30 30 31 30 30 36 34 31 34 30 30 30 30 0D
1779567350365,74 34 35 31 38 30 30 30 30 30 30 30 30 30 30 30 30 30 30 30 30 0D
1779567350376,74 34 35 31 38 30 30 30 30 30 30 30 30 30 30 30 30 30 30 30 30 0D
1779567350383,74 34 35 35 38 45 41 46 46 30 37 30 30 39 46 46 46 30 30 30 30 0D
1779567350400,74 34 35 30 38 30 30 30 30 30 37 30 30 30 30 30 30 45 34 30 35 0D
1779567350407,74 34 35 31 38 30 30 30 30 30 30 30 30 30 30 30 30 30 30 30 30 0D
1779567350417,74 34 35 31 38 30 30 30 30 30 30 30 30 30 30 30 30 30 30 30 30 0D
1779567350422,74 34 35 35 38 45 41 46 46 30 37 30 30 39 46 46 46 30 30 30 30 0D
1779567350439,74 34 35 31 38 30 30 30 30 30 30 30 30 30 30 30 30 30 30 30 30 0D
1779567350449,74 34 35 35 38 45 41 46 46 30 37 30 30 39 46 46 46 30 30 30 30 0D
1779567350455,74 34 35 37 38 30 30 30 30 30 31 30 30 36 34 31 34 30 30 30 30 0D
1779567350464,74 34 35 31 38 30 30 30 30 30 30 30 30 30 30 30 30 30 30 30 30 0D
1779567350482,74 34 35 31 38 30 30 30 30 30 30 30 30 30 30 30 30 30 30 30 30 0D
1779567350497,74 34 35 30 38 30 30 30 30 30 37 30 30 30 30 30 30 45 34 30 35 0D
1779567350504,74 34 35 34 38 30 31 30 30 30 30 30 30 30 30 30 30 30 30 30 30 0D 74 34 35 35 38 45 41 46 46 30 37 30 30 39 46 46 46 30 30 30 30 0D
1779567350519,74 34 35 31 38 30 30 30 30 30 30 30 30 30 30 30 30 30 30 30 30 0D
1779567350526,74 34 35 36 38 45 44 46 46 30 38 30 30 30 34 30 30 30 30 30 30 0D
1779567350536,74 34 35 31 38 30 30 30 30 30 30 30 30 30 30 30 30 30 30 30 30 0D
1779567350545,74 34 35 35 38 45 41 46 46 30 37 30 30 39 46 46 46 30 30 30 30 0D
1779567350549,74 34 35 37 38 30 30 30 30 30 31 30 30 36 34 31 34 30 30 30 30 0D
1779567350564,74 34 35 31 38 30 30 30 30 30 30 30 30 30 30 30 30 30 30 30 30 0D
1779567350570,74 34 35 35 38 45 41 46 46 30 37 30 30 39 46 46 46 30 30 30 30 0D
1779567350578,74 34 35 31 38 30 30 30 30 30 30 30 30 30 30 30 30 30 30 30 30 0D
1779567350583,74 34 35 35 38 45 41 46 46 30 37 30 30 39 46 46 46 30 30 30 30 0D
1779567350598,74 34 35 30 38 30 30 30 30 30 37 30 30 30 30 30 30 45 34 30 35 0D
1779567350604,74 34 35 31 38 30 30 30 30 30 30 30 30 30 30 30 30 30 30 30 30 0D
1779567350620,74 34 35 31 38 30 30 30 30 30 30 30 30 30 30 30 30 30 30 30 30 0D
1779567350640,74 34 35 31 38 30 30 30 30 30 30 30 30 30 30 30 30 30 30 30 30 0D
1779567350647,74 34 35 35 38 45 41 46 46 30 37 30 30 39 46 46 46 30 30 30 30 0D
1779567350652,74 34 35 37 38 30 30 30 30 30 30 30 30 36 34 31 34 30 30 30 30 0D
1779567350659,74 34 35 31 38 30 30 30 30 30 30 30 30 30 30 30 30 30 30 30 30 0D
1779567350665,74 34 35 35 38 45 41 46 46 30 37 30 30 39 46 46 46 30 30 30 30 0D
1779567350679,74 34 35 31 38 30 30 30 30 30 30 30 30 30 30 30 30 30 30 30 30 0D
1779567350695,74 34 35 35 38 45 41 46 46 30 37 30 30 39 46 46 46 30 30 30 30 0D
1779567350699,74 34 35 30 38 30 30 30 30 30 37 30 30 30 30 30 30 45 34 30 35 0D
1779567350703,74 34 35 32 38 38 43 30 30 30 30 30 30 30 30 30 30 30 30 30 30 0D
1779567350720,74 34 35 31 38 30 30 30 30 30 30 30 30 30 30 30 30 30 30 30 30 0D
1779567350729,74 34 35 35 38 45 39 46 46 30 38 30 30 39 46 46 46 30 30 30 30 0D
1779567350740,74 34 35 31 38 30 30 30 30 30 30 30 30 30 30 30 30 30 30 30 30 0D
1779567350750,74 34 35 35 38 45 39 46 46 30 38 30 30 39 46 46 46 30 30 30 30 0D
1779567350757,74 34 35 39 38 44 34 41 34 42 45 31 36 37 45 31 41 30 33 42 37 0D
1779567350762,74 34 35 35 38 45 39 46 46 30 38 30 30 39 46 46 46 30 30 30 30 0D
1779567350780,74 34 35 31 38 30 30 30 30 30 30 30 30 30 30 30 30 30 30 30 30 0D
1779567350785,74 34 35 35 38 45 39 46 46 30 38 30 30 39 46 46 46 30 30 30 30 0D
1779567350802,74 34 35 30 38 30 30 30 30 30 37 30 30 30 30 30 30 45 34 30 35 0D
1779567350810,30 0D 74 34 35 35 38 45 39 46 46 30 38 30 30 39 46 46 46 30 30 30 30 0D 74 34 35 36 38 45 44 46 46 30 37 30 30 30 34 30 30 30 30 30 30 0D 74 34 35 37 38 30 30 30 30 30 31 30 30 36 34 31 34 30
1779567350819,74 34 35 31 38 30 30 30 30 30 30 30 30 30 30 30 30 30 30 30 30 0D
1779567350824,74 34 35 35 38 45 39 46 46 30 38 30 30 39 46 46 46 30 30 30 30 0D
1779567350847,74 34 35 31 38 30 30 30 30 30 30 30 30 30 30 30 30 30 30 30 30 0D
1779567350855,74 34 35 37 38 30 30 30 30 30 30 30 30 36 34 31 34 30 30 30 30 0D
1779567350857,74 34 35 31 38 30 30 30 30 30 30 30 30 30 30 30 30 30 30 30 30 0D
1779567350860,74 34 35 35 38 45 39 46 46 30 38 30 30 39 46 46 46 30 30 30 30 0D
1779567350881,74 34 35 31 38 30 30 30 30 30 30 30 30 30 30 30 30 30 30 30 30 0D
1779567350886,74 34 35 35 38 45 39 46 46 30 38 30 30 39 46 46 46 30 30 30 30 0D
1779567350901,74 34 35 30 38 30 30 30 30 30 37 30 30 30 30 30 30 45 34 30 35 0D
1779567350908,74 34 35 37 38 30 30 30 30 30 30 30 30 36 34 31 34 30 30 30 30 0D
1779567350917,74 34 35 31 38 30 30 30 30 30 30 30 30 30 30 30 30 30 30 30 30 0D
1779567350926,74 34 35 35 38 45 41 46 46 30 37 30 30 41 30 46 46 30 30 30 30 0D
1779567350937,74 34 35 31 38 30 30 30 30 30 30 30 30 30 30 30 30 30 30 30 30 0D
1779567350950,74 34 35 35 38 45 41 46 46 30 37 30 30 41 30 46 46 30 30 30 30 0D
1779567350957,74 34 35 37 38 30 30 30 30 30 31 30 30 36 34 31 34 30 30 30 30 0D
1779567350962,74 34 35 31 38 30 30 30 30 30 30 30 30 30 30 30 30 30 30 30 30 0D
1779567350968,74 34 35 35 38 45 41 46 46 30 37 30 30 41 30 46 46 30 30 30 30 0D
1779567350980,74 34 35 31 38 30 30 30 30 30 30 30 30 30 30 30 30 30 30 30 30 0D
1779567350985,74 34 35 36 38 45 44 46 46 30 37 30 30 30 34 30 30 30 30 30 30 0D
1779567351002,74 34 35 30 38 30 30 30 30 30 37 30 30 30 30 30 30 45 34 30 35 0D
1779567351015,74 34 35 32 38 38 43 30 30 30 30 30 30 30 30 30 30 30 30 30 30 0D 74 34 35 33 38 39 45 30 30 30 30 30 30 30 30 30 30 30 30 30 30 0D 74 34 35 34 38 30 31 30 30 30 30 30 30 30 30 30 30 30 30 30
1779567351020,74 34 35 31 38 30 30 30 30 30 30 30 30 30 30 30 30 30 30 30 30 0D
1779567351027,74 34 35 35 38 45 41 46 46 30 37 30 30 41 30 46 46 30 30 30 30 0D
1779567351043,74 34 35 31 38 30 30 30 30 30 30 30 30 30 30 30 30 30 30 30 30 0D
1779567351049,74 34 35 35 38 45 41 46 46 30 37 30 30 41 30 46 46 30 30 30 30 0D
1779567351053,74 34 35 37 38 30 30 30 30 30 31 30 30 36 34 31 34 30 30 30 30 0D
1779567351060,74 34 35 31 38 30 30 30 30 30 30 30 30 30 30 30 30 30 30 30 30 0D
1779567351065,74 34 35 35 38 45 41 46 46 30 37 30 30 41 30 46 46 30 30 30 30 0D
1779567351082,74 34 35 31 38 30 30 30 30 30 30 30 30 30 30 30 30 30 30 30 30 0D
1779567351088,74 34 35 35 38 45 41 46 46 30 37 30 30 41 30 46 46 30 30 30 30 0D
1779567351100,74 34 35 30 38 30 30 30 30 30 37 30 30 30 30 30 30 45 34 30 35 0D
1779567351111,74 34 35 32 38 38 43 30 30 30 30 30 30 30 30 30 30 30 30 30 30 0D 74 34 35 33 38 39 45 30 30 30 30 30 30 30 30 30 30 30 30 30 30 0D 74 34 35 34 38 30 31 30 30 30 30 30 30 30 30 30 30 30 30 30
1779567351118,74 34 35 31 38 30 30 30 30 30 30 30 30 30 30 30 30 30 30 30 30 0D
1779567351124,74 34 35 35 38 45 39 46 46 30 37 30 30 39 46 46 46 30 30 30 30 0D
1779567351144,74 34 35 31 38 30 30 30 30 30 30 30 30 30 30 30 30 30 30 30 30 0D
1779567351152,74 34 35 35 38 45 39 46 46 30 37 30 30 39 46 46 46 30 30 30 30 0D
1779567351161,74 34 35 31 38 30 30 30 30 30 30 30 30 30 30 30 30 30 30 30 30 0D
1779567351169,74 34 35 35 38 45 39 46 46 30 37 30 30 39 46 46 46 30 30 30 30 0D
1779567351177,74 34 35 31 38 30 30 30 30 30 30 30 30 30 30 30 30 30 30 30 30 0D
1779567351183,74 34 35 35 38 45 39 46 46 30 37 30 30 39 46 46 46 30 30 30 30 0D
1779567351202,74 34 35 30 38 30 30 30 30 30 37 30 30 30 30 30 30 45 34 30 35 0D
1779567351210,74 34 35 31 38 30 30 30 30 30 30 30 30 30 30 30 30 30 30 30 30 0D
1779567351219,74 34 35 31 38 30 30 30 30 30 30 30 30 30 30 30 30 30 30 30 30 0D
1779567351225,74 34 35 35 38 45 39 46 46 30 37 30 30 39 46 46 46 30 30 30 30 0D
1779567351250,74 34 35 31 38 30 30 30 30 30 30 30 30 30 30 30 30 30 30 30 30 0D
1779567351261,74 34 35 35 38 45 39 46 46 30 37 30 30 39 46 46 46 30 30 30 30 0D
1779567351266,74 34 35 35 38 45 39 46 46 30 37 30 30 39 46 46 46 30 30 30 30 0D
1779567351282,74 34 35 31 38 30 30 30 30 30 30 30 30 30 30 30 30 30 30 30 30 0D
1779567351288,74 34 35 35 38 45 39 46 46 30 37 30 30 39 46 46 46 30 30 30 30 0D
1779567351300,74 34 35 30 38 30 30 30 30 30 37 30 30 30 30 30 30 45 34 30 35 0D
1779567351305,74 34 35 31 38 30 30 30 30 30 30 30 30 30 30 30 30 30 30 30 30 0D
1779567351319,74 34 35 31 38 30 30 30 30 30 30 30 30 30 30 30 30 30 30 30 30 0D
1779567351323,74 34 35 35 38 45 41 46 46 30 37 30 30 39 46 46 46 30 30 30 30 0D
1779567351346,74 34 35 31 38 30 30 30 30 30 30 30 30 30 30 30 30 30 30 30 30 0D
1779567351351,74 34 35 35 38 45 41 46 46 30 37 30 30 39 46 46 46 30 30 30 30 0D
1779567351363,74 34 35 31 38 30 30 30 30 30 30 30 30 30 30 30 30 30 30 30 30 0D
1779567351365,74 34 35 35 38 45 41 46 46 30 37 30 30 39 46 46 46 30 30 30 30 0D
1779567351379,74 34 35 31 38 30 30 30 30 30 30 30 30 30 30 30 30 30 30 30 30 0D
1779567351398,74 34 35 30 38 30 30 30 30 30 37 30 30 30 30 30 30 45 34 30 35 0D
1779567351409,74 34 35 31 38 30 30 30 30 30 30 30 30 30 30 30 30 30 30 30 30 0D
1779567351417,74 34 35 31 38 30 30 30 30 30 30 30 30 30 30 30 30 30 30 30 30 0D
1779567351427,74 34 35 35 38 45 41 46 46 30 37 30 30 39 46 46 46 30 30 30 30 0D
1779567351443,74 34 35 31 38 30 30 30 30 30 30 30 30 30 30 30 30 30 30 30 30 0D
1779567351450,74 34 35 35 38 45 41 46 46 30 37 30 30 39 46 46 46 30 30 30 30 0D
1779567351452,74 34 35 37 38 30 30 30 30 30 30 30 30 36 34 31 34 30 30 30 30 0D
1779567351464,74 34 35 31 38 30 30 30 30 30 30 30 30 30 30 30 30 30 30 30 30 0D
1779567351484,74 34 35 31 38 30 30 30 30 30 30 30 30 30 30 30 30 30 30 30 30 0D
1779567351498,74 34 35 30 38 30 30 30 30 30 37 30 30 30 30 30 30 45 34 30 35 0D
1779567351506,74 34 35 31 38 30 30 30 30 30 30 30 30 30 30 30 30 30 30 30 30 0D
1779567351523,74 34 35 31 38 30 30 30 30 30 30 30 30 30 30 30 30 30 30 30 30 0D
1779567351539,74 34 35 31 38 30 30 30 30 30 30 30 30 30 30 30 30 30 30 30 30 0D
1779567351544,74 34 35 35 38 45 41 46 46 30 36 30 30 39 46 46 46 30 30 30 30 0D
1779567351550,74 34 35 37 38 30 30 30 30 30 30 30 30 36 34 31 34 46 46 46 46 0D
1779567351561,74 34 35 31 38 30 30 30 30 30 30 30 30 30 30 30 30 30 30 30 30 0D
1779567351569,74 34 35 35 38 45 41 46 46 30 36 30 30 39 46 46 46 30 30 30 30 0D
1779567351581,74 34 35 31 38 30 30 30 30 30 30 30 30 30 30 30 30 30 30 30 30 0D
1779567351587,74 34 35 35 38 45 41 46 46 30 36 30 30 39 46 46 46 30 30 30 30 0D
1779567351599,74 34 35 30 38 30 30 30 30 30 37 30 30 30 30 30 30 45 34 30 35 0D
1779567351606,74 34 35 31 38 30 30 30 30 30 30 30 30 30 30 30 30 30 30 30 30 0D
1779567351616,74 34 35 31 38 30 30 30 30 30 30 30 30 30 30 30 30 30 30 30 30 0D
1779567351624,74 34 35 35 38 45 41 46 46 30 36 30 30 39 46 46 46 30 30 30 30 0D
1779567351640,74 34 35 31 38 30 30 30 30 30 30 30 30 30 30 30 30 30 30 30 30 0D
1779567351646,74 34 35 35 38 45 41 46 46 30 36 30 30 39 46 46 46 30 30 30 30 0D
1779567351651,74 34 35 37 38 30 30 30 30 30 30 30 30 36 34 31 34 30 30 30 30 0D
1779567351661,74 34 35 31 38 30 30 30 30 30 30 30 30 30 30 30 30 30 30 30 30 0D
1779567351681,74 34 35 31 38 30 30 30 30 30 30 30 30 30 30 30 30 30 30 30 30 0D
1779567351688,74 34 35 35 38 45 41 46 46 30 36 30 30 39 46 46 46 30 30 30 30 0D
1779567351695,74 34 35 30 38 30 30 30 30 30 37 30 30 30 30 30 30 45 34 30 35 0D
1779567351705,74 34 35 31 38 30 30 30 30 30 30 30 30 30 30 30 30 30 30 30 30 0D
1779567351723,74 34 35 31 38 30 30 30 30 30 30 30 30 30 30 30 30 30 30 30 30 0D
1779567351730,74 34 35 35 38 45 41 46 46 30 37 30 30 39 46 46 46 30 30 30 30 0D
1779567351740,74 34 35 31 38 30 30 30 30 30 30 30 30 30 30 30 30 30 30 30 30 0D
1779567351744,74 34 35 35 38 45 41 46 46 30 37 30 30 39 46 46 46 30 30 30 30 0D
1779567351748,74 34 35 37 38 30 30 30 30 30 30 30 30 36 34 31 34 46 46 46 46 0D
1779567351757,74 34 35 31 38 30 30 30 30 30 30 30 30 30 30 30 30 30 30 30 30 0D
1779567351761,74 34 35 35 38 45 41 46 46 30 37 30 30 39 46 46 46 30 30 30 30 0D
1779567351778,74 34 35 31 38 30 30 30 30 30 30 30 30 30 30 30 30 30 30 30 30 0D
1779567351785,74 34 35 35 38 45 41 46 46 30 37 30 30 39 46 46 46 30 30 30 30 0D
1779567351799,74 34 35 30 38 30 30 30 30 30 37 30 30 30 30 30 30 45 34 30 35 0D
1779567351805,74 34 35 31 38 30 30 30 30 30 30 30 30 30 30 30 30 30 30 30 30 0D
1779567351815,74 34 35 31 38 30 30 30 30 30 30 30 30 30 30 30 30 30 30 30 30 0D
1779567351822,74 34 35 35 38 45 41 46 46 30 37 30 30 39 46 46 46 30 30 30 30 0D
1779567351839,74 34 35 31 38 30 30 30 30 30 30 30 30 30 30 30 30 30 30 30 30 0D
1779567351845,74 34 35 35 38 45 41 46 46 30 37 30 30 39 46 46 46 30 30 30 30 0D
1779567351850,74 34 35 37 38 30 30 30 30 30 30 30 30 36 34 31 34 30 30 30 30 0D
1779567351903,74 34 35 31 38 30 30 30 30 30 30 30 30 30 30 30 30 30 30 30 30 0D
1779567351918,74 34 35 30 38 30 30 30 30 30 37 30 30 30 30 30 30 45 34 30 35 0D
1779567351923,74 34 35 31 38 30 30 30 30 30 30 30 30 30 30 30 30 30 30 30 30 0D
1779567351937,74 34 35 31 38 30 30 30 30 30 30 30 30 30 30 30 30 30 30 30 30 0D
1779567351944,74 34 35 35 38 45 41 46 46 30 37 30 30 39 46 46 46 30 30 30 30 0D
1779567351948,74 34 35 37 38 30 30 30 30 30 31 30 30 36 34 31 34 30 30 30 30 0D
1779567351959,74 34 35 31 38 30 30 30 30 30 30 30 30 30 30 30 30 30 30 30 30 0D
1779567351969,74 34 35 36 38 45 45 46 46 30 37 30 30 30 34 30 30 30 30 30 30 0D
1779567351976,74 34 35 31 38 30 30 30 30 30 30 30 30 30 30 30 30 30 30 30 30 0D
1779567351981,74 34 35 35 38 45 41 46 46 30 37 30 30 39 46 46 46 30 30 30 30 0D
1779567351996,74 34 35 30 38 30 30 30 30 30 37 30 30 30 30 30 30 45 34 30 35 0D
1779567352011,74 34 35 31 38 30 30 30 30 30 30 30 30 30 30 30 30 30 30 30 30 0D
1779567352015,74 34 35 31 38 30 30 30 30 30 30 30 30 30 30 30 30 30 30 30 30 0D
1779567352025,74 34 35 35 38 45 41 46 46 30 37 30 30 39 46 46 46 30 30 30 30 0D
1779567352038,74 34 35 31 38 30 30 30 30 30 30 30 30 30 30 30 30 30 30 30 30 0D
1779567352055,74 34 35 35 38 45 41 46 46 30 37 30 30 39 46 46 46 30 30 30 30 0D
1779567352063,74 34 35 31 38 30 30 30 30 30 30 30 30 30 30 30 30 30 30 30 30 0D
1779567352065,74 34 35 36 38 45 45 46 46 30 37 30 30 30 34 30 30 30 30 30 30 0D
1779567352076,74 34 35 31 38 30 30 30 30 30 30 30 30 30 30 30 30 30 30 30 30 0D
1779567352089,74 34 35 35 38 45 41 46 46 30 37 30 30 39 46 46 46 30 30 30 30 0D
1779567352095,74 34 35 30 38 30 30 30 30 30 37 30 30 30 30 30 30 45 34 30 35 0D
1779567352108,74 34 35 31 38 30 30 30 30 30 30 30 30 30 30 30 30 30 30 30 30 0D
1779567352116,74 34 35 31 38 30 30 30 30 30 30 30 30 30 30 30 30 30 30 30 30 0D
1779567352128,74 34 35 35 38 45 41 46 46 30 37 30 30 39 46 46 46 30 30 30 30 0D
1779567352140,74 34 35 31 38 30 30 30 30 30 30 30 30 30 30 30 30 30 30 30 30 0D
1779567352152,74 34 35 35 38 45 41 46 46 30 37 30 30 39 46 46 46 30 30 30 30 0D
1779567352159,74 34 35 31 38 30 30 30 30 30 30 30 30 30 30 30 30 30 30 30 30 0D
1779567352181,74 34 35 31 38 30 30 30 30 30 30 30 30 30 30 30 30 30 30 30 30 0D
1779567352190,74 34 35 35 38 45 41 46 46 30 37 30 30 39 46 46 46 30 30 30 30 0D
1779567352194,74 34 35 30 38 30 30 30 30 30 37 30 30 30 30 30 30 45 34 30 35 0D
1779567352212,74 34 35 31 38 30 30 30 30 30 30 30 30 30 30 30 30 30 30 30 30 0D
1779567352221,74 34 35 31 38 30 30 30 30 30 30 30 30 30 30 30 30 30 30 30 30 0D
1779567352238,74 34 35 35 38 45 41 46 46 30 37 30 30 39 46 46 46 30 30 30 30 0D
1779567352248,74 34 35 31 38 30 30 30 30 30 30 30 30 30 30 30 30 30 30 30 30 0D
1779567352259,74 34 35 37 38 30 30 30 30 30 30 30 30 36 34 31 34 30 30 30 30 0D
1779567352272,74 34 35 35 38 45 41 46 46 30 37 30 30 39 46 46 46 30 30 30 30 0D
1779567352280,74 34 35 31 38 30 30 30 30 30 30 30 30 30 30 30 30 30 30 30 30 0D
1779567352306,74 34 35 30 38 30 30 30 30 30 37 30 30 30 30 30 30 45 34 30 35 0D
1779567352320,74 34 35 31 38 30 30 30 30 30 30 30 30 30 30 30 30 30 30 30 30 0D
1779567352329,74 34 35 35 38 45 41 46 46 30 37 30 30 39 46 46 46 30 30 30 30 0D
1779567352337,74 34 35 31 38 30 30 30 30 30 30 30 30 30 30 30 30 30 30 30 30 0D
1779567352358,74 34 35 35 38 45 41 46 46 30 37 30 30 39 46 46 46 30 30 30 30 0D
1779567352365,74 34 35 35 38 45 41 46 46 30 37 30 30 39 46 46 46 30 30 30 30 0D
1779567352376,74 34 35 31 38 30 30 30 30 30 30 30 30 30 30 30 30 30 30 30 30 0D
1779567352388,74 34 35 35 38 45 41 46 46 30 37 30 30 39 46 46 46 30 30 30 30 0D
1779567352397,74 34 35 30 38 30 30 30 30 30 37 30 30 30 30 30 30 45 34 30 35 0D
1779567352417,74 34 35 31 38 30 30 30 30 30 30 30 30 30 30 30 30 30 30 30 30 0D
1779567352425,74 34 35 31 38 30 30 30 30 30 30 30 30 30 30 30 30 30 30 30 30 0D
1779567352440,74 34 35 31 38 30 30 30 30 30 30 30 30 30 30 30 30 30 30 30 30 0D
1779567352455,74 34 35 35 38 45 41 46 46 30 37 30 30 39 46 46 46 30 30 30 30 0D
1779567352462,74 34 35 31 38 30 30 30 30 30 30 30 30 30 30 30 30 30 30 30 30 0D
1779567352472,74 34 35 35 38 45 41 46 46 30 37 30 30 39 46 46 46 30 30 30 30 0D
1779567352479,74 34 35 31 38 30 30 30 30 30 30 30 30 30 30 30 30 30 30 30 30 0D
1779567352488,74 34 35 35 38 45 41 46 46 30 37 30 30 39 46 46 46 30 30 30 30 0D
1779567352497,74 34 35 30 38 30 30 30 30 30 37 30 30 30 30 30 30 45 34 30 35 0D
1779567352507,74 34 35 31 38 30 30 30 30 30 30 30 30 30 30 30 30 30 30 30 30 0D
1779567352519,74 34 35 31 38 30 30 30 30 30 30 30 30 30 30 30 30 30 30 30 30 0D
1779567352528,74 34 35 35 38 45 41 46 46 30 37 30 30 39 46 46 46 30 30 30 30 0D
1779567352537,74 34 35 31 38 30 30 30 30 30 30 30 30 30 30 30 30 30 30 30 30 0D
1779567352557,74 34 35 35 38 45 41 46 46 30 37 30 30 39 46 46 46 30 30 30 30 0D
1779567352564,74 34 35 31 38 30 30 30 30 30 30 30 30 30 30 30 30 30 30 30 30 0D
1779567352577,74 34 35 31 38 30 30 30 30 30 30 30 30 30 30 30 30 30 30 30 30 0D
1779567352588,74 34 35 35 38 45 41 46 46 30 37 30 30 39 46 46 46 30 30 30 30 0D
1779567352597,74 34 35 30 38 30 30 30 30 30 37 30 30 30 30 30 30 45 34 30 35 0D
1779567352609,74 34 35 31 38 30 30 30 30 30 30 30 30 30 30 30 30 30 30 30 30 0D
1779567352619,74 34 35 31 38 30 30 30 30 30 30 30 30 30 30 30 30 30 30 30 30 0D
1779567352629,74 34 35 35 38 45 41 46 46 30 37 30 30 39 46 46 46 30 30 30 30 0D
1779567352638,74 34 35 31 38 30 30 30 30 30 30 30 30 30 30 30 30 30 30 30 30 0D
1779567352655,74 34 35 35 38 45 41 46 46 30 37 30 30 39 46 46 46 30 30 30 30 0D
1779567352661,74 34 35 31 38 30 30 30 30 30 30 30 30 30 30 30 30 30 30 30 30 0D
1779567352680,74 34 35 31 38 30 30 30 30 30 30 30 30 30 30 30 30 30 30 30 30 0D
1779567352690,74 34 35 35 38 45 41 46 46 30 37 30 30 39 46 46 46 30 30 30 30 0D
1779567352700,74 34 35 30 38 30 30 30 30 30 37 30 30 30 30 30 30 45 34 30 35 0D
1779567352721,74 34 35 31 38 30 30 30 30 30 30 30 30 30 30 30 30 30 30 30 30 0D
1779567352726,74 34 35 35 38 45 39 46 46 30 38 30 30 39 46 46 46 30 30 30 30 0D
1779567352739,74 34 35 31 38 30 30 30 30 30 30 30 30 30 30 30 30 30 30 30 30 0D
1779567352746,74 34 35 35 38 45 39 46 46 30 38 30 30 39 46 46 46 30 30 30 30 0D
1779567352765,74 34 35 37 38 30 30 30 30 30 30 30 30 36 34 31 34 30 30 30 30 0D
1779567352780,74 34 35 31 38 30 30 30 30 30 30 30 30 30 30 30 30 30 30 30 30 0D
1779567352794,74 34 35 35 38 45 39 46 46 30 38 30 30 39 46 46 46 30 30 30 30 0D
1779567352809,74 34 35 31 38 30 30 30 30 30 30 30 30 30 30 30 30 30 30 30 30 0D
1779567352819,74 34 35 31 38 30 30 30 30 30 30 30 30 30 30 30 30 30 30 30 30 0D
1779567352827,74 34 35 35 38 45 39 46 46 30 38 30 30 39 46 46 46 30 30 30 30 0D
1779567352838,74 34 35 31 38 30 30 30 30 30 30 30 30 30 30 30 30 30 30 30 30 0D
1779567352857,74 34 35 35 38 45 39 46 46 30 38 30 30 39 46 46 46 30 30 30 30 0D
1779567352862,74 34 35 31 38 30 30 30 30 30 30 30 30 30 30 30 30 30 30 30 30 0D
1779567352869,74 34 35 35 38 45 39 46 46 30 38 30 30 39 46 46 46 30 30 30 30 0D
1779567352875,74 34 35 31 38 30 30 30 30 30 30 30 30 30 30 30 30 30 30 30 30 0D
1779567352888,74 34 35 35 38 45 39 46 46 30 38 30 30 39 46 46 46 30 30 30 30 0D
1779567352900,74 34 35 30 38 30 30 30 30 30 37 30 30 30 30 30 30 45 34 30 35 0D
1779567352912,74 34 35 31 38 30 30 30 30 30 30 30 30 30 30 30 30 30 30 30 30 0D
1779567352923,74 34 35 31 38 30 30 30 30 30 30 30 30 30 30 30 30 30 30 30 30 0D
1779567352930,74 34 35 35 38 45 41 46 46 30 37 30 30 39 46 46 46 30 30 30 30 0D
1779567352941,74 34 35 31 38 30 30 30 30 30 30 30 30 30 30 30 30 30 30 30 30 0D
1779567352949,74 34 35 35 38 45 41 46 46 30 37 30 30 39 46 46 46 30 30 30 30 0D
1779567352956,74 34 35 37 38 30 30 30 30 30 30 30 30 36 34 31 34 30 30 30 30 0D
1779567352962,74 34 35 31 38 30 30 30 30 30 30 30 30 30 30 30 30 30 30 30 30 0D
1779567352978,74 34 35 31 38 30 30 30 30 30 30 30 30 30 30 30 30 30 30 30 30 0D
1779567352990,74 34 35 35 38 45 41 46 46 30 37 30 30 39 46 46 46 30 30 30 30 0D
1779567352997,74 34 35 30 38 30 30 30 30 30 37 30 30 30 30 30 30 45 34 30 35 0D
1779567353012,74 34 35 31 38 30 30 30 30 30 30 30 30 30 30 30 30 30 30 30 30 0D
1779567353024,74 34 35 31 38 30 30 30 30 30 30 30 30 30 30 30 30 30 30 30 30 0D
1779567353030,74 34 35 35 38 45 41 46 46 30 37 30 30 39 46 46 46 30 30 30 30 0D
1779567353037,74 34 35 31 38 30 30 30 30 30 30 30 30 30 30 30 30 30 30 30 30 0D
1779567353058,74 34 35 35 38 45 41 46 46 30 37 30 30 39 46 46 46 30 30 30 30 0D
1779567353062,74 34 35 31 38 30 30 30 30 30 30 30 30 30 30 30 30 30 30 30 30 0D
1779567353081,74 34 35 31 38 30 30 30 30 30 30 30 30 30 30 30 30 30 30 30 30 0D
1779567353086,74 34 35 35 38 45 41 46 46 30 37 30 30 39 46 46 46 30 30 30 30 0D
1779567353100,74 34 35 30 38 30 30 30 30 30 37 30 30 30 30 30 30 45 34 30 35 0D
1779567353109,74 34 35 31 38 30 30 30 30 30 30 30 30 30 30 30 30 30 30 30 30 0D
1779567353117,74 34 35 31 38 30 30 30 30 30 30 30 30 30 30 30 30 30 30 30 30 0D
1779567353130,74 34 35 35 38 45 41 46 46 30 37 30 30 39 46 46 46 30 30 30 30 0D
1779567353140,74 34 35 31 38 30 30 30 30 30 30 30 30 30 30 30 30 30 30 30 30 0D
1779567353146,74 34 35 35 38 45 41 46 46 30 37 30 30 39 46 46 46 30 30 30 30 0D
1779567353160,74 34 35 37 38 30 30 30 30 30 30 30 30 36 34 31 34 30 30 30 30 0D
1779567353172,74 34 35 36 38 45 44 46 46 30 37 30 30 30 34 30 30 30 30 30 30 0D
1779567353177,74 34 35 31 38 30 30 30 30 30 30 30 30 30 30 30 30 30 30 30 30 0D
1779567353187,74 34 35 35 38 45 41 46 46 30 37 30 30 39 46 46 46 30 30 30 30 0D
1779567353200,74 34 35 30 38 30 30 30 30 30 37 30 30 30 30 30 30 45 34 30 35 0D
1779567353211,74 34 35 31 38 30 30 30 30 30 30 30 30 30 30 30 30 30 30 30 30 0D
1779567353220,74 34 35 31 38 30 30 30 30 30 30 30 30 30 30 30 30 30 30 30 30 0D
1779567353226,74 34 35 35 38 45 41 46 46 30 37 30 30 39 46 46 46 30 30 30 30 0D
1779567353236,74 34 35 31 38 30 30 30 30 30 30 30 30 30 30 30 30 30 30 30 30 0D
1779567353261,74 34 35 35 38 45 41 46 46 30 37 30 30 39 46 46 46 30 30 30 30 0D
1779567353264,74 34 35 31 38 30 30 30 30 30 30 30 30 30 30 30 30 30 30 30 30 0D
1779567353275,74 34 35 31 38 30 30 30 30 30 30 30 30 30 30 30 30 30 30 30 30 0D
1779567353286,74 34 35 35 38 45 41 46 46 30 37 30 30 39 46 46 46 30 30 30 30 0D
1779567353304,74 34 35 30 38 30 30 30 30 30 37 30 30 30 30 30 30 45 34 30 35 0D
1779567353309,74 34 35 31 38 30 30 30 30 30 30 30 30 30 30 30 30 30 30 30 30 0D
1779567353318,74 34 35 31 38 30 30 30 30 30 30 30 30 30 30 30 30 30 30 30 30 0D
1779567353334,74 34 35 35 38 45 41 46 46 30 37 30 30 39 46 46 46 30 30 30 30 0D
1779567353340,74 34 35 31 38 30 30 30 30 30 30 30 30 30 30 30 30 30 30 30 30 0D
1779567353350,74 34 35 35 38 45 41 46 46 30 37 30 30 39 46 46 46 30 30 30 30 0D
1779567353367,74 34 35 39 38 43 32 41 34 42 45 31 36 43 36 31 41 30 33 42 37 0D
1779567353378,74 34 35 31 38 30 30 30 30 30 30 30 30 30 30 30 30 30 30 30 30 0D
1779567353389,74 34 35 35 38 45 41 46 46 30 37 30 30 39 46 46 46 30 30 30 30 0D
1779567353398,74 34 35 30 38 30 30 30 30 30 37 30 30 30 30 30 30 45 34 30 35 0D
1779567353415,74 34 35 31 38 30 30 30 30 30 30 30 30 30 30 30 30 30 30 30 30 0D
1779567353420,74 34 35 31 38 30 30 30 30 30 30 30 30 30 30 30 30 30 30 30 30 0D
1779567353435,74 34 35 35 38 45 41 46 46 30 37 30 30 39 46 46 46 30 30 30 30 0D
1779567353441,74 34 35 31 38 30 30 30 30 30 30 30 30 30 30 30 30 30 30 30 30 0D
1779567353449,74 34 35 37 38 30 30 30 30 30 30 30 30 36 34 31 34 30 30 30 30 0D
1779567353465,74 34 35 39 38 43 31 41 34 42 45 31 36 43 38 31 41 30 33 42 37 0D
1779567353475,74 34 35 31 38 30 30 30 30 30 30 30 30 30 30 30 30 30 30 30 30 0D
1779567353488,74 34 35 35 38 45 41 46 46 30 37 30 30 39 46 46 46 30 30 30 30 0D
1779567353499,74 34 35 30 38 30 30 30 30 30 37 30 30 30 30 30 30 45 34 30 35 0D
1779567353508,74 34 35 31 38 30 30 30 30 30 30 30 30 30 30 30 30 30 30 30 30 0D
1779567353517,74 34 35 31 38 30 30 30 30 30 30 30 30 30 30 30 30 30 30 30 30 0D
1779567353534,74 34 35 35 38 45 41 46 46 30 37 30 30 39 46 46 46 30 30 30 30 0D
1779567353539,74 34 35 31 38 30 30 30 30 30 30 30 30 30 30 30 30 30 30 30 30 0D
1779567353558,74 34 35 35 38 45 41 46 46 30 37 30 30 39 46 46 46 30 30 30 30 0D
1779567353571,74 34 35 31 38 30 30 30 30 30 30 30 30 30 30 30 30 30 30 30 30 0D
1779567353580,74 34 35 31 38 30 30 30 30 30 30 30 30 30 30 30 30 30 30 30 30 0D
1779567353584,74 34 35 35 38 45 41 46 46 30 37 30 30 39 46 46 46 30 30 30 30 0D
1779567353598,74 34 35 30 38 30 30 30 30 30 37 30 30 30 30 30 30 45 34 30 35 0D
1779567353614,74 34 35 31 38 30 30 30 30 30 30 30 30 30 30 30 30 30 30 30 30 0D
1779567353619,74 34 35 31 38 30 30 30 30 30 30 30 30 30 30 30 30 30 30 30 30 0D
1779567353641,74 34 35 31 38 30 30 30 30 30 30 30 30 30 30 30 30 30 30 30 30 0D
1779567353655,74 34 35 35 38 45 41 46 46 30 37 30 30 39 46 46 46 30 30 30 30 0D
1779567353661,74 34 35 31 38 30 30 30 30 30 30 30 30 30 30 30 30 30 30 30 30 0D
1779567353667,74 34 35 35 38 45 41 46 46 30 37 30 30 39 46 46 46 30 30 30 30 0D
1779567353675,74 34 35 31 38 30 30 30 30 30 30 30 30 30 30 30 30 30 30 30 30 0D
1779567353686,74 34 35 35 38 45 41 46 46 30 37 30 30 39 46 46 46 30 30 30 30 0D
1779567353699,74 34 35 30 38 30 30 30 30 30 37 30 30 30 30 30 30 45 34 30 35 0D
1779567353717,74 34 35 31 38 30 30 30 30 30 30 30 30 30 30 30 30 30 30 30 30 0D
1779567353726,74 34 35 35 38 45 41 46 46 30 37 30 30 39 46 46 46 30 30 30 30 0D
1779567353738,74 34 35 31 38 30 30 30 30 30 30 30 30 30 30 30 30 30 30 30 30 0D
1779567353765,74 34 35 35 38 45 41 46 46 30 37 30 30 39 46 46 46 30 30 30 30 0D
1779567353787,74 34 35 31 38 30 30 30 30 30 30 30 30 30 30 30 30 30 30 30 30 0D
1779567353810,74 34 35 35 38 45 41 46 46 30 37 30 30 39 46 46 46 30 30 30 30 0D
1779567353821,74 34 35 31 38 30 30 30 30 30 30 30 30 30 30 30 30 30 30 30 30 0D
1779567353824,74 34 35 35 38 45 41 46 46 30 37 30 30 39 46 46 46 30 30 30 30 0D
1779567353837,74 34 35 31 38 30 30 30 30 30 30 30 30 30 30 30 30 30 30 30 30 0D
1779567353849,74 34 35 35 38 45 41 46 46 30 37 30 30 39 46 46 46 30 30 30 30 0D
1779567353853,74 34 35 37 38 30 30 30 30 30 31 30 30 36 34 31 34 30 30 30 30 0D
1779567353866,74 34 35 31 38 30 30 30 30 30 30 30 30 30 30 30 30 30 30 30 30 0D
1779567353884,74 34 35 31 38 30 30 30 30 30 30 30 30 30 30 30 30 30 30 30 30 0D
1779567353908,74 34 35 35 38 45 41 46 46 30 37 30 30 39 46 46 46 30 30 30 30 0D
1779567353920,74 34 35 31 38 30 30 30 30 30 30 30 30 30 30 30 30 30 30 30 30 0D
1779567353926,74 34 35 35 38 45 41 46 46 30 37 30 30 39 46 46 46 30 30 30 30 0D
1779567353936,74 34 35 31 38 30 30 30 30 30 30 30 30 30 30 30 30 30 30 30 30 0D
1779567353960,74 34 35 35 38 45 41 46 46 30 37 30 30 39 46 46 46 30 30 30 30 0D
1779567353965,74 34 35 31 38 30 30 30 30 30 30 30 30 30 30 30 30 30 30 30 30 0D
1779567353973,74 34 35 35 38 45 41 46 46 30 37 30 30 39 46 46 46 30 30 30 30 0D
1779567353984,74 34 35 31 38 30 30 30 30 30 30 30 30 30 30 30 30 30 30 30 30 0D
1779567353999,74 34 35 35 38 45 41 46 46 30 37 30 30 39 46 46 46 30 30 30 30 0D
1779567354006,74 34 35 31 38 30 30 30 30 30 30 30 30 30 30 30 30 30 30 30 30 0D
1779567354021,74 34 35 31 38 30 30 30 30 30 30 30 30 30 30 30 30 30 30 30 30 0D
1779567354035,74 34 35 35 38 45 41 46 46 30 37 30 30 39 46 46 46 30 30 30 30 0D
1779567354042,74 34 35 31 38 30 30 30 30 30 30 30 30 30 30 30 30 30 30 30 30 0D
1779567354060,74 34 35 35 38 45 41 46 46 30 37 30 30 39 46 46 46 30 30 30 30 0D
1779567354069,74 34 35 31 38 30 30 30 30 30 30 30 30 30 30 30 30 30 30 30 30 0D
1779567354078,74 34 35 31 38 30 30 30 30 30 30 30 30 30 30 30 30 30 30 30 30 0D
1779567354089,74 34 35 35 38 45 41 46 46 30 37 30 30 39 46 46 46 30 30 30 30 0D
1779567354099,74 34 35 30 38 30 30 30 30 30 37 30 30 30 30 30 30 45 34 30 35 0D
1779567354107,74 34 35 31 38 30 30 30 30 30 30 30 30 30 30 30 30 30 30 30 30 0D
1779567354117,74 34 35 31 38 30 30 30 30 30 30 30 30 30 30 30 30 30 30 30 30 0D
1779567354124,74 34 35 35 38 45 41 46 46 30 37 30 30 39 45 46 46 30 30 30 30 0D
1779567354138,74 34 35 31 38 30 30 30 30 30 30 30 30 30 30 30 30 30 30 30 30 0D
1779567354154,74 34 35 35 38 45 41 46 46 30 37 30 30 39 45 46 46 30 30 30 30 0D
1779567354166,74 34 35 31 38 30 30 30 30 30 30 30 30 30 30 30 30 30 30 30 30 0D
1779567354176,74 34 35 31 38 30 30 30 30 30 30 30 30 30 30 30 30 30 30 30 30 0D
1779567354189,74 34 35 35 38 45 41 46 46 30 37 30 30 39 45 46 46 30 30 30 30 0D
1779567354197,74 34 35 30 38 30 30 30 30 30 37 30 30 30 30 30 30 45 34 30 35 0D
1779567354217,74 34 35 31 38 30 30 30 30 30 30 30 30 30 30 30 30 30 30 30 30 0D
1779567354242,74 34 35 35 38 45 41 46 46 30 37 30 30 39 45 46 46 30 30 30 30 0D
1779567354254,74 34 35 35 38 45 41 46 46 30 37 30 30 39 45 46 46 30 30 30 30 0D
1779567354260,74 34 35 31 38 30 30 30 30 30 30 30 30 30 30 30 30 30 30 30 30 0D
1779567354269,74 34 35 35 38 45 41 46 46 30 37 30 30 39 45 46 46 30 30 30 30 0D
1779567354278,74 34 35 31 38 30 30 30 30 30 30 30 30 30 30 30 30 30 30 30 30 0D
1779567354285,74 34 35 35 38 45 41 46 46 30 37 30 30 39 45 46 46 30 30 30 30 0D
1779567354298,74 34 35 30 38 30 30 30 30 30 37 30 30 30 30 30 30 45 34 30 35 0D
1779567354311,74 34 35 31 38 30 30 30 30 30 30 30 30 30 30 30 30 30 30 30 30 0D
1779567354316,74 34 35 31 38 30 30 30 30 30 30 30 30 30 30 30 30 30 30 30 30 0D
1779567354334,74 34 35 35 38 45 41 46 46 30 37 30 30 39 46 46 46 30 30 30 30 0D
1779567354342,74 34 35 31 38 30 30 30 30 30 30 30 30 30 30 30 30 30 30 30 30 0D
1779567354356,74 34 35 35 38 45 41 46 46 30 37 30 30 39 46 46 46 30 30 30 30 0D
1779567354362,74 34 35 31 38 30 30 30 30 30 30 30 30 30 30 30 30 30 30 30 30 0D
1779567354381,74 34 35 31 38 30 30 30 30 30 30 30 30 30 30 30 30 30 30 30 30 0D
1779567354388,74 34 35 35 38 45 41 46 46 30 37 30 30 39 46 46 46 30 30 30 30 0D
1779567354399,74 34 35 30 38 30 30 30 30 30 37 30 30 30 30 30 30 45 34 30 35 0D
1779567354413,74 34 35 31 38 30 30 30 30 30 30 30 30 30 30 30 30 30 30 30 30 0D
1779567354419,74 34 35 31 38 30 30 30 30 30 30 30 30 30 30 30 30 30 30 30 30 0D
1779567354435,74 34 35 35 38 45 41 46 46 30 37 30 30 39 46 46 46 30 30 30 30 0D
1779567354440,74 34 35 31 38 30 30 30 30 30 30 30 30 30 30 30 30 30 30 30 30 0D
1779567354471,74 34 35 35 38 45 41 46 46 30 37 30 30 39 46 46 46 30 30 30 30 0D
1779567354482,74 34 35 31 38 30 30 30 30 30 30 30 30 30 30 30 30 30 30 30 30 0D
1779567354495,74 34 35 35 38 45 41 46 46 30 37 30 30 39 46 46 46 30 30 30 30 0D
1779567354503,74 34 35 30 38 30 30 30 30 30 37 30 30 30 30 30 30 45 34 30 35 0D
1779567354514,74 34 35 31 38 30 30 30 30 30 30 30 30 30 30 30 30 30 30 30 30 0D
1779567354518,74 34 35 31 38 30 30 30 30 30 30 30 30 30 30 30 30 30 30 30 30 0D
1779567354524,74 34 35 36 38 45 45 46 46 30 38 30 30 30 35 30 30 30 30 30 30 0D
1779567354538,74 34 35 31 38 30 30 30 30 30 30 30 30 30 30 30 30 30 30 30 30 0D
1779567354554,74 34 35 35 38 45 39 46 46 30 36 30 30 39 46 46 46 30 30 30 30 0D
1779567354560,74 34 35 31 38 30 30 30 30 30 30 30 30 30 30 30 30 30 30 30 30 0D
1779567354568,74 34 35 36 38 45 45 46 46 30 38 30 30 30 35 30 30 30 30 30 30 0D
1779567354578,74 34 35 31 38 30 30 30 30 30 30 30 30 30 30 30 30 30 30 30 30 0D
1779567354588,74 34 35 35 38 45 39 46 46 30 36 30 30 39 46 46 46 30 30 30 30 0D
1779567354599,74 34 35 30 38 30 30 30 30 30 37 30 30 30 30 30 30 45 34 30 35 0D
1779567354610,74 34 35 31 38 30 30 30 30 30 30 30 30 30 30 30 30 30 30 30 30 0D
1779567354618,74 34 35 31 38 30 30 30 30 30 30 30 30 30 30 30 30 30 30 30 30 0D
1779567354635,74 34 35 31 38 30 30 30 30 30 30 30 30 30 30 30 30 30 30 30 30 0D
1779567354656,74 34 35 35 38 45 39 46 46 30 36 30 30 39 46 46 46 30 30 30 30 0D
1779567354665,74 34 35 31 38 30 30 30 30 30 30 30 30 30 30 30 30 30 30 30 30 0D
1779567354670,74 34 35 35 38 45 39 46 46 30 36 30 30 39 46 46 46 30 30 30 30 0D
1779567354685,74 34 35 31 38 30 30 30 30 30 30 30 30 30 30 30 30 30 30 30 30 0D
1779567354689,74 34 35 35 38 45 39 46 46 30 36 30 30 39 46 46 46 30 30 30 30 0D
1779567354699,74 34 35 30 38 30 30 30 30 30 37 30 30 30 30 30 30 45 34 30 35 0D
1779567354710,74 34 35 31 38 30 30 30 30 30 30 30 30 30 30 30 30 30 30 30 30 0D
1779567354715,74 34 35 31 38 30 30 30 30 30 30 30 30 30 30 30 30 30 30 30 30 0D
1779567354730,74 34 35 35 38 45 41 46 46 30 37 30 30 39 46 46 46 30 30 30 30 0D
1779567354737,74 34 35 31 38 30 30 30 30 30 30 30 30 30 30 30 30 30 30 30 30 0D
1779567354748,74 34 35 35 38 45 41 46 46 30 37 30 30 39 46 46 46 30 30 30 30 0D
1779567354753,74 34 35 37 38 30 30 30 30 30 30 30 30 36 34 31 34 30 30 30 30 0D
1779567354760,74 34 35 31 38 30 30 30 30 30 30 30 30 30 30 30 30 30 30 30 30 0D
1779567354772,74 34 35 35 38 45 41 46 46 30 37 30 30 39 46 46 46 30 30 30 30 0D
1779567354780,74 34 35 31 38 30 30 30 30 30 30 30 30 30 30 30 30 30 30 30 30 0D
1779567354787,74 34 35 35 38 45 41 46 46 30 37 30 30 39 46 46 46 30 30 30 30 0D
1779567354795,74 34 35 30 38 30 30 30 30 30 37 30 30 30 30 30 30 45 34 30 35 0D
1779567354810,74 34 35 31 38 30 30 30 30 30 30 30 30 30 30 30 30 30 30 30 30 0D
1779567354816,74 34 35 31 38 30 30 30 30 30 30 30 30 30 30 30 30 30 30 30 30 0D
1779567354828,74 34 35 35 38 45 41 46 46 30 37 30 30 39 46 46 46 30 30 30 30 0D
1779567354838,74 34 35 31 38 30 30 30 30 30 30 30 30 30 30 30 30 30 30 30 30 0D
1779567354858,74 34 35 35 38 45 41 46 46 30 37 30 30 39 46 46 46 30 30 30 30 0D
1779567354864,74 34 35 31 38 30 30 30 30 30 30 30 30 30 30 30 30 30 30 30 30 0D
1779567354881,74 34 35 31 38 30 30 30 30 30 30 30 30 30 30 30 30 30 30 30 30 0D
1779567354887,74 34 35 35 38 45 41 46 46 30 37 30 30 39 46 46 46 30 30 30 30 0D
1779567354897,74 34 35 30 38 30 30 30 30 30 37 30 30 30 30 30 30 45 34 30 35 0D
1779567354912,74 34 35 31 38 30 30 30 30 30 30 30 30 30 30 30 30 30 30 30 30 0D
1779567354918,74 34 35 31 38 30 30 30 30 30 30 30 30 30 30 30 30 30 30 30 30 0D
1779567354928,74 34 35 35 38 45 41 46 46 30 37 30 30 39 45 46 46 30 30 30 30 0D
1779567354935,74 34 35 31 38 30 30 30 30 30 30 30 30 30 30 30 30 30 30 30 30 0D
1779567354953,74 34 35 35 38 45 41 46 46 30 37 30 30 39 45 46 46 30 30 30 30 0D
1779567354961,74 34 35 31 38 30 30 30 30 30 30 30 30 30 30 30 30 30 30 30 30 0D
1779567354979,74 34 35 31 38 30 30 30 30 30 30 30 30 30 30 30 30 30 30 30 30 0D
1779567354998,74 34 35 35 38 45 41 46 46 30 37 30 30 39 45 46 46 30 30 30 30 0D
1779567355004,74 34 35 30 38 30 30 30 30 30 37 30 30 30 30 30 30 45 34 30 35 0D
1779567355012,74 34 35 37 38 30 30 30 30 30 31 30 30 36 34 31 34 30 31 30 30 0D
1779567355020,74 34 35 31 38 30 30 30 30 30 30 30 30 30 30 30 30 30 30 30 30 0D
1779567355031,74 34 35 35 38 45 41 46 46 30 37 30 30 39 45 46 46 30 30 30 30 0D
1779567355037,74 34 35 31 38 30 30 30 30 30 30 30 30 30 30 30 30 30 30 30 30 0D
1779567355046,74 34 35 35 38 45 41 46 46 30 37 30 30 39 45 46 46 30 30 30 30 0D
1779567355071,74 34 35 37 38 30 30 30 30 30 30 30 30 36 34 31 34 30 30 30 30 0D
1779567355083,74 34 35 31 38 30 30 30 30 30 30 30 30 30 30 30 30 30 30 30 30 0D
1779567355091,74 34 35 35 38 45 41 46 46 30 37 30 30 39 45 46 46 30 30 30 30 0D
1779567355096,74 34 35 30 38 30 30 30 30 30 37 30 30 30 30 30 30 45 34 30 35 0D
1779567355112,74 34 35 31 38 30 30 30 30 30 30 30 30 30 30 30 30 30 30 30 30 0D
1779567355118,74 34 35 31 38 30 30 30 30 30 30 30 30 30 30 30 30 30 30 30 30 0D
1779567355127,74 34 35 35 38 45 41 46 46 30 37 30 30 39 45 46 46 30 30 30 30 0D
1779567355138,74 34 35 31 38 30 30 30 30 30 30 30 30 30 30 30 30 30 30 30 30 0D
1779567355159,74 34 35 35 38 45 41 46 46 30 37 30 30 39 45 46 46 30 30 30 30 0D 74 34 35 31 38 30 30 30 30 30 30 30 30 30 30 30 30 30 30 30 30 0D
1779567355164,74 34 35 35 38 45 41 46 46 30 37 30 30 39 45 46 46 30 30 30 30 0D
1779567355179,74 34 35 31 38 30 30 30 30 30 30 30 30 30 30 30 30 30 30 30 30 0D
1779567355193,74 34 35 35 38 45 41 46 46 30 37 30 30 39 45 46 46 30 30 30 30 0D
1779567355202,74 34 35 30 38 30 30 30 30 30 37 30 30 30 30 30 30 45 34 30 35 0D
1779567355213,74 34 35 31 38 30 30 30 30 30 30 30 30 30 30 30 30 30 30 30 30 0D
1779567355218,74 34 35 31 38 30 30 30 30 30 30 30 30 30 30 30 30 30 30 30 30 0D
1779567355232,74 34 35 35 38 45 41 46 46 30 37 30 30 39 45 46 46 30 30 30 30 0D
1779567355237,74 34 35 31 38 30 30 30 30 30 30 30 30 30 30 30 30 30 30 30 30 0D
1779567355257,74 34 35 35 38 45 41 46 46 30 37 30 30 39 45 46 46 30 30 30 30 0D
1779567355262,74 34 35 31 38 30 30 30 30 30 30 30 30 30 30 30 30 30 30 30 30 0D
1779567355265,74 34 35 36 38 45 45 46 46 30 37 30 30 30 34 30 30 30 30 30 30 0D
1779567355279,74 34 35 31 38 30 30 30 30 30 30 30 30 30 30 30 30 30 30 30 30 0D
1779567355297,74 34 35 35 38 45 41 46 46 30 37 30 30 39 45 46 46 30 30 30 30 0D
1779567355304,74 34 35 30 38 30 30 30 30 30 37 30 30 30 30 30 30 45 34 30 35 0D
1779567355309,74 34 35 31 38 30 30 30 30 30 30 30 30 30 30 30 30 30 30 30 30 0D
1779567355317,74 34 35 31 38 30 30 30 30 30 30 30 30 30 30 30 30 30 30 30 30 0D
1779567355328,74 34 35 35 38 45 41 46 46 30 37 30 30 39 46 46 46 30 30 30 30 0D
1779567355344,74 34 35 31 38 30 30 30 30 30 30 30 30 30 30 30 30 30 30 30 30 0D
1779567355358,74 34 35 35 38 45 41 46 46 30 37 30 30 39 46 46 46 30 30 30 30 0D
1779567355369,74 34 35 35 38 45 41 46 46 30 37 30 30 39 46 46 46 30 30 30 30 0D
1779567355380,74 34 35 31 38 30 30 30 30 30 30 30 30 30 30 30 30 30 30 30 30 0D
1779567355393,74 34 35 35 38 45 41 46 46 30 37 30 30 39 46 46 46 30 30 30 30 0D
1779567355397,74 34 35 30 38 30 30 30 30 30 37 30 30 30 30 30 30 45 34 30 35 0D
1779567355408,74 34 35 31 38 30 30 30 30 30 30 30 30 30 30 30 30 30 30 30 30 0D
1779567355416,74 34 35 31 38 30 30 30 30 30 30 30 30 30 30 30 30 30 30 30 30 0D
1779567355426,74 34 35 35 38 45 41 46 46 30 37 30 30 39 46 46 46 30 30 30 30 0D
1779567355434,74 34 35 31 38 30 30 30 30 30 30 30 30 30 30 30 30 30 30 30 30 0D
1779567355454,74 34 35 35 38 45 41 46 46 30 37 30 30 39 46 46 46 30 30 30 30 0D
1779567355461,74 34 35 31 38 30 30 30 30 30 30 30 30 30 30 30 30 30 30 30 30 0D
1779567355475,74 34 35 35 38 45 41 46 46 30 37 30 30 39 46 46 46 30 30 30 30 0D
1779567355486,74 34 35 31 38 30 30 30 30 30 30 30 30 30 30 30 30 30 30 30 30 0D
1779567355488,74 34 35 35 38 45 41 46 46 30 37 30 30 39 46 46 46 30 30 30 30 0D
1779567355495,74 34 35 30 38 30 30 30 30 30 37 30 30 30 30 30 30 45 34 30 35 0D
1779567355507,74 34 35 31 38 30 30 30 30 30 30 30 30 30 30 30 30 30 30 30 30 0D
1779567355519,74 34 35 31 38 30 30 30 30 30 30 30 30 30 30 30 30 30 30 30 30 0D
1779567355531,74 34 35 35 38 45 41 46 46 30 38 30 30 39 46 46 46 30 30 30 30 0D
1779567355540,74 34 35 31 38 30 30 30 30 30 30 30 30 30 30 30 30 30 30 30 30 0D
1779567355555,74 34 35 35 38 45 41 46 46 30 38 30 30 39 46 46 46 30 30 30 30 0D
1779567355560,74 34 35 31 38 30 30 30 30 30 30 30 30 30 30 30 30 30 30 30 30 0D
1779567355566,74 34 35 35 38 45 41 46 46 30 38 30 30 39 46 46 46 30 30 30 30 0D
1779567355579,74 34 35 31 38 30 30 30 30 30 30 30 30 30 30 30 30 30 30 30 30 0D
1779567355590,74 34 35 35 38 45 41 46 46 30 38 30 30 39 46 46 46 30 30 30 30 0D
1779567355596,74 34 35 30 38 30 30 30 30 30 37 30 30 30 30 30 30 45 34 30 35 0D
1779567355608,74 34 35 31 38 30 30 30 30 30 30 30 30 30 30 30 30 30 30 30 30 0D
1779567355618,74 34 35 31 38 30 30 30 30 30 30 30 30 30 30 30 30 30 30 30 30 0D
1779567355632,74 34 35 35 38 45 41 46 46 30 38 30 30 39 46 46 46 30 30 30 30 0D
1779567355637,74 34 35 31 38 30 30 30 30 30 30 30 30 30 30 30 30 30 30 30 30 0D
1779567355649,74 34 35 35 38 45 41 46 46 30 38 30 30 39 46 46 46 30 30 30 30 0D
1779567355658,74 34 35 37 38 30 30 30 30 30 31 30 30 36 34 31 34 30 30 30 30 0D
1779567355667,74 34 35 35 38 45 41 46 46 30 38 30 30 39 46 46 46 30 30 30 30 0D
1779567355677,74 34 35 31 38 30 30 30 30 30 30 30 30 30 30 30 30 30 30 30 30 0D
1779567355690,74 34 35 35 38 45 41 46 46 30 38 30 30 39 46 46 46 30 30 30 30 0D
1779567355695,74 34 35 30 38 30 30 30 30 30 37 30 30 30 30 30 30 45 34 30 35 0D
1779567355711,74 34 35 31 38 30 30 30 30 30 30 30 30 30 30 30 30 30 30 30 30 0D
1779567355716,74 34 35 31 38 30 30 30 30 30 30 30 30 30 30 30 30 30 30 30 30 0D
1779567355725,74 34 35 35 38 45 41 46 46 30 37 30 30 39 46 46 46 30 30 30 30 0D
1779567355755,74 34 35 31 38 30 30 30 30 30 30 30 30 30 30 30 30 30 30 30 30 0D
1779567355771,74 34 35 35 38 45 41 46 46 30 37 30 30 39 46 46 46 30 30 30 30 0D
1779567355784,74 34 35 31 38 30 30 30 30 30 30 30 30 30 30 30 30 30 30 30 30 0D
1779567355796,74 34 35 30 38 30 30 30 30 30 37 30 30 30 30 30 30 45 34 30 35 0D
1779567355810,74 34 35 31 38 30 30 30 30 30 30 30 30 30 30 30 30 30 30 30 30 0D
1779567355815,74 34 35 31 38 30 30 30 30 30 30 30 30 30 30 30 30 30 30 30 30 0D
1779567355825,74 34 35 35 38 45 41 46 46 30 37 30 30 39 46 46 46 30 30 30 30 0D
1779567355842,74 34 35 31 38 30 30 30 30 30 30 30 30 30 30 30 30 30 30 30 30 0D
1779567355857,74 34 35 37 38 30 30 30 30 30 30 30 30 36 34 31 34 30 30 30 30 0D
1779567355867,74 34 35 39 38 41 42 41 34 42 45 31 36 46 39 31 41 30 33 42 37 0D
1779567355882,74 34 35 31 38 30 30 30 30 30 30 30 30 30 30 30 30 30 30 30 30 0D
1779567355892,74 34 35 35 38 45 41 46 46 30 37 30 30 39 46 46 46 30 30 30 30 0D
1779567355898,74 34 35 30 38 30 30 30 30 30 37 30 30 30 30 30 30 45 34 30 35 0D
1779567355910,74 34 35 31 38 30 30 30 30 30 30 30 30 30 30 30 30 30 30 30 30 0D
1779567355917,74 34 35 31 38 30 30 30 30 30 30 30 30 30 30 30 30 30 30 30 30 0D
1779567355926,74 34 35 35 38 45 42 46 46 30 39 30 30 39 44 46 46 30 30 30 30 0D
1779567355942,74 34 35 31 38 30 30 30 30 30 30 30 30 30 30 30 30 30 30 30 30 0D
1779567355955,74 34 35 35 38 45 42 46 46 30 39 30 30 39 44 46 46 30 30 30 30 0D
1779567355962,74 34 35 31 38 30 30 30 30 30 30 30 30 30 30 30 30 30 30 30 30 0D
1779567355982,74 34 35 31 38 30 30 30 30 30 30 30 30 30 30 30 30 30 30 30 30 0D
1779567355993,74 34 35 35 38 45 42 46 46 30 39 30 30 39 44 46 46 30 30 30 30 0D
1779567355998,74 34 35 30 38 30 30 30 30 30 37 30 30 30 30 30 30 45 34 30 35 0D
1779567356008,74 34 35 31 38 30 30 30 30 30 30 30 30 30 30 30 30 30 30 30 30 0D
1779567356016,74 34 35 31 38 30 30 30 30 30 30 30 30 30 30 30 30 30 30 30 30 0D
1779567356029,74 34 35 35 38 45 42 46 46 30 39 30 30 39 44 46 46 30 30 30 30 0D
1779567356034,74 34 35 31 38 30 30 30 30 30 30 30 30 30 30 30 30 30 30 30 30 0D
1779567356054,74 34 35 35 38 45 42 46 46 30 39 30 30 39 44 46 46 30 30 30 30 0D
1779567356063,74 34 35 31 38 30 30 30 30 30 30 30 30 30 30 30 30 30 30 30 30 0D
1779567356069,74 34 35 36 38 45 44 46 46 30 38 30 30 30 34 30 30 30 30 30 30 0D
1779567356080,74 34 35 31 38 30 30 30 30 30 30 30 30 30 30 30 30 30 30 30 30 0D
1779567356090,74 34 35 35 38 45 42 46 46 30 39 30 30 39 44 46 46 30 30 30 30 0D
1779567356095,74 34 35 30 38 30 30 30 30 30 37 30 30 30 30 30 30 45 34 30 35 0D
1779567356110,74 34 35 31 38 30 30 30 30 30 30 30 30 30 30 30 30 30 30 30 30 0D
1779567356119,74 34 35 31 38 30 30 30 30 30 30 30 30 30 30 30 30 30 30 30 30 0D
1779567356137,74 34 35 35 38 45 41 46 46 30 37 30 30 39 46 46 46 30 30 30 30 0D
1779567356144,74 34 35 31 38 30 30 30 30 30 30 30 30 30 30 30 30 30 30 30 30 0D
1779567356149,74 34 35 37 38 30 30 30 30 30 30 30 30 36 34 31 34 30 30 30 30 0D
1779567356161,74 34 35 31 38 30 30 30 30 30 30 30 30 30 30 30 30 30 30 30 30 0D
1779567356179,74 34 35 31 38 30 30 30 30 30 30 30 30 30 30 30 30 30 30 30 30 0D
1779567356188,74 34 35 35 38 45 41 46 46 30 37 30 30 39 46 46 46 30 30 30 30 0D
1779567356196,74 34 35 30 38 30 30 30 30 30 37 30 30 30 30 30 30 45 34 30 35 0D
1779567356210,74 34 35 31 38 30 30 30 30 30 30 30 30 30 30 30 30 30 30 30 30 0D
1779567356218,74 34 35 31 38 30 30 30 30 30 30 30 30 30 30 30 30 30 30 30 30 0D
1779567356230,74 34 35 35 38 45 41 46 46 30 37 30 30 39 46 46 46 30 30 30 30 0D
1779567356240,74 34 35 31 38 30 30 30 30 30 30 30 30 30 30 30 30 30 30 30 30 0D
1779567356259,74 34 35 35 38 45 41 46 46 30 37 30 30 39 46 46 46 30 30 30 30 0D
1779567356265,74 34 35 31 38 30 30 30 30 30 30 30 30 30 30 30 30 30 30 30 30 0D
1779567356270,74 34 35 36 38 45 44 46 46 30 37 30 30 30 34 30 30 30 30 30 30 0D
1779567356277,74 34 35 31 38 30 30 30 30 30 30 30 30 30 30 30 30 30 30 30 30 0D
1779567356289,74 34 35 35 38 45 41 46 46 30 37 30 30 39 46 46 46 30 30 30 30 0D
1779567356298,74 34 35 30 38 30 30 30 30 30 37 30 30 30 30 30 30 45 34 30 35 0D
1779567356307,74 34 35 31 38 30 30 30 30 30 30 30 30 30 30 30 30 30 30 30 30 0D
1779567356321,74 34 35 31 38 30 30 30 30 30 30 30 30 30 30 30 30 30 30 30 30 0D
1779567356330,74 34 35 35 38 45 41 46 46 30 37 30 30 39 45 46 46 30 30 30 30 0D
1779567356340,74 34 35 31 38 30 30 30 30 30 30 30 30 30 30 30 30 30 30 30 30 0D
1779567356365,74 34 35 35 38 45 41 46 46 30 37 30 30 39 45 46 46 30 30 30 30 0D
1779567356373,74 34 35 31 38 30 30 30 30 30 30 30 30 30 30 30 30 30 30 30 30 0D
1779567356383,74 34 35 31 38 30 30 30 30 30 30 30 30 30 30 30 30 30 30 30 30 0D
1779567356389,74 34 35 35 38 45 41 46 46 30 37 30 30 39 45 46 46 30 30 30 30 0D
1779567356398,74 34 35 30 38 30 30 30 30 30 37 30 30 30 30 30 30 45 34 30 35 0D
1779567356409,74 34 35 31 38 30 30 30 30 30 30 30 30 30 30 30 30 30 30 30 30 0D
1779567356424,74 34 35 31 38 30 30 30 30 30 30 30 30 30 30 30 30 30 30 30 30 0D
1779567356446,74 34 35 35 38 45 41 46 46 30 37 30 30 39 45 46 46 30 30 30 30 0D
1779567356451,74 34 35 37 38 30 30 30 30 30 31 30 30 36 34 31 34 30 30 30 30 0D
1779567356456,74 34 35 31 38 30 30 30 30 30 30 30 30 30 30 30 30 30 30 30 30 0D
1779567356465,74 34 35 36 38 45 44 46 46 30 37 30 30 30 34 30 30 30 30 30 30 0D
1779567356477,74 34 35 31 38 30 30 30 30 30 30 30 30 30 30 30 30 30 30 30 30 0D
1779567356496,74 34 35 35 38 45 41 46 46 30 37 30 30 39 45 46 46 30 30 30 30 0D
1779567356502,74 34 35 30 38 30 30 30 30 30 37 30 30 30 30 30 30 45 34 30 35 0D
1779567356511,74 34 35 31 38 30 30 30 30 30 30 30 30 30 30 30 30 30 30 30 30 0D
1779567356516,74 34 35 31 38 30 30 30 30 30 30 30 30 30 30 30 30 30 30 30 30 0D
1779567356529,74 34 35 35 38 45 41 46 46 30 37 30 30 39 46 46 46 30 30 30 30 0D
1779567356539,74 34 35 31 38 30 30 30 30 30 30 30 30 30 30 30 30 30 30 30 30 0D
1779567356547,74 34 35 35 38 45 41 46 46 30 37 30 30 39 46 46 46 30 30 30 30 0D
1779567356574,74 34 35 37 38 30 30 30 30 30 31 30 30 36 34 31 34 30 30 30 30 0D
1779567356582,74 34 35 31 38 30 30 30 30 30 30 30 30 30 30 30 30 30 30 30 30 0D
1779567356589,74 34 35 35 38 45 41 46 46 30 37 30 30 39 46 46 46 30 30 30 30 0D
1779567356596,74 34 35 30 38 30 30 30 30 30 37 30 30 30 30 30 30 45 34 30 35 0D
1779567356610,74 34 35 31 38 30 30 30 30 30 30 30 30 30 30 30 30 30 30 30 30 0D
1779567356624,74 34 35 31 38 30 30 30 30 30 30 30 30 30 30 30 30 30 30 30 30 0D
1779567356638,74 34 35 35 38 45 41 46 46 30 37 30 30 39 46 46 46 30 30 30 30 0D
1779567356659,74 34 35 35 38 45 41 46 46 30 37 30 30 39 46 46 46 30 30 30 30 0D
1779567356677,74 34 35 31 38 30 30 30 30 30 30 30 30 30 30 30 30 30 30 30 30 0D
1779567356680,74 34 35 31 38 30 30 30 30 30 30 30 30 30 30 30 30 30 30 30 30 0D
1779567356686,74 34 35 35 38 45 41 46 46 30 37 30 30 39 46 46 46 30 30 30 30 0D
1779567356696,74 34 35 30 38 30 30 30 30 30 37 30 30 30 30 30 30 45 34 30 35 0D
1779567356706,74 34 35 31 38 30 30 30 30 30 30 30 30 30 30 30 30 30 30 30 30 0D
1779567356720,74 34 35 31 38 30 30 30 30 30 30 30 30 30 30 30 30 30 30 30 30 0D
1779567356728,74 34 35 35 38 45 39 46 46 30 37 30 30 39 46 46 46 30 30 30 30 0D
1779567356742,74 34 35 31 38 30 30 30 30 30 30 30 30 30 30 30 30 30 30 30 30 0D
1779567356772,74 34 35 35 38 45 39 46 46 30 37 30 30 39 46 46 46 30 30 30 30 0D
1779567356778,74 34 35 31 38 30 30 30 30 30 30 30 30 30 30 30 30 30 30 30 30 0D
1779567356791,74 34 35 35 38 45 39 46 46 30 37 30 30 39 46 46 46 30 30 30 30 0D
1779567356802,74 34 35 30 38 30 30 30 30 30 37 30 30 30 30 30 30 45 34 30 35 0D
1779567356806,74 34 35 31 38 30 30 30 30 30 30 30 30 30 30 30 30 30 30 30 30 0D
1779567356820,74 34 35 31 38 30 30 30 30 30 30 30 30 30 30 30 30 30 30 30 30 0D
1779567356829,74 34 35 35 38 45 39 46 46 30 37 30 30 39 46 46 46 30 30 30 30 0D
1779567356837,74 34 35 31 38 30 30 30 30 30 30 30 30 30 30 30 30 30 30 30 30 0D
1779567356857,74 34 35 35 38 45 39 46 46 30 37 30 30 39 46 46 46 30 30 30 30 0D
1779567356866,74 34 35 31 38 30 30 30 30 30 30 30 30 30 30 30 30 30 30 30 30 0D
1779567356873,74 34 35 35 38 45 39 46 46 30 37 30 30 39 46 46 46 30 30 30 30 0D
1779567356878,74 34 35 31 38 30 30 30 30 30 30 30 30 30 30 30 30 30 30 30 30 0D
1779567356892,74 34 35 35 38 45 39 46 46 30 37 30 30 39 46 46 46 30 30 30 30 0D
1779567356897,74 34 35 30 38 30 30 30 30 30 37 30 30 30 30 30 30 45 34 30 35 0D
1779567356917,74 34 35 31 38 30 30 30 30 30 30 30 30 30 30 30 30 30 30 30 30 0D
1779567356924,74 34 35 31 38 30 30 30 30 30 30 30 30 30 30 30 30 30 30 30 30 0D
1779567356928,74 34 35 36 38 45 45 46 46 30 37 30 30 30 34 30 30 30 30 30 30 0D
1779567356937,74 34 35 31 38 30 30 30 30 30 30 30 30 30 30 30 30 30 30 30 30 0D
1779567356956,74 34 35 35 38 45 41 46 46 30 37 30 30 39 46 46 46 30 30 30 30 0D
1779567356962,74 34 35 31 38 30 30 30 30 30 30 30 30 30 30 30 30 30 30 30 30 0D
1779567356972,74 34 35 35 38 45 41 46 46 30 37 30 30 39 46 46 46 30 30 30 30 0D
1779567356978,74 34 35 31 38 30 30 30 30 30 30 30 30 30 30 30 30 30 30 30 30 0D
1779567356987,74 34 35 35 38 45 41 46 46 30 37 30 30 39 46 46 46 30 30 30 30 0D
1779567356997,74 34 35 30 38 30 30 30 30 30 37 30 30 30 30 30 30 45 34 30 35 0D
1779567357011,74 34 35 31 38 30 30 30 30 30 30 30 30 30 30 30 30 30 30 30 30 0D
1779567357020,74 34 35 31 38 30 30 30 30 30 30 30 30 30 30 30 30 30 30 30 30 0D
1779567357028,74 34 35 35 38 45 41 46 46 30 37 30 30 39 46 46 46 30 30 30 30 0D
1779567357037,74 34 35 31 38 30 30 30 30 30 30 30 30 30 30 30 30 30 30 30 30 0D
1779567357054,74 34 35 35 38 45 41 46 46 30 37 30 30 39 46 46 46 30 30 30 30 0D
1779567357059,74 34 35 31 38 30 30 30 30 30 30 30 30 30 30 30 30 30 30 30 30 0D
1779567357068,74 34 35 35 38 45 41 46 46 30 37 30 30 39 46 46 46 30 30 30 30 0D
1779567357076,74 34 35 31 38 30 30 30 30 30 30 30 30 30 30 30 30 30 30 30 30 0D
1779567357081,74 34 35 35 38 45 41 46 46 30 37 30 30 39 46 46 46 30 30 30 30 0D
1779567357089,74 34 35 36 38 45 45 46 46 30 37 30 30 30 34 30 30 30 30 30 30 0D
1779567357093,74 34 35 30 38 30 30 30 30 30 37 30 30 30 30 30 30 45 34 30 35 0D
1779567357103,74 34 35 31 38 30 30 30 30 30 30 30 30 30 30 30 30 30 30 30 30 0D
1779567357120,74 34 35 31 38 30 30 30 30 30 30 30 30 30 30 30 30 30 30 30 30 0D
1779567357129,74 34 35 35 38 45 41 46 46 30 38 30 30 39 46 46 46 30 30 30 30 0D
1779567357136,74 34 35 31 38 30 30 30 30 30 30 30 30 30 30 30 30 30 30 30 30 0D
1779567357162,74 34 35 35 38 45 41 46 46 30 38 30 30 39 46 46 46 30 30 30 30 0D
1779567357176,74 34 35 31 38 30 30 30 30 30 30 30 30 30 30 30 30 30 30 30 30 0D
1779567357185,74 34 35 35 38 45 41 46 46 30 38 30 30 39 46 46 46 30 30 30 30 0D
1779567357195,74 34 35 30 38 30 30 30 30 30 37 30 30 30 30 30 30 45 34 30 35 0D
1779567357208,74 34 35 31 38 30 30 30 30 30 30 30 30 30 30 30 30 30 30 30 30 0D
1779567357222,74 34 35 31 38 30 30 30 30 30 30 30 30 30 30 30 30 30 30 30 30 0D
1779567357226,74 34 35 35 38 45 41 46 46 30 38 30 30 39 46 46 46 30 30 30 30 0D
1779567357249,74 34 35 31 38 30 30 30 30 30 30 30 30 30 30 30 30 30 30 30 30 0D
1779567357266,74 34 35 35 38 45 41 46 46 30 38 30 30 39 46 46 46 30 30 30 30 0D
1779567357277,74 34 35 31 38 30 30 30 30 30 30 30 30 30 30 30 30 30 30 30 30 0D
1779567357289,74 34 35 35 38 45 41 46 46 30 38 30 30 39 46 46 46 30 30 30 30 0D
1779567357296,74 34 35 30 38 30 30 30 30 30 37 30 30 30 30 30 30 45 34 30 35 0D
1779567357315,74 34 35 31 38 30 30 30 30 30 30 30 30 30 30 30 30 30 30 30 30 0D
1779567357323,74 34 35 31 38 30 30 30 30 30 30 30 30 30 30 30 30 30 30 30 30 0D
1779567357338,74 34 35 35 38 45 41 46 46 30 37 30 30 39 46 46 46 30 30 30 30 0D
1779567357343,74 34 35 31 38 30 30 30 30 30 30 30 30 30 30 30 30 30 30 30 30 0D
1779567357353,74 34 35 37 38 30 30 30 30 30 30 30 30 36 34 31 34 30 30 30 30 0D
1779567357359,74 34 35 39 38 41 31 41 34 42 45 31 36 30 43 31 42 30 33 42 37 0D
1779567357370,74 34 35 31 38 30 30 30 30 30 30 30 30 30 30 30 30 30 30 30 30 0D
1779567357378,74 34 35 31 38 30 30 30 30 30 30 30 30 30 30 30 30 30 30 30 30 0D
1779567357384,74 34 35 35 38 45 41 46 46 30 37 30 30 39 46 46 46 30 30 30 30 0D
1779567357400,74 34 35 30 38 30 30 30 30 30 37 30 30 30 30 30 30 45 34 30 35 0D
1779567357409,74 34 35 31 38 30 30 30 30 30 30 30 30 30 30 30 30 30 30 30 30 0D
1779567357419,74 34 35 31 38 30 30 30 30 30 30 30 30 30 30 30 30 30 30 30 30 0D
1779567357429,74 34 35 35 38 45 41 46 46 30 37 30 30 39 46 46 46 30 30 30 30 0D
1779567357441,74 34 35 31 38 30 30 30 30 30 30 30 30 30 30 30 30 30 30 30 30 0D
1779567357454,74 34 35 35 38 45 41 46 46 30 37 30 30 39 46 46 46 30 30 30 30 0D
1779567357468,74 34 35 39 38 41 30 41 34 42 45 31 36 30 43 31 42 30 33 42 37 0D
1779567357480,74 34 35 31 38 30 30 30 30 30 30 30 30 30 30 30 30 30 30 30 30 0D
1779567357488,74 34 35 35 38 45 41 46 46 30 37 30 30 39 46 46 46 30 30 30 30 0D
1779567357502,74 34 35 30 38 30 30 30 30 30 37 30 30 30 30 30 30 45 34 30 35 0D
1779567357519,74 34 35 31 38 30 30 30 30 30 30 30 30 30 30 30 30 30 30 30 30 0D
1779567357531,74 34 35 35 38 45 41 46 46 30 37 30 30 39 46 46 46 30 30 30 30 0D
1779567357541,74 34 35 31 38 30 30 30 30 30 30 30 30 30 30 30 30 30 30 30 30 0D
1779567357550,74 34 35 35 38 45 41 46 46 30 37 30 30 39 46 46 46 30 30 30 30 0D
1779567357557,74 34 35 39 38 41 30 41 34 42 45 31 36 30 43 31 42 30 33 42 37 0D
1779567357568,74 34 35 35 38 45 41 46 46 30 37 30 30 39 46 46 46 30 30 30 30 0D
1779567357575,74 34 35 31 38 30 30 30 30 30 30 30 30 30 30 30 30 30 30 30 30 0D
1779567357587,74 34 35 35 38 45 41 46 46 30 37 30 30 39 46 46 46 30 30 30 30 0D
1779567357600,74 34 35 30 38 30 30 30 30 30 37 30 30 30 30 30 30 45 34 30 35 0D
1779567357617,74 34 35 31 38 30 30 30 30 30 30 30 30 30 30 30 30 30 30 30 30 0D
1779567357619,74 34 35 31 38 30 30 30 30 30 30 30 30 30 30 30 30 30 30 30 30 0D
1779567357641,74 34 35 31 38 30 30 30 30 30 30 30 30 30 30 30 30 30 30 30 30 0D
1779567357654,74 34 35 35 38 45 41 46 46 30 37 30 30 39 46 46 46 30 30 30 30 0D
1779567357661,74 34 35 31 38 30 30 30 30 30 30 30 30 30 30 30 30 30 30 30 30 0D
1779567357668,74 34 35 35 38 45 41 46 46 30 37 30 30 39 46 46 46 30 30 30 30 0D
1779567357675,74 34 35 31 38 30 30 30 30 30 30 30 30 30 30 30 30 30 30 30 30 0D
1779567357686,74 34 35 35 38 45 41 46 46 30 37 30 30 39 46 46 46 30 30 30 30 0D
1779567357701,74 34 35 30 38 30 30 30 30 30 37 30 30 30 30 30 30 45 34 30 35 0D
1779567357710,74 34 35 31 38 30 30 30 30 30 30 30 30 30 30 30 30 30 30 30 30 0D
1779567357721,74 34 35 31 38 30 30 30 30 30 30 30 30 30 30 30 30 30 30 30 30 0D
1779567357726,74 34 35 35 38 45 41 46 46 30 37 30 30 39 46 46 46 30 30 30 30 0D
1779567357737,74 34 35 31 38 30 30 30 30 30 30 30 30 30 30 30 30 30 30 30 30 0D
1779567357752,74 34 35 35 38 45 41 46 46 30 37 30 30 39 46 46 46 30 30 30 30 0D
1779567357757,74 34 35 31 38 30 30 30 30 30 30 30 30 30 30 30 30 30 30 30 30 0D
1779567357766,74 34 35 35 38 45 41 46 46 30 37 30 30 39 46 46 46 30 30 30 30 0D
1779567357776,74 34 35 31 38 30 30 30 30 30 30 30 30 30 30 30 30 30 30 30 30 0D
1779567357784,74 34 35 35 38 45 41 46 46 30 37 30 30 39 46 46 46 30 30 30 30 0D
1779567357802,74 34 35 30 38 30 30 30 30 30 37 30 30 30 30 30 30 45 34 30 35 0D
1779567357817,74 34 35 31 38 30 30 30 30 30 30 30 30 30 30 30 30 30 30 30 30 0D
1779567357824,74 34 35 31 38 30 30 30 30 30 30 30 30 30 30 30 30 30 30 30 30 0D
1779567357842,74 34 35 31 38 30 30 30 30 30 30 30 30 30 30 30 30 30 30 30 30 0D
1779567357860,74 34 35 35 38 45 41 46 46 30 37 30 30 39 46 46 46 30 30 30 30 0D
1779567357868,74 34 35 31 38 30 30 30 30 30 30 30 30 30 30 30 30 30 30 30 30 0D
1779567357875,74 34 35 36 38 45 45 46 46 30 38 30 30 30 35 30 30 30 30 30 30 0D
1779567357886,74 34 35 31 38 30 30 30 30 30 30 30 30 30 30 30 30 30 30 30 30 0D
1779567357900,74 34 35 30 38 30 30 30 30 30 37 30 30 30 30 30 30 45 34 30 35 0D
1779567357905,74 34 35 31 38 30 30 30 30 30 30 30 30 30 30 30 30 30 30 30 30 0D
1779567357918,74 34 35 31 38 30 30 30 30 30 30 30 30 30 30 30 30 30 30 30 30 0D
1779567357936,74 34 35 35 38 45 41 46 46 30 37 30 30 39 46 46 46 30 30 30 30 0D
1779567357941,74 34 35 31 38 30 30 30 30 30 30 30 30 30 30 30 30 30 30 30 30 0D
1779567357944,74 34 35 35 38 45 41 46 46 30 37 30 30 39 46 46 46 30 30 30 30 0D
1779567357951,74 34 35 37 38 30 30 30 30 30 30 30 30 36 34 31 34 30 30 30 30 0D
1779567357961,74 34 35 39 38 39 45 41 34 42 45 31 36 30 42 31 42 30 33 42 37 0D
1779567357966,74 34 35 35 38 45 41 46 46 30 37 30 30 39 46 46 46 30 30 30 30 0D
1779567357977,74 34 35 31 38 30 30 30 30 30 30 30 30 30 30 30 30 30 30 30 30 0D
1779567357987,74 34 35 35 38 45 41 46 46 30 37 30 30 39 46 46 46 30 30 30 30 0D
1779567358004,74 34 35 30 38 30 30 30 30 30 37 30 30 30 30 30 30 45 34 30 35 0D
1779567358010,74 34 35 31 38 30 30 30 30 30 30 30 30 30 30 30 30 30 30 30 30 0D
1779567358019,74 34 35 31 38 30 30 30 30 30 30 30 30 30 30 30 30 30 30 30 30 0D
1779567358031,74 34 35 36 38 45 45 46 46 30 38 30 30 30 35 30 30 30 30 30 30 0D
1779567358037,74 34 35 31 38 30 30 30 30 30 30 30 30 30 30 30 30 30 30 30 30 0D
1779567358053,74 34 35 35 38 45 41 46 46 30 37 30 30 39 46 46 46 30 30 30 30 0D
1779567358059,74 34 35 31 38 30 30 30 30 30 30 30 30 30 30 30 30 30 30 30 30 0D
1779567358067,74 34 35 36 38 45 45 46 46 30 38 30 30 30 35 30 30 30 30 30 30 0D
1779567358084,74 34 35 31 38 30 30 30 30 30 30 30 30 30 30 30 30 30 30 30 30 0D
1779567358089,74 34 35 35 38 45 41 46 46 30 37 30 30 39 46 46 46 30 30 30 30 0D
1779567358093,74 34 35 36 38 45 45 46 46 30 38 30 30 30 35 30 30 30 30 30 30 0D
1779567358102,74 34 35 30 38 30 30 30 30 30 37 30 30 30 30 30 30 45 34 30 35 0D
1779567358121,74 34 35 31 38 30 30 30 30 30 30 30 30 30 30 30 30 30 30 30 30 0D
1779567358125,74 34 35 31 38 30 30 30 30 30 30 30 30 30 30 30 30 30 30 30 30 0D
1779567358142,74 34 35 31 38 30 30 30 30 30 30 30 30 30 30 30 30 30 30 30 30 0D
1779567358158,74 34 35 35 38 45 39 46 46 30 37 30 30 39 46 46 46 30 30 30 30 0D
1779567358165,74 34 35 31 38 30 30 30 30 30 30 30 30 30 30 30 30 30 30 30 30 0D
1779567358169,74 34 35 35 38 45 39 46 46 30 37 30 30 39 46 46 46 30 30 30 30 0D
1779567358176,74 34 35 31 38 30 30 30 30 30 30 30 30 30 30 30 30 30 30 30 30 0D
1779567358188,74 34 35 35 38 45 39 46 46 30 37 30 30 39 46 46 46 30 30 30 30 0D
1779567358198,74 34 35 30 38 30 30 30 30 30 37 30 30 30 30 30 30 45 34 30 35 0D
1779567358215,74 34 35 31 38 30 30 30 30 30 30 30 30 30 30 30 30 30 30 30 30 0D
1779567358221,74 34 35 31 38 30 30 30 30 30 30 30 30 30 30 30 30 30 30 30 30 0D
1779567358233,74 34 35 35 38 45 39 46 46 30 37 30 30 39 46 46 46 30 30 30 30 0D
1779567358239,74 34 35 31 38 30 30 30 30 30 30 30 30 30 30 30 30 30 30 30 30 0D
1779567358254,74 34 35 35 38 45 39 46 46 30 37 30 30 39 46 46 46 30 30 30 30 0D
1779567358260,74 34 35 31 38 30 30 30 30 30 30 30 30 30 30 30 30 30 30 30 30 0D
1779567358270,74 34 35 35 38 45 39 46 46 30 37 30 30 39 46 46 46 30 30 30 30 0D
1779567358289,74 34 35 31 38 30 30 30 30 30 30 30 30 30 30 30 30 30 30 30 30 0D
1779567358296,74 34 35 35 38 45 39 46 46 30 37 30 30 39 46 46 46 30 30 30 30 0D
1779567358302,74 34 35 30 38 30 30 30 30 30 37 30 30 30 30 30 30 45 34 30 35 0D
1779567358305,74 34 35 31 38 30 30 30 30 30 30 30 30 30 30 30 30 30 30 30 30 0D
1779567358317,74 34 35 31 38 30 30 30 30 30 30 30 30 30 30 30 30 30 30 30 30 0D
1779567358332,74 34 35 35 38 45 41 46 46 30 37 30 30 39 46 46 46 30 30 30 30 0D
1779567358338,74 34 35 31 38 30 30 30 30 30 30 30 30 30 30 30 30 30 30 30 30 0D
1779567358351,74 34 35 35 38 45 41 46 46 30 37 30 30 39 46 46 46 30 30 30 30 0D
1779567358368,74 34 35 37 38 30 30 30 30 30 30 30 30 36 34 31 34 30 30 30 30 0D
1779567358375,74 34 35 31 38 30 30 30 30 30 30 30 30 30 30 30 30 30 30 30 30 0D
1779567358386,74 34 35 35 38 45 41 46 46 30 37 30 30 39 46 46 46 30 30 30 30 0D
1779567358397,74 34 35 30 38 30 30 30 30 30 37 30 30 30 30 30 30 45 34 30 35 0D
1779567358413,74 34 35 31 38 30 30 30 30 30 30 30 30 30 30 30 30 30 30 30 30 0D
1779567358420,74 34 35 31 38 30 30 30 30 30 30 30 30 30 30 30 30 30 30 30 30 0D
1779567358429,74 34 35 35 38 45 41 46 46 30 37 30 30 39 46 46 46 30 30 30 30 0D
1779567358436,74 34 35 31 38 30 30 30 30 30 30 30 30 30 30 30 30 30 30 30 30 0D
1779567358459,74 34 35 35 38 45 41 46 46 30 37 30 30 39 46 46 46 30 30 30 30 0D
1779567358466,74 34 35 31 38 30 30 30 30 30 30 30 30 30 30 30 30 30 30 30 30 0D
1779567358481,74 34 35 31 38 30 30 30 30 30 30 30 30 30 30 30 30 30 30 30 30 0D
1779567358486,74 34 35 35 38 45 41 46 46 30 37 30 30 39 46 46 46 30 30 30 30 0D
1779567358498,74 34 35 30 38 30 30 30 30 30 37 30 30 30 30 30 30 45 34 30 35 0D
1779567358512,74 34 35 31 38 30 30 30 30 30 30 30 30 30 30 30 30 30 30 30 30 0D
1779567358518,74 34 35 31 38 30 30 30 30 30 30 30 30 30 30 30 30 30 30 30 30 0D
1779567358527,74 34 35 35 38 45 41 46 46 30 37 30 30 39 45 46 46 30 30 30 30 0D
1779567358540,74 34 35 31 38 30 30 30 30 30 30 30 30 30 30 30 30 30 30 30 30 0D
1779567358549,74 34 35 35 38 45 41 46 46 30 37 30 30 39 45 46 46 30 30 30 30 0D
1779567358573,74 34 35 37 38 30 30 30 30 30 31 30 30 36 34 31 34 30 30 30 30 0D
1779567358586,74 34 35 31 38 30 30 30 30 30 30 30 30 30 30 30 30 30 30 30 30 0D
1779567358593,74 34 35 35 38 45 41 46 46 30 37 30 30 39 45 46 46 30 30 30 30 0D
1779567358598,74 34 35 30 38 30 30 30 30 30 37 30 30 30 30 30 30 45 34 30 35 0D
1779567358608,74 34 35 31 38 30 30 30 30 30 30 30 30 30 30 30 30 30 30 30 30 0D
1779567358620,74 34 35 31 38 30 30 30 30 30 30 30 30 30 30 30 30 30 30 30 30 0D
1779567358630,74 34 35 35 38 45 41 46 46 30 37 30 30 39 45 46 46 30 30 30 30 0D
1779567358636,74 34 35 31 38 30 30 30 30 30 30 30 30 30 30 30 30 30 30 30 30 0D
1779567358676,74 34 35 35 38 45 41 46 46 30 37 30 30 39 45 46 46 30 30 30 30 0D
1779567358684,74 34 35 31 38 30 30 30 30 30 30 30 30 30 30 30 30 30 30 30 30 0D
1779567358688,74 34 35 35 38 45 41 46 46 30 37 30 30 39 45 46 46 30 30 30 30 0D
1779567358698,74 34 35 30 38 30 30 30 30 30 37 30 30 30 30 30 30 45 34 30 35 0D
1779567358721,74 34 35 31 38 30 30 30 30 30 30 30 30 30 30 30 30 30 30 30 30 0D
1779567358734,74 34 35 31 38 30 30 30 30 30 30 30 30 30 30 30 30 30 30 30 30 0D
1779567358739,74 34 35 31 38 30 30 30 30 30 30 30 30 30 30 30 30 30 30 30 30 0D
1779567358772,74 34 35 35 38 45 41 46 46 30 37 30 30 39 46 46 46 30 30 30 30 0D
1779567358783,74 34 35 31 38 30 30 30 30 30 30 30 30 30 30 30 30 30 30 30 30 0D
1779567358790,74 34 35 35 38 45 41 46 46 30 37 30 30 39 46 46 46 30 30 30 30 0D
1779567358801,74 34 35 30 38 30 30 30 30 30 37 30 30 30 30 30 30 45 34 30 35 0D
1779567358813,74 34 35 31 38 30 30 30 30 30 30 30 30 30 30 30 30 30 30 30 30 0D
1779567358821,74 34 35 31 38 30 30 30 30 30 30 30 30 30 30 30 30 30 30 30 30 0D
1779567358832,74 34 35 35 38 45 41 46 46 30 37 30 30 39 46 46 46 30 30 30 30 0D
1779567358836,74 34 35 31 38 30 30 30 30 30 30 30 30 30 30 30 30 30 30 30 30 0D
1779567358876,74 34 35 35 38 45 41 46 46 30 37 30 30 39 46 46 46 30 30 30 30 0D
1779567358883,74 34 35 31 38 30 30 30 30 30 30 30 30 30 30 30 30 30 30 30 30 0D
1779567358897,74 34 35 35 38 45 41 46 46 30 37 30 30 39 46 46 46 30 30 30 30 0D
1779567358911,74 34 35 31 38 30 30 30 30 30 30 30 30 30 30 30 30 30 30 30 30 0D
1779567358919,74 34 35 31 38 30 30 30 30 30 30 30 30 30 30 30 30 30 30 30 30 0D
1779567358929,74 34 35 35 38 45 41 46 46 30 37 30 30 39 46 46 46 30 30 30 30 0D
1779567358938,74 34 35 31 38 30 30 30 30 30 30 30 30 30 30 30 30 30 30 30 30 0D
1779567358952,74 34 35 35 38 45 41 46 46 30 37 30 30 39 46 46 46 30 30 30 30 0D
1779567358969,74 34 35 39 38 39 39 41 34 42 45 31 36 30 44 31 42 30 33 42 37 0D
1779567358978,74 34 35 31 38 30 30 30 30 30 30 30 30 30 30 30 30 30 30 30 30 0D
1779567358989,74 34 35 35 38 45 41 46 46 30 37 30 30 39 46 46 46 30 30 30 30 0D
1779567358999,74 34 35 30 38 30 30 30 30 30 37 30 30 30 30 30 30 45 34 30 35 0D
1779567359015,74 34 35 31 38 30 30 30 30 30 30 30 30 30 30 30 30 30 30 30 30 0D
1779567359020,74 34 35 31 38 30 30 30 30 30 30 30 30 30 30 30 30 30 30 30 30 0D
1779567359033,74 34 35 36 38 45 44 46 46 30 37 30 30 30 34 30 30 30 30 30 30 0D
1779567359038,74 34 35 31 38 30 30 30 30 30 30 30 30 30 30 30 30 30 30 30 30 0D
1779567359057,74 34 35 35 38 45 41 46 46 30 37 30 30 39 46 46 46 30 30 30 30 0D
1779567359064,74 34 35 31 38 30 30 30 30 30 30 30 30 30 30 30 30 30 30 30 30 0D
1779567359068,74 34 35 35 38 45 41 46 46 30 37 30 30 39 46 46 46 30 30 30 30 0D
1779567359078,74 34 35 31 38 30 30 30 30 30 30 30 30 30 30 30 30 30 30 30 30 0D
1779567359087,74 34 35 35 38 45 41 46 46 30 37 30 30 39 46 46 46 30 30 30 30 0D
1779567359102,74 34 35 30 38 30 30 30 30 30 37 30 30 30 30 30 30 45 34 30 35 0D
1779567359105,74 34 35 31 38 30 30 30 30 30 30 30 30 30 30 30 30 30 30 30 30 0D
1779567359116,74 34 35 31 38 30 30 30 30 30 30 30 30 30 30 30 30 30 30 30 30 0D
1779567359131,74 34 35 35 38 45 41 46 46 30 37 30 30 39 46 46 46 30 30 30 30 0D
1779567359137,74 34 35 31 38 30 30 30 30 30 30 30 30 30 30 30 30 30 30 30 30 0D
1779567359156,74 34 35 35 38 45 41 46 46 30 37 30 30 39 46 46 46 30 30 30 30 0D
1779567359164,74 34 35 31 38 30 30 30 30 30 30 30 30 30 30 30 30 30 30 30 30 0D
1779567359180,74 34 35 31 38 30 30 30 30 30 30 30 30 30 30 30 30 30 30 30 30 0D
1779567359189,74 34 35 35 38 45 41 46 46 30 37 30 30 39 46 46 46 30 30 30 30 0D
1779567359199,74 34 35 30 38 30 30 30 30 30 37 30 30 30 30 30 30 45 34 30 35 0D
1779567359211,74 34 35 31 38 30 30 30 30 30 30 30 30 30 30 30 30 30 30 30 30 0D
1779567359216,74 34 35 31 38 30 30 30 30 30 30 30 30 30 30 30 30 30 30 30 30 0D
1779567359237,74 34 35 35 38 45 41 46 46 30 37 30 30 39 46 46 46 30 30 30 30 0D
1779567359243,74 34 35 31 38 30 30 30 30 30 30 30 30 30 30 30 30 30 30 30 30 0D
1779567359254,74 34 35 36 38 45 44 46 46 30 37 30 30 30 34 30 30 30 30 30 30 0D
1779567359264,74 34 35 31 38 30 30 30 30 30 30 30 30 30 30 30 30 30 30 30 30 0D
1779567359280,74 34 35 31 38 30 30 30 30 30 30 30 30 30 30 30 30 30 30 30 30 0D
1779567359287,74 34 35 35 38 45 41 46 46 30 37 30 30 39 46 46 46 30 30 30 30 0D
1779567359298,74 34 35 30 38 30 30 30 30 30 37 30 30 30 30 30 30 45 34 30 35 0D
1779567359312,74 34 35 31 38 30 30 30 30 30 30 30 30 30 30 30 30 30 30 30 30 0D
1779567359316,74 34 35 31 38 30 30 30 30 30 30 30 30 30 30 30 30 30 30 30 30 0D
1779567359336,74 34 35 31 38 30 30 30 30 30 30 30 30 30 30 30 30 30 30 30 30 0D
1779567359347,74 34 35 35 38 45 39 46 46 30 37 30 30 39 46 46 46 30 30 30 30 0D
1779567359357,74 34 35 37 38 30 30 30 30 30 31 30 30 36 34 31 34 30 30 30 30 0D
1779567359368,74 34 35 31 38 30 30 30 30 30 30 30 30 30 30 30 30 30 30 30 30 0D
1779567359377,74 34 35 31 38 30 30 30 30 30 30 30 30 30 30 30 30 30 30 30 30 0D
1779567359388,74 34 35 35 38 45 39 46 46 30 37 30 30 39 46 46 46 30 30 30 30 0D
1779567359402,74 34 35 30 38 30 30 30 30 30 37 30 30 30 30 30 30 45 34 30 35 0D
1779567359413,74 34 35 31 38 30 30 30 30 30 30 30 30 30 30 30 30 30 30 30 30 0D
1779567359418,74 34 35 31 38 30 30 30 30 30 30 30 30 30 30 30 30 30 30 30 30 0D
1779567359432,74 34 35 35 38 45 39 46 46 30 37 30 30 39 46 46 46 30 30 30 30 0D
1779567359437,74 34 35 31 38 30 30 30 30 30 30 30 30 30 30 30 30 30 30 30 30 0D
1779567359470,74 34 35 35 38 45 39 46 46 30 37 30 30 39 46 46 46 30 30 30 30 0D
1779567359480,74 34 35 31 38 30 30 30 30 30 30 30 30 30 30 30 30 30 30 30 30 0D
1779567359491,74 34 35 35 38 45 39 46 46 30 37 30 30 39 46 46 46 30 30 30 30 0D
1779567359498,74 34 35 30 38 30 30 30 30 30 37 30 30 30 30 30 30 45 34 30 35 0D
1779567359510,74 34 35 31 38 30 30 30 30 30 30 30 30 30 30 30 30 30 30 30 30 0D
1779567359518,74 34 35 31 38 30 30 30 30 30 30 30 30 30 30 30 30 30 30 30 30 0D
1779567359528,74 34 35 35 38 45 41 46 46 30 37 30 30 39 46 46 46 30 30 30 30 0D
1779567359536,74 34 35 31 38 30 30 30 30 30 30 30 30 30 30 30 30 30 30 30 30 0D
1779567359559,74 34 35 35 38 45 41 46 46 30 37 30 30 39 46 46 46 30 30 30 30 0D
1779567359571,74 34 35 31 38 30 30 30 30 30 30 30 30 30 30 30 30 30 30 30 30 0D
1779567359577,74 34 35 31 38 30 30 30 30 30 30 30 30 30 30 30 30 30 30 30 30 0D
1779567359593,74 34 35 35 38 45 41 46 46 30 37 30 30 39 46 46 46 30 30 30 30 0D
1779567359596,74 34 35 30 38 30 30 30 30 30 37 30 30 30 30 30 30 45 34 30 35 0D
1779567359609,74 34 35 31 38 30 30 30 30 30 30 30 30 30 30 30 30 30 30 30 30 0D
1779567359614,74 34 35 31 38 30 30 30 30 30 30 30 30 30 30 30 30 30 30 30 30 0D
1779567359626,74 34 35 35 38 45 41 46 46 30 37 30 30 39 46 46 46 30 30 30 30 0D
1779567359634,74 34 35 31 38 30 30 30 30 30 30 30 30 30 30 30 30 30 30 30 30 0D
1779567359654,74 34 35 35 38 45 41 46 46 30 37 30 30 39 46 46 46 30 30 30 30 0D
1779567359662,74 34 35 31 38 30 30 30 30 30 30 30 30 30 30 30 30 30 30 30 30 0D
1779567359668,74 34 35 35 38 45 41 46 46 30 37 30 30 39 46 46 46 30 30 30 30 0D
1779567359676,74 34 35 31 38 30 30 30 30 30 30 30 30 30 30 30 30 30 30 30 30 0D
1779567359690,74 34 35 35 38 45 41 46 46 30 37 30 30 39 46 46 46 30 30 30 30 0D
1779567359698,74 34 35 30 38 30 30 30 30 30 37 30 30 30 30 30 30 45 34 30 35 0D
1779567359710,74 34 35 31 38 30 30 30 30 30 30 30 30 30 30 30 30 30 30 30 30 0D
1779567359717,74 34 35 31 38 30 30 30 30 30 30 30 30 30 30 30 30 30 30 30 30 0D
1779567359728,74 34 35 35 38 45 41 46 46 30 37 30 30 39 46 46 46 30 30 30 30 0D
1779567359736,74 34 35 31 38 30 30 30 30 30 30 30 30 30 30 30 30 30 30 30 30 0D
1779567359758,74 34 35 35 38 45 41 46 46 30 37 30 30 39 46 46 46 30 30 30 30 0D
1779567359765,74 34 35 31 38 30 30 30 30 30 30 30 30 30 30 30 30 30 30 30 30 0D
1779567359775,74 34 35 35 38 45 41 46 46 30 37 30 30 39 46 46 46 30 30 30 30 0D
1779567359779,74 34 35 31 38 30 30 30 30 30 30 30 30 30 30 30 30 30 30 30 30 0D
1779567359798,74 34 35 30 38 30 30 30 30 30 37 30 30 30 30 30 30 45 34 30 35 0D
1779567359810,74 34 35 31 38 30 30 30 30 30 30 30 30 30 30 30 30 30 30 30 30 0D
1779567359818,74 34 35 31 38 30 30 30 30 30 30 30 30 30 30 30 30 30 30 30 30 0D
1779567359833,74 34 35 35 38 45 41 46 46 30 37 30 30 39 46 46 46 30 30 30 30 0D
1779567359840,74 34 35 31 38 30 30 30 30 30 30 30 30 30 30 30 30 30 30 30 30 0D
1779567359854,74 34 35 35 38 45 41 46 46 30 37 30 30 39 46 46 46 30 30 30 30 0D
1779567359859,74 34 35 31 38 30 30 30 30 30 30 30 30 30 30 30 30 30 30 30 30 0D
1779567359866,74 34 35 35 38 45 41 46 46 30 37 30 30 39 46 46 46 30 30 30 30 0D
1779567359878,74 34 35 31 38 30 30 30 30 30 30 30 30 30 30 30 30 30 30 30 30 0D
1779567359890,74 34 35 35 38 45 41 46 46 30 37 30 30 39 46 46 46 30 30 30 30 0D
1779567359899,74 34 35 30 38 30 30 30 30 30 37 30 30 30 30 30 30 45 34 30 35 0D
1779567359907,74 34 35 31 38 30 30 30 30 30 30 30 30 30 30 30 30 30 30 30 30 0D
1779567359916,74 34 35 31 38 30 30 30 30 30 30 30 30 30 30 30 30 30 30 30 30 0D
1779567359928,74 34 35 35 38 45 41 46 46 30 37 30 30 39 46 46 46 30 30 30 30 0D
1779567359943,74 34 35 31 38 30 30 30 30 30 30 30 30 30 30 30 30 30 30 30 30 0D
1779567359959,74 34 35 35 38 45 41 46 46 30 37 30 30 39 46 46 46 30 30 30 30 0D
1779567359969,74 34 35 31 38 30 30 30 30 30 30 30 30 30 30 30 30 30 30 30 30 0D
1779567359975,74 34 35 31 38 30 30 30 30 30 30 30 30 30 30 30 30 30 30 30 30 0D
1779567359990,74 34 35 35 38 45 41 46 46 30 37 30 30 39 46 46 46 30 30 30 30 0D
1779567359999,74 34 35 30 38 30 30 30 30 30 37 30 30 30 30 30 30 45 34 30 35 0D
1779567360014,74 34 35 31 38 30 30 30 30 30 30 30 30 30 30 30 30 30 30 30 30 0D
1779567360025,74 34 35 31 38 30 30 30 30 30 30 30 30 30 30 30 30 30 30 30 30 0D
1779567360032,74 34 35 35 38 45 41 46 46 30 37 30 30 39 46 46 46 30 30 30 30 0D
1779567360043,74 34 35 31 38 30 30 30 30 30 30 30 30 30 30 30 30 30 30 30 30 0D
1779567360065,74 34 35 35 38 45 41 46 46 30 37 30 30 39 46 46 46 30 30 30 30 0D
1779567360080,74 34 35 31 38 30 30 30 30 30 30 30 30 30 30 30 30 30 30 30 30 0D
1779567360096,74 34 35 35 38 45 41 46 46 30 37 30 30 39 46 46 46 30 30 30 30 0D
1779567360103,74 34 35 30 38 30 30 30 30 30 37 30 30 30 30 30 30 45 34 30 35 0D
1779567360110,74 34 35 31 38 30 30 30 30 30 30 30 30 30 30 30 30 30 30 30 30 0D
1779567360116,74 34 35 31 38 30 30 30 30 30 30 30 30 30 30 30 30 30 30 30 30 0D
1779567360129,74 34 35 35 38 45 41 46 46 30 37 30 30 39 46 46 46 30 30 30 30 0D
1779567360142,74 34 35 31 38 30 30 30 30 30 30 30 30 30 30 30 30 30 30 30 30 0D
1779567360156,74 34 35 35 38 45 41 46 46 30 37 30 30 39 46 46 46 30 30 30 30 0D
1779567360162,74 34 35 31 38 30 30 30 30 30 30 30 30 30 30 30 30 30 30 30 30 0D
1779567360167,74 34 35 35 38 45 41 46 46 30 37 30 30 39 46 46 46 30 30 30 30 0D
1779567360179,74 34 35 31 38 30 30 30 30 30 30 30 30 30 30 30 30 30 30 30 30 0D
1779567360189,74 34 35 35 38 45 41 46 46 30 37 30 30 39 46 46 46 30 30 30 30 0D
1779567360194,74 34 35 30 38 30 30 30 30 30 37 30 30 30 30 30 30 45 34 30 35 0D
1779567360207,74 34 35 31 38 30 30 30 30 30 30 30 30 30 30 30 30 30 30 30 30 0D
1779567360215,74 34 35 31 38 30 30 30 30 30 30 30 30 30 30 30 30 30 30 30 30 0D
1779567360227,74 34 35 35 38 45 41 46 46 30 37 30 30 39 46 46 46 30 30 30 30 0D
1779567360248,74 34 35 31 38 30 30 30 30 30 30 30 30 30 30 30 30 30 30 30 30 0D
1779567360255,74 34 35 35 38 45 41 46 46 30 37 30 30 39 46 46 46 30 30 30 30 0D
1779567360260,74 34 35 31 38 30 30 30 30 30 30 30 30 30 30 30 30 30 30 30 30 0D
1779567360273,74 34 35 36 38 45 45 46 46 30 37 30 30 30 34 30 30 30 30 30 30 0D
1779567360280,74 34 35 31 38 30 30 30 30 30 30 30 30 30 30 30 30 30 30 30 30 0D
1779567360286,74 34 35 36 38 45 45 46 46 30 37 30 30 30 34 30 30 30 30 30 30 0D
1779567360298,74 34 35 30 38 30 30 30 30 30 37 30 30 30 30 30 30 45 34 30 35 0D
1779567360308,74 34 35 31 38 30 30 30 30 30 30 30 30 30 30 30 30 30 30 30 30 0D
1779567360317,74 34 35 31 38 30 30 30 30 30 30 30 30 30 30 30 30 30 30 30 30 0D
1779567360332,74 34 35 35 38 45 41 46 46 30 36 30 30 39 46 46 46 30 30 30 30 0D
1779567360342,74 34 35 31 38 30 30 30 30 30 30 30 30 30 30 30 30 30 30 30 30 0D
1779567360363,74 34 35 35 38 45 41 46 46 30 36 30 30 39 46 46 46 30 30 30 30 0D
1779567360379,74 34 35 31 38 30 30 30 30 30 30 30 30 30 30 30 30 30 30 30 30 0D
1779567360389,74 34 35 35 38 45 41 46 46 30 36 30 30 39 46 46 46 30 30 30 30 0D
1779567360394,74 34 35 30 38 30 30 30 30 30 37 30 30 30 30 30 30 45 34 30 35 0D
1779567360408,74 34 35 31 38 30 30 30 30 30 30 30 30 30 30 30 30 30 30 30 30 0D
1779567360418,74 34 35 31 38 30 30 30 30 30 30 30 30 30 30 30 30 30 30 30 30 0D
1779567360431,74 34 35 35 38 45 41 46 46 30 36 30 30 39 46 46 46 30 30 30 30 0D
1779567360441,74 34 35 31 38 30 30 30 30 30 30 30 30 30 30 30 30 30 30 30 30 0D
1779567360462,74 34 35 35 38 45 41 46 46 30 36 30 30 39 46 46 46 30 30 30 30 0D
1779567360473,74 34 35 35 38 45 41 46 46 30 36 30 30 39 46 46 46 30 30 30 30 0D
1779567360478,74 34 35 31 38 30 30 30 30 30 30 30 30 30 30 30 30 30 30 30 30 0D
1779567360489,74 34 35 35 38 45 41 46 46 30 36 30 30 39 46 46 46 30 30 30 30 0D
1779567360497,74 34 35 30 38 30 30 30 30 30 37 30 30 30 30 30 30 45 34 30 35 0D
1779567360507,74 34 35 31 38 30 30 30 30 30 30 30 30 30 30 30 30 30 30 30 30 0D
1779567360523,74 34 35 31 38 30 30 30 30 30 30 30 30 30 30 30 30 30 30 30 30 0D
1779567360530,74 34 35 35 38 45 41 46 46 30 37 30 30 39 46 46 46 30 30 30 30 0D
1779567360540,74 34 35 31 38 30 30 30 30 30 30 30 30 30 30 30 30 30 30 30 30 0D
1779567360553,74 34 35 35 38 45 41 46 46 30 37 30 30 39 46 46 46 30 30 30 30 0D
1779567360559,74 34 35 31 38 30 30 30 30 30 30 30 30 30 30 30 30 30 30 30 30 0D
1779567360565,74 34 35 36 38 45 45 46 46 30 37 30 30 30 34 30 30 30 30 30 30 0D
1779567360576,74 34 35 31 38 30 30 30 30 30 30 30 30 30 30 30 30 30 30 30 30 0D
1779567360585,74 34 35 35 38 45 41 46 46 30 37 30 30 39 46 46 46 30 30 30 30 0D
1779567360597,74 34 35 30 38 30 30 30 30 30 37 30 30 30 30 30 30 45 34 30 35 0D
1779567360609,74 34 35 31 38 30 30 30 30 30 30 30 30 30 30 30 30 30 30 30 30 0D
1779567360620,74 34 35 31 38 30 30 30 30 30 30 30 30 30 30 30 30 30 30 30 30 0D
1779567360630,74 34 35 35 38 45 41 46 46 30 37 30 30 39 46 46 46 30 30 30 30 0D
1779567360639,74 34 35 31 38 30 30 30 30 30 30 30 30 30 30 30 30 30 30 30 30 0D
1779567360660,74 34 35 35 38 45 41 46 46 30 37 30 30 39 46 46 46 30 30 30 30 0D
1779567360667,74 34 35 35 38 45 41 46 46 30 37 30 30 39 46 46 46 30 30 30 30 0D
1779567360680,74 34 35 31 38 30 30 30 30 30 30 30 30 30 30 30 30 30 30 30 30 0D
1779567360692,74 34 35 35 38 45 41 46 46 30 37 30 30 39 46 46 46 30 30 30 30 0D
1779567360699,74 34 35 30 38 30 30 30 30 30 37 30 30 30 30 30 30 45 34 30 35 0D
1779567360709,74 34 35 31 38 30 30 30 30 30 30 30 30 30 30 30 30 30 30 30 30 0D
1779567360720,74 34 35 31 38 30 30 30 30 30 30 30 30 30 30 30 30 30 30 30 30 0D
1779567360729,74 34 35 35 38 45 41 46 46 30 37 30 30 39 46 46 46 30 30 30 30 0D
1779567360741,74 34 35 31 38 30 30 30 30 30 30 30 30 30 30 30 30 30 30 30 30 0D
1779567360758,74 34 35 35 38 45 41 46 46 30 37 30 30 39 46 46 46 30 30 30 30 0D
1779567360766,74 34 35 35 38 45 41 46 46 30 37 30 30 39 46 46 46 30 30 30 30 0D
1779567360777,74 34 35 31 38 30 30 30 30 30 30 30 30 30 30 30 30 30 30 30 30 0D
1779567360790,74 34 35 35 38 45 41 46 46 30 37 30 30 39 46 46 46 30 30 30 30 0D
1779567360795,74 34 35 30 38 30 30 30 30 30 37 30 30 30 30 30 30 45 34 30 35 0D
1779567360808,74 34 35 31 38 30 30 30 30 30 30 30 30 30 30 30 30 30 30 30 30 0D
1779567360818,74 34 35 31 38 30 30 30 30 30 30 30 30 30 30 30 30 30 30 30 30 0D
1779567360826,74 34 35 35 38 45 41 46 46 30 37 30 30 39 46 46 46 30 30 30 30 0D
1779567360839,74 34 35 31 38 30 30 30 30 30 30 30 30 30 30 30 30 30 30 30 30 0D
1779567360857,74 34 35 35 38 45 41 46 46 30 37 30 30 39 46 46 46 30 30 30 30 0D
1779567360865,74 34 35 31 38 30 30 30 30 30 30 30 30 30 30 30 30 30 30 30 30 0D
1779567360879,74 34 35 31 38 30 30 30 30 30 30 30 30 30 30 30 30 30 30 30 30 0D
1779567360892,74 34 35 35 38 45 41 46 46 30 37 30 30 39 46 46 46 30 30 30 30 0D
1779567360897,74 34 35 30 38 30 30 30 30 30 37 30 30 30 30 30 30 45 34 30 35 0D
1779567360911,74 34 35 31 38 30 30 30 30 30 30 30 30 30 30 30 30 30 30 30 30 0D
1779567360914,74 34 35 31 38 30 30 30 30 30 30 30 30 30 30 30 30 30 30 30 30 0D
1779567360933,74 34 35 35 38 45 41 46 46 30 37 30 30 39 46 46 46 30 30 30 30 0D
1779567360939,74 34 35 31 38 30 30 30 30 30 30 30 30 30 30 30 30 30 30 30 30 0D
1779567360946,74 34 35 35 38 45 41 46 46 30 37 30 30 39 46 46 46 30 30 30 30 0D
1779567360968,74 34 35 37 38 30 30 30 30 30 30 30 30 36 34 31 34 30 30 30 30 0D
1779567360975,74 34 35 31 38 30 30 30 30 30 30 30 30 30 30 30 30 30 30 30 30 0D
1779567360994,74 34 35 35 38 45 41 46 46 30 37 30 30 39 46 46 46 30 30 30 30 0D
1779567361000,74 34 35 30 38 30 30 30 30 30 37 30 30 30 30 30 30 45 34 30 35 0D
1779567361014,74 34 35 31 38 30 30 30 30 30 30 30 30 30 30 30 30 30 30 30 30 0D
1779567361023,74 34 35 31 38 30 30 30 30 30 30 30 30 30 30 30 30 30 30 30 30 0D
1779567361032,74 34 35 35 38 45 41 46 46 30 37 30 30 39 46 46 46 30 30 30 30 0D
1779567361042,74 34 35 31 38 30 30 30 30 30 30 30 30 30 30 30 30 30 30 30 30 0D
1779567361063,74 34 35 35 38 45 41 46 46 30 37 30 30 39 46 46 46 30 30 30 30 0D
1779567361068,74 34 35 31 38 30 30 30 30 30 30 30 30 30 30 30 30 30 30 30 30 0D
1779567361078,74 34 35 31 38 30 30 30 30 30 30 30 30 30 30 30 30 30 30 30 30 0D
1779567361095,74 34 35 35 38 45 41 46 46 30 37 30 30 39 46 46 46 30 30 30 30 0D
1779567361102,74 34 35 30 38 30 30 30 30 30 37 30 30 30 30 30 30 45 34 30 35 0D
1779567361116,74 34 35 31 38 30 30 30 30 30 30 30 30 30 30 30 30 30 30 30 30 0D
1779567361120,74 34 35 31 38 30 30 30 30 30 30 30 30 30 30 30 30 30 30 30 30 0D
1779567361131,74 34 35 36 38 45 44 46 46 30 37 30 30 30 35 30 30 30 30 30 30 0D
1779567361142,74 34 35 31 38 30 30 30 30 30 30 30 30 30 30 30 30 30 30 30 30 0D
1779567361157,74 34 35 35 38 45 41 46 46 30 37 30 30 39 45 46 46 30 30 30 30 0D
1779567361164,74 34 35 31 38 30 30 30 30 30 30 30 30 30 30 30 30 30 30 30 30 0D
1779567361171,74 34 35 35 38 45 41 46 46 30 37 30 30 39 45 46 46 30 30 30 30 0D
1779567361177,74 34 35 31 38 30 30 30 30 30 30 30 30 30 30 30 30 30 30 30 30 0D
1779567361189,74 34 35 35 38 45 41 46 46 30 37 30 30 39 45 46 46 30 30 30 30 0D
1779567361198,74 34 35 30 38 30 30 30 30 30 37 30 30 30 30 30 30 45 34 30 35 0D
1779567361209,74 34 35 31 38 30 30 30 30 30 30 30 30 30 30 30 30 30 30 30 30 0D
1779567361218,74 34 35 31 38 30 30 30 30 30 30 30 30 30 30 30 30 30 30 30 30 0D
1779567361236,74 34 35 35 38 45 41 46 46 30 37 30 30 39 45 46 46 30 30 30 30 0D
1779567361242,74 34 35 31 38 30 30 30 30 30 30 30 30 30 30 30 30 30 30 30 30 0D
1779567361246,74 34 35 37 38 30 30 30 30 30 30 30 30 36 34 31 34 30 31 30 30 0D
1779567361257,74 34 35 39 38 39 33 41 34 42 45 31 36 46 45 31 41 30 33 42 37 0D
1779567361265,74 34 35 31 38 30 30 30 30 30 30 30 30 30 30 30 30 30 30 30 30 0D
1779567361275,74 34 35 31 38 30 30 30 30 30 30 30 30 30 30 30 30 30 30 30 30 0D
1779567361287,74 34 35 35 38 45 41 46 46 30 37 30 30 39 45 46 46 30 30 30 30 0D
1779567361294,74 34 35 30 38 30 30 30 30 30 37 30 30 30 30 30 30 45 34 30 35 0D
1779567361308,74 34 35 31 38 30 30 30 30 30 30 30 30 30 30 30 30 30 30 30 30 0D
1779567361322,74 34 35 31 38 30 30 30 30 30 30 30 30 30 30 30 30 30 30 30 30 0D
1779567361326,74 34 35 35 38 45 41 46 46 30 37 30 30 39 46 46 46 30 30 30 30 0D
1779567361338,74 34 35 31 38 30 30 30 30 30 30 30 30 30 30 30 30 30 30 30 30 0D
1779567361355,74 34 35 35 38 45 41 46 46 30 37 30 30 39 46 46 46 30 30 30 30 0D
1779567361362,74 34 35 31 38 30 30 30 30 30 30 30 30 30 30 30 30 30 30 30 30 0D
1779567361365,74 34 35 35 38 45 41 46 46 30 37 30 30 39 46 46 46 30 30 30 30 0D
1779567361377,74 34 35 31 38 30 30 30 30 30 30 30 30 30 30 30 30 30 30 30 30 0D
1779567361387,74 34 35 35 38 45 41 46 46 30 37 30 30 39 46 46 46 30 30 30 30 0D
1779567361396,74 34 35 30 38 30 30 30 30 30 37 30 30 30 30 30 30 45 34 30 35 0D
1779567361409,74 34 35 31 38 30 30 30 30 30 30 30 30 30 30 30 30 30 30 30 30 0D
1779567361421,74 34 35 31 38 30 30 30 30 30 30 30 30 30 30 30 30 30 30 30 30 0D
1779567361438,74 34 35 35 38 45 41 46 46 30 37 30 30 39 46 46 46 30 30 30 30 0D
1779567361446,74 34 35 31 38 30 30 30 30 30 30 30 30 30 30 30 30 30 30 30 30 0D
1779567361452,74 34 35 37 38 30 30 30 30 30 31 30 30 36 34 31 34 30 30 30 30 0D
1779567361457,74 34 35 31 38 30 30 30 30 30 30 30 30 30 30 30 30 30 30 30 30 0D
1779567361479,74 34 35 31 38 30 30 30 30 30 30 30 30 30 30 30 30 30 30 30 30 0D
1779567361493,74 34 35 35 38 45 41 46 46 30 37 30 30 39 46 46 46 30 30 30 30 0D
1779567361500,74 34 35 30 38 30 30 30 30 30 37 30 30 30 30 30 30 45 34 30 35 0D
1779567361522,74 34 35 31 38 30 30 30 30 30 30 30 30 30 30 30 30 30 30 30 30 0D
1779567361531,74 34 35 31 38 30 30 30 30 30 30 30 30 30 30 30 30 30 30 30 30 0D
1779567361541,74 34 35 31 38 30 30 30 30 30 30 30 30 30 30 30 30 30 30 30 30 0D
1779567361557,74 34 35 35 38 45 39 46 46 30 37 30 30 39 46 46 46 30 30 30 30 0D
1779567361564,74 34 35 31 38 30 30 30 30 30 30 30 30 30 30 30 30 30 30 30 30 0D
1779567361581,74 34 35 31 38 30 30 30 30 30 30 30 30 30 30 30 30 30 30 30 30 0D
1779567361588,74 34 35 35 38 45 39 46 46 30 37 30 30 39 46 46 46 30 30 30 30 0D
1779567361596,74 34 35 30 38 30 30 30 30 30 37 30 30 30 30 30 30 45 34 30 35 0D
1779567361607,74 34 35 31 38 30 30 30 30 30 30 30 30 30 30 30 30 30 30 30 30 0D
1779567361625,74 34 35 31 38 30 30 30 30 30 30 30 30 30 30 30 30 30 30 30 30 0D
1779567361629,74 34 35 35 38 45 39 46 46 30 37 30 30 39 46 46 46 30 30 30 30 0D
1779567361639,74 34 35 31 38 30 30 30 30 30 30 30 30 30 30 30 30 30 30 30 30 0D
1779567361652,74 34 35 37 38 30 30 30 30 30 30 30 30 36 34 31 34 30 30 30 30 0D
1779567361667,74 34 35 39 38 39 33 41 34 42 45 31 36 46 42 31 41 30 33 42 37 0D
1779567361683,74 34 35 31 38 30 30 30 30 30 30 30 30 30 30 30 30 30 30 30 30 0D
1779567361694,74 34 35 35 38 45 39 46 46 30 37 30 30 39 46 46 46 30 30 30 30 0D
1779567361700,74 34 35 30 38 30 30 30 30 30 37 30 30 30 30 30 30 45 34 30 35 0D
1779567361709,74 34 35 31 38 30 30 30 30 30 30 30 30 30 30 30 30 30 30 30 30 0D
1779567361716,74 34 35 31 38 30 30 30 30 30 30 30 30 30 30 30 30 30 30 30 30 0D
1779567361743,74 34 35 35 38 45 41 46 46 30 37 30 30 39 46 46 46 30 30 30 30 0D
1779567361754,74 34 35 35 38 45 41 46 46 30 37 30 30 39 46 46 46 30 30 30 30 0D
1779567361759,74 34 35 31 38 30 30 30 30 30 30 30 30 30 30 30 30 30 30 30 30 0D
1779567361766,74 34 35 36 38 45 45 46 46 30 37 30 30 30 34 30 30 30 30 30 30 0D
1779567361778,74 34 35 31 38 30 30 30 30 30 30 30 30 30 30 30 30 30 30 30 30 0D
1779567361788,74 34 35 35 38 45 41 46 46 30 37 30 30 39 46 46 46 30 30 30 30 0D
1779567361795,74 34 35 30 38 30 30 30 30 30 37 30 30 30 30 30 30 45 34 30 35 0D
1779567361815,74 34 35 31 38 30 30 30 30 30 30 30 30 30 30 30 30 30 30 30 30 0D
1779567361822,74 34 35 31 38 30 30 30 30 30 30 30 30 30 30 30 30 30 30 30 30 0D
1779567361834,74 34 35 35 38 45 41 46 46 30 37 30 30 39 46 46 46 30 30 30 30 0D
1779567361838,74 34 35 31 38 30 30 30 30 30 30 30 30 30 30 30 30 30 30 30 30 0D
1779567361854,74 34 35 35 38 45 41 46 46 30 37 30 30 39 46 46 46 30 30 30 30 0D
1779567361862,74 34 35 31 38 30 30 30 30 30 30 30 30 30 30 30 30 30 30 30 30 0D
1779567361872,74 34 35 35 38 45 41 46 46 30 37 30 30 39 46 46 46 30 30 30 30 0D
1779567361876,74 34 35 31 38 30 30 30 30 30 30 30 30 30 30 30 30 30 30 30 30 0D
1779567361889,74 34 35 35 38 45 41 46 46 30 37 30 30 39 46 46 46 30 30 30 30 0D
1779567361901,74 34 35 30 38 30 30 30 30 30 37 30 30 30 30 30 30 45 34 30 35 0D
1779567361905,74 34 35 31 38 30 30 30 30 30 30 30 30 30 30 30 30 30 30 30 30 0D
1779567361909,74 34 35 32 38 38 43 30 30 30 30 30 30 30 30 30 30 32 37 30 30 0D
1779567361921,74 34 35 31 38 30 30 30 30 30 30 30 30 30 30 30 30 30 30 30 30 0D
1779567361929,74 34 35 35 38 45 41 46 46 30 37 30 30 39 46 46 46 30 30 30 30 0D
1779567361936,74 34 35 31 38 30 30 30 30 30 30 30 30 30 30 30 30 30 30 30 30 0D
1779567361966,74 34 35 35 38 45 41 46 46 30 37 30 30 39 46 46 46 30 30 30 30 0D
1779567361984,74 34 35 31 38 30 30 30 30 30 30 30 30 30 30 30 30 30 30 30 30 0D
1779567361990,74 34 35 35 38 45 41 46 46 30 37 30 30 39 46 46 46 30 30 30 30 0D
1779567361995,74 34 35 30 38 30 30 30 30 30 37 30 30 30 30 30 30 45 34 30 35 0D
1779567362012,74 34 35 31 38 30 30 30 30 30 30 30 30 30 30 30 30 30 30 30 30 0D
1779567362016,74 34 35 31 38 30 30 30 30 30 30 30 30 30 30 30 30 30 30 30 30 0D
1779567362029,74 34 35 35 38 45 41 46 46 30 37 30 30 39 46 46 46 30 30 30 30 0D
1779567362040,74 34 35 31 38 30 30 30 30 30 30 30 30 30 30 30 30 30 30 30 30 0D
1779567362051,74 34 35 35 38 45 41 46 46 30 37 30 30 39 46 46 46 30 30 30 30 0D
1779567362072,74 34 35 37 38 30 30 30 30 30 31 30 30 36 34 31 34 30 30 30 30 0D
1779567362076,74 34 35 31 38 30 30 30 30 30 30 30 30 30 30 30 30 30 30 30 30 0D
1779567362090,74 34 35 35 38 45 41 46 46 30 37 30 30 39 46 46 46 30 30 30 30 0D
1779567362100,74 34 35 30 38 30 30 30 30 30 37 30 30 30 30 30 30 45 34 30 35 0D
1779567362116,74 34 35 31 38 30 30 30 30 30 30 30 30 30 30 30 30 30 30 30 30 0D
1779567362123,74 34 35 31 38 30 30 30 30 30 30 30 30 30 30 30 30 30 30 30 30 0D
1779567362134,74 34 35 35 38 45 41 46 46 30 36 30 30 39 46 46 46 30 30 30 30 0D
1779567362138,74 34 35 31 38 30 30 30 30 30 30 30 30 30 30 30 30 30 30 30 30 0D
1779567362147,74 34 35 37 38 30 30 30 30 30 30 30 30 36 34 31 34 30 30 30 30 0D
1779567362159,74 34 35 31 38 30 30 30 30 30 30 30 30 30 30 30 30 30 30 30 30 0D
1779567362186,74 34 35 31 38 30 30 30 30 30 30 30 30 30 30 30 30 30 30 30 30 0D
1779567362202,74 34 35 35 38 45 41 46 46 30 36 30 30 39 46 46 46 30 30 30 30 0D
1779567362215,74 34 35 31 38 30 30 30 30 30 30 30 30 30 30 30 30 30 30 30 30 0D
1779567362220,74 34 35 31 38 30 30 30 30 30 30 30 30 30 30 30 30 30 30 30 30 0D
1779567362235,74 34 35 35 38 45 41 46 46 30 36 30 30 39 46 46 46 30 30 30 30 0D
1779567362253,74 34 35 35 38 45 41 46 46 30 36 30 30 39 46 46 46 30 30 30 30 0D
1779567362260,74 34 35 31 38 30 30 30 30 30 30 30 30 30 30 30 30 30 30 30 30 0D
1779567362270,74 34 35 35 38 45 41 46 46 30 36 30 30 39 46 46 46 30 30 30 30 0D
1779567362276,74 34 35 31 38 30 30 30 30 30 30 30 30 30 30 30 30 30 30 30 30 0D
1779567362291,74 34 35 35 38 45 41 46 46 30 36 30 30 39 46 46 46 30 30 30 30 0D
1779567362300,74 34 35 30 38 30 30 30 30 30 37 30 30 30 30 30 30 45 34 30 35 0D
1779567362310,74 34 35 31 38 30 30 30 30 30 30 30 30 30 30 30 30 30 30 30 30 0D
1779567362315,74 34 35 31 38 30 30 30 30 30 30 30 30 30 30 30 30 30 30 30 30 0D
1779567362327,74 34 35 35 38 45 41 46 46 30 37 30 30 39 46 46 46 30 30 30 30 0D
1779567362339,74 34 35 31 38 30 30 30 30 30 30 30 30 30 30 30 30 30 30 30 30 0D
1779567362354,74 34 35 35 38 45 41 46 46 30 37 30 30 39 46 46 46 30 30 30 30 0D
1779567362359,74 34 35 31 38 30 30 30 30 30 30 30 30 30 30 30 30 30 30 30 30 0D
1779567362367,74 34 35 35 38 45 41 46 46 30 37 30 30 39 46 46 46 30 30 30 30 0D
1779567362376,74 34 35 31 38 30 30 30 30 30 30 30 30 30 30 30 30 30 30 30 30 0D
1779567362391,74 34 35 35 38 45 41 46 46 30 37 30 30 39 46 46 46 30 30 30 30 0D
1779567362401,74 34 35 30 38 30 30 30 30 30 37 30 30 30 30 30 30 45 34 30 35 0D
1779567362413,74 34 35 31 38 30 30 30 30 30 30 30 30 30 30 30 30 30 30 30 30 0D
1779567362419,74 34 35 31 38 30 30 30 30 30 30 30 30 30 30 30 30 30 30 30 30 0D
1779567362436,74 34 35 31 38 30 30 30 30 30 30 30 30 30 30 30 30 30 30 30 30 0D
1779567362450,74 34 35 37 38 30 30 30 30 30 30 30 30 36 34 31 34 30 30 30 30 0D
1779567362471,74 34 35 39 38 39 31 41 34 42 45 31 36 46 36 31 41 30 33 42 37 0D
1779567362480,74 34 35 31 38 30 30 30 30 30 30 30 30 30 30 30 30 30 30 30 30 0D
1779567362514,74 34 35 35 38 45 41 46 46 30 37 30 30 39 46 46 46 30 30 30 30 0D
1779567362517,74 34 35 31 38 30 30 30 30 30 30 30 30 30 30 30 30 30 30 30 30 0D
1779567362537,74 34 35 35 38 45 41 46 46 30 38 30 30 39 45 46 46 30 30 30 30 0D
1779567362554,74 34 35 35 38 45 41 46 46 30 38 30 30 39 45 46 46 30 30 30 30 0D
1779567362559,74 34 35 31 38 30 30 30 30 30 30 30 30 30 30 30 30 30 30 30 30 0D
1779567362572,74 34 35 35 38 45 41 46 46 30 38 30 30 39 45 46 46 30 30 30 30 0D
1779567362576,74 34 35 31 38 30 30 30 30 30 30 30 30 30 30 30 30 30 30 30 30 0D
1779567362588,74 34 35 35 38 45 41 46 46 30 38 30 30 39 45 46 46 30 30 30 30 0D
1779567362598,74 34 35 30 38 30 30 30 30 30 37 30 30 30 30 30 30 45 34 30 35 0D
1779567362608,74 34 35 31 38 30 30 30 30 30 30 30 30 30 30 30 30 30 30 30 30 0D
1779567362619,74 34 35 31 38 30 30 30 30 30 30 30 30 30 30 30 30 30 30 30 30 0D
1779567362632,74 34 35 35 38 45 41 46 46 30 38 30 30 39 45 46 46 30 30 30 30 0D
1779567362637,74 34 35 31 38 30 30 30 30 30 30 30 30 30 30 30 30 30 30 30 30 0D
1779567362654,74 34 35 35 38 45 41 46 46 30 38 30 30 39 45 46 46 30 30 30 30 0D
1779567362660,74 34 35 31 38 30 30 30 30 30 30 30 30 30 30 30 30 30 30 30 30 0D
1779567362670,74 34 35 36 38 45 44 46 46 30 37 30 30 30 34 30 30 30 30 30 30 0D
1779567362675,74 34 35 31 38 30 30 30 30 30 30 30 30 30 30 30 30 30 30 30 30 0D
1779567362686,74 34 35 35 38 45 41 46 46 30 38 30 30 39 45 46 46 30 30 30 30 0D
1779567362698,74 34 35 30 38 30 30 30 30 30 37 30 30 30 30 30 30 45 34 30 35 0D
1779567362707,74 34 35 31 38 30 30 30 30 30 30 30 30 30 30 30 30 30 30 30 30 0D
1779567362718,74 34 35 31 38 30 30 30 30 30 30 30 30 30 30 30 30 30 30 30 30 0D
1779567362735,74 34 35 35 38 45 41 46 46 30 37 30 30 39 46 46 46 30 30 30 30 0D
1779567362741,74 34 35 31 38 30 30 30 30 30 30 30 30 30 30 30 30 30 30 30 30 0D
1779567362753,74 34 35 35 38 45 41 46 46 30 37 30 30 39 46 46 46 30 30 30 30 0D
1779567362757,74 34 35 31 38 30 30 30 30 30 30 30 30 30 30 30 30 30 30 30 30 0D
1779567362768,74 34 35 35 38 45 41 46 46 30 37 30 30 39 46 46 46 30 30 30 30 0D
1779567362780,74 34 35 31 38 30 30 30 30 30 30 30 30 30 30 30 30 30 30 30 30 0D
1779567362786,74 34 35 35 38 45 41 46 46 30 37 30 30 39 46 46 46 30 30 30 30 0D
1779567362803,74 34 35 30 38 30 30 30 30 30 37 30 30 30 30 30 30 45 34 30 35 0D
1779567362813,74 34 35 32 38 38 43 30 30 30 30 30 30 30 30 30 30 32 37 30 30 0D 74 34 35 33 38 39 45 30 30 30 30 30 30 30 30 30 30 30 30 30 30 0D 74 34 35 34 38 30 31 30 30 30 30 30 30 30 30 30 30 30 30 30
1779567362821,74 34 35 31 38 30 30 30 30 30 30 30 30 30 30 30 30 30 30 30 30 0D
1779567362839,74 34 35 31 38 30 30 30 30 30 30 30 30 30 30 30 30 30 30 30 30 0D
1779567362871,74 34 35 35 38 45 41 46 46 30 37 30 30 39 46 46 46 30 30 30 30 0D
1779567362882,74 34 35 31 38 30 30 30 30 30 30 30 30 30 30 30 30 30 30 30 30 0D
1779567362892,74 34 35 35 38 45 41 46 46 30 37 30 30 39 46 46 46 30 30 30 30 0D
1779567362897,74 34 35 30 38 30 30 30 30 30 37 30 30 30 30 30 30 45 34 30 35 0D
1779567362916,74 34 35 31 38 30 30 30 30 30 30 30 30 30 30 30 30 30 30 30 30 0D
1779567362918,74 34 35 31 38 30 30 30 30 30 30 30 30 30 30 30 30 30 30 30 30 0D
1779567362929,74 34 35 35 38 45 41 46 46 30 37 30 30 39 46 46 46 30 30 30 30 0D
1779567362936,74 34 35 31 38 30 30 30 30 30 30 30 30 30 30 30 30 30 30 30 30 0D
1779567362955,74 34 35 35 38 45 41 46 46 30 37 30 30 39 46 46 46 30 30 30 30 0D
1779567362962,74 34 35 31 38 30 30 30 30 30 30 30 30 30 30 30 30 30 30 30 30 0D
1779567362968,74 34 35 35 38 45 41 46 46 30 37 30 30 39 46 46 46 30 30 30 30 0D
1779567362986,74 34 35 31 38 30 30 30 30 30 30 30 30 30 30 30 30 30 30 30 30 0D
1779567362995,74 34 35 35 38 45 41 46 46 30 37 30 30 39 46 46 46 30 30 30 30 0D
1779567362999,74 34 35 30 38 30 30 30 30 30 37 30 30 30 30 30 30 45 34 30 35 0D
1779567363012,74 34 35 31 38 30 30 30 30 30 30 30 30 30 30 30 30 30 30 30 30 0D
1779567363016,74 34 35 31 38 30 30 30 30 30 30 30 30 30 30 30 30 30 30 30 30 0D
1779567363043,74 34 35 31 38 30 30 30 30 30 30 30 30 30 30 30 30 30 30 30 30 0D
1779567363067,74 34 35 35 38 45 41 46 46 30 37 30 30 39 46 46 46 30 30 30 30 0D
1779567363082,74 34 35 31 38 30 30 30 30 30 30 30 30 30 30 30 30 30 30 30 30 0D
1779567363095,74 34 35 35 38 45 41 46 46 30 37 30 30 39 46 46 46 30 30 30 30 0D
1779567363098,74 34 35 30 38 30 30 30 30 30 37 30 30 30 30 30 30 45 34 30 35 0D
1779567363105,74 34 35 32 38 38 43 30 30 30 30 30 30 30 30 30 30 32 37 30 30 0D
1779567363119,74 34 35 31 38 30 30 30 30 30 30 30 30 30 30 30 30 30 30 30 30 0D
1779567363133,74 34 35 35 38 45 41 46 46 30 37 30 30 39 45 46 46 30 30 30 30 0D
1779567363140,74 34 35 31 38 30 30 30 30 30 30 30 30 30 30 30 30 30 30 30 30 0D
1779567363164,74 34 35 35 38 45 41 46 46 30 37 30 30 39 45 46 46 30 30 30 30 0D
1779567363183,74 34 35 31 38 30 30 30 30 30 30 30 30 30 30 30 30 30 30 30 30 0D
1779567363191,74 34 35 35 38 45 41 46 46 30 37 30 30 39 45 46 46 30 30 30 30 0D
1779567363203,74 34 35 30 38 30 30 30 30 30 37 30 30 30 30 30 30 45 34 30 35 0D
1779567363219,74 34 35 31 38 30 30 30 30 30 30 30 30 30 30 30 30 30 30 30 30 0D
1779567363222,74 34 35 31 38 30 30 30 30 30 30 30 30 30 30 30 30 30 30 30 30 0D
1779567363230,74 34 35 35 38 45 41 46 46 30 37 30 30 39 45 46 46 30 30 30 30 0D
1779567363238,74 34 35 31 38 30 30 30 30 30 30 30 30 30 30 30 30 30 30 30 30 0D
1779567363270,74 34 35 35 38 45 41 46 46 30 37 30 30 39 45 46 46 30 30 30 30 0D
1779567363276,74 34 35 31 38 30 30 30 30 30 30 30 30 30 30 30 30 30 30 30 30 0D
1779567363277,74 34 35 31 38 30 30 30 30 30 30 30 30 30 30 30 30 30 30 30 30 0D
1779567363284,74 34 35 35 38 45 41 46 46 30 37 30 30 39 45 46 46 30 30 30 30 0D
1779567363300,74 34 35 30 38 30 30 30 30 30 37 30 30 30 30 30 30 45 34 30 35 0D
1779567363312,74 34 35 31 38 30 30 30 30 30 30 30 30 30 30 30 30 30 30 30 30 0D
1779567363320,74 34 35 31 38 30 30 30 30 30 30 30 30 30 30 30 30 30 30 30 30 0D
1779567363332,74 34 35 35 38 45 41 46 46 30 37 30 30 39 46 46 46 30 30 30 30 0D
1779567363337,74 34 35 31 38 30 30 30 30 30 30 30 30 30 30 30 30 30 30 30 30 0D
1779567363354,74 34 35 35 38 45 41 46 46 30 37 30 30 39 46 46 46 30 30 30 30 0D
1779567363362,74 34 35 31 38 30 30 30 30 30 30 30 30 30 30 30 30 30 30 30 30 0D
1779567363370,74 34 35 35 38 45 41 46 46 30 37 30 30 39 46 46 46 30 30 30 30 0D
1779567363378,74 34 35 31 38 30 30 30 30 30 30 30 30 30 30 30 30 30 30 30 30 0D
1779567363393,74 34 35 35 38 45 41 46 46 30 37 30 30 39 46 46 46 30 30 30 30 0D
1779567363398,74 34 35 30 38 30 30 30 30 30 37 30 30 30 30 30 30 45 34 30 35 0D
1779567363411,74 34 35 31 38 30 30 30 30 30 30 30 30 30 30 30 30 30 30 30 30 0D
1779567363417,74 34 35 31 38 30 30 30 30 30 30 30 30 30 30 30 30 30 30 30 30 0D
1779567363430,74 34 35 35 38 45 41 46 46 30 37 30 30 39 46 46 46 30 30 30 30 0D
1779567363438,74 34 35 31 38 30 30 30 30 30 30 30 30 30 30 30 30 30 30 30 30 0D
1779567363458,74 34 35 35 38 45 41 46 46 30 37 30 30 39 46 46 46 30 30 30 30 0D
1779567363462,74 34 35 31 38 30 30 30 30 30 30 30 30 30 30 30 30 30 30 30 30 0D
1779567363473,74 34 35 35 38 45 41 46 46 30 37 30 30 39 46 46 46 30 30 30 30 0D
1779567363482,74 34 35 31 38 30 30 30 30 30 30 30 30 30 30 30 30 30 30 30 30 0D
1779567363493,74 34 35 35 38 45 41 46 46 30 37 30 30 39 46 46 46 30 30 30 30 0D
1779567363498,74 34 35 30 38 30 30 30 30 30 37 30 30 30 30 30 30 45 34 30 35 0D
1779567363512,74 34 35 31 38 30 30 30 30 30 30 30 30 30 30 30 30 30 30 30 30 0D
1779567363518,74 34 35 31 38 30 30 30 30 30 30 30 30 30 30 30 30 30 30 30 30 0D
1779567363529,74 34 35 35 38 45 41 46 46 30 37 30 30 39 46 46 46 30 30 30 30 0D
1779567363538,74 34 35 31 38 30 30 30 30 30 30 30 30 30 30 30 30 30 30 30 30 0D
1779567363558,74 34 35 35 38 45 41 46 46 30 37 30 30 39 46 46 46 30 30 30 30 0D
1779567363566,74 34 35 31 38 30 30 30 30 30 30 30 30 30 30 30 30 30 30 30 30 0D
1779567363583,74 34 35 31 38 30 30 30 30 30 30 30 30 30 30 30 30 30 30 30 30 0D
1779567363590,74 34 35 35 38 45 41 46 46 30 37 30 30 39 46 46 46 30 30 30 30 0D
1779567363601,74 34 35 30 38 30 30 30 30 30 37 30 30 30 30 30 30 45 34 30 35 0D
1779567363613,74 34 35 31 38 30 30 30 30 30 30 30 30 30 30 30 30 30 30 30 30 0D
1779567363618,74 34 35 31 38 30 30 30 30 30 30 30 30 30 30 30 30 30 30 30 30 0D
1779567363632,74 34 35 35 38 45 41 46 46 30 37 30 30 39 46 46 46 30 30 30 30 0D
1779567363637,74 34 35 31 38 30 30 30 30 30 30 30 30 30 30 30 30 30 30 30 30 0D
1779567363660,74 34 35 35 38 45 41 46 46 30 37 30 30 39 46 46 46 30 30 30 30 0D
1779567363670,74 34 35 31 38 30 30 30 30 30 30 30 30 30 30 30 30 30 30 30 30 0D
1779567363682,74 34 35 31 38 30 30 30 30 30 30 30 30 30 30 30 30 30 30 30 30 0D
1779567363696,74 34 35 35 38 45 41 46 46 30 37 30 30 39 46 46 46 30 30 30 30 0D
1779567363698,74 34 35 30 38 30 30 30 30 30 37 30 30 30 30 30 30 45 34 30 35 0D
1779567363710,74 34 35 31 38 30 30 30 30 30 30 30 30 30 30 30 30 30 30 30 30 0D
1779567363717,74 34 35 31 38 30 30 30 30 30 30 30 30 30 30 30 30 30 30 30 30 0D
1779567363728,74 34 35 35 38 45 41 46 46 30 37 30 30 39 46 46 46 30 30 30 30 0D
1779567363735,74 34 35 31 38 30 30 30 30 30 30 30 30 30 30 30 30 30 30 30 30 0D
1779567363765,74 34 35 35 38 45 41 46 46 30 37 30 30 39 46 46 46 30 30 30 30 0D
1779567363781,74 34 35 31 38 30 30 30 30 30 30 30 30 30 30 30 30 30 30 30 30 0D
1779567363797,74 34 35 36 38 45 45 46 46 30 37 30 30 30 34 30 30 30 30 30 30 0D
1779567363802,74 34 35 30 38 30 30 30 30 30 37 30 30 30 30 30 30 45 34 30 35 0D
1779567363809,74 34 35 32 38 38 43 30 30 30 30 30 30 30 30 30 30 30 30 30 30 0D
1779567363817,74 34 35 31 38 30 30 30 30 30 30 30 30 30 30 30 30 30 30 30 30 0D
1779567363826,74 34 35 35 38 45 41 46 46 30 37 30 30 39 46 46 46 30 30 30 30 0D
1779567363839,74 34 35 31 38 30 30 30 30 30 30 30 30 30 30 30 30 30 30 30 30 0D
1779567363850,74 34 35 35 38 45 41 46 46 30 37 30 30 39 46 46 46 30 30 30 30 0D
1779567363857,74 34 35 37 38 30 30 30 30 30 30 30 30 36 34 31 34 30 30 30 30 0D
1779567363865,74 34 35 35 38 45 41 46 46 30 37 30 30 39 46 46 46 30 30 30 30 0D
1779567363876,74 34 35 31 38 30 30 30 30 30 30 30 30 30 30 30 30 30 30 30 30 0D
1779567363885,74 34 35 35 38 45 41 46 46 30 37 30 30 39 46 46 46 30 30 30 30 0D
1779567363897,74 34 35 30 38 30 30 30 30 30 37 30 30 30 30 30 30 45 34 30 35 0D
1779567363909,74 34 35 31 38 30 30 30 30 30 30 30 30 30 30 30 30 30 30 30 30 0D
1779567363916,74 34 35 31 38 30 30 30 30 30 30 30 30 30 30 30 30 30 30 30 30 0D
1779567363928,74 34 35 35 38 45 42 46 46 30 37 30 30 39 46 46 46 30 30 30 30 0D
1779567363935,74 34 35 31 38 30 30 30 30 30 30 30 30 30 30 30 30 30 30 30 30 0D
1779567363975,74 34 35 35 38 45 42 46 46 30 37 30 30 39 46 46 46 30 30 30 30 0D
1779567363978,74 34 35 31 38 30 30 30 30 30 30 30 30 30 30 30 30 30 30 30 30 0D
1779567363993,74 34 35 35 38 45 42 46 46 30 37 30 30 39 46 46 46 30 30 30 30 0D
1779567364002,74 34 35 30 38 30 30 30 30 30 37 30 30 30 30 30 30 45 34 30 35 0D
1779567364012,74 34 35 31 38 30 30 30 30 30 30 30 30 30 30 30 30 30 30 30 30 0D
1779567364018,74 34 35 31 38 30 30 30 30 30 30 30 30 30 30 30 30 30 30 30 30 0D
1779567364033,74 34 35 35 38 45 42 46 46 30 37 30 30 39 46 46 46 30 30 30 30 0D
1779567364039,74 34 35 31 38 30 30 30 30 30 30 30 30 30 30 30 30 30 30 30 30 0D
1779567364071,74 34 35 35 38 45 42 46 46 30 37 30 30 39 46 46 46 30 30 30 30 0D
1779567364081,74 34 35 31 38 30 30 30 30 30 30 30 30 30 30 30 30 30 30 30 30 0D
1779567364087,74 34 35 35 38 45 42 46 46 30 37 30 30 39 46 46 46 30 30 30 30 0D
1779567364096,74 34 35 30 38 30 30 30 30 30 37 30 30 30 30 30 30 45 34 30 35 0D
1779567364107,74 34 35 31 38 30 30 30 30 30 30 30 30 30 30 30 30 30 30 30 30 0D
1779567364116,74 34 35 31 38 30 30 30 30 30 30 30 30 30 30 30 30 30 30 30 30 0D
1779567364128,74 34 35 35 38 45 41 46 46 30 37 30 30 41 30 46 46 30 30 30 30 0D
1779567364141,74 34 35 31 38 30 30 30 30 30 30 30 30 30 30 30 30 30 30 30 30 0D
1779567364147,74 34 35 35 38 45 41 46 46 30 37 30 30 41 30 46 46 30 30 30 30 0D
1779567364157,74 34 35 39 38 38 39 41 34 42 45 31 36 45 32 31 41 30 33 42 37 0D
1779567364164,74 34 35 31 38 30 30 30 30 30 30 30 30 30 30 30 30 30 30 30 30 0D
1779567364177,74 34 35 31 38 30 30 30 30 30 30 30 30 30 30 30 30 30 30 30 30 0D
1779567364192,74 34 35 35 38 45 41 46 46 30 37 30 30 41 30 46 46 30 30 30 30 0D
1779567364196,74 34 35 30 38 30 30 30 30 30 37 30 30 30 30 30 30 45 34 30 35 0D
1779567364209,74 34 35 31 38 30 30 30 30 30 30 30 30 30 30 30 30 30 30 30 30 0D
1779567364215,74 34 35 31 38 30 30 30 30 30 30 30 30 30 30 30 30 30 30 30 30 0D
1779567364227,74 34 35 35 38 45 41 46 46 30 37 30 30 41 30 46 46 30 30 30 30 0D
1779567364235,74 34 35 31 38 30 30 30 30 30 30 30 30 30 30 30 30 30 30 30 30 0D
1779567364256,74 34 35 35 38 45 41 46 46 30 37 30 30 41 30 46 46 30 30 30 30 0D
1779567364262,74 34 35 31 38 30 30 30 30 30 30 30 30 30 30 30 30 30 30 30 30 0D
1779567364269,74 34 35 35 38 45 41 46 46 30 37 30 30 41 30 46 46 30 30 30 30 0D
1779567364280,74 34 35 31 38 30 30 30 30 30 30 30 30 30 30 30 30 30 30 30 30 0D
1779567364290,74 34 35 35 38 45 41 46 46 30 37 30 30 41 30 46 46 30 30 30 30 0D
1779567364296,74 34 35 30 38 30 30 30 30 30 37 30 30 30 30 30 30 45 34 30 35 0D
1779567364311,74 34 35 31 38 30 30 30 30 30 30 30 30 30 30 30 30 30 30 30 30 0D
1779567364317,74 34 35 31 38 30 30 30 30 30 30 30 30 30 30 30 30 30 30 30 30 0D
1779567364332,74 34 35 35 38 45 41 46 46 30 37 30 30 39 45 46 46 30 30 30 30 0D
1779567364342,74 34 35 31 38 30 30 30 30 30 30 30 30 30 30 30 30 30 30 30 30 0D
1779567364356,74 34 35 35 38 45 41 46 46 30 37 30 30 39 45 46 46 30 30 30 30 0D
1779567364367,74 34 35 35 38 45 41 46 46 30 37 30 30 39 45 46 46 30 30 30 30 0D
1779567364378,74 34 35 31 38 30 30 30 30 30 30 30 30 30 30 30 30 30 30 30 30 0D
1779567364391,74 34 35 35 38 45 41 46 46 30 37 30 30 39 45 46 46 30 30 30 30 0D
1779567364396,74 34 35 30 38 30 30 30 30 30 37 30 30 30 30 30 30 45 34 30 35 0D
1779567364409,74 34 35 31 38 30 30 30 30 30 30 30 30 30 30 30 30 30 30 30 30 0D
1779567364418,74 34 35 31 38 30 30 30 30 30 30 30 30 30 30 30 30 30 30 30 30 0D
1779567364428,74 34 35 35 38 45 41 46 46 30 37 30 30 39 45 46 46 30 30 30 30 0D
1779567364439,74 34 35 31 38 30 30 30 30 30 30 30 30 30 30 30 30 30 30 30 30 0D
1779567364473,74 34 35 35 38 45 41 46 46 30 37 30 30 39 45 46 46 30 30 30 30 0D
1779567364480,74 34 35 31 38 30 30 30 30 30 30 30 30 30 30 30 30 30 30 30 30 0D
1779567364491,74 34 35 35 38 45 41 46 46 30 37 30 30 39 45 46 46 30 30 30 30 0D
1779567364499,74 34 35 30 38 30 30 30 30 30 37 30 30 30 30 30 30 45 34 30 35 0D
1779567364512,74 34 35 31 38 30 30 30 30 30 30 30 30 30 30 30 30 30 30 30 30 0D
1779567364522,74 34 35 31 38 30 30 30 30 30 30 30 30 30 30 30 30 30 30 30 30 0D
1779567364528,74 34 35 35 38 45 41 46 46 30 37 30 30 39 46 46 46 30 30 30 30 0D
1779567364540,74 34 35 31 38 30 30 30 30 30 30 30 30 30 30 30 30 30 30 30 30 0D
1779567364556,74 34 35 35 38 45 41 46 46 30 37 30 30 39 46 46 46 30 30 30 30 0D
1779567364563,74 34 35 31 38 30 30 30 30 30 30 30 30 30 30 30 30 30 30 30 30 0D
1779567364567,74 34 35 35 38 45 41 46 46 30 37 30 30 39 46 46 46 30 30 30 30 0D
1779567364577,74 34 35 31 38 30 30 30 30 30 30 30 30 30 30 30 30 30 30 30 30 0D
1779567364590,74 34 35 35 38 45 41 46 46 30 37 30 30 39 46 46 46 30 30 30 30 0D
1779567364598,74 34 35 30 38 30 30 30 30 30 37 30 30 30 30 30 30 45 34 30 35 0D
1779567364610,74 34 35 31 38 30 30 30 30 30 30 30 30 30 30 30 30 30 30 30 30 0D
1779567364621,74 34 35 31 38 30 30 30 30 30 30 30 30 30 30 30 30 30 30 30 30 0D
1779567364633,74 34 35 35 38 45 41 46 46 30 37 30 30 39 46 46 46 30 30 30 30 0D
1779567364643,74 34 35 31 38 30 30 30 30 30 30 30 30 30 30 30 30 30 30 30 30 0D
1779567364662,74 34 35 35 38 45 41 46 46 30 37 30 30 39 46 46 46 30 30 30 30 0D
1779567364666,74 34 35 31 38 30 30 30 30 30 30 30 30 30 30 30 30 30 30 30 30 0D
1779567364671,74 34 35 35 38 45 41 46 46 30 37 30 30 39 46 46 46 30 30 30 30 0D
1779567364678,74 34 35 31 38 30 30 30 30 30 30 30 30 30 30 30 30 30 30 30 30 0D
1779567364694,74 34 35 35 38 45 41 46 46 30 37 30 30 39 46 46 46 30 30 30 30 0D
1779567364701,74 34 35 30 38 30 30 30 30 30 37 30 30 30 30 30 30 45 34 30 35 0D
1779567364707,74 34 35 31 38 30 30 30 30 30 30 30 30 30 30 30 30 30 30 30 30 0D
1779567364718,74 34 35 31 38 30 30 30 30 30 30 30 30 30 30 30 30 30 30 30 30 0D
1779567364732,74 34 35 35 38 45 41 46 46 30 37 30 30 39 46 46 46 30 30 30 30 0D
1779567364737,74 34 35 31 38 30 30 30 30 30 30 30 30 30 30 30 30 30 30 30 30 0D
1779567364776,74 34 35 35 38 45 41 46 46 30 37 30 30 39 46 46 46 30 30 30 30 0D
1779567364788,74 34 35 31 38 30 30 30 30 30 30 30 30 30 30 30 30 30 30 30 30 0D
1779567364793,74 34 35 35 38 45 41 46 46 30 37 30 30 39 46 46 46 30 30 30 30 0D
1779567364800,74 34 35 30 38 30 30 30 30 30 37 30 30 30 30 30 30 45 34 30 35 0D
1779567364812,74 34 35 31 38 30 30 30 30 30 30 30 30 30 30 30 30 30 30 30 30 0D
1779567364821,74 34 35 31 38 30 30 30 30 30 30 30 30 30 30 30 30 30 30 30 30 0D
1779567364847,74 34 35 35 38 45 41 46 46 30 37 30 30 39 46 46 46 30 30 30 30 0D
1779567364856,74 34 35 37 38 30 30 30 30 30 30 30 30 36 34 31 34 30 30 30 30 0D
1779567364862,74 34 35 31 38 30 30 30 30 30 30 30 30 30 30 30 30 30 30 30 30 0D
1779567364869,74 34 35 35 38 45 41 46 46 30 37 30 30 39 46 46 46 30 30 30 30 0D
1779567364878,74 34 35 31 38 30 30 30 30 30 30 30 30 30 30 30 30 30 30 30 30 0D
1779567364894,74 34 35 35 38 45 41 46 46 30 37 30 30 39 46 46 46 30 30 30 30 0D
1779567364900,74 34 35 30 38 30 30 30 30 30 37 30 30 30 30 30 30 45 34 30 35 0D
1779567364913,74 34 35 31 38 30 30 30 30 30 30 30 30 30 30 30 30 30 30 30 30 0D
1779567364918,74 34 35 31 38 30 30 30 30 30 30 30 30 30 30 30 30 30 30 30 30 0D
1779567364926,74 34 35 35 38 45 41 46 46 30 37 30 30 39 46 46 46 30 30 30 30 0D
1779567364939,74 34 35 31 38 30 30 30 30 30 30 30 30 30 30 30 30 30 30 30 30 0D
1779567364968,74 34 35 35 38 45 41 46 46 30 37 30 30 39 46 46 46 30 30 30 30 0D
1779567364983,74 34 35 31 38 30 30 30 30 30 30 30 30 30 30 30 30 30 30 30 30 0D
1779567364995,74 34 35 35 38 45 41 46 46 30 37 30 30 39 46 46 46 30 30 30 30 0D
1779567365000,74 34 35 30 38 30 30 30 30 30 37 30 30 30 30 30 30 45 34 30 35 0D
1779567365012,74 34 35 31 38 30 30 30 30 30 30 30 30 30 30 30 30 30 30 30 30 0D
1779567365018,74 34 35 31 38 30 30 30 30 30 30 30 30 30 30 30 30 30 30 30 30 0D
1779567365024,74 34 35 35 38 45 41 46 46 30 37 30 30 39 46 46 46 30 30 30 30 0D
1779567365035,74 34 35 36 38 45 45 46 46 30 38 30 30 30 35 30 30 30 30 30 30 0D
1779567365040,74 34 35 31 38 30 30 30 30 30 30 30 30 30 30 30 30 30 30 30 30 0D
1779567365047,74 34 35 36 38 45 45 46 46 30 38 30 30 30 35 30 30 30 30 30 30 0D
1779567365054,74 34 35 37 38 30 30 30 30 30 31 30 30 36 34 31 34 30 30 30 30 0D
1779567365061,74 34 35 31 38 30 30 30 30 30 30 30 30 30 30 30 30 30 30 30 30 0D
1779567365071,74 34 35 35 38 45 41 46 46 30 37 30 30 39 46 46 46 30 30 30 30 0D
1779567365077,74 34 35 31 38 30 30 30 30 30 30 30 30 30 30 30 30 30 30 30 30 0D
1779567365087,74 34 35 35 38 45 41 46 46 30 37 30 30 39 46 46 46 30 30 30 30 0D
1779567365102,74 34 35 30 38 30 30 30 30 30 37 30 30 30 30 30 30 45 34 30 35 0D
1779567365113,74 34 35 31 38 30 30 30 30 30 30 30 30 30 30 30 30 30 30 30 30 0D
1779567365123,74 34 35 31 38 30 30 30 30 30 30 30 30 30 30 30 30 30 30 30 30 0D
1779567365135,74 34 35 35 38 45 41 46 46 30 37 30 30 39 46 46 46 30 30 30 30 0D
1779567365141,74 34 35 31 38 30 30 30 30 30 30 30 30 30 30 30 30 30 30 30 30 0D
1779567365152,74 34 35 35 38 45 41 46 46 30 37 30 30 39 46 46 46 30 30 30 30 0D
1779567365158,74 34 35 37 38 30 30 30 30 30 30 30 30 36 34 31 34 30 30 30 30 0D
1779567365171,74 34 35 35 38 45 41 46 46 30 37 30 30 39 46 46 46 30 30 30 30 0D
1779567365177,74 34 35 31 38 30 30 30 30 30 30 30 30 30 30 30 30 30 30 30 30 0D
1779567365187,74 34 35 35 38 45 41 46 46 30 37 30 30 39 46 46 46 30 30 30 30 0D
1779567365196,74 34 35 30 38 30 30 30 30 30 37 30 30 30 30 30 30 45 34 30 35 0D
1779567365208,74 34 35 31 38 30 30 30 30 30 30 30 30 30 30 30 30 30 30 30 30 0D
1779567365222,74 34 35 31 38 30 30 30 30 30 30 30 30 30 30 30 30 30 30 30 30 0D
1779567365227,74 34 35 35 38 45 41 46 46 30 37 30 30 39 46 46 46 30 30 30 30 0D
1779567365238,74 34 35 31 38 30 30 30 30 30 30 30 30 30 30 30 30 30 30 30 30 0D
1779567365258,74 34 35 35 38 45 41 46 46 30 37 30 30 39 46 46 46 30 30 30 30 0D
1779567365266,74 34 35 31 38 30 30 30 30 30 30 30 30 30 30 30 30 30 30 30 30 0D
1779567365271,74 34 35 35 38 45 41 46 46 30 37 30 30 39 46 46 46 30 30 30 30 0D
1779567365278,74 34 35 31 38 30 30 30 30 30 30 30 30 30 30 30 30 30 30 30 30 0D
1779567365291,74 34 35 35 38 45 41 46 46 30 37 30 30 39 46 46 46 30 30 30 30 0D
1779567365298,74 34 35 30 38 30 30 30 30 30 37 30 30 30 30 30 30 45 34 30 35 0D
1779567365307,74 34 35 31 38 30 30 30 30 30 30 30 30 30 30 30 30 30 30 30 30 0D
1779567365320,74 34 35 31 38 30 30 30 30 30 30 30 30 30 30 30 30 30 30 30 30 0D
1779567365336,74 34 35 35 38 45 41 46 46 30 37 30 30 39 46 46 46 30 30 30 30 0D
1779567365343,74 34 35 31 38 30 30 30 30 30 30 30 30 30 30 30 30 30 30 30 30 0D
1779567365357,74 34 35 35 38 45 41 46 46 30 37 30 30 39 46 46 46 30 30 30 30 0D
1779567365362,74 34 35 31 38 30 30 30 30 30 30 30 30 30 30 30 30 30 30 30 30 0D
1779567365370,74 34 35 35 38 45 41 46 46 30 37 30 30 39 46 46 46 30 30 30 30 0D
1779567365377,74 34 35 31 38 30 30 30 30 30 30 30 30 30 30 30 30 30 30 30 30 0D
1779567365394,74 34 35 35 38 45 41 46 46 30 37 30 30 39 46 46 46 30 30 30 30 0D
1779567365400,74 34 35 30 38 30 30 30 30 30 37 30 30 30 30 30 30 45 34 30 35 0D
1779567365417,74 34 35 31 38 30 30 30 30 30 30 30 30 30 30 30 30 30 30 30 30 0D
1779567365422,74 34 35 31 38 30 30 30 30 30 30 30 30 30 30 30 30 30 30 30 30 0D
1779567365426,74 34 35 35 38 45 41 46 46 30 37 30 30 39 46 46 46 30 30 30 30 0D
1779567365438,74 34 35 31 38 30 30 30 30 30 30 30 30 30 30 30 30 30 30 30 30 0D
1779567365446,74 34 35 35 38 45 41 46 46 30 37 30 30 39 46 46 46 30 30 30 30 0D
1779567365454,74 34 35 37 38 30 30 30 30 30 30 30 30 36 34 31 34 30 30 30 30 0D
1779567365471,74 34 35 39 38 38 30 41 34 42 45 31 36 44 38 31 41 30 33 42 37 0D
1779567365477,74 34 35 31 38 30 30 30 30 30 30 30 30 30 30 30 30 30 30 30 30 0D
1779567365490,74 34 35 35 38 45 41 46 46 30 37 30 30 39 46 46 46 30 30 30 30 0D
1779567365494,74 34 35 30 38 30 30 30 30 30 37 30 30 30 30 30 30 45 34 30 35 0D
1779567365508,74 34 35 31 38 30 30 30 30 30 30 30 30 30 30 30 30 30 30 30 30 0D
1779567365521,74 34 35 31 38 30 30 30 30 30 30 30 30 30 30 30 30 30 30 30 30 0D
1779567365528,74 34 35 35 38 45 39 46 46 30 37 30 30 39 46 46 46 30 30 30 30 0D
1779567365539,74 34 35 31 38 30 30 30 30 30 30 30 30 30 30 30 30 30 30 30 30 0D
1779567365557,74 34 35 35 38 45 39 46 46 30 37 30 30 39 46 46 46 30 30 30 30 0D
1779567365562,74 34 35 31 38 30 30 30 30 30 30 30 30 30 30 30 30 30 30 30 30 0D
1779567365569,74 34 35 36 38 45 45 46 46 30 37 30 30 30 34 30 30 30 30 30 30 0D
1779567365574,74 34 35 31 38 30 30 30 30 30 30 30 30 30 30 30 30 30 30 30 30 0D
1779567365586,74 34 35 35 38 45 39 46 46 30 37 30 30 39 46 46 46 30 30 30 30 0D
1779567365596,74 34 35 30 38 30 30 30 30 30 37 30 30 30 30 30 30 45 34 30 35 0D
1779567365607,74 34 35 31 38 30 30 30 30 30 30 30 30 30 30 30 30 30 30 30 30 0D
1779567365619,74 34 35 31 38 30 30 30 30 30 30 30 30 30 30 30 30 30 30 30 30 0D
1779567365636,74 34 35 35 38 45 39 46 46 30 37 30 30 39 46 46 46 30 30 30 30 0D
1779567365642,74 34 35 31 38 30 30 30 30 30 30 30 30 30 30 30 30 30 30 30 30 0D
1779567365654,74 34 35 35 38 45 39 46 46 30 37 30 30 39 46 46 46 30 30 30 30 0D
1779567365659,74 34 35 31 38 30 30 30 30 30 30 30 30 30 30 30 30 30 30 30 30 0D
1779567365670,74 34 35 35 38 45 39 46 46 30 37 30 30 39 46 46 46 30 30 30 30 0D
1779567365677,74 34 35 31 38 30 30 30 30 30 30 30 30 30 30 30 30 30 30 30 30 0D
1779567365691,74 34 35 35 38 45 39 46 46 30 37 30 30 39 46 46 46 30 30 30 30 0D
1779567365695,74 34 35 30 38 30 30 30 30 30 37 30 30 30 30 30 30 45 34 30 35 0D
1779567365722,74 34 35 31 38 30 30 30 30 30 30 30 30 30 30 30 30 30 30 30 30 0D
1779567365725,74 34 35 31 38 30 30 30 30 30 30 30 30 30 30 30 30 30 30 30 30 0D
1779567365737,74 34 35 31 38 30 30 30 30 30 30 30 30 30 30 30 30 30 30 30 30 0D
1779567365750,74 34 35 35 38 45 41 46 46 30 37 30 30 39 46 46 46 30 30 30 30 0D
1779567365757,74 34 35 37 38 30 30 30 30 30 30 30 30 36 34 31 34 30 30 30 30 0D
1779567365760,74 34 35 31 38 30 30 30 30 30 30 30 30 30 30 30 30 30 30 30 30 0D
1779567365768,74 34 35 36 38 45 45 46 46 30 37 30 30 30 34 30 30 30 30 30 30 0D
1779567365778,74 34 35 31 38 30 30 30 30 30 30 30 30 30 30 30 30 30 30 30 30 0D
1779567365790,74 34 35 35 38 45 41 46 46 30 37 30 30 39 46 46 46 30 30 30 30 0D
1779567365800,74 34 35 30 38 30 30 30 30 30 37 30 30 30 30 30 30 45 34 30 35 0D
1779567365806,74 34 35 31 38 30 30 30 30 30 30 30 30 30 30 30 30 30 30 30 30 0D
1779567365818,74 34 35 31 38 30 30 30 30 30 30 30 30 30 30 30 30 30 30 30 30 0D
1779567365826,74 34 35 35 38 45 41 46 46 30 37 30 30 39 46 46 46 30 30 30 30 0D
1779567365837,74 34 35 31 38 30 30 30 30 30 30 30 30 30 30 30 30 30 30 30 30 0D
1779567365855,74 34 35 35 38 45 41 46 46 30 37 30 30 39 46 46 46 30 30 30 30 0D
1779567365859,74 34 35 31 38 30 30 30 30 30 30 30 30 30 30 30 30 30 30 30 30 0D
1779567365884,74 34 35 31 38 30 30 30 30 30 30 30 30 30 30 30 30 30 30 30 30 0D
1779567365892,74 34 35 35 38 45 41 46 46 30 37 30 30 39 46 46 46 30 30 30 30 0D
1779567365899,74 34 35 30 38 30 30 30 30 30 37 30 30 30 30 30 30 45 34 30 35 0D
1779567365917,74 34 35 31 38 30 30 30 30 30 30 30 30 30 30 30 30 30 30 30 30 0D
1779567365928,74 34 35 35 38 45 41 46 46 30 37 30 30 39 45 46 46 30 30 30 30 0D
1779567365937,74 34 35 31 38 30 30 30 30 30 30 30 30 30 30 30 30 30 30 30 30 0D
1779567365959,74 34 35 35 38 45 41 46 46 30 37 30 30 39 45 46 46 30 30 30 30 0D
1779567365978,74 34 35 37 38 30 30 30 30 30 30 30 30 36 34 31 34 30 30 30 30 0D
1779567365988,74 34 35 31 38 30 30 30 30 30 30 30 30 30 30 30 30 30 30 30 30 0D 74 34 35 35 38 45 41 46 46 30 37 30 30 39 45 46 46 30 30 30 30 0D
1779567365995,74 34 35 31 38 30 30 30 30 30 30 30 30 30 30 30 30 30 30 30 30 0D
1779567366000,74 34 35 30 38 30 30 30 30 30 37 30 30 30 30 30 30 45 34 30 35 0D
1779567366007,74 34 35 31 38 30 30 30 30 30 30 30 30 30 30 30 30 30 30 30 30 0D
1779567366017,74 34 35 31 38 30 30 30 30 30 30 30 30 30 30 30 30 30 30 30 30 0D
1779567366034,74 34 35 35 38 45 41 46 46 30 37 30 30 39 45 46 46 30 30 30 30 0D
1779567366041,74 34 35 31 38 30 30 30 30 30 30 30 30 30 30 30 30 30 30 30 30 0D
1779567366054,74 34 35 35 38 45 41 46 46 30 37 30 30 39 45 46 46 30 30 30 30 0D
1779567366059,74 34 35 31 38 30 30 30 30 30 30 30 30 30 30 30 30 30 30 30 30 0D
1779567366074,74 34 35 36 38 45 45 46 46 30 37 30 30 30 33 30 30 30 30 30 30 0D
1779567366079,74 34 35 31 38 30 30 30 30 30 30 30 30 30 30 30 30 30 30 30 30 0D
1779567366088,74 34 35 35 38 45 41 46 46 30 37 30 30 39 45 46 46 30 30 30 30 0D
1779567366098,74 34 35 30 38 30 30 30 30 30 37 30 30 30 30 30 30 45 34 30 35 0D
1779567366106,74 34 35 31 38 30 30 30 30 30 30 30 30 30 30 30 30 30 30 30 30 0D
1779567366119,74 34 35 31 38 30 30 30 30 30 30 30 30 30 30 30 30 30 30 30 30 0D
1779567366131,74 34 35 35 38 45 41 46 46 30 37 30 30 39 46 46 46 30 30 30 30 0D
1779567366139,74 34 35 31 38 30 30 30 30 30 30 30 30 30 30 30 30 30 30 30 30 0D
1779567366151,74 34 35 35 38 45 41 46 46 30 37 30 30 39 46 46 46 30 30 30 30 0D
1779567366156,74 34 35 31 38 30 30 30 30 30 30 30 30 30 30 30 30 30 30 30 30 0D
1779567366169,74 34 35 35 38 45 41 46 46 30 37 30 30 39 46 46 46 30 30 30 30 0D
1779567366175,74 34 35 31 38 30 30 30 30 30 30 30 30 30 30 30 30 30 30 30 30 0D
1779567366188,74 34 35 35 38 45 41 46 46 30 37 30 30 39 46 46 46 30 30 30 30 0D
1779567366201,74 34 35 30 38 30 30 30 30 30 37 30 30 30 30 30 30 45 34 30 35 0D
1779567366208,74 34 35 31 38 30 30 30 30 30 30 30 30 30 30 30 30 30 30 30 30 0D
1779567366216,74 34 35 31 38 30 30 30 30 30 30 30 30 30 30 30 30 30 30 30 30 0D
1779567366228,74 34 35 35 38 45 41 46 46 30 37 30 30 39 46 46 46 30 30 30 30 0D
1779567366242,74 34 35 31 38 30 30 30 30 30 30 30 30 30 30 30 30 30 30 30 30 0D
1779567366260,74 34 35 35 38 45 41 46 46 30 37 30 30 39 46 46 46 30 30 30 30 0D
1779567366275,74 34 35 35 38 45 41 46 46 30 37 30 30 39 46 46 46 30 30 30 30 0D
1779567366283,74 34 35 31 38 30 30 30 30 30 30 30 30 30 30 30 30 30 30 30 30 0D
1779567366287,74 34 35 35 38 45 41 46 46 30 37 30 30 39 46 46 46 30 30 30 30 0D
1779567366298,74 34 35 30 38 30 30 30 30 30 37 30 30 30 30 30 30 45 34 30 35 0D
1779567366305,74 34 35 31 38 30 30 30 30 30 30 30 30 30 30 30 30 30 30 30 30 0D
1779567366318,74 34 35 31 38 30 30 30 30 30 30 30 30 30 30 30 30 30 30 30 30 0D
1779567366334,74 34 35 35 38 45 39 46 46 30 37 30 30 39 46 46 46 30 30 30 30 0D
1779567366349,74 34 35 35 38 45 39 46 46 30 37 30 30 39 46 46 46 30 30 30 30 0D
1779567366359,74 34 35 37 38 30 30 30 30 30 30 30 30 36 34 31 34 30 30 30 30 0D
1779567366372,74 34 35 31 38 30 30 30 30 30 30 30 30 30 30 30 30 30 30 30 30 0D
1779567366377,74 34 35 31 38 30 30 30 30 30 30 30 30 30 30 30 30 30 30 30 30 0D
1779567366384,74 34 35 35 38 45 39 46 46 30 37 30 30 39 46 46 46 30 30 30 30 0D
1779567366401,74 34 35 30 38 30 30 30 30 30 37 30 30 30 30 30 30 45 34 30 35 0D
1779567366408,74 34 35 31 38 30 30 30 30 30 30 30 30 30 30 30 30 30 30 30 30 0D
1779567366419,74 34 35 31 38 30 30 30 30 30 30 30 30 30 30 30 30 30 30 30 30 0D
1779567366433,74 34 35 35 38 45 39 46 46 30 37 30 30 39 46 46 46 30 30 30 30 0D
1779567366439,74 34 35 31 38 30 30 30 30 30 30 30 30 30 30 30 30 30 30 30 30 0D
1779567366456,74 34 35 35 38 45 39 46 46 30 37 30 30 39 46 46 46 30 30 30 30 0D
1779567366469,74 34 35 31 38 30 30 30 30 30 30 30 30 30 30 30 30 30 30 30 30 0D
1779567366475,74 34 35 35 38 45 39 46 46 30 37 30 30 39 46 46 46 30 30 30 30 0D
1779567366481,74 34 35 31 38 30 30 30 30 30 30 30 30 30 30 30 30 30 30 30 30 0D
1779567366490,74 34 35 35 38 45 39 46 46 30 37 30 30 39 46 46 46 30 30 30 30 0D
1779567366501,74 34 35 30 38 30 30 30 30 30 37 30 30 30 30 30 30 45 34 30 35 0D
1779567366516,74 34 35 31 38 30 30 30 30 30 30 30 30 30 30 30 30 30 30 30 30 0D
1779567366519,74 34 35 31 38 30 30 30 30 30 30 30 30 30 30 30 30 30 30 30 30 0D
1779567366527,74 34 35 35 38 45 41 46 46 30 37 30 30 39 46 46 46 30 30 30 30 0D
1779567366538,74 34 35 31 38 30 30 30 30 30 30 30 30 30 30 30 30 30 30 30 30 0D
1779567366552,74 34 35 35 38 45 41 46 46 30 37 30 30 39 46 46 46 30 30 30 30 0D
1779567366555,74 34 35 31 38 30 30 30 30 30 30 30 30 30 30 30 30 30 30 30 30 0D
1779567366570,74 34 35 35 38 45 41 46 46 30 37 30 30 39 46 46 46 30 30 30 30 0D
1779567366591,74 34 35 31 38 30 30 30 30 30 30 30 30 30 30 30 30 30 30 30 30 0D
1779567366598,74 34 35 36 38 45 44 46 46 30 38 30 30 30 33 30 30 30 30 30 30 0D
1779567366605,74 34 35 30 38 30 30 30 30 30 37 30 30 30 30 30 30 45 34 30 35 0D
1779567366610,74 34 35 31 38 30 30 30 30 30 30 30 30 30 30 30 30 30 30 30 30 0D
1779567366618,74 34 35 31 38 30 30 30 30 30 30 30 30 30 30 30 30 30 30 30 30 0D
1779567366626,74 34 35 35 38 45 41 46 46 30 37 30 30 39 46 46 46 30 30 30 30 0D
1779567366636,74 34 35 31 38 30 30 30 30 30 30 30 30 30 30 30 30 30 30 30 30 0D
1779567366656,74 34 35 35 38 45 41 46 46 30 37 30 30 39 46 46 46 30 30 30 30 0D
1779567366659,74 34 35 31 38 30 30 30 30 30 30 30 30 30 30 30 30 30 30 30 30 0D
1779567366670,74 34 35 35 38 45 41 46 46 30 37 30 30 39 46 46 46 30 30 30 30 0D
1779567366683,74 34 35 31 38 30 30 30 30 30 30 30 30 30 30 30 30 30 30 30 30 0D
1779567366690,74 34 35 35 38 45 41 46 46 30 37 30 30 39 46 46 46 30 30 30 30 0D
1779567366697,74 34 35 30 38 30 30 30 30 30 37 30 30 30 30 30 30 45 34 30 35 0D
1779567366706,74 34 35 31 38 30 30 30 30 30 30 30 30 30 30 30 30 30 30 30 30 0D
1779567366722,74 34 35 31 38 30 30 30 30 30 30 30 30 30 30 30 30 30 30 30 30 0D
1779567366732,74 34 35 35 38 45 41 46 46 30 37 30 30 39 46 46 46 30 30 30 30 0D
1779567366736,74 34 35 31 38 30 30 30 30 30 30 30 30 30 30 30 30 30 30 30 30 0D
1779567366752,74 34 35 35 38 45 41 46 46 30 37 30 30 39 46 46 46 30 30 30 30 0D
1779567366755,74 34 35 31 38 30 30 30 30 30 30 30 30 30 30 30 30 30 30 30 30 0D
1779567366767,74 34 35 35 38 45 41 46 46 30 37 30 30 39 46 46 46 30 30 30 30 0D
1779567366779,74 34 35 31 38 30 30 30 30 30 30 30 30 30 30 30 30 30 30 30 30 0D
1779567366789,74 34 35 35 38 45 41 46 46 30 37 30 30 39 46 46 46 30 30 30 30 0D
1779567366799,74 34 35 30 38 30 30 30 30 30 37 30 30 30 30 30 30 45 34 30 35 0D
1779567366811,74 34 35 31 38 30 30 30 30 30 30 30 30 30 30 30 30 30 30 30 30 0D
1779567366818,74 34 35 31 38 30 30 30 30 30 30 30 30 30 30 30 30 30 30 30 30 0D
1779567366831,74 34 35 35 38 45 41 46 46 30 37 30 30 39 46 46 46 30 30 30 30 0D
1779567366836,74 34 35 31 38 30 30 30 30 30 30 30 30 30 30 30 30 30 30 30 30 0D
1779567366855,74 34 35 35 38 45 41 46 46 30 37 30 30 39 46 46 46 30 30 30 30 0D
1779567366861,74 34 35 31 38 30 30 30 30 30 30 30 30 30 30 30 30 30 30 30 30 0D
1779567366868,74 34 35 35 38 45 41 46 46 30 37 30 30 39 46 46 46 30 30 30 30 0D
1779567366880,74 34 35 31 38 30 30 30 30 30 30 30 30 30 30 30 30 30 30 30 30 0D
1779567366888,74 34 35 35 38 45 41 46 46 30 37 30 30 39 46 46 46 30 30 30 30 0D
1779567366901,74 34 35 30 38 30 30 30 30 30 37 30 30 30 30 30 30 45 34 30 35 0D
1779567366912,74 34 35 31 38 30 30 30 30 30 30 30 30 30 30 30 30 30 30 30 30 0D
1779567366918,74 34 35 31 38 30 30 30 30 30 30 30 30 30 30 30 30 30 30 30 30 0D
1779567366932,74 34 35 35 38 45 41 46 46 30 37 30 30 39 46 46 46 30 30 30 30 0D
1779567366938,74 34 35 31 38 30 30 30 30 30 30 30 30 30 30 30 30 30 30 30 30 0D
1779567366950,74 34 35 37 38 30 30 30 30 30 30 30 30 36 34 31 34 30 30 30 30 0D
1779567366970,74 34 35 39 38 37 39 41 34 42 45 31 36 44 41 31 41 30 33 42 37 0D
1779567366983,74 34 35 31 38 30 30 30 30 30 30 30 30 30 30 30 30 30 30 30 30 0D
1779567366988,74 34 35 35 38 45 41 46 46 30 37 30 30 39 46 46 46 30 30 30 30 0D
1779567366998,74 34 35 30 38 30 30 30 30 30 37 30 30 30 30 30 30 45 34 30 35 0D
1779567367013,74 34 35 31 38 30 30 30 30 30 30 30 30 30 30 30 30 30 30 30 30 0D
1779567367018,74 34 35 31 38 30 30 30 30 30 30 30 30 30 30 30 30 30 30 30 30 0D
1779567367031,74 34 35 35 38 45 41 46 46 30 37 30 30 39 46 46 46 30 30 30 30 0D
1779567367039,74 34 35 31 38 30 30 30 30 30 30 30 30 30 30 30 30 30 30 30 30 0D
1779567367058,74 34 35 35 38 45 41 46 46 30 37 30 30 39 46 46 46 30 30 30 30 0D
1779567367071,74 34 35 31 38 30 30 30 30 30 30 30 30 30 30 30 30 30 30 30 30 0D
1779567367075,74 34 35 35 38 45 41 46 46 30 37 30 30 39 46 46 46 30 30 30 30 0D
1779567367080,74 34 35 31 38 30 30 30 30 30 30 30 30 30 30 30 30 30 30 30 30 0D
1779567367088,74 34 35 35 38 45 41 46 46 30 37 30 30 39 46 46 46 30 30 30 30 0D
1779567367100,74 34 35 30 38 30 30 30 30 30 37 30 30 30 30 30 30 45 34 30 35 0D
1779567367115,74 34 35 31 38 30 30 30 30 30 30 30 30 30 30 30 30 30 30 30 30 0D
1779567367119,74 34 35 31 38 30 30 30 30 30 30 30 30 30 30 30 30 30 30 30 30 0D
1779567367128,74 34 35 35 38 45 41 46 46 30 37 30 30 39 46 46 46 30 30 30 30 0D
1779567367139,74 34 35 31 38 30 30 30 30 30 30 30 30 30 30 30 30 30 30 30 30 0D
1779567367155,74 34 35 35 38 45 41 46 46 30 37 30 30 39 46 46 46 30 30 30 30 0D
1779567367161,74 34 35 31 38 30 30 30 30 30 30 30 30 30 30 30 30 30 30 30 30 0D
1779567367170,74 34 35 35 38 45 41 46 46 30 37 30 30 39 46 46 46 30 30 30 30 0D
1779567367179,74 34 35 31 38 30 30 30 30 30 30 30 30 30 30 30 30 30 30 30 30 0D
1779567367187,74 34 35 35 38 45 41 46 46 30 37 30 30 39 46 46 46 30 30 30 30 0D
1779567367198,74 34 35 36 38 45 44 46 46 30 37 30 30 30 34 30 30 30 30 30 30 0D
1779567367203,74 34 35 30 38 30 30 30 30 30 37 30 30 30 30 30 30 45 34 30 35 0D
1779567367212,74 34 35 31 38 30 30 30 30 30 30 30 30 30 30 30 30 30 30 30 30 0D
1779567367220,74 34 35 31 38 30 30 30 30 30 30 30 30 30 30 30 30 30 30 30 30 0D
1779567367231,74 34 35 35 38 45 41 46 46 30 37 30 30 39 46 46 46 30 30 30 30 0D
1779567367236,74 34 35 31 38 30 30 30 30 30 30 30 30 30 30 30 30 30 30 30 30 0D
1779567367254,74 34 35 35 38 45 41 46 46 30 37 30 30 39 46 46 46 30 30 30 30 0D
1779567367261,74 34 35 31 38 30 30 30 30 30 30 30 30 30 30 30 30 30 30 30 30 0D
1779567367268,74 34 35 35 38 45 41 46 46 30 37 30 30 39 46 46 46 30 30 30 30 0D
1779567367279,74 34 35 31 38 30 30 30 30 30 30 30 30 30 30 30 30 30 30 30 30 0D
1779567367295,74 34 35 35 38 45 41 46 46 30 37 30 30 39 46 46 46 30 30 30 30 0D
1779567367311,74 34 35 31 38 30 30 30 30 30 30 30 30 30 30 30 30 30 30 30 30 0D
1779567367318,74 34 35 31 38 30 30 30 30 30 30 30 30 30 30 30 30 30 30 30 30 0D
1779567367328,74 34 35 35 38 45 41 46 46 30 37 30 30 39 46 46 46 30 30 30 30 0D
1779567367345,74 34 35 31 38 30 30 30 30 30 30 30 30 30 30 30 30 30 30 30 30 0D
1779567367361,74 34 35 35 38 45 41 46 46 30 37 30 30 39 46 46 46 30 30 30 30 0D
1779567367364,74 34 35 31 38 30 30 30 30 30 30 30 30 30 30 30 30 30 30 30 30 0D
1779567367367,74 34 35 35 38 45 41 46 46 30 37 30 30 39 46 46 46 30 30 30 30 0D
1779567367380,74 34 35 31 38 30 30 30 30 30 30 30 30 30 30 30 30 30 30 30 30 0D
1779567367388,74 34 35 35 38 45 41 46 46 30 37 30 30 39 46 46 46 30 30 30 30 0D
1779567367399,74 34 35 30 38 30 30 30 30 30 37 30 30 30 30 30 30 45 34 30 35 0D
1779567367413,74 34 35 31 38 30 30 30 30 30 30 30 30 30 30 30 30 30 30 30 30 0D
1779567367419,74 34 35 31 38 30 30 30 30 30 30 30 30 30 30 30 30 30 30 30 30 0D
1779567367427,74 34 35 35 38 45 41 46 46 30 37 30 30 39 46 46 46 30 30 30 30 0D
1779567367438,74 34 35 31 38 30 30 30 30 30 30 30 30 30 30 30 30 30 30 30 30 0D
1779567367460,74 34 35 35 38 45 41 46 46 30 37 30 30 39 46 46 46 30 30 30 30 0D
1779567367465,74 34 35 31 38 30 30 30 30 30 30 30 30 30 30 30 30 30 30 30 30 0D
1779567367482,74 34 35 31 38 30 30 30 30 30 30 30 30 30 30 30 30 30 30 30 30 0D
1779567367496,74 34 35 35 38 45 41 46 46 30 37 30 30 39 46 46 46 30 30 30 30 0D
1779567367503,74 34 35 30 38 30 30 30 30 30 37 30 30 30 30 30 30 45 34 30 35 0D
1779567367511,74 34 35 35 38 45 41 46 46 30 37 30 30 39 46 46 46 30 30 30 30 0D 74 34 35 36 38 45 45 46 46 30 37 30 30 30 34 30 30 30 30 30 30 0D
1779567367515,74 34 35 31 38 30 30 30 30 30 30 30 30 30 30 30 30 30 30 30 30 0D
1779567367528,74 34 35 35 38 45 41 46 46 30 37 30 30 39 46 46 46 30 30 30 30 0D
1779567367538,74 34 35 31 38 30 30 30 30 30 30 30 30 30 30 30 30 30 30 30 30 0D
1779567367552,74 34 35 35 38 45 41 46 46 30 37 30 30 39 46 46 46 30 30 30 30 0D
1779567367559,74 34 35 31 38 30 30 30 30 30 30 30 30 30 30 30 30 30 30 30 30 0D
1779567367569,74 34 35 35 38 45 41 46 46 30 37 30 30 39 46 46 46 30 30 30 30 0D
1779567367577,74 34 35 31 38 30 30 30 30 30 30 30 30 30 30 30 30 30 30 30 30 0D
1779567367593,74 34 35 35 38 45 41 46 46 30 37 30 30 39 46 46 46 30 30 30 30 0D
1779567367598,74 34 35 30 38 30 30 30 30 30 37 30 30 30 30 30 30 45 34 30 35 0D
1779567367608,74 34 35 31 38 30 30 30 30 30 30 30 30 30 30 30 30 30 30 30 30 0D
1779567367617,74 34 35 31 38 30 30 30 30 30 30 30 30 30 30 30 30 30 30 30 30 0D
1779567367634,74 34 35 35 38 45 41 46 46 30 37 30 30 39 46 46 46 30 30 30 30 0D
1779567367642,74 34 35 31 38 30 30 30 30 30 30 30 30 30 30 30 30 30 30 30 30 0D
1779567367673,74 34 35 35 38 45 41 46 46 30 37 30 30 39 46 46 46 30 30 30 30 0D
1779567367678,74 34 35 31 38 30 30 30 30 30 30 30 30 30 30 30 30 30 30 30 30 0D
1779567367687,74 34 35 35 38 45 41 46 46 30 37 30 30 39 46 46 46 30 30 30 30 0D
1779567367698,74 34 35 30 38 30 30 30 30 30 37 30 30 30 30 30 30 45 34 30 35 0D
1779567367711,74 34 35 31 38 30 30 30 30 30 30 30 30 30 30 30 30 30 30 30 30 0D
1779567367716,74 34 35 31 38 30 30 30 30 30 30 30 30 30 30 30 30 30 30 30 30 0D
1779567367729,74 34 35 35 38 45 41 46 46 30 37 30 30 39 46 46 46 30 30 30 30 0D
1779567367738,74 34 35 31 38 30 30 30 30 30 30 30 30 30 30 30 30 30 30 30 30 0D
1779567367757,74 34 35 35 38 45 41 46 46 30 37 30 30 39 46 46 46 30 30 30 30 0D
1779567367761,74 34 35 31 38 30 30 30 30 30 30 30 30 30 30 30 30 30 30 30 30 0D
1779567367768,74 34 35 35 38 45 41 46 46 30 37 30 30 39 46 46 46 30 30 30 30 0D
1779567367777,74 34 35 31 38 30 30 30 30 30 30 30 30 30 30 30 30 30 30 30 30 0D
1779567367787,74 34 35 35 38 45 41 46 46 30 37 30 30 39 46 46 46 30 30 30 30 0D
1779567367798,74 34 35 30 38 30 30 30 30 30 37 30 30 30 30 30 30 45 34 30 35 0D
1779567367810,74 34 35 31 38 30 30 30 30 30 30 30 30 30 30 30 30 30 30 30 30 0D
1779567367816,74 34 35 31 38 30 30 30 30 30 30 30 30 30 30 30 30 30 30 30 30 0D
1779567367830,74 34 35 35 38 45 41 46 46 30 37 30 30 39 46 46 46 30 30 30 30 0D
1779567367837,74 34 35 31 38 30 30 30 30 30 30 30 30 30 30 30 30 30 30 30 30 0D
1779567367858,74 34 35 35 38 45 41 46 46 30 37 30 30 39 46 46 46 30 30 30 30 0D
1779567367865,74 34 35 31 38 30 30 30 30 30 30 30 30 30 30 30 30 30 30 30 30 0D
1779567367877,74 34 35 35 38 45 41 46 46 30 37 30 30 39 46 46 46 30 30 30 30 0D
1779567367882,74 34 35 31 38 30 30 30 30 30 30 30 30 30 30 30 30 30 30 30 30 0D
1779567367895,74 34 35 35 38 45 41 46 46 30 37 30 30 39 46 46 46 30 30 30 30 0D
1779567367898,74 34 35 30 38 30 30 30 30 30 37 30 30 30 30 30 30 45 34 30 35 0D
1779567367910,74 34 35 31 38 30 30 30 30 30 30 30 30 30 30 30 30 30 30 30 30 0D
1779567367915,74 34 35 31 38 30 30 30 30 30 30 30 30 30 30 30 30 30 30 30 30 0D
1779567367928,74 34 35 35 38 45 39 46 46 30 37 30 30 39 46 46 46 30 30 30 30 0D
1779567367935,74 34 35 31 38 30 30 30 30 30 30 30 30 30 30 30 30 30 30 30 30 0D
1779567367957,74 34 35 35 38 45 39 46 46 30 37 30 30 39 46 46 46 30 30 30 30 0D
1779567367964,74 34 35 31 38 30 30 30 30 30 30 30 30 30 30 30 30 30 30 30 30 0D
1779567367976,74 34 35 35 38 45 39 46 46 30 37 30 30 39 46 46 46 30 30 30 30 0D
1779567367986,74 34 35 35 38 45 39 46 46 30 37 30 30 39 46 46 46 30 30 30 30 0D
1779567367996,74 34 35 30 38 30 30 30 30 30 37 30 30 30 30 30 30 45 34 30 35 0D
1779567368009,74 34 35 31 38 30 30 30 30 30 30 30 30 30 30 30 30 30 30 30 30 0D
1779567368015,74 34 35 31 38 30 30 30 30 30 30 30 30 30 30 30 30 30 30 30 30 0D
1779567368030,74 34 35 35 38 45 39 46 46 30 37 30 30 39 46 46 46 30 30 30 30 0D
1779567368039,74 34 35 31 38 30 30 30 30 30 30 30 30 30 30 30 30 30 30 30 30 0D
1779567368060,74 34 35 35 38 45 39 46 46 30 37 30 30 39 46 46 46 30 30 30 30 0D
1779567368069,74 34 35 31 38 30 30 30 30 30 30 30 30 30 30 30 30 30 30 30 30 0D
1779567368074,74 34 35 36 38 45 44 46 46 30 38 30 30 30 34 30 30 30 30 30 30 0D
1779567368080,74 34 35 31 38 30 30 30 30 30 30 30 30 30 30 30 30 30 30 30 30 0D
1779567368087,74 34 35 35 38 45 39 46 46 30 37 30 30 39 46 46 46 30 30 30 30 0D
1779567368101,74 34 35 30 38 30 30 30 30 30 37 30 30 30 30 30 30 45 34 30 35 0D
1779567368113,74 34 35 31 38 30 30 30 30 30 30 30 30 30 30 30 30 30 30 30 30 0D
1779567368118,74 34 35 31 38 30 30 30 30 30 30 30 30 30 30 30 30 30 30 30 30 0D
1779567368126,74 34 35 35 38 45 41 46 46 30 37 30 30 39 46 46 46 30 30 30 30 0D
1779567368139,74 34 35 31 38 30 30 30 30 30 30 30 30 30 30 30 30 30 30 30 30 0D
1779567368158,74 34 35 35 38 45 41 46 46 30 37 30 30 39 46 46 46 30 30 30 30 0D
1779567368164,74 34 35 31 38 30 30 30 30 30 30 30 30 30 30 30 30 30 30 30 30 0D
1779567368173,74 34 35 35 38 45 41 46 46 30 37 30 30 39 46 46 46 30 30 30 30 0D
1779567368179,74 34 35 31 38 30 30 30 30 30 30 30 30 30 30 30 30 30 30 30 30 0D
1779567368191,74 34 35 35 38 45 41 46 46 30 37 30 30 39 46 46 46 30 30 30 30 0D
1779567368197,74 34 35 30 38 30 30 30 30 30 37 30 30 30 30 30 30 45 34 30 35 0D
1779567368210,74 34 35 31 38 30 30 30 30 30 30 30 30 30 30 30 30 30 30 30 30 0D
1779567368218,74 34 35 31 38 30 30 30 30 30 30 30 30 30 30 30 30 30 30 30 30 0D
1779567368233,74 34 35 35 38 45 41 46 46 30 37 30 30 39 46 46 46 30 30 30 30 0D
1779567368242,74 34 35 31 38 30 30 30 30 30 30 30 30 30 30 30 30 30 30 30 30 0D
1779567368254,74 34 35 35 38 45 41 46 46 30 37 30 30 39 46 46 46 30 30 30 30 0D
1779567368260,74 34 35 31 38 30 30 30 30 30 30 30 30 30 30 30 30 30 30 30 30 0D
1779567368281,74 34 35 31 38 30 30 30 30 30 30 30 30 30 30 30 30 30 30 30 30 0D
1779567368285,74 34 35 35 38 45 41 46 46 30 37 30 30 39 46 46 46 30 30 30 30 0D
1779567368296,74 34 35 36 38 45 45 46 46 30 37 30 30 30 34 30 30 30 30 30 30 0D
1779567368303,74 34 35 30 38 30 30 30 30 30 37 30 30 30 30 30 30 45 34 30 35 0D
1779567368309,74 34 35 31 38 30 30 30 30 30 30 30 30 30 30 30 30 30 30 30 30 0D
1779567368316,74 34 35 31 38 30 30 30 30 30 30 30 30 30 30 30 30 30 30 30 30 0D
1779567368337,74 34 35 35 38 45 41 46 46 30 37 30 30 41 30 46 46 30 30 30 30 0D
1779567368342,74 34 35 31 38 30 30 30 30 30 30 30 30 30 30 30 30 30 30 30 30 0D
1779567368348,74 34 35 37 38 30 30 30 30 30 30 30 30 36 34 31 34 30 30 30 30 0D
1779567368359,74 34 35 31 38 30 30 30 30 30 30 30 30 30 30 30 30 30 30 30 30 0D
1779567368369,74 34 35 35 38 45 41 46 46 30 37 30 30 41 30 46 46 30 30 30 30 0D
1779567368375,74 34 35 31 38 30 30 30 30 30 30 30 30 30 30 30 30 30 30 30 30 0D
1779567368391,74 34 35 35 38 45 41 46 46 30 37 30 30 41 30 46 46 30 30 30 30 0D
1779567368401,74 34 35 30 38 30 30 30 30 30 37 30 30 30 30 30 30 45 34 30 35 0D
1779567368409,74 34 35 32 38 38 43 30 30 30 30 30 30 30 30 30 30 32 37 30 30 0D
1779567368417,74 34 35 31 38 30 30 30 30 30 30 30 30 30 30 30 30 30 30 30 30 0D
1779567368433,74 34 35 35 38 45 41 46 46 30 37 30 30 41 30 46 46 30 30 30 30 0D
1779567368442,74 34 35 31 38 30 30 30 30 30 30 30 30 30 30 30 30 30 30 30 30 0D
1779567368469,74 34 35 35 38 45 41 46 46 30 37 30 30 41 30 46 46 30 30 30 30 0D
1779567368477,74 34 35 31 38 30 30 30 30 30 30 30 30 30 30 30 30 30 30 30 30 0D
1779567368491,74 34 35 35 38 45 41 46 46 30 37 30 30 41 30 46 46 30 30 30 30 0D
1779567368496,74 34 35 30 38 30 30 30 30 30 37 30 30 30 30 30 30 45 34 30 35 0D
1779567368509,74 34 35 31 38 30 30 30 30 30 30 30 30 30 30 30 30 30 30 30 30 0D
1779567368515,74 34 35 31 38 30 30 30 30 30 30 30 30 30 30 30 30 30 30 30 30 0D
1779567368525,74 34 35 35 38 45 41 46 46 30 38 30 30 39 46 46 46 30 30 30 30 0D
1779567368541,74 34 35 31 38 30 30 30 30 30 30 30 30 30 30 30 30 30 30 30 30 0D
1779567368554,74 34 35 35 38 45 41 46 46 30 38 30 30 39 46 46 46 30 30 30 30 0D
1779567368564,74 34 35 31 38 30 30 30 30 30 30 30 30 30 30 30 30 30 30 30 30 0D
1779567368582,74 34 35 31 38 30 30 30 30 30 30 30 30 30 30 30 30 30 30 30 30 0D
1779567368592,74 34 35 35 38 45 41 46 46 30 38 30 30 39 46 46 46 30 30 30 30 0D
1779567368599,74 34 35 30 38 30 30 30 30 30 37 30 30 30 30 30 30 45 34 30 35 0D
1779567368608,74 34 35 31 38 30 30 30 30 30 30 30 30 30 30 30 30 30 30 30 30 0D
1779567368617,74 34 35 31 38 30 30 30 30 30 30 30 30 30 30 30 30 30 30 30 30 0D
1779567368631,74 34 35 35 38 45 41 46 46 30 38 30 30 39 46 46 46 30 30 30 30 0D
1779567368639,74 34 35 31 38 30 30 30 30 30 30 30 30 30 30 30 30 30 30 30 30 0D
1779567368670,74 34 35 35 38 45 41 46 46 30 38 30 30 39 46 46 46 30 30 30 30 0D
1779567368680,74 34 35 31 38 30 30 30 30 30 30 30 30 30 30 30 30 30 30 30 30 0D
1779567368693,74 34 35 35 38 45 41 46 46 30 38 30 30 39 46 46 46 30 30 30 30 0D
1779567368700,74 34 35 30 38 30 30 30 30 30 37 30 30 30 30 30 30 45 34 30 35 0D
1779567368715,74 34 35 31 38 30 30 30 30 30 30 30 30 30 30 30 30 30 30 30 30 0D
1779567368723,74 34 35 31 38 30 30 30 30 30 30 30 30 30 30 30 30 30 30 30 30 0D
1779567368729,74 34 35 35 38 45 39 46 46 30 37 30 30 39 46 46 46 30 30 30 30 0D
1779567368740,74 34 35 31 38 30 30 30 30 30 30 30 30 30 30 30 30 30 30 30 30 0D
1779567368769,74 34 35 35 38 45 39 46 46 30 37 30 30 39 46 46 46 30 30 30 30 0D
1779567368780,74 34 35 31 38 30 30 30 30 30 30 30 30 30 30 30 30 30 30 30 30 0D
1779567368791,74 34 35 35 38 45 39 46 46 30 37 30 30 39 46 46 46 30 30 30 30 0D
1779567368801,74 34 35 30 38 30 30 30 30 30 37 30 30 30 30 30 30 45 34 30 35 0D
1779567368813,74 34 35 31 38 30 30 30 30 30 30 30 30 30 30 30 30 30 30 30 30 0D
1779567368823,74 34 35 31 38 30 30 30 30 30 30 30 30 30 30 30 30 30 30 30 30 0D
1779567368830,74 34 35 35 38 45 39 46 46 30 37 30 30 39 46 46 46 30 30 30 30 0D
1779567368841,74 34 35 31 38 30 30 30 30 30 30 30 30 30 30 30 30 30 30 30 30 0D
1779567368862,74 34 35 35 38 45 39 46 46 30 37 30 30 39 46 46 46 30 30 30 30 0D
1779567368868,74 34 35 31 38 30 30 30 30 30 30 30 30 30 30 30 30 30 30 30 30 0D
1779567368877,74 34 35 31 38 30 30 30 30 30 30 30 30 30 30 30 30 30 30 30 30 0D
1779567368890,74 34 35 35 38 45 39 46 46 30 37 30 30 39 46 46 46 30 30 30 30 0D
1779567368897,74 34 35 30 38 30 30 30 30 30 37 30 30 30 30 30 30 45 34 30 35 0D
1779567368907,74 34 35 31 38 30 30 30 30 30 30 30 30 30 30 30 30 30 30 30 30 0D
1779567368919,74 34 35 31 38 30 30 30 30 30 30 30 30 30 30 30 30 30 30 30 30 0D
1779567368924,74 34 35 35 38 45 41 46 46 30 37 30 30 39 45 46 46 30 30 30 30 0D
1779567368938,74 34 35 31 38 30 30 30 30 30 30 30 30 30 30 30 30 30 30 30 30 0D
1779567368956,74 34 35 35 38 45 41 46 46 30 37 30 30 39 45 46 46 30 30 30 30 0D
1779567368964,74 34 35 31 38 30 30 30 30 30 30 30 30 30 30 30 30 30 30 30 30 0D
1779567368972,74 34 35 36 38 45 45 46 46 30 37 30 30 30 34 30 30 30 30 30 30 0D
1779567368976,74 34 35 31 38 30 30 30 30 30 30 30 30 30 30 30 30 30 30 30 30 0D
1779567368990,74 34 35 35 38 45 41 46 46 30 37 30 30 39 45 46 46 30 30 30 30 0D
1779567368998,74 34 35 30 38 30 30 30 30 30 37 30 30 30 30 30 30 45 34 30 35 0D
1779567369012,74 34 35 31 38 30 30 30 30 30 30 30 30 30 30 30 30 30 30 30 30 0D
1779567369020,74 34 35 31 38 30 30 30 30 30 30 30 30 30 30 30 30 30 30 30 30 0D
1779567369026,74 34 35 35 38 45 41 46 46 30 37 30 30 39 45 46 46 30 30 30 30 0D
1779567369038,74 34 35 31 38 30 30 30 30 30 30 30 30 30 30 30 30 30 30 30 30 0D
1779567369056,74 34 35 35 38 45 41 46 46 30 37 30 30 39 45 46 46 30 30 30 30 0D
1779567369066,74 34 35 31 38 30 30 30 30 30 30 30 30 30 30 30 30 30 30 30 30 0D
1779567369071,74 34 35 35 38 45 41 46 46 30 37 30 30 39 45 46 46 30 30 30 30 0D
1779567369078,74 34 35 31 38 30 30 30 30 30 30 30 30 30 30 30 30 30 30 30 30 0D
1779567369095,74 34 35 35 38 45 41 46 46 30 37 30 30 39 45 46 46 30 30 30 30 0D
1779567369102,74 34 35 30 38 30 30 30 30 30 37 30 30 30 30 30 30 45 34 30 35 0D
1779567369109,74 34 35 33 38 39 45 30 30 30 30 30 30 30 30 30 30 30 30 30 30 0D
1779567369120,74 34 35 31 38 30 30 30 30 30 30 30 30 30 30 30 30 30 30 30 30 0D
1779567369129,74 34 35 35 38 45 41 46 46 30 37 30 30 39 46 46 46 30 30 30 30 0D
1779567369146,74 34 35 31 38 30 30 30 30 30 30 30 30 30 30 30 30 30 30 30 30 0D
1779567369159,74 34 35 35 38 45 41 46 46 30 37 30 30 39 46 46 46 30 30 30 30 0D
1779567369170,74 34 35 31 38 30 30 30 30 30 30 30 30 30 30 30 30 30 30 30 30 0D
1779567369176,74 34 35 31 38 30 30 30 30 30 30 30 30 30 30 30 30 30 30 30 30 0D
1779567369188,74 34 35 35 38 45 41 46 46 30 37 30 30 39 46 46 46 30 30 30 30 0D
1779567369198,74 34 35 30 38 30 30 30 30 30 37 30 30 30 30 30 30 45 34 30 35 0D
1779567369212,74 34 35 31 38 30 30 30 30 30 30 30 30 30 30 30 30 30 30 30 30 0D
1779567369219,74 34 35 31 38 30 30 30 30 30 30 30 30 30 30 30 30 30 30 30 30 0D
1779567369229,74 34 35 35 38 45 41 46 46 30 37 30 30 39 46 46 46 30 30 30 30 0D
1779567369240,74 34 35 31 38 30 30 30 30 30 30 30 30 30 30 30 30 30 30 30 30 0D
1779567369255,74 34 35 35 38 45 41 46 46 30 37 30 30 39 46 46 46 30 30 30 30 0D
1779567369265,74 34 35 31 38 30 30 30 30 30 30 30 30 30 30 30 30 30 30 30 30 0D
1779567369269,74 34 35 35 38 45 41 46 46 30 37 30 30 39 46 46 46 30 30 30 30 0D
1779567369277,74 34 35 31 38 30 30 30 30 30 30 30 30 30 30 30 30 30 30 30 30 0D
1779567369291,74 34 35 35 38 45 41 46 46 30 37 30 30 39 46 46 46 30 30 30 30 0D
1779567369298,74 34 35 30 38 30 30 30 30 30 37 30 30 30 30 30 30 45 34 30 35 0D
1779567369307,74 34 35 31 38 30 30 30 30 30 30 30 30 30 30 30 30 30 30 30 30 0D
1779567369319,74 34 35 31 38 30 30 30 30 30 30 30 30 30 30 30 30 30 30 30 30 0D
1779567369327,74 34 35 35 38 45 39 46 46 30 37 30 30 39 46 46 46 30 30 30 30 0D
1779567369343,74 34 35 31 38 30 30 30 30 30 30 30 30 30 30 30 30 30 30 30 30 0D
1779567369365,74 34 35 35 38 45 39 46 46 30 37 30 30 39 46 46 46 30 30 30 30 0D
1779567369388,74 34 35 31 38 30 30 30 30 30 30 30 30 30 30 30 30 30 30 30 30 0D
1779567369395,74 34 35 35 38 45 39 46 46 30 37 30 30 39 46 46 46 30 30 30 30 0D
1779567369399,74 34 35 30 38 30 30 30 30 30 37 30 30 30 30 30 30 45 34 30 35 0D
1779567369411,74 34 35 31 38 30 30 30 30 30 30 30 30 30 30 30 30 30 30 30 30 0D
1779567369420,74 34 35 31 38 30 30 30 30 30 30 30 30 30 30 30 30 30 30 30 30 0D
1779567369430,74 34 35 35 38 45 39 46 46 30 37 30 30 39 46 46 46 30 30 30 30 0D
1779567369441,74 34 35 31 38 30 30 30 30 30 30 30 30 30 30 30 30 30 30 30 30 0D
1779567369458,74 34 35 35 38 45 39 46 46 30 37 30 30 39 46 46 46 30 30 30 30 0D
1779567369464,74 34 35 31 38 30 30 30 30 30 30 30 30 30 30 30 30 30 30 30 30 0D
1779567369470,74 34 35 35 38 45 39 46 46 30 37 30 30 39 46 46 46 30 30 30 30 0D
1779567369479,74 34 35 31 38 30 30 30 30 30 30 30 30 30 30 30 30 30 30 30 30 0D
1779567369494,74 34 35 35 38 45 39 46 46 30 37 30 30 39 46 46 46 30 30 30 30 0D
1779567369499,74 34 35 30 38 30 30 30 30 30 37 30 30 30 30 30 30 45 34 30 35 0D
1779567369510,74 34 35 31 38 30 30 30 30 30 30 30 30 30 30 30 30 30 30 30 30 0D
1779567369519,74 34 35 31 38 30 30 30 30 30 30 30 30 30 30 30 30 30 30 30 30 0D
1779567369536,74 34 35 35 38 45 41 46 46 30 37 30 30 39 46 46 46 30 30 30 30 0D
1779567369542,74 34 35 31 38 30 30 30 30 30 30 30 30 30 30 30 30 30 30 30 30 0D
1779567369563,74 34 35 35 38 45 41 46 46 30 37 30 30 39 46 46 46 30 30 30 30 0D
1779567369581,74 34 35 31 38 30 30 30 30 30 30 30 30 30 30 30 30 30 30 30 30 0D
1779567369589,74 34 35 35 38 45 41 46 46 30 37 30 30 39 46 46 46 30 30 30 30 0D
1779567369597,74 34 35 30 38 30 30 30 30 30 37 30 30 30 30 30 30 45 34 30 35 0D
1779567369613,74 34 35 31 38 30 30 30 30 30 30 30 30 30 30 30 30 30 30 30 30 0D
1779567369621,74 34 35 31 38 30 30 30 30 30 30 30 30 30 30 30 30 30 30 30 30 0D
1779567369635,74 34 35 36 38 45 45 46 46 30 37 30 30 30 34 30 30 30 30 30 30 0D
1779567369641,74 34 35 31 38 30 30 30 30 30 30 30 30 30 30 30 30 30 30 30 30 0D
1779567369672,74 34 35 35 38 45 41 46 46 30 37 30 30 39 46 46 46 30 30 30 30 0D
1779567369676,74 34 35 31 38 30 30 30 30 30 30 30 30 30 30 30 30 30 30 30 30 0D
1779567369690,74 34 35 35 38 45 41 46 46 30 37 30 30 39 46 46 46 30 30 30 30 0D
1779567369698,74 34 35 30 38 30 30 30 30 30 37 30 30 30 30 30 30 45 34 30 35 0D
1779567369714,74 34 35 31 38 30 30 30 30 30 30 30 30 30 30 30 30 30 30 30 30 0D
1779567369716,74 34 35 31 38 30 30 30 30 30 30 30 30 30 30 30 30 30 30 30 30 0D
1779567369732,74 34 35 35 38 45 41 46 46 30 37 30 30 39 46 46 46 30 30 30 30 0D
1779567369743,74 34 35 31 38 30 30 30 30 30 30 30 30 30 30 30 30 30 30 30 30 0D
1779567369758,74 34 35 35 38 45 41 46 46 30 37 30 30 39 46 46 46 30 30 30 30 0D
1779567369765,74 34 35 31 38 30 30 30 30 30 30 30 30 30 30 30 30 30 30 30 30 0D
1779567369769,74 34 35 35 38 45 41 46 46 30 37 30 30 39 46 46 46 30 30 30 30 0D
1779567369778,74 34 35 31 38 30 30 30 30 30 30 30 30 30 30 30 30 30 30 30 30 0D
1779567369792,74 34 35 35 38 45 41 46 46 30 37 30 30 39 46 46 46 30 30 30 30 0D
1779567369801,74 34 35 30 38 30 30 30 30 30 37 30 30 30 30 30 30 45 34 30 35 0D
1779567369811,74 34 35 31 38 30 30 30 30 30 30 30 30 30 30 30 30 30 30 30 30 0D
1779567369818,74 34 35 31 38 30 30 30 30 30 30 30 30 30 30 30 30 30 30 30 30 0D
1779567369826,74 34 35 35 38 45 41 46 46 30 37 30 30 39 46 46 46 30 30 30 30 0D
1779567369840,74 34 35 31 38 30 30 30 30 30 30 30 30 30 30 30 30 30 30 30 30 0D
1779567369856,74 34 35 35 38 45 41 46 46 30 37 30 30 39 46 46 46 30 30 30 30 0D
1779567369862,74 34 35 31 38 30 30 30 30 30 30 30 30 30 30 30 30 30 30 30 30 0D
1779567369866,74 34 35 36 38 45 44 46 46 30 38 30 30 30 35 30 30 30 30 30 30 0D
1779567369879,74 34 35 31 38 30 30 30 30 30 30 30 30 30 30 30 30 30 30 30 30 0D
1779567369888,74 34 35 35 38 45 41 46 46 30 37 30 30 39 46 46 46 30 30 30 30 0D
1779567369895,74 34 35 30 38 30 30 30 30 30 37 30 30 30 30 30 30 45 34 30 35 0D
1779567369905,74 34 35 31 38 30 30 30 30 30 30 30 30 30 30 30 30 30 30 30 30 0D
1779567369916,74 34 35 31 38 30 30 30 30 30 30 30 30 30 30 30 30 30 30 30 30 0D
1779567369929,74 34 35 35 38 45 41 46 46 30 37 30 30 39 46 46 46 30 30 30 30 0D
1779567369940,74 34 35 31 38 30 30 30 30 30 30 30 30 30 30 30 30 30 30 30 30 0D
1779567369961,74 34 35 35 38 45 41 46 46 30 37 30 30 39 46 46 46 30 30 30 30 0D
1779567369977,74 34 35 31 38 30 30 30 30 30 30 30 30 30 30 30 30 30 30 30 30 0D
1779567369986,74 34 35 35 38 45 41 46 46 30 37 30 30 39 46 46 46 30 30 30 30 0D
1779567369995,74 34 35 30 38 30 30 30 30 30 37 30 30 30 30 30 30 45 34 30 35 0D
1779567370008,74 34 35 31 38 30 30 30 30 30 30 30 30 30 30 30 30 30 30 30 30 0D
1779567370020,74 34 35 31 38 30 30 30 30 30 30 30 30 30 30 30 30 30 30 30 30 0D
1779567370035,74 34 35 35 38 45 41 46 46 30 37 30 30 39 46 46 46 30 30 30 30 0D
1779567370040,74 34 35 31 38 30 30 30 30 30 30 30 30 30 30 30 30 30 30 30 30 0D
1779567370058,74 34 35 35 38 45 41 46 46 30 37 30 30 39 46 46 46 30 30 30 30 0D
1779567370070,74 34 35 31 38 30 30 30 30 30 30 30 30 30 30 30 30 30 30 30 30 0D
1779567370076,74 34 35 31 38 30 30 30 30 30 30 30 30 30 30 30 30 30 30 30 30 0D
1779567370089,74 34 35 35 38 45 41 46 46 30 37 30 30 39 46 46 46 30 30 30 30 0D
1779567370094,74 34 35 30 38 30 30 30 30 30 37 30 30 30 30 30 30 45 34 30 35 0D
1779567370111,74 34 35 31 38 30 30 30 30 30 30 30 30 30 30 30 30 30 30 30 30 0D
1779567370118,74 34 35 31 38 30 30 30 30 30 30 30 30 30 30 30 30 30 30 30 30 0D
1779567370127,74 34 35 35 38 45 41 46 46 30 37 30 30 39 46 46 46 30 30 30 30 0D
1779567370147,74 34 35 31 38 30 30 30 30 30 30 30 30 30 30 30 30 30 30 30 30 0D
1779567370162,74 34 35 35 38 45 41 46 46 30 37 30 30 39 46 46 46 30 30 30 30 0D
1779567370173,74 34 35 35 38 45 41 46 46 30 37 30 30 39 46 46 46 30 30 30 30 0D
1779567370182,74 34 35 31 38 30 30 30 30 30 30 30 30 30 30 30 30 30 30 30 30 0D
1779567370191,74 34 35 35 38 45 41 46 46 30 37 30 30 39 46 46 46 30 30 30 30 0D
1779567370201,74 34 35 30 38 30 30 30 30 30 37 30 30 30 30 30 30 45 34 30 35 0D
1779567370212,74 34 35 31 38 30 30 30 30 30 30 30 30 30 30 30 30 30 30 30 30 0D
1779567370216,74 34 35 31 38 30 30 30 30 30 30 30 30 30 30 30 30 30 30 30 30 0D
1779567370235,74 34 35 35 38 45 41 46 46 30 37 30 30 39 46 46 46 30 30 30 30 0D
1779567370243,74 34 35 31 38 30 30 30 30 30 30 30 30 30 30 30 30 30 30 30 30 0D
1779567370253,74 34 35 36 38 45 44 46 46 30 37 30 30 30 35 30 30 30 30 30 30 0D
1779567370260,74 34 35 31 38 30 30 30 30 30 30 30 30 30 30 30 30 30 30 30 30 0D
1779567370267,74 34 35 35 38 45 41 46 46 30 37 30 30 39 46 46 46 30 30 30 30 0D
1779567370282,74 34 35 31 38 30 30 30 30 30 30 30 30 30 30 30 30 30 30 30 30 0D
1779567370288,74 34 35 35 38 45 41 46 46 30 37 30 30 39 46 46 46 30 30 30 30 0D
1779567370300,74 34 35 30 38 30 30 30 30 30 37 30 30 30 30 30 30 45 34 30 35 0D
1779567370310,74 34 35 31 38 30 30 30 30 30 30 30 30 30 30 30 30 30 30 30 30 0D
1779567370324,74 34 35 31 38 30 30 30 30 30 30 30 30 30 30 30 30 30 30 30 30 0D
1779567370330,74 34 35 35 38 45 41 46 46 30 37 30 30 39 46 46 46 30 30 30 30 0D
1779567370338,74 34 35 31 38 30 30 30 30 30 30 30 30 30 30 30 30 30 30 30 30 0D
1779567370357,74 34 35 35 38 45 41 46 46 30 37 30 30 39 46 46 46 30 30 30 30 0D
1779567370361,74 34 35 31 38 30 30 30 30 30 30 30 30 30 30 30 30 30 30 30 30 0D
1779567370373,74 34 35 35 38 45 41 46 46 30 37 30 30 39 46 46 46 30 30 30 30 0D
1779567370379,74 34 35 31 38 30 30 30 30 30 30 30 30 30 30 30 30 30 30 30 30 0D
1779567370384,74 34 35 35 38 45 41 46 46 30 37 30 30 39 46 46 46 30 30 30 30 0D
1779567370398,74 34 35 30 38 30 30 30 30 30 37 30 30 30 30 30 30 45 34 30 35 0D
1779567370407,74 34 35 31 38 30 30 30 30 30 30 30 30 30 30 30 30 30 30 30 30 0D
1779567370417,74 34 35 31 38 30 30 30 30 30 30 30 30 30 30 30 30 30 30 30 30 0D
1779567370430,74 34 35 35 38 45 41 46 46 30 37 30 30 39 46 46 46 30 30 30 30 0D
1779567370435,74 34 35 31 38 30 30 30 30 30 30 30 30 30 30 30 30 30 30 30 30 0D
1779567370451,74 34 35 35 38 45 41 46 46 30 37 30 30 39 46 46 46 30 30 30 30 0D
1779567370458,74 34 35 31 38 30 30 30 30 30 30 30 30 30 30 30 30 30 30 30 30 0D
1779567370484,74 34 35 31 38 30 30 30 30 30 30 30 30 30 30 30 30 30 30 30 30 0D
1779567370492,74 34 35 35 38 45 41 46 46 30 37 30 30 39 46 46 46 30 30 30 30 0D
1779567370501,74 34 35 30 38 30 30 30 30 30 37 30 30 30 30 30 30 45 34 30 35 0D
1779567370518,74 34 35 31 38 30 30 30 30 30 30 30 30 30 30 30 30 30 30 30 30 0D
1779567370522,74 34 35 31 38 30 30 30 30 30 30 30 30 30 30 30 30 30 30 30 30 0D
1779567370530,74 34 35 35 38 45 39 46 46 30 37 30 30 39 46 46 46 30 30 30 30 0D
1779567370536,74 34 35 31 38 30 30 30 30 30 30 30 30 30 30 30 30 30 30 30 30 0D
1779567370540,74 34 35 35 38 45 39 46 46 30 37 30 30 39 46 46 46 30 30 30 30 0D
1779567370556,74 34 35 37 38 30 30 30 30 30 31 30 30 36 34 31 34 30 30 30 30 0D
1779567370560,74 34 35 31 38 30 30 30 30 30 30 30 30 30 30 30 30 30 30 30 30 0D
1779567370579,74 34 35 31 38 30 30 30 30 30 30 30 30 30 30 30 30 30 30 30 30 0D
1779567370590,74 34 35 35 38 45 39 46 46 30 37 30 30 39 46 46 46 30 30 30 30 0D
1779567370603,74 34 35 30 38 30 30 30 30 30 37 30 30 30 30 30 30 45 34 30 35 0D
1779567370607,74 34 35 31 38 30 30 30 30 30 30 30 30 30 30 30 30 30 30 30 30 0D
1779567370616,74 34 35 31 38 30 30 30 30 30 30 30 30 30 30 30 30 30 30 30 30 0D
1779567370632,74 34 35 35 38 45 39 46 46 30 37 30 30 39 46 46 46 30 30 30 30 0D
1779567370636,74 34 35 31 38 30 30 30 30 30 30 30 30 30 30 30 30 30 30 30 30 0D
1779567370672,74 34 35 35 38 45 39 46 46 30 37 30 30 39 46 46 46 30 30 30 30 0D
1779567370681,74 34 35 31 38 30 30 30 30 30 30 30 30 30 30 30 30 30 30 30 30 0D
1779567370689,74 34 35 35 38 45 39 46 46 30 37 30 30 39 46 46 46 30 30 30 30 0D
1779567370696,74 34 35 30 38 30 30 30 30 30 37 30 30 30 30 30 30 45 34 30 35 0D
1779567370709,74 34 35 31 38 30 30 30 30 30 30 30 30 30 30 30 30 30 30 30 30 0D
1779567370719,74 34 35 31 38 30 30 30 30 30 30 30 30 30 30 30 30 30 30 30 30 0D
1779567370730,74 34 35 35 38 45 41 46 46 30 37 30 30 39 45 46 46 30 30 30 30 0D
1779567370738,74 34 35 31 38 30 30 30 30 30 30 30 30 30 30 30 30 30 30 30 30 0D
1779567370762,74 34 35 35 38 45 41 46 46 30 37 30 30 39 45 46 46 30 30 30 30 0D
1779567370766,74 34 35 31 38 30 30 30 30 30 30 30 30 30 30 30 30 30 30 30 30 0D
1779567370772,74 34 35 35 38 45 41 46 46 30 37 30 30 39 45 46 46 30 30 30 30 0D
1779567370782,74 34 35 31 38 30 30 30 30 30 30 30 30 30 30 30 30 30 30 30 30 0D
1779567370788,74 34 35 35 38 45 41 46 46 30 37 30 30 39 45 46 46 30 30 30 30 0D
1779567370798,74 34 35 30 38 30 30 30 30 30 37 30 30 30 30 30 30 45 34 30 35 0D
1779567370816,74 34 35 31 38 30 30 30 30 30 30 30 30 30 30 30 30 30 30 30 30 0D
1779567370825,74 34 35 35 38 45 41 46 46 30 37 30 30 39 45 46 46 30 30 30 30 0D
1779567370837,74 34 35 31 38 30 30 30 30 30 30 30 30 30 30 30 30 30 30 30 30 0D
1779567370876,74 34 35 35 38 45 41 46 46 30 37 30 30 39 45 46 46 30 30 30 30 0D
1779567370885,74 34 35 31 38 30 30 30 30 30 30 30 30 30 30 30 30 30 30 30 30 0D
1779567370892,74 34 35 35 38 45 41 46 46 30 37 30 30 39 45 46 46 30 30 30 30 0D
1779567370898,74 34 35 30 38 30 30 30 30 30 37 30 30 30 30 30 30 45 34 30 35 0D
1779567370906,74 34 35 31 38 30 30 30 30 30 30 30 30 30 30 30 30 30 30 30 30 0D
1779567370922,74 34 35 31 38 30 30 30 30 30 30 30 30 30 30 30 30 30 30 30 30 0D
1779567370931,74 34 35 35 38 45 42 46 46 30 37 30 30 39 46 46 46 30 30 30 30 0D
1779567370936,74 34 35 31 38 30 30 30 30 30 30 30 30 30 30 30 30 30 30 30 30 0D
1779567370978,74 34 35 35 38 45 42 46 46 30 37 30 30 39 46 46 46 30 30 30 30 0D
1779567370984,74 34 35 31 38 30 30 30 30 30 30 30 30 30 30 30 30 30 30 30 30 0D
1779567370988,74 34 35 35 38 45 42 46 46 30 37 30 30 39 46 46 46 30 30 30 30 0D
1779567370999,74 34 35 30 38 30 30 30 30 30 37 30 30 30 30 30 30 45 34 30 35 0D
1779567371016,74 34 35 31 38 30 30 30 30 30 30 30 30 30 30 30 30 30 30 30 30 0D
1779567371029,74 34 35 35 38 45 42 46 46 30 37 30 30 39 46 46 46 30 30 30 30 0D
1779567371045,74 34 35 31 38 30 30 30 30 30 30 30 30 30 30 30 30 30 30 30 30 0D
1779567371048,74 34 35 35 38 45 42 46 46 30 37 30 30 39 46 46 46 30 30 30 30 0D
1779567371050,74 34 35 37 38 30 30 30 30 30 30 30 30 36 34 31 34 30 30 30 30 0D
1779567371067,74 34 35 39 38 36 46 41 34 42 45 31 36 42 44 31 41 30 33 42 37 0D
1779567371078,74 34 35 31 38 30 30 30 30 30 30 30 30 30 30 30 30 30 30 30 30 0D
1779567371088,74 34 35 35 38 45 42 46 46 30 37 30 30 39 46 46 46 30 30 30 30 0D
1779567371099,74 34 35 30 38 30 30 30 30 30 37 30 30 30 30 30 30 45 34 30 35 0D
1779567371112,74 34 35 31 38 30 30 30 30 30 30 30 30 30 30 30 30 30 30 30 30 0D
1779567371117,74 34 35 31 38 30 30 30 30 30 30 30 30 30 30 30 30 30 30 30 30 0D
1779567371133,74 34 35 35 38 45 41 46 46 30 37 30 30 39 46 46 46 30 30 30 30 0D
1779567371138,74 34 35 31 38 30 30 30 30 30 30 30 30 30 30 30 30 30 30 30 30 0D
1779567371148,74 34 35 35 38 45 41 46 46 30 37 30 30 39 46 46 46 30 30 30 30 0D
1779567371155,74 34 35 37 38 30 30 30 30 30 30 30 30 36 34 31 34 30 30 30 30 0D
1779567371172,74 34 35 39 38 36 46 41 34 42 45 31 36 42 45 31 41 30 33 42 37 0D
1779567371184,74 34 35 31 38 30 30 30 30 30 30 30 30 30 30 30 30 30 30 30 30 0D
1779567371188,74 34 35 35 38 45 41 46 46 30 37 30 30 39 46 46 46 30 30 30 30 0D
1779567371195,74 34 35 30 38 30 30 30 30 30 37 30 30 30 30 30 30 45 34 30 35 0D
1779567371205,74 34 35 31 38 30 30 30 30 30 30 30 30 30 30 30 30 30 30 30 30 0D
1779567371218,74 34 35 31 38 30 30 30 30 30 30 30 30 30 30 30 30 30 30 30 30 0D
1779567371230,74 34 35 35 38 45 41 46 46 30 37 30 30 39 46 46 46 30 30 30 30 0D
1779567371237,74 34 35 31 38 30 30 30 30 30 30 30 30 30 30 30 30 30 30 30 30 0D
1779567371256,74 34 35 35 38 45 41 46 46 30 37 30 30 39 46 46 46 30 30 30 30 0D
1779567371261,74 34 35 31 38 30 30 30 30 30 30 30 30 30 30 30 30 30 30 30 30 0D
1779567371266,74 34 35 35 38 45 41 46 46 30 37 30 30 39 46 46 46 30 30 30 30 0D
1779567371278,74 34 35 31 38 30 30 30 30 30 30 30 30 30 30 30 30 30 30 30 30 0D
1779567371288,74 34 35 35 38 45 41 46 46 30 37 30 30 39 46 46 46 30 30 30 30 0D
1779567371297,74 34 35 30 38 30 30 30 30 30 37 30 30 30 30 30 30 45 34 30 35 0D
1779567371313,74 34 35 31 38 30 30 30 30 30 30 30 30 30 30 30 30 30 30 30 30 0D
1779567371317,74 34 35 31 38 30 30 30 30 30 30 30 30 30 30 30 30 30 30 30 30 0D
1779567371328,74 34 35 35 38 45 41 46 46 30 37 30 30 39 46 46 46 30 30 30 30 0D
1779567371336,74 34 35 31 38 30 30 30 30 30 30 30 30 30 30 30 30 30 30 30 30 0D
1779567371351,74 34 35 35 38 45 41 46 46 30 37 30 30 39 46 46 46 30 30 30 30 0D
1779567371356,74 34 35 31 38 30 30 30 30 30 30 30 30 30 30 30 30 30 30 30 30 0D
1779567371368,74 34 35 35 38 45 41 46 46 30 37 30 30 39 46 46 46 30 30 30 30 0D
1779567371381,74 34 35 31 38 30 30 30 30 30 30 30 30 30 30 30 30 30 30 30 30 0D
1779567371385,74 34 35 35 38 45 41 46 46 30 37 30 30 39 46 46 46 30 30 30 30 0D
1779567371396,74 34 35 30 38 30 30 30 30 30 37 30 30 30 30 30 30 45 34 30 35 0D
1779567371405,74 34 35 31 38 30 30 30 30 30 30 30 30 30 30 30 30 30 30 30 30 0D
1779567371415,74 34 35 31 38 30 30 30 30 30 30 30 30 30 30 30 30 30 30 30 30 0D
1779567371434,74 34 35 35 38 45 41 46 46 30 37 30 30 39 46 46 46 30 30 30 30 0D
1779567371438,74 34 35 31 38 30 30 30 30 30 30 30 30 30 30 30 30 30 30 30 30 0D
1779567371450,74 34 35 35 38 45 41 46 46 30 37 30 30 39 46 46 46 30 30 30 30 0D
1779567371462,74 34 35 37 38 30 30 30 30 30 30 30 30 36 34 31 34 30 30 30 30 0D
1779567371467,74 34 35 31 38 30 30 30 30 30 30 30 30 30 30 30 30 30 30 30 30 0D
1779567371479,74 34 35 31 38 30 30 30 30 30 30 30 30 30 30 30 30 30 30 30 30 0D
1779567371487,74 34 35 35 38 45 41 46 46 30 37 30 30 39 46 46 46 30 30 30 30 0D
1779567371500,74 34 35 30 38 30 30 30 30 30 37 30 30 30 30 30 30 45 34 30 35 0D
1779567371511,74 34 35 31 38 30 30 30 30 30 30 30 30 30 30 30 30 30 30 30 30 0D
1779567371517,74 34 35 31 38 30 30 30 30 30 30 30 30 30 30 30 30 30 30 30 30 0D
1779567371534,74 34 35 35 38 45 41 46 46 30 37 30 30 39 46 46 46 30 30 30 30 0D
1779567371540,74 34 35 31 38 30 30 30 30 30 30 30 30 30 30 30 30 30 30 30 30 0D
1779567371570,74 34 35 35 38 45 41 46 46 30 37 30 30 39 46 46 46 30 30 30 30 0D
1779567371583,74 34 35 31 38 30 30 30 30 30 30 30 30 30 30 30 30 30 30 30 30 0D
1779567371589,74 34 35 35 38 45 41 46 46 30 37 30 30 39 46 46 46 30 30 30 30 0D
1779567371599,74 34 35 30 38 30 30 30 30 30 37 30 30 30 30 30 30 45 34 30 35 0D
1779567371613,74 34 35 31 38 30 30 30 30 30 30 30 30 30 30 30 30 30 30 30 30 0D
1779567371618,74 34 35 31 38 30 30 30 30 30 30 30 30 30 30 30 30 30 30 30 30 0D
1779567371629,74 34 35 35 38 45 41 46 46 30 37 30 30 39 46 46 46 30 30 30 30 0D
1779567371637,74 34 35 31 38 30 30 30 30 30 30 30 30 30 30 30 30 30 30 30 30 0D
1779567371661,74 34 35 35 38 45 41 46 46 30 37 30 30 39 46 46 46 30 30 30 30 0D
1779567371666,74 34 35 31 38 30 30 30 30 30 30 30 30 30 30 30 30 30 30 30 30 0D
1779567371681,74 34 35 31 38 30 30 30 30 30 30 30 30 30 30 30 30 30 30 30 30 0D
1779567371689,74 34 35 35 38 45 41 46 46 30 37 30 30 39 46 46 46 30 30 30 30 0D
1779567371701,74 34 35 30 38 30 30 30 30 30 37 30 30 30 30 30 30 45 34 30 35 0D
1779567371712,74 34 35 31 38 30 30 30 30 30 30 30 30 30 30 30 30 30 30 30 30 0D
1779567371717,74 34 35 31 38 30 30 30 30 30 30 30 30 30 30 30 30 30 30 30 30 0D
1779567371736,74 34 35 35 38 45 41 46 46 30 37 30 30 39 46 46 46 30 30 30 30 0D
1779567371744,74 34 35 31 38 30 30 30 30 30 30 30 30 30 30 30 30 30 30 30 30 0D
1779567371764,74 34 35 35 38 45 41 46 46 30 37 30 30 39 46 46 46 30 30 30 30 0D
1779567371769,74 34 35 31 38 30 30 30 30 30 30 30 30 30 30 30 30 30 30 30 30 0D
1779567371780,74 34 35 31 38 30 30 30 30 30 30 30 30 30 30 30 30 30 30 30 30 0D
1779567371788,74 34 35 35 38 45 41 46 46 30 37 30 30 39 46 46 46 30 30 30 30 0D
1779567371798,74 34 35 30 38 30 30 30 30 30 37 30 30 30 30 30 30 45 34 30 35 0D
1779567371811,74 34 35 31 38 30 30 30 30 30 30 30 30 30 30 30 30 30 30 30 30 0D
1779567371818,74 34 35 31 38 30 30 30 30 30 30 30 30 30 30 30 30 30 30 30 30 0D
1779567371830,74 34 35 35 38 45 41 46 46 30 37 30 30 39 46 46 46 30 30 30 30 0D
1779567371837,74 34 35 31 38 30 30 30 30 30 30 30 30 30 30 30 30 30 30 30 30 0D
1779567371859,74 34 35 35 38 45 41 46 46 30 37 30 30 39 46 46 46 30 30 30 30 0D
1779567371866,74 34 35 31 38 30 30 30 30 30 30 30 30 30 30 30 30 30 30 30 30 0D
1779567371868,74 34 35 35 38 45 41 46 46 30 37 30 30 39 46 46 46 30 30 30 30 0D
1779567371878,74 34 35 31 38 30 30 30 30 30 30 30 30 30 30 30 30 30 30 30 30 0D
1779567371894,74 34 35 35 38 45 41 46 46 30 37 30 30 39 46 46 46 30 30 30 30 0D
1779567371901,74 34 35 30 38 30 30 30 30 30 37 30 30 30 30 30 30 45 34 30 35 0D
1779567371912,74 34 35 31 38 30 30 30 30 30 30 30 30 30 30 30 30 30 30 30 30 0D
1779567371917,74 34 35 31 38 30 30 30 30 30 30 30 30 30 30 30 30 30 30 30 30 0D
1779567371930,74 34 35 35 38 45 41 46 46 30 37 30 30 39 46 46 46 30 30 30 30 0D
1779567371947,74 34 35 31 38 30 30 30 30 30 30 30 30 30 30 30 30 30 30 30 30 0D
1779567371961,74 34 35 37 38 30 30 30 30 30 30 30 30 36 34 31 34 30 30 30 30 0D
1779567371969,74 34 35 31 38 30 30 30 30 30 30 30 30 30 30 30 30 30 30 30 30 0D
1779567371976,74 34 35 31 38 30 30 30 30 30 30 30 30 30 30 30 30 30 30 30 30 0D
1779567371990,74 34 35 35 38 45 41 46 46 30 37 30 30 39 46 46 46 30 30 30 30 0D
1779567371996,74 34 35 30 38 30 30 30 30 30 37 30 30 30 30 30 30 45 34 30 35 0D
1779567372013,74 34 35 31 38 30 30 30 30 30 30 30 30 30 30 30 30 30 30 30 30 0D
1779567372019,74 34 35 31 38 30 30 30 30 30 30 30 30 30 30 30 30 30 30 30 30 0D
1779567372028,74 34 35 35 38 45 41 46 46 30 37 30 30 39 46 46 46 30 30 30 30 0D
1779567372043,74 34 35 31 38 30 30 30 30 30 30 30 30 30 30 30 30 30 30 30 30 0D
1779567372059,74 34 35 35 38 45 41 46 46 30 37 30 30 39 46 46 46 30 30 30 30 0D
1779567372067,74 34 35 35 38 45 41 46 46 30 37 30 30 39 46 46 46 30 30 30 30 0D
1779567372084,74 34 35 31 38 30 30 30 30 30 30 30 30 30 30 30 30 30 30 30 30 0D
1779567372095,74 34 35 35 38 45 41 46 46 30 37 30 30 39 46 46 46 30 30 30 30 0D
1779567372101,74 34 35 30 38 30 30 30 30 30 37 30 30 30 30 30 30 45 34 30 35 0D
1779567372109,74 34 35 31 38 30 30 30 30 30 30 30 30 30 30 30 30 30 30 30 30 0D
1779567372115,74 34 35 31 38 30 30 30 30 30 30 30 30 30 30 30 30 30 30 30 30 0D
1779567372130,74 34 35 35 38 45 41 46 46 30 37 30 30 39 46 46 46 30 30 30 30 0D
1779567372141,74 34 35 31 38 30 30 30 30 30 30 30 30 30 30 30 30 30 30 30 30 0D
1779567372158,74 34 35 35 38 45 41 46 46 30 37 30 30 39 46 46 46 30 30 30 30 0D
1779567372166,74 34 35 31 38 30 30 30 30 30 30 30 30 30 30 30 30 30 30 30 30 0D
1779567372169,74 34 35 35 38 45 41 46 46 30 37 30 30 39 46 46 46 30 30 30 30 0D
1779567372187,74 34 35 31 38 30 30 30 30 30 30 30 30 30 30 30 30 30 30 30 30 0D
1779567372197,74 34 35 30 38 30 30 30 30 30 37 30 30 30 30 30 30 45 34 30 35 0D
1779567372212,74 34 35 31 38 30 30 30 30 30 30 30 30 30 30 30 30 30 30 30 30 0D
1779567372217,74 34 35 31 38 30 30 30 30 30 30 30 30 30 30 30 30 30 30 30 30 0D
1779567372230,74 34 35 35 38 45 41 46 46 30 37 30 30 39 46 46 46 30 30 30 30 0D
1779567372241,74 34 35 31 38 30 30 30 30 30 30 30 30 30 30 30 30 30 30 30 30 0D
1779567372258,74 34 35 35 38 45 41 46 46 30 37 30 30 39 46 46 46 30 30 30 30 0D
1779567372264,74 34 35 31 38 30 30 30 30 30 30 30 30 30 30 30 30 30 30 30 30 0D
1779567372268,74 34 35 35 38 45 41 46 46 30 37 30 30 39 46 46 46 30 30 30 30 0D
1779567372274,74 34 35 31 38 30 30 30 30 30 30 30 30 30 30 30 30 30 30 30 30 0D
1779567372286,74 34 35 35 38 45 41 46 46 30 37 30 30 39 46 46 46 30 30 30 30 0D
1779567372296,74 34 35 30 38 30 30 30 30 30 37 30 30 30 30 30 30 45 34 30 35 0D
1779567372312,74 34 35 31 38 30 30 30 30 30 30 30 30 30 30 30 30 30 30 30 30 0D
1779567372319,74 34 35 31 38 30 30 30 30 30 30 30 30 30 30 30 30 30 30 30 30 0D
1779567372332,74 34 35 35 38 45 41 46 46 30 37 30 30 39 46 46 46 30 30 30 30 0D
1779567372339,74 34 35 31 38 30 30 30 30 30 30 30 30 30 30 30 30 30 30 30 30 0D
1779567372358,74 34 35 35 38 45 41 46 46 30 37 30 30 39 46 46 46 30 30 30 30 0D
1779567372362,74 34 35 31 38 30 30 30 30 30 30 30 30 30 30 30 30 30 30 30 30 0D
1779567372377,74 34 35 31 38 30 30 30 30 30 30 30 30 30 30 30 30 30 30 30 30 0D
1779567372386,74 34 35 35 38 45 41 46 46 30 37 30 30 39 46 46 46 30 30 30 30 0D
1779567372403,74 34 35 30 38 30 30 30 30 30 37 30 30 30 30 30 30 45 34 30 35 0D
1779567372413,74 34 35 31 38 30 30 30 30 30 30 30 30 30 30 30 30 30 30 30 30 0D
1779567372419,74 34 35 31 38 30 30 30 30 30 30 30 30 30 30 30 30 30 30 30 30 0D
1779567372430,74 34 35 35 38 45 41 46 46 30 37 30 30 39 46 46 46 30 30 30 30 0D
1779567372437,74 34 35 31 38 30 30 30 30 30 30 30 30 30 30 30 30 30 30 30 30 0D
1779567372460,74 34 35 35 38 45 41 46 46 30 37 30 30 39 46 46 46 30 30 30 30 0D
1779567372467,74 34 35 31 38 30 30 30 30 30 30 30 30 30 30 30 30 30 30 30 30 0D
1779567372481,74 34 35 31 38 30 30 30 30 30 30 30 30 30 30 30 30 30 30 30 30 0D
1779567372487,74 34 35 35 38 45 41 46 46 30 37 30 30 39 46 46 46 30 30 30 30 0D
1779567372500,74 34 35 30 38 30 30 30 30 30 37 30 30 30 30 30 30 45 34 30 35 0D
1779567372511,74 34 35 31 38 30 30 30 30 30 30 30 30 30 30 30 30 30 30 30 30 0D
1779567372517,74 34 35 31 38 30 30 30 30 30 30 30 30 30 30 30 30 30 30 30 30 0D
1779567372526,74 34 35 35 38 45 42 46 46 30 37 30 30 39 46 46 46 30 30 30 30 0D
1779567372544,74 34 35 31 38 30 30 30 30 30 30 30 30 30 30 30 30 30 30 30 30 0D
1779567372560,74 34 35 35 38 45 42 46 46 30 37 30 30 39 46 46 46 30 30 30 30 0D
1779567372563,74 34 35 31 38 30 30 30 30 30 30 30 30 30 30 30 30 30 30 30 30 0D
1779567372567,74 34 35 35 38 45 42 46 46 30 37 30 30 39 46 46 46 30 30 30 30 0D
1779567372579,74 34 35 31 38 30 30 30 30 30 30 30 30 30 30 30 30 30 30 30 30 0D
1779567372599,74 34 35 35 38 45 42 46 46 30 37 30 30 39 46 46 46 30 30 30 30 0D
1779567372603,74 34 35 30 38 30 30 30 30 30 37 30 30 30 30 30 30 45 34 30 35 0D
1779567372608,74 34 35 31 38 30 30 30 30 30 30 30 30 30 30 30 30 30 30 30 30 0D
1779567372619,74 34 35 31 38 30 30 30 30 30 30 30 30 30 30 30 30 30 30 30 30 0D
1779567372627,74 34 35 35 38 45 42 46 46 30 37 30 30 39 46 46 46 30 30 30 30 0D
1779567372638,74 34 35 31 38 30 30 30 30 30 30 30 30 30 30 30 30 30 30 30 30 0D
1779567372654,74 34 35 35 38 45 42 46 46 30 37 30 30 39 46 46 46 30 30 30 30 0D
1779567372665,74 34 35 31 38 30 30 30 30 30 30 30 30 30 30 30 30 30 30 30 30 0D
1779567372670,74 34 35 35 38 45 42 46 46 30 37 30 30 39 46 46 46 30 30 30 30 0D
1779567372677,74 34 35 31 38 30 30 30 30 30 30 30 30 30 30 30 30 30 30 30 30 0D
1779567372696,74 34 35 35 38 45 42 46 46 30 37 30 30 39 46 46 46 30 30 30 30 0D
1779567372700,74 34 35 30 38 30 30 30 30 30 37 30 30 30 30 30 30 45 34 30 35 0D
1779567372710,74 34 35 31 38 30 30 30 30 30 30 30 30 30 30 30 30 30 30 30 30 0D
1779567372720,74 34 35 31 38 30 30 30 30 30 30 30 30 30 30 30 30 30 30 30 30 0D
1779567372730,74 34 35 35 38 45 41 46 46 30 37 30 30 39 45 46 46 30 30 30 30 0D
1779567372739,74 34 35 31 38 30 30 30 30 30 30 30 30 30 30 30 30 30 30 30 30 0D
1779567372760,74 34 35 35 38 45 41 46 46 30 37 30 30 39 45 46 46 30 30 30 30 0D
1779567372766,74 34 35 31 38 30 30 30 30 30 30 30 30 30 30 30 30 30 30 30 30 0D
1779567372777,74 34 35 31 38 30 30 30 30 30 30 30 30 30 30 30 30 30 30 30 30 0D
1779567372789,74 34 35 35 38 45 41 46 46 30 37 30 30 39 45 46 46 30 30 30 30 0D
1779567372798,74 34 35 30 38 30 30 30 30 30 37 30 30 30 30 30 30 45 34 30 35 0D
1779567372810,74 34 35 31 38 30 30 30 30 30 30 30 30 30 30 30 30 30 30 30 30 0D
1779567372816,74 34 35 31 38 30 30 30 30 30 30 30 30 30 30 30 30 30 30 30 30 0D
1779567372832,74 34 35 35 38 45 41 46 46 30 37 30 30 39 45 46 46 30 30 30 30 0D
1779567372840,74 34 35 31 38 30 30 30 30 30 30 30 30 30 30 30 30 30 30 30 30 0D
1779567372859,74 34 35 35 38 45 41 46 46 30 37 30 30 39 45 46 46 30 30 30 30 0D
1779567372866,74 34 35 31 38 30 30 30 30 30 30 30 30 30 30 30 30 30 30 30 30 0D
1779567372877,74 34 35 31 38 30 30 30 30 30 30 30 30 30 30 30 30 30 30 30 30 0D
1779567372896,74 34 35 35 38 45 41 46 46 30 37 30 30 39 45 46 46 30 30 30 30 0D
1779567372900,74 34 35 30 38 30 30 30 30 30 37 30 30 30 30 30 30 45 34 30 35 0D
1779567372920,74 34 35 31 38 30 30 30 30 30 30 30 30 30 30 30 30 30 30 30 30 0D
1779567372931,74 34 35 35 38 45 41 46 46 30 37 30 30 39 46 46 46 30 30 30 30 0D
1779567372941,74 34 35 31 38 30 30 30 30 30 30 30 30 30 30 30 30 30 30 30 30 0D
1779567372947,74 34 35 35 38 45 41 46 46 30 37 30 30 39 46 46 46 30 30 30 30 0D
1779567372954,74 34 35 37 38 30 30 30 30 30 30 30 30 36 34 31 34 30 30 30 30 0D
1779567372959,74 34 35 31 38 30 30 30 30 30 30 30 30 30 30 30 30 30 30 30 30 0D
1779567372978,74 34 35 35 38 45 41 46 46 30 37 30 30 39 46 46 46 30 30 30 30 0D
1779567372983,74 34 35 31 38 30 30 30 30 30 30 30 30 30 30 30 30 30 30 30 30 0D
1779567372993,74 34 35 35 38 45 41 46 46 30 37 30 30 39 46 46 46 30 30 30 30 0D
1779567372997,74 34 35 30 38 30 30 30 30 30 37 30 30 30 30 30 30 45 34 30 35 0D
1779567373009,74 34 35 31 38 30 30 30 30 30 30 30 30 30 30 30 30 30 30 30 30 0D
1779567373016,74 34 35 31 38 30 30 30 30 30 30 30 30 30 30 30 30 30 30 30 30 0D
1779567373034,74 34 35 35 38 45 41 46 46 30 37 30 30 39 46 46 46 30 30 30 30 0D
1779567373041,74 34 35 31 38 30 30 30 30 30 30 30 30 30 30 30 30 30 30 30 30 0D
1779567373068,74 34 35 35 38 45 41 46 46 30 37 30 30 39 46 46 46 30 30 30 30 0D
1779567373082,74 34 35 31 38 30 30 30 30 30 30 30 30 30 30 30 30 30 30 30 30 0D
1779567373095,74 34 35 35 38 45 41 46 46 30 37 30 30 39 46 46 46 30 30 30 30 0D
1779567373098,74 34 35 30 38 30 30 30 30 30 37 30 30 30 30 30 30 45 34 30 35 0D
1779567373110,74 34 35 31 38 30 30 30 30 30 30 30 30 30 30 30 30 30 30 30 30 0D
1779567373119,74 34 35 31 38 30 30 30 30 30 30 30 30 30 30 30 30 30 30 30 30 0D
1779567373132,74 34 35 35 38 45 41 46 46 30 38 30 30 39 46 46 46 30 30 30 30 0D
1779567373140,74 34 35 31 38 30 30 30 30 30 30 30 30 30 30 30 30 30 30 30 30 0D
1779567373159,74 34 35 35 38 45 41 46 46 30 38 30 30 39 46 46 46 30 30 30 30 0D
1779567373164,74 34 35 31 38 30 30 30 30 30 30 30 30 30 30 30 30 30 30 30 30 0D
1779567373165,74 34 35 35 38 45 41 46 46 30 38 30 30 39 46 46 46 30 30 30 30 0D
1779567373179,74 34 35 31 38 30 30 30 30 30 30 30 30 30 30 30 30 30 30 30 30 0D
1779567373190,74 34 35 35 38 45 41 46 46 30 38 30 30 39 46 46 46 30 30 30 30 0D
1779567373203,74 34 35 30 38 30 30 30 30 30 37 30 30 30 30 30 30 45 34 30 35 0D
1779567373214,74 34 35 31 38 30 30 30 30 30 30 30 30 30 30 30 30 30 30 30 30 0D
1779567373222,74 34 35 31 38 30 30 30 30 30 30 30 30 30 30 30 30 30 30 30 30 0D
1779567373232,74 34 35 35 38 45 41 46 46 30 38 30 30 39 46 46 46 30 30 30 30 0D
1779567373239,74 34 35 31 38 30 30 30 30 30 30 30 30 30 30 30 30 30 30 30 30 0D
1779567373260,74 34 35 35 38 45 41 46 46 30 38 30 30 39 46 46 46 30 30 30 30 0D
1779567373266,74 34 35 31 38 30 30 30 30 30 30 30 30 30 30 30 30 30 30 30 30 0D
1779567373282,74 34 35 31 38 30 30 30 30 30 30 30 30 30 30 30 30 30 30 30 30 0D
1779567373292,74 34 35 35 38 45 41 46 46 30 38 30 30 39 46 46 46 30 30 30 30 0D
1779567373296,74 34 35 30 38 30 30 30 30 30 37 30 30 30 30 30 30 45 34 30 35 0D
1779567373308,74 34 35 31 38 30 30 30 30 30 30 30 30 30 30 30 30 30 30 30 30 0D
1779567373321,74 34 35 31 38 30 30 30 30 30 30 30 30 30 30 30 30 30 30 30 30 0D
1779567373329,74 34 35 35 38 45 41 46 46 30 38 30 30 39 46 46 46 30 30 30 30 0D
1779567373337,74 34 35 31 38 30 30 30 30 30 30 30 30 30 30 30 30 30 30 30 30 0D
1779567373358,74 34 35 35 38 45 41 46 46 30 38 30 30 39 46 46 46 30 30 30 30 0D
1779567373363,74 34 35 31 38 30 30 30 30 30 30 30 30 30 30 30 30 30 30 30 30 0D
1779567373380,74 34 35 31 38 30 30 30 30 30 30 30 30 30 30 30 30 30 30 30 30 0D
1779567373390,74 34 35 35 38 45 41 46 46 30 38 30 30 39 46 46 46 30 30 30 30 0D
1779567373404,74 34 35 30 38 30 30 30 30 30 37 30 30 30 30 30 30 45 34 30 35 0D
1779567373412,74 34 35 31 38 30 30 30 30 30 30 30 30 30 30 30 30 30 30 30 30 0D
1779567373419,74 34 35 31 38 30 30 30 30 30 30 30 30 30 30 30 30 30 30 30 30 0D
1779567373428,74 34 35 35 38 45 41 46 46 30 38 30 30 39 46 46 46 30 30 30 30 0D
1779567373440,74 34 35 31 38 30 30 30 30 30 30 30 30 30 30 30 30 30 30 30 30 0D
1779567373453,74 34 35 35 38 45 41 46 46 30 38 30 30 39 46 46 46 30 30 30 30 0D
1779567373457,74 34 35 31 38 30 30 30 30 30 30 30 30 30 30 30 30 30 30 30 30 0D
1779567373465,74 34 35 35 38 45 41 46 46 30 38 30 30 39 46 46 46 30 30 30 30 0D
1779567373480,74 34 35 31 38 30 30 30 30 30 30 30 30 30 30 30 30 30 30 30 30 0D
1779567373487,74 34 35 35 38 45 41 46 46 30 38 30 30 39 46 46 46 30 30 30 30 0D
1779567373501,74 34 35 30 38 30 30 30 30 30 37 30 30 30 30 30 30 45 34 30 35 0D
1779567373513,74 34 35 34 38 30 31 30 30 30 30 30 30 30 30 30 30 30 30 30 30 0D 74 34 35 35 38 45 41 46 46 30 37 30 30 39 46 46 46 30 30 30 30 0D
1779567373522,74 34 35 31 38 30 30 30 30 30 30 30 30 30 30 30 30 30 30 30 30 0D
1779567373528,74 34 35 35 38 45 41 46 46 30 37 30 30 39 46 46 46 30 30 30 30 0D
1779567373538,74 34 35 31 38 30 30 30 30 30 30 30 30 30 30 30 30 30 30 30 30 0D
1779567373550,74 34 35 35 38 45 41 46 46 30 37 30 30 39 46 46 46 30 30 30 30 0D
1779567373554,74 34 35 37 38 30 30 30 30 30 30 30 30 36 34 31 34 30 31 30 30 0D
1779567373561,74 34 35 31 38 30 30 30 30 30 30 30 30 30 30 30 30 30 30 30 30 0D
1779567373569,74 34 35 35 38 45 41 46 46 30 37 30 30 39 46 46 46 30 30 30 30 0D
1779567373579,74 34 35 31 38 30 30 30 30 30 30 30 30 30 30 30 30 30 30 30 30 0D
1779567373594,74 34 35 35 38 45 41 46 46 30 37 30 30 39 46 46 46 30 30 30 30 0D
1779567373599,74 34 35 30 38 30 30 30 30 30 37 30 30 30 30 30 30 45 34 30 35 0D
1779567373608,74 34 35 32 38 38 43 30 30 30 30 30 30 30 30 30 30 32 37 30 30 0D
1779567373634,74 34 35 31 38 30 30 30 30 30 30 30 30 30 30 30 30 30 30 30 30 0D
1779567373637,74 34 35 31 38 30 30 30 30 30 30 30 30 30 30 30 30 30 30 30 30 0D
1779567373646,74 34 35 35 38 45 41 46 46 30 37 30 30 39 46 46 46 30 30 30 30 0D
1779567373658,74 34 35 37 38 30 30 30 30 30 30 30 30 36 34 31 34 30 30 30 30 0D
1779567373663,74 34 35 31 38 30 30 30 30 30 30 30 30 30 30 30 30 30 30 30 30 0D
1779567373669,74 34 35 35 38 45 41 46 46 30 37 30 30 39 46 46 46 30 30 30 30 0D
1779567373678,74 34 35 31 38 30 30 30 30 30 30 30 30 30 30 30 30 30 30 30 30 0D
1779567373689,74 34 35 35 38 45 41 46 46 30 37 30 30 39 46 46 46 30 30 30 30 0D
1779567373697,74 34 35 30 38 30 30 30 30 30 37 30 30 30 30 30 30 45 34 30 35 0D
1779567373711,74 34 35 31 38 30 30 30 30 30 30 30 30 30 30 30 30 30 30 30 30 0D
1779567373716,74 34 35 31 38 30 30 30 30 30 30 30 30 30 30 30 30 30 30 30 30 0D
1779567373725,74 34 35 35 38 45 41 46 46 30 37 30 30 39 46 46 46 30 30 30 30 0D
1779567373741,74 34 35 31 38 30 30 30 30 30 30 30 30 30 30 30 30 30 30 30 30 0D
1779567373776,74 34 35 35 38 45 41 46 46 30 37 30 30 39 46 46 46 30 30 30 30 0D
1779567373780,74 34 35 31 38 30 30 30 30 30 30 30 30 30 30 30 30 30 30 30 30 0D
1779567373788,74 34 35 35 38 45 41 46 46 30 37 30 30 39 46 46 46 30 30 30 30 0D
1779567373797,74 34 35 30 38 30 30 30 30 30 37 30 30 30 30 30 30 45 34 30 35 0D
1779567373812,74 34 35 31 38 30 30 30 30 30 30 30 30 30 30 30 30 30 30 30 30 0D
1779567373822,74 34 35 31 38 30 30 30 30 30 30 30 30 30 30 30 30 30 30 30 30 0D
1779567373828,74 34 35 35 38 45 41 46 46 30 37 30 30 39 46 46 46 30 30 30 30 0D
1779567373836,74 34 35 31 38 30 30 30 30 30 30 30 30 30 30 30 30 30 30 30 30 0D
1779567373854,74 34 35 35 38 45 41 46 46 30 37 30 30 39 46 46 46 30 30 30 30 0D
1779567373861,74 34 35 31 38 30 30 30 30 30 30 30 30 30 30 30 30 30 30 30 30 0D
1779567373883,74 34 35 31 38 30 30 30 30 30 30 30 30 30 30 30 30 30 30 30 30 0D
1779567373888,74 34 35 36 38 45 44 46 46 30 37 30 30 30 34 30 30 30 30 30 30 0D
1779567373895,74 34 35 30 38 30 30 30 30 30 37 30 30 30 30 30 30 45 34 30 35 0D
1779567373910,74 34 35 31 38 30 30 30 30 30 30 30 30 30 30 30 30 30 30 30 30 0D
1779567373920,74 34 35 31 38 30 30 30 30 30 30 30 30 30 30 30 30 30 30 30 30 0D
1779567373934,74 34 35 35 38 45 39 46 46 30 37 30 30 39 46 46 46 30 30 30 30 0D
1779567373942,74 34 35 31 38 30 30 30 30 30 30 30 30 30 30 30 30 30 30 30 30 0D
1779567373968,74 34 35 35 38 45 39 46 46 30 37 30 30 39 46 46 46 30 30 30 30 0D
1779567373980,74 34 35 31 38 30 30 30 30 30 30 30 30 30 30 30 30 30 30 30 30 0D
1779567373995,74 34 35 35 38 45 39 46 46 30 37 30 30 39 46 46 46 30 30 30 30 0D
1779567374002,74 34 35 30 38 30 30 30 30 30 37 30 30 30 30 30 30 45 34 30 35 0D
1779567374014,74 34 35 31 38 30 30 30 30 30 30 30 30 30 30 30 30 30 30 30 30 0D
1779567374021,74 34 35 31 38 30 30 30 30 30 30 30 30 30 30 30 30 30 30 30 30 0D
1779567374033,74 34 35 35 38 45 39 46 46 30 37 30 30 39 46 46 46 30 30 30 30 0D
1779567374043,74 34 35 31 38 30 30 30 30 30 30 30 30 30 30 30 30 30 30 30 30 0D
1779567374076,74 34 35 35 38 45 39 46 46 30 37 30 30 39 46 46 46 30 30 30 30 0D
1779567374085,74 34 35 31 38 30 30 30 30 30 30 30 30 30 30 30 30 30 30 30 30 0D
1779567374094,74 34 35 35 38 45 39 46 46 30 37 30 30 39 46 46 46 30 30 30 30 0D
1779567374101,74 34 35 30 38 30 30 30 30 30 37 30 30 30 30 30 30 45 34 30 35 0D
1779567374110,74 34 35 31 38 30 30 30 30 30 30 30 30 30 30 30 30 30 30 30 30 0D
1779567374120,74 34 35 31 38 30 30 30 30 30 30 30 30 30 30 30 30 30 30 30 30 0D
1779567374135,74 34 35 35 38 45 41 46 46 30 37 30 30 39 46 46 46 30 30 30 30 0D
1779567374139,74 34 35 31 38 30 30 30 30 30 30 30 30 30 30 30 30 30 30 30 30 0D
1779567374171,74 34 35 35 38 45 41 46 46 30 37 30 30 39 46 46 46 30 30 30 30 0D
1779567374178,74 34 35 31 38 30 30 30 30 30 30 30 30 30 30 30 30 30 30 30 30 0D
1779567374189,74 34 35 35 38 45 41 46 46 30 37 30 30 39 46 46 46 30 30 30 30 0D
1779567374196,74 34 35 30 38 30 30 30 30 30 37 30 30 30 30 30 30 45 34 30 35 0D
1779567374215,74 34 35 31 38 30 30 30 30 30 30 30 30 30 30 30 30 30 30 30 30 0D
1779567374217,74 34 35 31 38 30 30 30 30 30 30 30 30 30 30 30 30 30 30 30 30 0D
1779567374233,74 34 35 35 38 45 41 46 46 30 37 30 30 39 46 46 46 30 30 30 30 0D
1779567374237,74 34 35 31 38 30 30 30 30 30 30 30 30 30 30 30 30 30 30 30 30 0D
1779567374259,74 34 35 35 38 45 41 46 46 30 37 30 30 39 46 46 46 30 30 30 30 0D
1779567374271,74 34 35 31 38 30 30 30 30 30 30 30 30 30 30 30 30 30 30 30 30 0D
1779567374278,74 34 35 31 38 30 30 30 30 30 30 30 30 30 30 30 30 30 30 30 30 0D
1779567374291,74 34 35 35 38 45 41 46 46 30 37 30 30 39 46 46 46 30 30 30 30 0D
1779567374302,74 34 35 30 38 30 30 30 30 30 37 30 30 30 30 30 30 45 34 30 35 0D
1779567374316,74 34 35 31 38 30 30 30 30 30 30 30 30 30 30 30 30 30 30 30 30 0D
1779567374321,74 34 35 31 38 30 30 30 30 30 30 30 30 30 30 30 30 30 30 30 30 0D
1779567374326,74 34 35 35 38 45 41 46 46 30 37 30 30 39 45 46 46 30 30 30 30 0D
1779567374336,74 34 35 31 38 30 30 30 30 30 30 30 30 30 30 30 30 30 30 30 30 0D
1779567374356,74 34 35 35 38 45 41 46 46 30 37 30 30 39 45 46 46 30 30 30 30 0D
1779567374364,74 34 35 31 38 30 30 30 30 30 30 30 30 30 30 30 30 30 30 30 30 0D
1779567374369,74 34 35 35 38 45 41 46 46 30 37 30 30 39 45 46 46 30 30 30 30 0D
1779567374383,74 34 35 31 38 30 30 30 30 30 30 30 30 30 30 30 30 30 30 30 30 0D
1779567374391,74 34 35 35 38 45 41 46 46 30 37 30 30 39 45 46 46 30 30 30 30 0D
1779567374400,74 34 35 30 38 30 30 30 30 30 37 30 30 30 30 30 30 45 34 30 35 0D
1779567374417,74 34 35 31 38 30 30 30 30 30 30 30 30 30 30 30 30 30 30 30 30 0D
1779567374422,74 34 35 31 38 30 30 30 30 30 30 30 30 30 30 30 30 30 30 30 30 0D
1779567374433,74 34 35 35 38 45 41 46 46 30 37 30 30 39 45 46 46 30 30 30 30 0D
1779567374438,74 34 35 31 38 30 30 30 30 30 30 30 30 30 30 30 30 30 30 30 30 0D
1779567374449,74 34 35 35 38 45 41 46 46 30 37 30 30 39 45 46 46 30 30 30 30 0D
1779567374454,74 34 35 37 38 30 30 30 30 30 30 30 30 36 34 31 34 30 30 30 30 0D
1779567374458,74 34 35 31 38 30 30 30 30 30 30 30 30 30 30 30 30 30 30 30 30 0D
1779567374482,74 34 35 31 38 30 30 30 30 30 30 30 30 30 30 30 30 30 30 30 30 0D
1779567374489,74 34 35 35 38 45 41 46 46 30 37 30 30 39 45 46 46 30 30 30 30 0D
1779567374502,74 34 35 30 38 30 30 30 30 30 37 30 30 30 30 30 30 45 34 30 35 0D
1779567374512,74 34 35 31 38 30 30 30 30 30 30 30 30 30 30 30 30 30 30 30 30 0D
1779567374520,74 34 35 31 38 30 30 30 30 30 30 30 30 30 30 30 30 30 30 30 30 0D
1779567374527,74 34 35 35 38 45 39 46 46 30 37 30 30 39 46 46 46 30 30 30 30 0D
1779567374537,74 34 35 31 38 30 30 30 30 30 30 30 30 30 30 30 30 30 30 30 30 0D
1779567374575,74 34 35 35 38 45 39 46 46 30 37 30 30 39 46 46 46 30 30 30 30 0D
1779567374583,74 34 35 31 38 30 30 30 30 30 30 30 30 30 30 30 30 30 30 30 30 0D
1779567374593,74 34 35 35 38 45 39 46 46 30 37 30 30 39 46 46 46 30 30 30 30 0D
1779567374599,74 34 35 30 38 30 30 30 30 30 37 30 30 30 30 30 30 45 34 30 35 0D
1779567374616,74 34 35 31 38 30 30 30 30 30 30 30 30 30 30 30 30 30 30 30 30 0D
1779567374622,74 34 35 31 38 30 30 30 30 30 30 30 30 30 30 30 30 30 30 30 30 0D
1779567374631,74 34 35 35 38 45 39 46 46 30 37 30 30 39 46 46 46 30 30 30 30 0D
1779567374638,74 34 35 31 38 30 30 30 30 30 30 30 30 30 30 30 30 30 30 30 30 0D
1779567374661,74 34 35 35 38 45 39 46 46 30 37 30 30 39 46 46 46 30 30 30 30 0D
1779567374667,74 34 35 31 38 30 30 30 30 30 30 30 30 30 30 30 30 30 30 30 30 0D
1779567374678,74 34 35 31 38 30 30 30 30 30 30 30 30 30 30 30 30 30 30 30 30 0D
1779567374692,74 34 35 35 38 45 39 46 46 30 37 30 30 39 46 46 46 30 30 30 30 0D
1779567374701,74 34 35 30 38 30 30 30 30 30 37 30 30 30 30 30 30 45 34 30 35 0D
1779567374709,74 34 35 31 38 30 30 30 30 30 30 30 30 30 30 30 30 30 30 30 30 0D
1779567374723,74 34 35 31 38 30 30 30 30 30 30 30 30 30 30 30 30 30 30 30 30 0D
1779567374735,74 34 35 35 38 45 39 46 46 30 37 30 30 39 46 46 46 30 30 30 30 0D
1779567374743,74 34 35 31 38 30 30 30 30 30 30 30 30 30 30 30 30 30 30 30 30 0D
1779567374748,74 34 35 35 38 45 39 46 46 30 37 30 30 39 46 46 46 30 30 30 30 0D
1779567374755,74 34 35 37 38 30 30 30 30 30 30 30 30 36 34 31 34 30 30 30 30 0D
1779567374758,74 34 35 39 38 37 36 41 34 42 45 31 36 42 39 31 41 30 33 42 37 0D
1779567374767,74 34 35 31 38 30 30 30 30 30 30 30 30 30 30 30 30 30 30 30 30 0D
1779567374781,74 34 35 31 38 30 30 30 30 30 30 30 30 30 30 30 30 30 30 30 30 0D
1779567374785,74 34 35 35 38 45 39 46 46 30 37 30 30 39 46 46 46 30 30 30 30 0D
1779567374800,74 34 35 30 38 30 30 30 30 30 37 30 30 30 30 30 30 45 34 30 35 0D
1779567374807,74 34 35 31 38 30 30 30 30 30 30 30 30 30 30 30 30 30 30 30 30 0D
1779567374820,74 34 35 31 38 30 30 30 30 30 30 30 30 30 30 30 30 30 30 30 30 0D
1779567374832,74 34 35 35 38 45 39 46 46 30 37 30 30 39 46 46 46 30 30 30 30 0D
1779567374838,74 34 35 31 38 30 30 30 30 30 30 30 30 30 30 30 30 30 30 30 30 0D
1779567374875,74 34 35 35 38 45 39 46 46 30 37 30 30 39 46 46 46 30 30 30 30 0D
1779567374884,74 34 35 31 38 30 30 30 30 30 30 30 30 30 30 30 30 30 30 30 30 0D
1779567374892,74 34 35 35 38 45 39 46 46 30 37 30 30 39 46 46 46 30 30 30 30 0D
1779567374894,74 34 35 30 38 30 30 30 30 30 37 30 30 30 30 30 30 45 34 30 35 0D
1779567374912,74 34 35 31 38 30 30 30 30 30 30 30 30 30 30 30 30 30 30 30 30 0D
1779567374921,74 34 35 31 38 30 30 30 30 30 30 30 30 30 30 30 30 30 30 30 30 0D
1779567374934,74 34 35 35 38 45 42 46 46 30 38 30 30 39 46 46 46 30 30 30 30 0D
1779567374936,74 34 35 31 38 30 30 30 30 30 30 30 30 30 30 30 30 30 30 30 30 0D
1779567374956,74 34 35 35 38 45 42 46 46 30 38 30 30 39 46 46 46 30 30 30 30 0D
1779567374962,74 34 35 31 38 30 30 30 30 30 30 30 30 30 30 30 30 30 30 30 30 0D
1779567374965,74 34 35 35 38 45 42 46 46 30 38 30 30 39 46 46 46 30 30 30 30 0D
1779567374979,74 34 35 31 38 30 30 30 30 30 30 30 30 30 30 30 30 30 30 30 30 0D
1779567374988,74 34 35 35 38 45 42 46 46 30 38 30 30 39 46 46 46 30 30 30 30 0D
1779567375000,74 34 35 30 38 30 30 30 30 30 37 30 30 30 30 30 30 45 34 30 35 0D
1779567375008,74 34 35 31 38 30 30 30 30 30 30 30 30 30 30 30 30 30 30 30 30 0D
1779567375018,74 34 35 31 38 30 30 30 30 30 30 30 30 30 30 30 30 30 30 30 30 0D
1779567375037,74 34 35 35 38 45 42 46 46 30 38 30 30 39 46 46 46 30 30 30 30 0D
1779567375044,74 34 35 31 38 30 30 30 30 30 30 30 30 30 30 30 30 30 30 30 30 0D
1779567375068,74 34 35 35 38 45 42 46 46 30 38 30 30 39 46 46 46 30 30 30 30 0D
1779567375075,74 34 35 31 38 30 30 30 30 30 30 30 30 30 30 30 30 30 30 30 30 0D
1779567375089,74 34 35 35 38 45 42 46 46 30 38 30 30 39 46 46 46 30 30 30 30 0D
1779567375097,74 34 35 30 38 30 30 30 30 30 37 30 30 30 30 30 30 45 34 30 35 0D
1779567375114,74 34 35 31 38 30 30 30 30 30 30 30 30 30 30 30 30 30 30 30 30 0D
1779567375120,74 34 35 31 38 30 30 30 30 30 30 30 30 30 30 30 30 30 30 30 30 0D
1779567375139,74 34 35 35 38 45 41 46 46 30 37 30 30 39 46 46 46 30 30 30 30 0D
1779567375147,74 34 35 31 38 30 30 30 30 30 30 30 30 30 30 30 30 30 30 30 30 0D
1779567375155,74 34 35 35 38 45 41 46 46 30 37 30 30 39 46 46 46 30 30 30 30 0D
1779567375160,74 34 35 31 38 30 30 30 30 30 30 30 30 30 30 30 30 30 30 30 30 0D
1779567375167,74 34 35 35 38 45 41 46 46 30 37 30 30 39 46 46 46 30 30 30 30 0D
1779567375183,74 34 35 31 38 30 30 30 30 30 30 30 30 30 30 30 30 30 30 30 30 0D
1779567375197,74 34 35 35 38 45 41 46 46 30 37 30 30 39 46 46 46 30 30 30 30 0D
1779567375201,74 34 35 30 38 30 30 30 30 30 37 30 30 30 30 30 30 45 34 30 35 0D
1779567375215,74 34 35 31 38 30 30 30 30 30 30 30 30 30 30 30 30 30 30 30 30 0D
1779567375219,74 34 35 31 38 30 30 30 30 30 30 30 30 30 30 30 30 30 30 30 30 0D
1779567375232,74 34 35 35 38 45 41 46 46 30 37 30 30 39 46 46 46 30 30 30 30 0D
1779567375236,74 34 35 31 38 30 30 30 30 30 30 30 30 30 30 30 30 30 30 30 30 0D
1779567375259,74 34 35 35 38 45 41 46 46 30 37 30 30 39 46 46 46 30 30 30 30 0D
1779567375264,74 34 35 31 38 30 30 30 30 30 30 30 30 30 30 30 30 30 30 30 30 0D
1779567375266,74 34 35 36 38 45 44 46 46 30 37 30 30 30 35 30 30 30 30 30 30 0D
1779567375279,74 34 35 31 38 30 30 30 30 30 30 30 30 30 30 30 30 30 30 30 30 0D
1779567375288,74 34 35 35 38 45 41 46 46 30 37 30 30 39 46 46 46 30 30 30 30 0D
1779567375298,74 34 35 30 38 30 30 30 30 30 37 30 30 30 30 30 30 45 34 30 35 0D
1779567375308,74 34 35 31 38 30 30 30 30 30 30 30 30 30 30 30 30 30 30 30 30 0D
1779567375316,74 34 35 31 38 30 30 30 30 30 30 30 30 30 30 30 30 30 30 30 30 0D
1779567375332,74 34 35 35 38 45 41 46 46 30 37 30 30 39 46 46 46 30 30 30 30 0D
1779567375337,74 34 35 31 38 30 30 30 30 30 30 30 30 30 30 30 30 30 30 30 30 0D
1779567375362,74 34 35 35 38 45 41 46 46 30 37 30 30 39 46 46 46 30 30 30 30 0D
1779567375368,74 34 35 31 38 30 30 30 30 30 30 30 30 30 30 30 30 30 30 30 30 0D
1779567375380,74 34 35 31 38 30 30 30 30 30 30 30 30 30 30 30 30 30 30 30 30 0D
1779567375390,74 34 35 35 38 45 41 46 46 30 37 30 30 39 46 46 46 30 30 30 30 0D
1779567375399,74 34 35 30 38 30 30 30 30 30 37 30 30 30 30 30 30 45 34 30 35 0D
1779567375411,74 34 35 31 38 30 30 30 30 30 30 30 30 30 30 30 30 30 30 30 30 0D
1779567375417,74 34 35 31 38 30 30 30 30 30 30 30 30 30 30 30 30 30 30 30 30 0D
1779567375427,74 34 35 35 38 45 41 46 46 30 37 30 30 39 46 46 46 30 30 30 30 0D
1779567375437,74 34 35 31 38 30 30 30 30 30 30 30 30 30 30 30 30 30 30 30 30 0D
1779567375474,74 34 35 35 38 45 39 46 46 30 37 30 30 39 46 46 46 30 30 30 30 0D
1779567375482,74 34 35 31 38 30 30 30 30 30 30 30 30 30 30 30 30 30 30 30 30 0D
1779567375489,74 34 35 35 38 45 39 46 46 30 37 30 30 39 46 46 46 30 30 30 30 0D
1779567375497,74 34 35 30 38 30 30 30 30 30 37 30 30 30 30 30 30 45 34 30 35 0D
1779567375516,74 34 35 31 38 30 30 30 30 30 30 30 30 30 30 30 30 30 30 30 30 0D
1779567375521,74 34 35 31 38 30 30 30 30 30 30 30 30 30 30 30 30 30 30 30 30 0D
1779567375532,74 34 35 35 38 45 39 46 46 30 37 30 30 39 46 46 46 30 30 30 30 0D
1779567375545,74 34 35 31 38 30 30 30 30 30 30 30 30 30 30 30 30 30 30 30 30 0D
1779567375550,74 34 35 37 38 30 30 30 30 30 30 30 30 36 34 31 34 30 30 30 30 0D
1779567375570,74 34 35 39 38 37 35 41 34 42 45 31 36 42 38 31 41 30 33 42 37 0D
1779567375582,74 34 35 31 38 30 30 30 30 30 30 30 30 30 30 30 30 30 30 30 30 0D
1779567375600,74 34 35 35 38 45 39 46 46 30 37 30 30 39 46 46 46 30 30 30 30 0D
1779567375605,74 34 35 30 38 30 30 30 30 30 37 30 30 30 30 30 30 45 34 30 35 0D
1779567375611,74 34 35 31 38 30 30 30 30 30 30 30 30 30 30 30 30 30 30 30 30 0D
1779567375617,74 34 35 31 38 30 30 30 30 30 30 30 30 30 30 30 30 30 30 30 30 0D
1779567375630,74 34 35 35 38 45 39 46 46 30 37 30 30 39 46 46 46 30 30 30 30 0D
1779567375638,74 34 35 31 38 30 30 30 30 30 30 30 30 30 30 30 30 30 30 30 30 0D
1779567375657,74 34 35 35 38 45 39 46 46 30 37 30 30 39 46 46 46 30 30 30 30 0D
1779567375664,74 34 35 31 38 30 30 30 30 30 30 30 30 30 30 30 30 30 30 30 30 0D
1779567375671,74 34 35 35 38 45 39 46 46 30 37 30 30 39 46 46 46 30 30 30 30 0D
1779567375680,74 34 35 31 38 30 30 30 30 30 30 30 30 30 30 30 30 30 30 30 30 0D
1779567375686,74 34 35 35 38 45 39 46 46 30 37 30 30 39 46 46 46 30 30 30 30 0D
1779567375698,74 34 35 30 38 30 30 30 30 30 37 30 30 30 30 30 30 45 34 30 35 0D
1779567375713,74 34 35 31 38 30 30 30 30 30 30 30 30 30 30 30 30 30 30 30 30 0D
1779567375716,74 34 35 31 38 30 30 30 30 30 30 30 30 30 30 30 30 30 30 30 30 0D
1779567375728,74 34 35 35 38 45 41 46 46 30 37 30 30 39 46 46 46 30 30 30 30 0D
1779567375736,74 34 35 31 38 30 30 30 30 30 30 30 30 30 30 30 30 30 30 30 30 0D
1779567375758,74 34 35 35 38 45 41 46 46 30 37 30 30 39 46 46 46 30 30 30 30 0D
1779567375764,74 34 35 31 38 30 30 30 30 30 30 30 30 30 30 30 30 30 30 30 30 0D
1779567375782,74 34 35 31 38 30 30 30 30 30 30 30 30 30 30 30 30 30 30 30 30 0D
1779567375792,74 34 35 35 38 45 41 46 46 30 37 30 30 39 46 46 46 30 30 30 30 0D
1779567375806,74 34 35 30 38 30 30 30 30 30 37 30 30 30 30 30 30 45 34 30 35 0D
1779567375817,74 34 35 31 38 30 30 30 30 30 30 30 30 30 30 30 30 30 30 30 30 0D
1779567375822,74 34 35 31 38 30 30 30 30 30 30 30 30 30 30 30 30 30 30 30 30 0D
1779567375841,74 34 35 31 38 30 30 30 30 30 30 30 30 30 30 30 30 30 30 30 30 0D
1779567375856,74 34 35 35 38 45 41 46 46 30 37 30 30 39 46 46 46 30 30 30 30 0D
1779567375863,74 34 35 31 38 30 30 30 30 30 30 30 30 30 30 30 30 30 30 30 30 0D
1779567375870,74 34 35 35 38 45 41 46 46 30 37 30 30 39 46 46 46 30 30 30 30 0D
1779567375877,74 34 35 31 38 30 30 30 30 30 30 30 30 30 30 30 30 30 30 30 30 0D
1779567375887,74 34 35 35 38 45 41 46 46 30 37 30 30 39 46 46 46 30 30 30 30 0D
1779567375897,74 34 35 30 38 30 30 30 30 30 37 30 30 30 30 30 30 45 34 30 35 0D
1779567375912,74 34 35 31 38 30 30 30 30 30 30 30 30 30 30 30 30 30 30 30 30 0D
1779567375918,74 34 35 31 38 30 30 30 30 30 30 30 30 30 30 30 30 30 30 30 30 0D
1779567375929,74 34 35 35 38 45 41 46 46 30 37 30 30 39 46 46 46 30 30 30 30 0D
1779567375944,74 34 35 31 38 30 30 30 30 30 30 30 30 30 30 30 30 30 30 30 30 0D
1779567375953,74 34 35 37 38 30 30 30 30 30 30 30 30 36 34 31 34 30 31 30 30 0D
1779567375963,74 34 35 39 38 37 35 41 34 42 45 31 36 42 38 31 41 30 33 42 37 0D
1779567375979,74 34 35 31 38 30 30 30 30 30 30 30 30 30 30 30 30 30 30 30 30 0D
1779567375996,74 34 35 35 38 45 41 46 46 30 37 30 30 39 46 46 46 30 30 30 30 0D
1779567376003,74 34 35 30 38 30 30 30 30 30 37 30 30 30 30 30 30 45 34 30 35 0D
1779567376009,74 34 35 31 38 30 30 30 30 30 30 30 30 30 30 30 30 30 30 30 30 0D
1779567376018,74 34 35 31 38 30 30 30 30 30 30 30 30 30 30 30 30 30 30 30 30 0D
1779567376031,74 34 35 35 38 45 41 46 46 30 37 30 30 39 46 46 46 30 30 30 30 0D
1779567376038,74 34 35 31 38 30 30 30 30 30 30 30 30 30 30 30 30 30 30 30 30 0D
1779567376072,74 34 35 35 38 45 41 46 46 30 37 30 30 39 45 46 46 30 30 30 30 0D
1779567376086,74 34 35 31 38 30 30 30 30 30 30 30 30 30 30 30 30 30 30 30 30 0D
1779567376096,74 34 35 35 38 45 41 46 46 30 37 30 30 39 45 46 46 30 30 30 30 0D
1779567376101,74 34 35 30 38 30 30 30 30 30 37 30 30 30 30 30 30 45 34 30 35 0D
1779567376111,74 34 35 31 38 30 30 30 30 30 30 30 30 30 30 30 30 30 30 30 30 0D
1779567376118,74 34 35 31 38 30 30 30 30 30 30 30 30 30 30 30 30 30 30 30 30 0D
1779567376129,74 34 35 35 38 45 41 46 46 30 37 30 30 39 45 46 46 30 30 30 30 0D
1779567376138,74 34 35 31 38 30 30 30 30 30 30 30 30 30 30 30 30 30 30 30 30 0D
1779567376165,74 34 35 35 38 45 41 46 46 30 37 30 30 39 45 46 46 30 30 30 30 0D
1779567376181,74 34 35 31 38 30 30 30 30 30 30 30 30 30 30 30 30 30 30 30 30 0D
1779567376185,74 34 35 35 38 45 41 46 46 30 37 30 30 39 45 46 46 30 30 30 30 0D
1779567376197,74 34 35 30 38 30 30 30 30 30 37 30 30 30 30 30 30 45 34 30 35 0D
1779567376213,74 34 35 31 38 30 30 30 30 30 30 30 30 30 30 30 30 30 30 30 30 0D
1779567376220,74 34 35 31 38 30 30 30 30 30 30 30 30 30 30 30 30 30 30 30 30 0D
1779567376229,74 34 35 35 38 45 41 46 46 30 37 30 30 39 45 46 46 30 30 30 30 0D
1779567376236,74 34 35 31 38 30 30 30 30 30 30 30 30 30 30 30 30 30 30 30 30 0D
1779567376260,74 34 35 35 38 45 41 46 46 30 37 30 30 39 45 46 46 30 30 30 30 0D
1779567376267,74 34 35 31 38 30 30 30 30 30 30 30 30 30 30 30 30 30 30 30 30 0D
1779567376278,74 34 35 31 38 30 30 30 30 30 30 30 30 30 30 30 30 30 30 30 30 0D
1779567376283,74 34 35 35 38 45 41 46 46 30 37 30 30 39 45 46 46 30 30 30 30 0D
1779567376295,74 34 35 36 38 45 45 46 46 30 37 30 30 30 35 30 30 30 30 30 30 0D
1779567376302,74 34 35 30 38 30 30 30 30 30 37 30 30 30 30 30 30 45 34 30 35 0D
1779567376311,74 34 35 31 38 30 30 30 30 30 30 30 30 30 30 30 30 30 30 30 30 0D
1779567376317,74 34 35 31 38 30 30 30 30 30 30 30 30 30 30 30 30 30 30 30 30 0D
1779567376334,74 34 35 35 38 45 41 46 46 30 37 30 30 39 46 46 46 30 30 30 30 0D
1779567376339,74 34 35 31 38 30 30 30 30 30 30 30 30 30 30 30 30 30 30 30 30 0D
1779567376348,74 34 35 35 38 45 41 46 46 30 37 30 30 39 46 46 46 30 30 30 30 0D
1779567376353,74 34 35 37 38 30 30 30 30 30 30 30 30 36 34 31 34 30 30 30 30 0D
1779567376358,74 34 35 31 38 30 30 30 30 30 30 30 30 30 30 30 30 30 30 30 30 0D
1779567376367,74 34 35 35 38 45 41 46 46 30 37 30 30 39 46 46 46 30 30 30 30 0D
1779567376383,74 34 35 31 38 30 30 30 30 30 30 30 30 30 30 30 30 30 30 30 30 0D
1779567376395,74 34 35 35 38 45 41 46 46 30 37 30 30 39 46 46 46 30 30 30 30 0D
1779567376399,74 34 35 30 38 30 30 30 30 30 37 30 30 30 30 30 30 45 34 30 35 0D
1779567376410,74 34 35 31 38 30 30 30 30 30 30 30 30 30 30 30 30 30 30 30 30 0D
1779567376414,74 34 35 31 38 30 30 30 30 30 30 30 30 30 30 30 30 30 30 30 30 0D
1779567376440,74 34 35 35 38 45 41 46 46 30 37 30 30 39 46 46 46 30 30 30 30 0D
1779567376450,74 34 35 31 38 30 30 30 30 30 30 30 30 30 30 30 30 30 30 30 30 0D
1779567376459,74 34 35 39 38 37 36 41 34 42 45 31 36 42 41 31 41 30 33 42 37 0D
1779567376467,74 34 35 31 38 30 30 30 30 30 30 30 30 30 30 30 30 30 30 30 30 0D
1779567376488,74 34 35 31 38 30 30 30 30 30 30 30 30 30 30 30 30 30 30 30 30 0D
1779567376523,74 34 35 35 38 45 41 46 46 30 37 30 30 39 46 46 46 30 30 30 30 0D
1779567376529,74 34 35 31 38 30 30 30 30 30 30 30 30 30 30 30 30 30 30 30 30 0D
1779567376534,74 34 35 35 38 45 41 46 46 30 37 30 30 39 45 46 46 30 30 30 30 0D
1779567376543,74 34 35 31 38 30 30 30 30 30 30 30 30 30 30 30 30 30 30 30 30 0D
1779567376551,74 34 35 35 38 45 41 46 46 30 37 30 30 39 45 46 46 30 30 30 30 0D
1779567376559,74 34 35 39 38 37 36 41 34 42 45 31 36 42 41 31 41 30 33 42 37 0D
1779567376564,74 34 35 31 38 30 30 30 30 30 30 30 30 30 30 30 30 30 30 30 30 0D
1779567376568,74 34 35 35 38 45 41 46 46 30 37 30 30 39 45 46 46 30 30 30 30 0D
1779567376585,74 34 35 31 38 30 30 30 30 30 30 30 30 30 30 30 30 30 30 30 30 0D
1779567376594,74 34 35 35 38 45 41 46 46 30 37 30 30 39 45 46 46 30 30 30 30 0D
1779567376602,74 34 35 30 38 30 30 30 30 30 37 30 30 30 30 30 30 45 34 30 35 0D
1779567376612,74 34 35 31 38 30 30 30 30 30 30 30 30 30 30 30 30 30 30 30 30 0D
1779567376619,74 34 35 31 38 30 30 30 30 30 30 30 30 30 30 30 30 30 30 30 30 0D
1779567376633,74 34 35 35 38 45 41 46 46 30 37 30 30 39 45 46 46 30 30 30 30 0D
1779567376639,74 34 35 31 38 30 30 30 30 30 30 30 30 30 30 30 30 30 30 30 30 0D
1779567376661,74 34 35 35 38 45 41 46 46 30 37 30 30 39 45 46 46 30 30 30 30 0D
1779567376666,74 34 35 31 38 30 30 30 30 30 30 30 30 30 30 30 30 30 30 30 30 0D
1779567376677,74 34 35 31 38 30 30 30 30 30 30 30 30 30 30 30 30 30 30 30 30 0D
1779567376683,74 34 35 35 38 45 41 46 46 30 37 30 30 39 45 46 46 30 30 30 30 0D
1779567376697,74 34 35 30 38 30 30 30 30 30 37 30 30 30 30 30 30 45 34 30 35 0D
1779567376713,74 34 35 31 38 30 30 30 30 30 30 30 30 30 30 30 30 30 30 30 30 0D
1779567376727,74 34 35 31 38 30 30 30 30 30 30 30 30 30 30 30 30 30 30 30 30 0D
1779567376734,74 34 35 35 38 45 39 46 46 30 37 30 30 39 46 46 46 30 30 30 30 0D
1779567376741,74 34 35 31 38 30 30 30 30 30 30 30 30 30 30 30 30 30 30 30 30 0D
1779567376752,74 34 35 35 38 45 39 46 46 30 37 30 30 39 46 46 46 30 30 30 30 0D
1779567376758,74 34 35 31 38 30 30 30 30 30 30 30 30 30 30 30 30 30 30 30 30 0D
1779567376769,74 34 35 35 38 45 39 46 46 30 37 30 30 39 46 46 46 30 30 30 30 0D
1779567376780,74 34 35 31 38 30 30 30 30 30 30 30 30 30 30 30 30 30 30 30 30 0D
1779567376790,74 34 35 35 38 45 39 46 46 30 37 30 30 39 46 46 46 30 30 30 30 0D
1779567376801,74 34 35 30 38 30 30 30 30 30 37 30 30 30 30 30 30 45 34 30 35 0D
1779567376813,74 34 35 31 38 30 30 30 30 30 30 30 30 30 30 30 30 30 30 30 30 0D
1779567376823,74 34 35 31 38 30 30 30 30 30 30 30 30 30 30 30 30 30 30 30 30 0D
1779567376830,74 34 35 35 38 45 39 46 46 30 37 30 30 39 46 46 46 30 30 30 30 0D
1779567376839,74 34 35 31 38 30 30 30 30 30 30 30 30 30 30 30 30 30 30 30 30 0D
1779567376858,74 34 35 35 38 45 39 46 46 30 37 30 30 39 46 46 46 30 30 30 30 0D
1779567376864,74 34 35 31 38 30 30 30 30 30 30 30 30 30 30 30 30 30 30 30 30 0D
1779567376873,74 34 35 35 38 45 39 46 46 30 37 30 30 39 46 46 46 30 30 30 30 0D
1779567376884,74 34 35 31 38 30 30 30 30 30 30 30 30 30 30 30 30 30 30 30 30 0D
1779567376891,74 34 35 36 38 45 45 46 46 30 37 30 30 30 33 30 30 30 30 30 30 0D
1779567376895,74 34 35 30 38 30 30 30 30 30 37 30 30 30 30 30 30 45 34 30 35 0D
1779567376907,74 34 35 31 38 30 30 30 30 30 30 30 30 30 30 30 30 30 30 30 30 0D
1779567376916,74 34 35 31 38 30 30 30 30 30 30 30 30 30 30 30 30 30 30 30 30 0D
1779567376934,74 34 35 35 38 45 39 46 46 30 37 30 30 39 46 46 46 30 30 30 30 0D
1779567376938,74 34 35 31 38 30 30 30 30 30 30 30 30 30 30 30 30 30 30 30 30 0D
1779567376953,74 34 35 35 38 45 39 46 46 30 37 30 30 39 46 46 46 30 30 30 30 0D
1779567376957,74 34 35 31 38 30 30 30 30 30 30 30 30 30 30 30 30 30 30 30 30 0D
1779567376969,74 34 35 35 38 45 39 46 46 30 37 30 30 39 46 46 46 30 30 30 30 0D
1779567376981,74 34 35 31 38 30 30 30 30 30 30 30 30 30 30 30 30 30 30 30 30 0D
1779567376993,74 34 35 35 38 45 39 46 46 30 37 30 30 39 46 46 46 30 30 30 30 0D
1779567376997,74 34 35 30 38 30 30 30 30 30 37 30 30 30 30 30 30 45 34 30 35 0D
1779567377008,74 34 35 31 38 30 30 30 30 30 30 30 30 30 30 30 30 30 30 30 30 0D
1779567377017,74 34 35 31 38 30 30 30 30 30 30 30 30 30 30 30 30 30 30 30 30 0D
1779567377029,74 34 35 35 38 45 39 46 46 30 37 30 30 39 46 46 46 30 30 30 30 0D
1779567377037,74 34 35 31 38 30 30 30 30 30 30 30 30 30 30 30 30 30 30 30 30 0D
1779567377048,74 34 35 35 38 45 39 46 46 30 37 30 30 39 46 46 46 30 30 30 30 0D
1779567377057,74 34 35 37 38 30 30 30 30 30 30 30 30 36 34 31 34 30 31 30 30 0D
1779567377060,74 34 35 31 38 30 30 30 30 30 30 30 30 30 30 30 30 30 30 30 30 0D
1779567377066,74 34 35 35 38 45 39 46 46 30 37 30 30 39 46 46 46 30 30 30 30 0D
1779567377077,74 34 35 31 38 30 30 30 30 30 30 30 30 30 30 30 30 30 30 30 30 0D
1779567377090,74 34 35 35 38 45 39 46 46 30 37 30 30 39 46 46 46 30 30 30 30 0D
1779567377094,74 34 35 30 38 30 30 30 30 30 37 30 30 30 30 30 30 45 34 30 35 0D
1779567377106,74 34 35 31 38 30 30 30 30 30 30 30 30 30 30 30 30 30 30 30 30 0D
1779567377120,74 34 35 31 38 30 30 30 30 30 30 30 30 30 30 30 30 30 30 30 30 0D
1779567377130,74 34 35 35 38 45 41 46 46 30 37 30 30 39 46 46 46 30 30 30 30 0D
1779567377140,74 34 35 31 38 30 30 30 30 30 30 30 30 30 30 30 30 30 30 30 30 0D
1779567377158,74 34 35 35 38 45 41 46 46 30 37 30 30 39 46 46 46 30 30 30 30 0D
1779567377165,74 34 35 31 38 30 30 30 30 30 30 30 30 30 30 30 30 30 30 30 30 0D
1779567377171,74 34 35 35 38 45 41 46 46 30 37 30 30 39 46 46 46 30 30 30 30 0D
1779567377176,74 34 35 31 38 30 30 30 30 30 30 30 30 30 30 30 30 30 30 30 30 0D
1779567377188,74 34 35 35 38 45 41 46 46 30 37 30 30 39 46 46 46 30 30 30 30 0D
1779567377195,74 34 35 30 38 30 30 30 30 30 37 30 30 30 30 30 30 45 34 30 35 0D
1779567377208,74 34 35 31 38 30 30 30 30 30 30 30 30 30 30 30 30 30 30 30 30 0D
1779567377221,74 34 35 31 38 30 30 30 30 30 30 30 30 30 30 30 30 30 30 30 30 0D
1779567377231,74 34 35 35 38 45 41 46 46 30 37 30 30 39 46 46 46 30 30 30 30 0D
1779567377242,74 34 35 31 38 30 30 30 30 30 30 30 30 30 30 30 30 30 30 30 30 0D
1779567377256,74 34 35 35 38 45 41 46 46 30 36 30 30 39 46 46 46 30 30 30 30 0D
1779567377261,74 34 35 31 38 30 30 30 30 30 30 30 30 30 30 30 30 30 30 30 30 0D
1779567377274,74 34 35 35 38 45 41 46 46 30 36 30 30 39 46 46 46 30 30 30 30 0D
1779567377279,74 34 35 31 38 30 30 30 30 30 30 30 30 30 30 30 30 30 30 30 30 0D
1779567377291,74 34 35 35 38 45 41 46 46 30 36 30 30 39 46 46 46 30 30 30 30 0D
1779567377296,74 34 35 30 38 30 30 30 30 30 37 30 30 30 30 30 30 45 34 30 35 0D
1779567377309,74 34 35 31 38 30 30 30 30 30 30 30 30 30 30 30 30 30 30 30 30 0D
1779567377324,74 34 35 31 38 30 30 30 30 30 30 30 30 30 30 30 30 30 30 30 30 0D
1779567377330,74 34 35 35 38 45 41 46 46 30 36 30 30 39 46 46 46 30 30 30 30 0D
1779567377340,74 34 35 31 38 30 30 30 30 30 30 30 30 30 30 30 30 30 30 30 30 0D
1779567377368,74 34 35 35 38 45 41 46 46 30 36 30 30 39 46 46 46 30 30 30 30 0D
1779567377379,74 34 35 31 38 30 30 30 30 30 30 30 30 30 30 30 30 30 30 30 30 0D
1779567377394,74 34 35 35 38 45 41 46 46 30 36 30 30 39 46 46 46 30 30 30 30 0D
1779567377398,74 34 35 30 38 30 30 30 30 30 37 30 30 30 30 30 30 45 34 30 35 0D
1779567377410,74 34 35 31 38 30 30 30 30 30 30 30 30 30 30 30 30 30 30 30 30 0D
1779567377422,74 34 35 31 38 30 30 30 30 30 30 30 30 30 30 30 30 30 30 30 30 0D
1779567377439,74 34 35 31 38 30 30 30 30 30 30 30 30 30 30 30 30 30 30 30 30 0D
1779567377459,74 34 35 35 38 45 41 46 46 30 37 30 30 39 46 46 46 30 30 30 30 0D
1779567377465,74 34 35 31 38 30 30 30 30 30 30 30 30 30 30 30 30 30 30 30 30 0D
1779567377472,74 34 35 36 38 45 44 46 46 30 37 30 30 30 34 30 30 30 30 30 30 0D
1779567377479,74 34 35 31 38 30 30 30 30 30 30 30 30 30 30 30 30 30 30 30 30 0D
1779567377492,74 34 35 35 38 45 41 46 46 30 37 30 30 39 46 46 46 30 30 30 30 0D
1779567377497,74 34 35 30 38 30 30 30 30 30 37 30 30 30 30 30 30 45 34 30 35 0D
1779567377512,74 34 35 31 38 30 30 30 30 30 30 30 30 30 30 30 30 30 30 30 30 0D
1779567377517,74 34 35 31 38 30 30 30 30 30 30 30 30 30 30 30 30 30 30 30 30 0D
1779567377529,74 34 35 35 38 45 41 46 46 30 37 30 30 39 46 46 46 30 30 30 30 0D
1779567377539,74 34 35 31 38 30 30 30 30 30 30 30 30 30 30 30 30 30 30 30 30 0D
1779567377558,74 34 35 35 38 45 41 46 46 30 37 30 30 39 46 46 46 30 30 30 30 0D
1779567377564,74 34 35 31 38 30 30 30 30 30 30 30 30 30 30 30 30 30 30 30 30 0D
1779567377570,74 34 35 35 38 45 41 46 46 30 37 30 30 39 46 46 46 30 30 30 30 0D
1779567377581,74 34 35 31 38 30 30 30 30 30 30 30 30 30 30 30 30 30 30 30 30 0D
1779567407757,74 34 35 31 38 30 30 30 30 30 30 30 30 30 30 30 30 30 30 30 30 0D
1779567407789,74 34 35 31 38 30 30 30 30 30 30 30 30 30 30 30 30 30 30 30 30 0D
1779567407802,74 34 35 31 38 30 30 30 30 30 30 30 30 30 30 30 30 30 30 30 30 0D
1779567407810,74 34 35 35 38 45 41 46 46 30 37 30 30 39 46 46 46 30 30 30 30 0D
1779567407822,74 34 35 30 38 30 30 30 30 30 37 30 30 30 30 30 30 45 34 30 35 0D
1779567407829,74 34 35 31 38 30 30 30 30 30 30 30 30 30 30 30 30 30 30 30 30 0D
1779567407840,74 34 35 31 38 30 30 30 30 30 30 30 30 30 30 30 30 30 30 30 30 0D
1779567407844,74 34 35 35 38 45 41 46 46 30 37 30 30 39 46 46 46 30 30 30 30 0D
1779567407862,74 34 35 31 38 30 30 30 30 30 30 30 30 30 30 30 30 30 30 30 30 0D
1779567407876,74 34 35 35 38 45 41 46 46 30 37 30 30 39 46 46 46 30 30 30 30 0D
1779567407881,74 34 35 31 38 30 30 30 30 30 30 30 30 30 30 30 30 30 30 30 30 0D
1779567407885,74 34 35 36 38 45 44 46 46 30 38 30 30 30 34 30 30 30 30 30 30 0D
1779567408816,74 34 35 31 38 30 30 30 30 30 30 30 30 30 30 30 30 30 30 30 30 0D
1779567408837,74 34 35 31 38 30 30 30 30 30 30 30 30 30 30 30 30 30 30 30 30 0D
1779567408852,74 34 35 37 38 30 30 30 30 30 30 30 30 36 34 31 34 30 30 30 30 0D
1779567408860,74 34 35 31 38 30 30 30 30 30 30 30 30 30 30 30 30 30 30 30 30 0D
1779567408869,74 34 35 35 38 45 41 46 46 30 37 30 30 39 46 46 46 30 30 30 30 0D
1779567408886,74 34 35 30 38 30 30 30 30 30 37 30 30 30 30 30 30 45 34 30 35 0D
1779567408891,74 34 35 31 38 30 30 30 30 30 30 30 30 30 30 30 30 30 30 30 30 0D
1779567408903,74 34 35 31 38 30 30 30 30 30 30 30 30 30 30 30 30 30 30 30 30 0D
1779567408910,74 34 35 35 38 45 41 46 46 30 37 30 30 39 46 46 46 30 30 30 30 0D
1779567408923,74 34 35 31 38 30 30 30 30 30 30 30 30 30 30 30 30 30 30 30 30 0D
1779567408931,74 34 35 35 38 45 41 46 46 30 37 30 30 39 46 46 46 30 30 30 30 0D
1779567408938,74 34 35 39 38 46 30 41 34 42 45 31 36 34 46 31 41 30 33 42 37 0D
1779567408944,74 34 35 31 38 30 30 30 30 30 30 30 30 30 30 30 30 30 30 30 30 0D
1779567408950,74 34 35 36 38 45 44 46 46 30 38 30 30 30 34 30 30 30 30 30 30 0D
1779567408966,74 34 35 31 38 30 30 30 30 30 30 30 30 30 30 30 30 30 30 30 30 0D
1779567408985,74 34 35 30 38 30 30 30 30 30 37 30 30 30 30 30 30 45 34 30 35 0D
1779567408992,74 34 35 31 38 30 30 30 30 30 30 30 30 30 30 30 30 30 30 30 30 0D
1779567409001,74 34 35 31 38 30 30 30 30 30 30 30 30 30 30 30 30 30 30 30 30 0D
1779567409008,74 34 35 35 38 45 41 46 46 30 37 30 30 39 46 46 46 30 30 30 30 0D
1779567409025,74 34 35 31 38 30 30 30 30 30 30 30 30 30 30 30 30 30 30 30 30 0D
1779567409032,74 34 35 37 38 30 30 30 30 30 30 30 30 36 34 31 34 30 30 30 30 0D
1779567409038,74 34 35 39 38 46 30 41 34 42 45 31 36 35 30 31 41 30 33 42 37 0D
1779567409044,74 34 35 31 38 30 30 30 30 30 30 30 30 30 30 30 30 30 30 30 30 0D
1779567409049,74 34 35 36 38 45 44 46 46 30 38 30 30 30 34 30 30 30 30 30 30 0D
1779567409062,74 34 35 31 38 30 30 30 30 30 30 30 30 30 30 30 30 30 30 30 30 0D
1779567409072,74 34 35 35 38 45 41 46 46 30 37 30 30 39 46 46 46 30 30 30 30 0D
1779567409082,74 34 35 30 38 30 30 30 30 30 37 30 30 30 30 30 30 45 34 30 35 0D
1779567409090,74 34 35 31 38 30 30 30 30 30 30 30 30 30 30 30 30 30 30 30 30 0D
1779567409102,74 34 35 31 38 30 30 30 30 30 30 30 30 30 30 30 30 30 30 30 30 0D
1779567409104,74 34 35 35 38 45 41 46 46 30 37 30 30 39 46 46 46 30 30 30 30 0D
1779567409127,74 34 35 31 38 30 30 30 30 30 30 30 30 30 30 30 30 30 30 30 30 0D
1779567409133,74 34 35 37 38 30 30 30 30 30 30 30 30 36 34 31 34 30 30 30 30 0D
1779567409138,74 34 35 39 38 46 30 41 34 42 45 31 36 35 31 31 41 30 33 42 37 0D
1779567409144,74 34 35 35 38 45 41 46 46 30 37 30 30 39 46 46 46 30 30 30 30 0D
1779567409160,74 34 35 31 38 30 30 30 30 30 30 30 30 30 30 30 30 30 30 30 30 0D
1779567409167,74 34 35 35 38 45 41 46 46 30 37 30 30 39 46 46 46 30 30 30 30 0D
1779567412326,74 34 35 31 38 30 30 30 30 30 30 30 30 30 30 30 30 30 30 30 30 0D
1779567412344,74 34 35 31 38 30 30 30 30 30 30 30 30 30 30 30 30 30 30 30 30 0D
1779567412353,74 34 35 37 38 30 30 30 30 30 30 30 30 36 34 31 34 30 30 30 30 0D
1779567412362,74 34 35 31 38 30 30 30 30 30 30 30 30 30 30 30 30 30 30 30 30 0D
1779567412373,74 34 35 31 38 30 30 30 30 30 30 30 30 30 30 30 30 30 30 30 30 0D
1779567412378,74 34 35 35 38 45 41 46 46 30 37 30 30 39 46 46 46 30 30 30 30 0D
1779567412392,74 34 35 30 38 30 30 30 30 30 37 30 30 30 30 30 30 45 34 30 35 0D
1779567412396,74 34 35 31 38 30 30 30 30 30 30 30 30 30 30 30 30 30 30 30 30 0D
1779567412413,74 34 35 31 38 30 30 30 30 30 30 30 30 30 30 30 30 30 30 30 30 0D
1779567412417,74 34 35 35 38 45 41 46 46 30 37 30 30 39 46 46 46 30 30 30 30 0D
1779567412431,74 34 35 31 38 30 30 30 30 30 30 30 30 30 30 30 30 30 30 30 30 0D
1779567412447,74 34 35 35 38 45 41 46 46 30 37 30 30 39 46 46 46 30 30 30 30 0D
1779567412450,74 34 35 31 38 30 30 30 30 30 30 30 30 30 30 30 30 30 30 30 30 0D
1779567412454,74 34 35 36 38 45 44 46 46 30 38 30 30 30 34 30 30 30 30 30 30 0D
1779567412473,74 34 35 31 38 30 30 30 30 30 30 30 30 30 30 30 30 30 30 30 30 0D
1779567412478,74 34 35 35 38 45 41 46 46 30 37 30 30 39 46 46 46 30 30 30 30 0D
1779567412493,74 34 35 30 38 30 30 30 30 30 37 30 30 30 30 30 30 45 34 30 35 0D
1779567412500,74 34 35 31 38 30 30 30 30 30 30 30 30 30 30 30 30 30 30 30 30 0D
1779567412516,74 34 35 31 38 30 30 30 30 30 30 30 30 30 30 30 30 30 30 30 30 0D
1779567412523,74 34 35 35 38 45 41 46 46 30 37 30 30 39 46 46 46 30 30 30 30 0D
1779567412536,74 34 35 31 38 30 30 30 30 30 30 30 30 30 30 30 30 30 30 30 30 0D
1779567412544,74 34 35 37 38 30 30 30 30 30 30 30 30 36 34 31 34 30 30 30 30 0D
1779567412553,74 34 35 39 38 46 30 41 34 42 45 31 36 35 30 31 41 30 33 42 37 0D
1779567412557,74 34 35 36 38 45 44 46 46 30 38 30 30 30 34 30 30 30 30 30 30 0D
1779567412570,74 34 35 31 38 30 30 30 30 30 30 30 30 30 30 30 30 30 30 30 30 0D
1779567412577,74 34 35 35 38 45 41 46 46 30 37 30 30 39 46 46 46 30 30 30 30 0D
1779567412591,74 34 35 30 38 30 30 30 30 30 37 30 30 30 30 30 30 45 34 30 35 0D
1779567412603,74 34 35 31 38 30 30 30 30 30 30 30 30 30 30 30 30 30 30 30 30 0D
1779567412611,74 34 35 31 38 30 30 30 30 30 30 30 30 30 30 30 30 30 30 30 30 0D
1779567412615,74 34 35 35 38 45 41 46 46 30 37 30 30 39 46 46 46 30 30 30 30 0D
1779567412637,74 34 35 31 38 30 30 30 30 30 30 30 30 30 30 30 30 30 30 30 30 0D
1779567412640,74 34 35 37 38 30 30 30 30 30 30 30 30 36 34 31 34 30 30 30 30 0D
1779567412647,74 34 35 39 38 46 30 41 34 42 45 31 36 35 31 31 41 30 33 42 37 0D
1779567412653,74 34 35 31 38 30 30 30 30 30 30 30 30 30 30 30 30 30 30 30 30 0D
1779567412658,74 34 35 35 38 45 41 46 46 30 37 30 30 39 46 46 46 30 30 30 30 0D
1779567412672,74 34 35 31 38 30 30 30 30 30 30 30 30 30 30 30 30 30 30 30 30 0D
1779567412678,74 34 35 35 38 45 41 46 46 30 37 30 30 39 46 46 46 30 30 30 30 0D
1779567412682,74 34 35 36 38 45 45 46 46 30 37 30 30 30 34 30 30 30 30 30 30 0D
1779567412690,74 34 35 30 38 30 30 30 30 30 37 30 30 30 30 30 30 45 34 30 35 0D
1779567412700,74 34 35 31 38 30 30 30 30 30 30 30 30 30 30 30 30 30 30 30 30 0D
1779567412713,74 34 35 31 38 30 30 30 30 30 30 30 30 30 30 30 30 30 30 30 30 0D
1779567412720,74 34 35 35 38 45 41 46 46 30 37 30 30 39 46 46 46 30 30 30 30 0D
1779567412735,74 34 35 31 38 30 30 30 30 30 30 30 30 30 30 30 30 30 30 30 30 0D
1779567412739,74 34 35 37 38 30 30 30 30 30 30 30 30 36 34 31 34 30 30 30 30 0D
1779567412743,74 34 35 39 38 46 30 41 34 42 45 31 36 35 32 31 41 30 33 42 37 0D
1779567412748,74 34 35 31 38 30 30 30 30 30 30 30 30 30 30 30 30 30 30 30 30 0D
1779567412756,74 34 35 35 38 45 41 46 46 30 37 30 30 39 46 46 46 30 30 30 30 0D
1779567412771,74 34 35 31 38 30 30 30 30 30 30 30 30 30 30 30 30 30 30 30 30 0D
1779567412778,74 34 35 35 38 45 41 46 46 30 37 30 30 39 46 46 46 30 30 30 30 0D
1779567412793,74 34 35 30 38 30 30 30 30 30 37 30 30 30 30 30 30 45 34 30 35 0D
1779567412799,74 34 35 31 38 30 30 30 30 30 30 30 30 30 30 30 30 30 30 30 30 0D
1779567412811,74 34 35 31 38 30 30 30 30 30 30 30 30 30 30 30 30 30 30 30 30 0D
1779567412817,74 34 35 35 38 45 41 46 46 30 37 30 30 39 46 46 46 30 30 30 30 0D
1779567412838,74 34 35 31 38 30 30 30 30 30 30 30 30 30 30 30 30 30 30 30 30 0D
1779567412843,74 34 35 37 38 30 30 30 30 30 30 30 30 36 34 31 34 30 30 30 30 0D
1779567412852,74 34 35 39 38 46 31 41 34 42 45 31 36 35 33 31 41 30 33 42 37 0D
1779567412856,74 34 35 36 38 45 45 46 46 30 37 30 30 30 34 30 30 30 30 30 30 0D
1779567412871,74 34 35 31 38 30 30 30 30 30 30 30 30 30 30 30 30 30 30 30 30 0D
1779567412879,74 34 35 35 38 45 41 46 46 30 37 30 30 39 46 46 46 30 30 30 30 0D
1779567412892,74 34 35 30 38 30 30 30 30 30 37 30 30 30 30 30 30 45 34 30 35 0D
1779567412900,74 34 35 31 38 30 30 30 30 30 30 30 30 30 30 30 30 30 30 30 30 0D
1779567412912,74 34 35 31 38 30 30 30 30 30 30 30 30 30 30 30 30 30 30 30 30 0D
1779567412917,74 34 35 35 38 45 41 46 46 30 37 30 30 39 46 46 46 30 30 30 30 0D
1779567412933,74 34 35 31 38 30 30 30 30 30 30 30 30 30 30 30 30 30 30 30 30 0D
1779567412942,74 34 35 35 38 45 41 46 46 30 37 30 30 39 46 46 46 30 30 30 30 0D
1779567412945,74 34 35 39 38 46 31 41 34 42 45 31 36 35 33 31 41 30 33 42 37 0D
1779567412952,74 34 35 31 38 30 30 30 30 30 30 30 30 30 30 30 30 30 30 30 30 0D
1779567412955,74 34 35 35 38 45 41 46 46 30 37 30 30 39 46 46 46 30 30 30 30 0D
1779567412975,74 34 35 31 38 30 30 30 30 30 30 30 30 30 30 30 30 30 30 30 30 0D
1779567412984,74 34 35 35 38 45 41 46 46 30 37 30 30 39 46 46 46 30 30 30 30 0D
1779567412992,74 34 35 30 38 30 30 30 30 30 37 30 30 30 30 30 30 45 34 30 35 0D
1779567413000,74 34 35 31 38 30 30 30 30 30 30 30 30 30 30 30 30 30 30 30 30 0D
1779567413015,74 34 35 31 38 30 30 30 30 30 30 30 30 30 30 30 30 30 30 30 30 0D
1779567413021,74 34 35 35 38 45 41 46 46 30 37 30 30 39 46 46 46 30 30 30 30 0D
1779567413040,74 34 35 31 38 30 30 30 30 30 30 30 30 30 30 30 30 30 30 30 30 0D
1779567413045,74 34 35 37 38 30 30 30 30 30 30 30 30 36 34 31 34 30 30 30 30 0D
1779567413050,74 34 35 31 38 30 30 30 30 30 30 30 30 30 30 30 30 30 30 30 30 0D
1779567413056,74 34 35 35 38 45 41 46 46 30 37 30 30 39 46 46 46 30 30 30 30 0D
1779567413075,74 34 35 31 38 30 30 30 30 30 30 30 30 30 30 30 30 30 30 30 30 0D
1779567413083,74 34 35 35 38 45 41 46 46 30 37 30 30 39 46 46 46 30 30 30 30 0D
1779567413093,74 34 35 30 38 30 30 30 30 30 37 30 30 30 30 30 30 45 34 30 35 0D
1779567413100,74 34 35 31 38 30 30 30 30 30 30 30 30 30 30 30 30 30 30 30 30 0D
1779567413114,74 34 35 31 38 30 30 30 30 30 30 30 30 30 30 30 30 30 30 30 30 0D
1779567413137,74 34 35 31 38 30 30 30 30 30 30 30 30 30 30 30 30 30 30 30 30 0D
1779567413145,74 34 35 37 38 30 30 30 30 30 30 30 30 36 34 31 34 30 30 30 30 0D
1779567413153,74 34 35 39 38 46 32 41 34 42 45 31 36 35 34 31 41 30 33 42 37 0D
1779567413179,74 34 35 31 38 30 30 30 30 30 30 30 30 30 30 30 30 30 30 30 30 0D
1779567413186,74 34 35 35 38 45 39 46 46 30 37 30 30 39 46 46 46 30 30 30 30 0D
1779567413193,74 34 35 30 38 30 30 30 30 30 37 30 30 30 30 30 30 45 34 30 35 0D
1779567413204,30 0D 74 34 35 35 38 45 39 46 46 30 37 30 30 39 46 46 46 30 30 30 30 0D 74 34 35 36 38 45 44 46 46 30 38 30 30 30 34 30 30 30 30 30 30 0D 74 34 35 37 38 30 30 30 30 30 30 30 30 36 34 31 34 30
1779567413216,74 34 35 31 38 30 30 30 30 30 30 30 30 30 30 30 30 30 30 30 30 0D
1779567413234,74 34 35 31 38 30 30 30 30 30 30 30 30 30 30 30 30 30 30 30 30 0D
1779567413244,74 34 35 35 38 45 39 46 46 30 37 30 30 39 46 46 46 30 30 30 30 0D
1779567413248,74 34 35 39 38 46 31 41 34 42 45 31 36 35 34 31 41 30 33 42 37 0D
1779567413254,74 34 35 31 38 30 30 30 30 30 30 30 30 30 30 30 30 30 30 30 30 0D
1779567413275,74 34 35 31 38 30 30 30 30 30 30 30 30 30 30 30 30 30 30 30 30 0D
1779567413284,74 34 35 35 38 45 39 46 46 30 37 30 30 39 46 46 46 30 30 30 30 0D
1779567413292,74 34 35 30 38 30 30 30 30 30 37 30 30 30 30 30 30 45 34 30 35 0D
1779567413301,74 34 35 31 38 30 30 30 30 30 30 30 30 30 30 30 30 30 30 30 30 0D
1779567413309,74 34 35 31 38 30 30 30 30 30 30 30 30 30 30 30 30 30 30 30 30 0D
1779567413316,74 34 35 35 38 45 39 46 46 30 37 30 30 39 46 46 46 30 30 30 30 0D
1779567413335,74 34 35 31 38 30 30 30 30 30 30 30 30 30 30 30 30 30 30 30 30 0D
1779567413338,74 34 35 37 38 30 30 30 30 30 30 30 30 36 34 31 34 30 30 30 30 0D
1779567413350,74 34 35 39 38 46 32 41 34 42 45 31 36 35 35 31 41 30 33 42 37 0D
1779567413354,74 34 35 31 38 30 30 30 30 30 30 30 30 30 30 30 30 30 30 30 30 0D
1779567413357,74 34 35 35 38 45 39 46 46 30 37 30 30 39 46 46 46 30 30 30 30 0D
1779567413371,74 34 35 31 38 30 30 30 30 30 30 30 30 30 30 30 30 30 30 30 30 0D
1779567413376,74 34 35 35 38 45 39 46 46 30 37 30 30 39 46 46 46 30 30 30 30 0D
1779567413391,74 34 35 30 38 30 30 30 30 30 37 30 30 30 30 30 30 45 34 30 35 0D
1779567413397,74 34 35 32 38 38 43 30 30 30 30 30 30 30 30 30 30 30 30 30 30 0D
1779567413415,74 34 35 31 38 30 30 30 30 30 30 30 30 30 30 30 30 30 30 30 30 0D
1779567413421,74 34 35 35 38 45 39 46 46 30 37 30 30 39 46 46 46 30 30 30 30 0D
1779567413431,74 34 35 31 38 30 30 30 30 30 30 30 30 30 30 30 30 30 30 30 30 0D
1779567413443,74 34 35 37 38 30 30 30 30 30 31 30 30 36 34 31 34 30 30 30 30 0D
1779567413456,74 34 35 31 38 30 30 30 30 30 30 30 30 30 30 30 30 30 30 30 30 0D
1779567413473,74 34 35 31 38 30 30 30 30 30 30 30 30 30 30 30 30 30 30 30 30 0D
1779567413477,74 34 35 35 38 45 39 46 46 30 37 30 30 39 46 46 46 30 30 30 30 0D
1779567413489,74 34 35 30 38 30 30 30 30 30 37 30 30 30 30 30 30 45 34 30 35 0D
1779567413502,74 34 35 31 38 30 30 30 30 30 30 30 30 30 30 30 30 30 30 30 30 0D
1779567413518,74 34 35 31 38 30 30 30 30 30 30 30 30 30 30 30 30 30 30 30 30 0D
1779567413532,74 34 35 31 38 30 30 30 30 30 30 30 30 30 30 30 30 30 30 30 30 0D
1779567413539,74 34 35 36 38 45 44 46 46 30 37 30 30 30 34 30 30 30 30 30 30 0D
1779567413541,74 34 35 37 38 30 30 30 30 30 30 30 30 36 34 31 34 30 30 30 30 0D
1779567413549,74 34 35 31 38 30 30 30 30 30 30 30 30 30 30 30 30 30 30 30 30 0D
1779567413557,74 34 35 35 38 45 41 46 46 30 36 30 30 39 46 46 46 30 30 30 30 0D
1779567413571,74 34 35 31 38 30 30 30 30 30 30 30 30 30 30 30 30 30 30 30 30 0D
1779567413573,74 34 35 35 38 45 41 46 46 30 36 30 30 39 46 46 46 30 30 30 30 0D
1779567413592,74 34 35 30 38 30 30 30 30 30 37 30 30 30 30 30 30 45 34 30 35 0D
1779567413600,74 34 35 31 38 30 30 30 30 30 30 30 30 30 30 30 30 30 30 30 30 0D
1779567413614,74 34 35 31 38 30 30 30 30 30 30 30 30 30 30 30 30 30 30 30 30 0D
1779567413623,74 34 35 35 38 45 41 46 46 30 36 30 30 39 46 46 46 30 30 30 30 0D
1779567413631,74 34 35 31 38 30 30 30 30 30 30 30 30 30 30 30 30 30 30 30 30 0D
1779567413636,74 34 35 36 38 45 44 46 46 30 37 30 30 30 34 30 30 30 30 30 30 0D
1779567413641,74 34 35 37 38 30 30 30 30 30 30 30 30 36 34 31 34 30 30 30 30 0D
1779567413650,74 34 35 31 38 30 30 30 30 30 30 30 30 30 30 30 30 30 30 30 30 0D
1779567413656,74 34 35 35 38 45 41 46 46 30 36 30 30 39 46 46 46 30 30 30 30 0D
1779567413673,74 34 35 31 38 30 30 30 30 30 30 30 30 30 30 30 30 30 30 30 30 0D
1779567413679,74 34 35 35 38 45 41 46 46 30 36 30 30 39 46 46 46 30 30 30 30 0D
1779567413693,74 34 35 30 38 30 30 30 30 30 37 30 30 30 30 30 30 45 34 30 35 0D
1779567413700,74 34 35 31 38 30 30 30 30 30 30 30 30 30 30 30 30 30 30 30 30 0D
1779567413716,74 34 35 31 38 30 30 30 30 30 30 30 30 30 30 30 30 30 30 30 30 0D
1779567413734,74 34 35 31 38 30 30 30 30 30 30 30 30 30 30 30 30 30 30 30 30 0D
1779567413739,74 34 35 35 38 45 41 46 46 30 36 30 30 39 45 46 46 30 30 30 30 0D
1779567413748,74 34 35 37 38 30 30 30 30 30 30 30 30 36 34 31 34 30 30 30 30 0D
1779567413764,74 34 35 31 38 30 30 30 30 30 30 30 30 30 30 30 30 30 30 30 30 0D
1779567413771,74 34 35 31 38 30 30 30 30 30 30 30 30 30 30 30 30 30 30 30 30 0D
1779567413781,74 34 35 35 38 45 41 46 46 30 36 30 30 39 45 46 46 30 30 30 30 0D
1779567413791,74 34 35 30 38 30 30 30 30 30 37 30 30 30 30 30 30 45 34 30 35 0D
1779567413797,74 34 35 31 38 30 30 30 30 30 30 30 30 30 30 30 30 30 30 30 30 0D
1779567413812,74 34 35 31 38 30 30 30 30 30 30 30 30 30 30 30 30 30 30 30 30 0D
1779567413833,74 34 35 31 38 30 30 30 30 30 30 30 30 30 30 30 30 30 30 30 30 0D
1779567413838,74 34 35 35 38 45 41 46 46 30 36 30 30 39 45 46 46 30 30 30 30 0D
1779567413845,74 34 35 37 38 30 30 30 30 30 30 30 30 36 34 31 34 30 30 30 30 0D
1779567413850,74 34 35 31 38 30 30 30 30 30 30 30 30 30 30 30 30 30 30 30 30 0D
1779567413853,74 34 35 35 38 45 41 46 46 30 36 30 30 39 45 46 46 30 30 30 30 0D
1779567413868,74 34 35 31 38 30 30 30 30 30 30 30 30 30 30 30 30 30 30 30 30 0D
1779567413872,74 34 35 35 38 45 41 46 46 30 36 30 30 39 45 46 46 30 30 30 30 0D
1779567413894,74 34 35 30 38 30 30 30 30 30 37 30 30 30 30 30 30 45 34 30 35 0D
1779567413899,74 34 35 32 38 38 43 30 30 30 30 30 30 30 30 30 30 30 30 30 30 0D 74 34 35 33 38 39 45 30 30 30 30 30 30 30 30 30 30 30 30 30 30 0D 74 34 35 34 38 30 31 30 30 30 30 30 30 30 30 30 30 30 30 30
1779567413913,74 34 35 31 38 30 30 30 30 30 30 30 30 30 30 30 30 30 30 30 30 0D
1779567413916,74 34 35 35 38 45 39 46 46 30 37 30 30 39 45 46 46 30 30 30 30 0D
1779567413934,74 34 35 31 38 30 30 30 30 30 30 30 30 30 30 30 30 30 30 30 30 0D
1779567413939,74 34 35 35 38 45 39 46 46 30 37 30 30 39 45 46 46 30 30 30 30 0D
1779567413945,74 34 35 37 38 30 30 30 30 30 30 30 30 36 34 31 34 30 30 30 30 0D
1779567413958,74 34 35 31 38 30 30 30 30 30 30 30 30 30 30 30 30 30 30 30 30 0D
1779567413974,74 34 35 31 38 30 30 30 30 30 30 30 30 30 30 30 30 30 30 30 30 0D
1779567413979,74 34 35 35 38 45 39 46 46 30 37 30 30 39 45 46 46 30 30 30 30 0D
1779567413993,74 34 35 30 38 30 30 30 30 30 37 30 30 30 30 30 30 45 34 30 35 0D
1779567414000,74 34 35 32 38 38 43 30 30 30 30 30 30 30 30 30 30 30 30 30 30 0D 74 34 35 33 38 39 45 30 30 30 30 30 30 30 30 30 30 30 30 30 30 0D
1779567414017,74 34 35 31 38 30 30 30 30 30 30 30 30 30 30 30 30 30 30 30 30 0D
1779567414024,74 34 35 35 38 45 39 46 46 30 37 30 30 39 45 46 46 30 30 30 30 0D
1779567414030,74 34 35 31 38 30 30 30 30 30 30 30 30 30 30 30 30 30 30 30 30 0D
1779567414038,74 34 35 35 38 45 39 46 46 30 37 30 30 39 45 46 46 30 30 30 30 0D
1779567414042,74 34 35 37 38 30 30 30 30 30 30 30 30 36 34 31 34 30 30 30 30 0D
1779567414047,74 34 35 39 38 46 32 41 34 42 45 31 36 35 36 31 41 30 33 42 37 0D
1779567414053,74 34 35 31 38 30 30 30 30 30 30 30 30 30 30 30 30 30 30 30 30 0D
1779567414058,74 34 35 35 38 45 39 46 46 30 37 30 30 39 45 46 46 30 30 30 30 0D
1779567414071,74 34 35 31 38 30 30 30 30 30 30 30 30 30 30 30 30 30 30 30 30 0D
1779567414080,74 34 35 35 38 45 39 46 46 30 37 30 30 39 45 46 46 30 30 30 30 0D
1779567414101,74 34 35 30 38 30 30 30 30 30 37 30 30 30 30 30 30 45 34 30 35 0D
1779567414106,30 0D 74 34 35 35 38 45 41 46 46 30 37 30 30 39 46 46 46 30 30 30 30 0D 74 34 35 36 38 45 44 46 46 30 37 30 30 30 35 30 30 30 30 30 30 0D 74 34 35 37 38 30 30 30 30 30 30 30 30 36 34 31 34 30
1779567414118,74 34 35 31 38 30 30 30 30 30 30 30 30 30 30 30 30 30 30 30 30 0D
1779567414131,74 34 35 31 38 30 30 30 30 30 30 30 30 30 30 30 30 30 30 30 30 0D
1779567414140,74 34 35 37 38 30 30 30 30 30 30 30 30 36 34 31 34 30 30 30 30 0D
1779567414154,74 34 35 31 38 30 30 30 30 30 30 30 30 30 30 30 30 30 30 30 30 0D
1779567414159,74 34 35 35 38 45 41 46 46 30 37 30 30 39 46 46 46 30 30 30 30 0D
1779567414170,74 34 35 31 38 30 30 30 30 30 30 30 30 30 30 30 30 30 30 30 30 0D
1779567414178,74 34 35 35 38 45 41 46 46 30 37 30 30 39 46 46 46 30 30 30 30 0D
1779567414198,74 34 35 30 38 30 30 30 30 30 37 30 30 30 30 30 30 45 34 30 35 0D
1779567414205,74 34 35 31 38 30 30 30 30 30 30 30 30 30 30 30 30 30 30 30 30 0D
1779567414210,74 34 35 31 38 30 30 30 30 30 30 30 30 30 30 30 30 30 30 30 30 0D
1779567414215,74 34 35 35 38 45 41 46 46 30 37 30 30 39 46 46 46 30 30 30 30 0D
1779567414232,74 34 35 31 38 30 30 30 30 30 30 30 30 30 30 30 30 30 30 30 30 0D
1779567414236,74 34 35 35 38 45 41 46 46 30 37 30 30 39 46 46 46 30 30 30 30 0D
1779567414240,74 34 35 37 38 30 30 30 30 30 30 30 30 36 34 31 34 30 31 30 30 0D
1779567414254,74 34 35 31 38 30 30 30 30 30 30 30 30 30 30 30 30 30 30 30 30 0D
1779567414262,74 34 35 35 38 45 41 46 46 30 37 30 30 39 46 46 46 30 30 30 30 0D
1779567414271,74 34 35 31 38 30 30 30 30 30 30 30 30 30 30 30 30 30 30 30 30 0D
1779567414277,74 34 35 35 38 45 41 46 46 30 37 30 30 39 46 46 46 30 30 30 30 0D
1779567414294,74 34 35 30 38 30 30 30 30 30 37 30 30 30 30 30 30 45 34 30 35 0D
1779567414301,74 34 35 31 38 30 30 30 30 30 30 30 30 30 30 30 30 30 30 30 30 0D
1779567414313,74 34 35 31 38 30 30 30 30 30 30 30 30 30 30 30 30 30 30 30 30 0D
1779567414330,74 34 35 31 38 30 30 30 30 30 30 30 30 30 30 30 30 30 30 30 30 0D
1779567414335,74 34 35 35 38 45 41 46 46 30 37 30 30 39 46 46 46 30 30 30 30 0D
1779567414345,74 34 35 37 38 30 30 30 30 30 31 30 30 36 34 31 34 30 30 30 30 0D
1779567414350,74 34 35 31 38 30 30 30 30 30 30 30 30 30 30 30 30 30 30 30 30 0D
1779567414355,74 34 35 35 38 45 41 46 46 30 37 30 30 39 46 46 46 30 30 30 30 0D
1779567414370,74 34 35 31 38 30 30 30 30 30 30 30 30 30 30 30 30 30 30 30 30 0D
1779567414376,74 34 35 35 38 45 41 46 46 30 37 30 30 39 46 46 46 30 30 30 30 0D
1779567414399,74 34 35 30 38 30 30 30 30 30 37 30 30 30 30 30 30 45 34 30 35 0D
1779567414409,30 0D 74 34 35 35 38 45 41 46 46 30 37 30 30 39 46 46 46 30 30 30 30 0D 74 34 35 36 38 45 44 46 46 30 38 30 30 30 33 30 30 30 30 30 30 0D 74 34 35 37 38 30 30 30 30 30 31 30 30 36 34 31 34 30
1779567414415,74 34 35 31 38 30 30 30 30 30 30 30 30 30 30 30 30 30 30 30 30 0D
1779567414431,74 34 35 31 38 30 30 30 30 30 30 30 30 30 30 30 30 30 30 30 30 0D
1779567414436,74 34 35 35 38 45 41 46 46 30 37 30 30 39 46 46 46 30 30 30 30 0D
1779567414440,74 34 35 37 38 30 30 30 30 30 30 30 30 36 34 31 34 30 30 30 30 0D
1779567414452,74 34 35 31 38 30 30 30 30 30 30 30 30 30 30 30 30 30 30 30 30 0D
1779567414458,74 34 35 35 38 45 41 46 46 30 37 30 30 39 46 46 46 30 30 30 30 0D
1779567414471,74 34 35 31 38 30 30 30 30 30 30 30 30 30 30 30 30 30 30 30 30 0D
1779567414480,74 34 35 35 38 45 41 46 46 30 37 30 30 39 46 46 46 30 30 30 30 0D
1779567414500,74 34 35 30 38 30 30 30 30 30 37 30 30 30 30 30 30 45 34 30 35 0D
1779567414513,74 34 35 31 38 30 30 30 30 30 30 30 30 30 30 30 30 30 30 30 30 0D
1779567414517,74 34 35 35 38 45 41 46 46 30 37 30 30 39 46 46 46 30 30 30 30 0D
1779567414533,74 34 35 31 38 30 30 30 30 30 30 30 30 30 30 30 30 30 30 30 30 0D
1779567414539,74 34 35 35 38 45 41 46 46 30 37 30 30 39 46 46 46 30 30 30 30 0D
1779567414547,74 34 35 37 38 30 30 30 30 30 30 30 30 36 34 31 34 30 30 30 30 0D
1779567414554,74 34 35 31 38 30 30 30 30 30 30 30 30 30 30 30 30 30 30 30 30 0D
1779567414559,74 34 35 35 38 45 41 46 46 30 37 30 30 39 46 46 46 30 30 30 30 0D
1779567414570,74 34 35 31 38 30 30 30 30 30 30 30 30 30 30 30 30 30 30 30 30 0D
1779567414576,74 34 35 35 38 45 41 46 46 30 37 30 30 39 46 46 46 30 30 30 30 0D
1779567414593,74 34 35 30 38 30 30 30 30 30 37 30 30 30 30 30 30 45 34 30 35 0D
1779567414613,74 34 35 31 38 30 30 30 30 30 30 30 30 30 30 30 30 30 30 30 30 0D
1779567414619,74 34 35 35 38 45 41 46 46 30 37 30 30 39 46 46 46 30 30 30 30 0D
1779567414637,74 34 35 31 38 30 30 30 30 30 30 30 30 30 30 30 30 30 30 30 30 0D
1779567414646,74 34 35 35 38 45 41 46 46 30 37 30 30 39 46 46 46 30 30 30 30 0D
1779567414654,74 34 35 31 38 30 30 30 30 30 30 30 30 30 30 30 30 30 30 30 30 0D
1779567414659,74 34 35 35 38 45 41 46 46 30 37 30 30 39 46 46 46 30 30 30 30 0D
1779567414671,74 34 35 31 38 30 30 30 30 30 30 30 30 30 30 30 30 30 30 30 30 0D
1779567414676,74 34 35 35 38 45 41 46 46 30 37 30 30 39 46 46 46 30 30 30 30 0D
1779567414691,74 34 35 30 38 30 30 30 30 30 37 30 30 30 30 30 30 45 34 30 35 0D
1779567414696,74 34 35 31 38 30 30 30 30 30 30 30 30 30 30 30 30 30 30 30 30 0D
1779567414712,74 34 35 32 38 38 43 30 30 30 30 30 30 30 30 30 30 32 37 30 30 0D 74 34 35 33 38 39 45 30 30 30 30 30 30 30 30 30 30 30 30 30 30 0D 74 34 35 34 38 30 31 30 30 30 30 30 30 30 30 30 30 30 30 30
1779567414716,74 34 35 35 38 45 39 46 46 30 37 30 30 39 46 46 46 30 30 30 30 0D
1779567414733,74 34 35 31 38 30 30 30 30 30 30 30 30 30 30 30 30 30 30 30 30 0D
1779567414740,74 34 35 35 38 45 39 46 46 30 37 30 30 39 46 46 46 30 30 30 30 0D
1779567414751,74 34 35 37 38 30 30 30 30 30 30 30 30 36 34 31 34 30 30 30 30 0D
1779567414755,74 34 35 35 38 45 39 46 46 30 37 30 30 39 46 46 46 30 30 30 30 0D
1779567414772,74 34 35 31 38 30 30 30 30 30 30 30 30 30 30 30 30 30 30 30 30 0D
1779567414777,74 34 35 35 38 45 39 46 46 30 37 30 30 39 46 46 46 30 30 30 30 0D
1779567414797,74 34 35 30 38 30 30 30 30 30 37 30 30 30 30 30 30 45 34 30 35 0D
1779567414812,74 34 35 31 38 30 30 30 30 30 30 30 30 30 30 30 30 30 30 30 30 0D
1779567414820,74 34 35 35 38 45 39 46 46 30 37 30 30 39 46 46 46 30 30 30 30 0D
1779567414834,74 34 35 31 38 30 30 30 30 30 30 30 30 30 30 30 30 30 30 30 30 0D
1779567414845,74 34 35 35 38 45 39 46 46 30 37 30 30 39 46 46 46 30 30 30 30 0D
1779567414852,74 34 35 37 38 30 30 30 30 30 30 30 30 36 34 31 34 30 30 30 30 0D
1779567414855,74 34 35 35 38 45 39 46 46 30 37 30 30 39 46 46 46 30 30 30 30 0D
1779567414876,74 34 35 31 38 30 30 30 30 30 30 30 30 30 30 30 30 30 30 30 30 0D
1779567414884,74 34 35 35 38 45 39 46 46 30 37 30 30 39 46 46 46 30 30 30 30 0D
1779567414893,74 34 35 30 38 30 30 30 30 30 37 30 30 30 30 30 30 45 34 30 35 0D
1779567414896,74 34 35 31 38 30 30 30 30 30 30 30 30 30 30 30 30 30 30 30 30 0D
1779567414902,30 30 30 0D 74 34 35 39 38 45 44 41 34 42 45 31 36 35 34 31 41 30 33 42 37 0D
1779567414911,74 34 35 31 38 30 30 30 30 30 30 30 30 30 30 30 30 30 30 30 30 0D
1779567414915,74 34 35 36 38 45 44 46 46 30 37 30 30 30 34 30 30 30 30 30 30 0D
1779567414927,74 34 35 31 38 30 30 30 30 30 30 30 30 30 30 30 30 30 30 30 30 0D
1779567414934,74 34 35 35 38 45 41 46 46 30 37 30 30 39 46 46 46 30 30 30 30 0D
1779567414944,74 34 35 37 38 30 30 30 30 30 31 30 30 36 34 31 34 30 30 30 30 0D
1779567414950,74 34 35 31 38 30 30 30 30 30 30 30 30 30 30 30 30 30 30 30 30 0D
1779567414954,74 34 35 35 38 45 41 46 46 30 37 30 30 39 46 46 46 30 30 30 30 0D
1779567414971,74 34 35 31 38 30 30 30 30 30 30 30 30 30 30 30 30 30 30 30 30 0D
1779567414976,74 34 35 35 38 45 41 46 46 30 37 30 30 39 46 46 46 30 30 30 30 0D
1779567414992,74 34 35 30 38 30 30 30 30 30 37 30 30 30 30 30 30 45 34 30 35 0D
1779567415002,74 34 35 31 38 30 30 30 30 30 30 30 30 30 30 30 30 30 30 30 30 0D
1779567415017,74 34 35 31 38 30 30 30 30 30 30 30 30 30 30 30 30 30 30 30 30 0D
1779567415034,74 34 35 31 38 30 30 30 30 30 30 30 30 30 30 30 30 30 30 30 30 0D
1779567415042,74 34 35 35 38 45 41 46 46 30 37 30 30 39 46 46 46 30 30 30 30 0D
1779567415047,74 34 35 31 38 30 30 30 30 30 30 30 30 30 30 30 30 30 30 30 30 0D
1779567415052,74 34 35 36 38 45 45 46 46 30 37 30 30 30 35 30 30 30 30 30 30 0D
1779567415070,74 34 35 31 38 30 30 30 30 30 30 30 30 30 30 30 30 30 30 30 30 0D
1779567415077,74 34 35 35 38 45 41 46 46 30 37 30 30 39 46 46 46 30 30 30 30 0D
1779567415091,74 34 35 30 38 30 30 30 30 30 37 30 30 30 30 30 30 45 34 30 35 0D
1779567415096,74 34 35 31 38 30 30 30 30 30 30 30 30 30 30 30 30 30 30 30 30 0D
1779567415111,74 34 35 31 38 30 30 30 30 30 30 30 30 30 30 30 30 30 30 30 30 0D
1779567415116,74 34 35 35 38 45 41 46 46 30 37 30 30 39 46 46 46 30 30 30 30 0D
1779567415130,74 34 35 31 38 30 30 30 30 30 30 30 30 30 30 30 30 30 30 30 30 0D
1779567415137,74 34 35 35 38 45 41 46 46 30 37 30 30 39 46 46 46 30 30 30 30 0D
1779567415141,74 34 35 37 38 30 30 30 30 30 31 30 30 36 34 31 34 30 30 30 30 0D
1779567415151,74 34 35 31 38 30 30 30 30 30 30 30 30 30 30 30 30 30 30 30 30 0D
1779567415158,74 34 35 35 38 45 41 46 46 30 37 30 30 39 46 46 46 30 30 30 30 0D
1779567415192,74 34 35 31 38 30 30 30 30 30 30 30 30 30 30 30 30 30 30 30 30 0D
1779567415200,74 34 35 30 38 30 30 30 30 30 37 30 30 30 30 30 30 45 34 30 35 0D
1779567415216,74 34 35 31 38 30 30 30 30 30 30 30 30 30 30 30 30 30 30 30 30 0D
1779567415220,74 34 35 35 38 45 41 46 46 30 37 30 30 39 46 46 46 30 30 30 30 0D
1779567415232,74 34 35 31 38 30 30 30 30 30 30 30 30 30 30 30 30 30 30 30 30 0D
1779567415235,74 34 35 35 38 45 41 46 46 30 37 30 30 39 46 46 46 30 30 30 30 0D
1779567415249,74 34 35 37 38 30 30 30 30 30 31 30 30 36 34 31 34 30 30 30 30 0D
1779567415250,74 34 35 31 38 30 30 30 30 30 30 30 30 30 30 30 30 30 30 30 30 0D
1779567415276,74 34 35 31 38 30 30 30 30 30 30 30 30 30 30 30 30 30 30 30 30 0D
1779567415281,74 34 35 35 38 45 41 46 46 30 37 30 30 39 46 46 46 30 30 30 30 0D
1779567415291,74 34 35 30 38 30 30 30 30 30 37 30 30 30 30 30 30 45 34 30 35 0D
1779567415300,74 34 35 31 38 30 30 30 30 30 30 30 30 30 30 30 30 30 30 30 30 0D
1779567415310,74 34 35 31 38 30 30 30 30 30 30 30 30 30 30 30 30 30 30 30 30 0D
1779567415317,74 34 35 35 38 45 41 46 46 30 37 30 30 39 46 46 46 30 30 30 30 0D
1779567415333,74 34 35 31 38 30 30 30 30 30 30 30 30 30 30 30 30 30 30 30 30 0D
1779567415341,74 34 35 35 38 45 41 46 46 30 37 30 30 39 46 46 46 30 30 30 30 0D
1779567415349,74 34 35 39 38 45 38 41 34 42 45 31 36 35 36 31 41 30 33 42 37 0D
1779567415354,74 34 35 31 38 30 30 30 30 30 30 30 30 30 30 30 30 30 30 30 30 0D
1779567415379,74 34 35 31 38 30 30 30 30 30 30 30 30 30 30 30 30 30 30 30 30 0D
1779567415393,74 34 35 30 38 30 30 30 30 30 37 30 30 30 30 30 30 45 34 30 35 0D
1779567415397,74 34 35 31 38 30 30 30 30 30 30 30 30 30 30 30 30 30 30 30 30 0D
1779567415410,74 34 35 31 38 30 30 30 30 30 30 30 30 30 30 30 30 30 30 30 30 0D
1779567415416,74 34 35 35 38 45 41 46 46 30 37 30 30 39 46 46 46 30 30 30 30 0D
1779567415432,74 34 35 31 38 30 30 30 30 30 30 30 30 30 30 30 30 30 30 30 30 0D
1779567415440,74 34 35 35 38 45 41 46 46 30 37 30 30 39 46 46 46 30 30 30 30 0D
1779567415445,74 34 35 37 38 30 30 30 30 30 31 30 30 36 34 31 34 30 30 30 30 0D
1779567415457,74 34 35 31 38 30 30 30 30 30 30 30 30 30 30 30 30 30 30 30 30 0D
1779567415476,74 34 35 31 38 30 30 30 30 30 30 30 30 30 30 30 30 30 30 30 30 0D
1779567415483,74 34 35 36 38 45 44 46 46 30 37 30 30 30 34 30 30 30 30 30 30 0D
1779567415495,74 34 35 30 38 30 30 30 30 30 37 30 30 30 30 30 30 45 34 30 35 0D
1779567415498,74 34 35 31 38 30 30 30 30 30 30 30 30 30 30 30 30 30 30 30 30 0D
1779567415515,74 34 35 31 38 30 30 30 30 30 30 30 30 30 30 30 30 30 30 30 30 0D
1779567415525,74 34 35 35 38 45 42 46 46 30 37 30 30 39 45 46 46 30 30 30 30 0D
1779567415530,74 34 35 31 38 30 30 30 30 30 30 30 30 30 30 30 30 30 30 30 30 0D
1779567415534,74 34 35 35 38 45 42 46 46 30 37 30 30 39 45 46 46 30 30 30 30 0D
1779567415545,74 34 35 37 38 30 30 30 30 30 32 30 30 36 34 31 34 30 30 30 30 0D
1779567415561,74 34 35 31 38 30 30 30 30 30 30 30 30 30 30 30 30 30 30 30 30 0D
1779567415575,74 34 35 31 38 30 30 30 30 30 30 30 30 30 30 30 30 30 30 30 30 0D
1779567415593,74 34 35 30 38 30 30 30 30 30 37 30 30 30 30 30 30 45 34 30 35 0D
1779567415595,74 34 35 31 38 30 30 30 30 30 30 30 30 30 30 30 30 30 30 30 30 0D
1779567415615,74 34 35 31 38 30 30 30 30 30 30 30 30 30 30 30 30 30 30 30 30 0D
1779567415632,74 34 35 31 38 30 30 30 30 30 30 30 30 30 30 30 30 30 30 30 30 0D
1779567415649,74 34 35 35 38 45 42 46 46 30 37 30 30 39 45 46 46 30 30 30 30 0D
1779567415655,74 34 35 31 38 30 30 30 30 30 30 30 30 30 30 30 30 30 30 30 30 0D
1779567415663,74 34 35 35 38 45 42 46 46 30 37 30 30 39 45 46 46 30 30 30 30 0D
1779567415674,74 34 35 31 38 30 30 30 30 30 30 30 30 30 30 30 30 30 30 30 30 0D
1779567415689,74 34 35 35 38 45 42 46 46 30 37 30 30 39 45 46 46 30 30 30 30 0D
1779567415693,74 34 35 30 38 30 30 30 30 30 37 30 30 30 30 30 30 45 34 30 35 0D
1779567415701,74 34 35 31 38 30 30 30 30 30 30 30 30 30 30 30 30 30 30 30 30 0D
1779567415720,74 34 35 31 38 30 30 30 30 30 30 30 30 30 30 30 30 30 30 30 30 0D
1779567415727,74 34 35 35 38 45 41 46 46 30 37 30 30 39 46 46 46 30 30 30 30 0D
1779567415736,74 34 35 31 38 30 30 30 30 30 30 30 30 30 30 30 30 30 30 30 30 0D
1779567415751,74 34 35 35 38 45 41 46 46 30 37 30 30 39 46 46 46 30 30 30 30 0D
1779567415757,74 34 35 31 38 30 30 30 30 30 30 30 30 30 30 30 30 30 30 30 30 0D
1779567415773,74 34 35 31 38 30 30 30 30 30 30 30 30 30 30 30 30 30 30 30 30 0D
1779567415781,74 34 35 35 38 45 41 46 46 30 37 30 30 39 46 46 46 30 30 30 30 0D
1779567415792,74 34 35 30 38 30 30 30 30 30 37 30 30 30 30 30 30 45 34 30 35 0D
1779567415806,74 34 35 31 38 30 30 30 30 30 30 30 30 30 30 30 30 30 30 30 30 0D
1779567415811,74 34 35 31 38 30 30 30 30 30 30 30 30 30 30 30 30 30 30 30 30 0D
1779567415816,74 34 35 36 38 45 45 46 46 30 37 30 30 30 33 30 30 30 30 30 30 0D
1779567415830,74 34 35 31 38 30 30 30 30 30 30 30 30 30 30 30 30 30 30 30 30 0D
1779567415852,74 34 35 35 38 45 41 46 46 30 37 30 30 39 46 46 46 30 30 30 30 0D
1779567415862,74 34 35 31 38 30 30 30 30 30 30 30 30 30 30 30 30 30 30 30 30 0D
1779567415875,74 34 35 31 38 30 30 30 30 30 30 30 30 30 30 30 30 30 30 30 30 0D
1779567415887,74 34 35 35 38 45 41 46 46 30 37 30 30 39 46 46 46 30 30 30 30 0D
1779567415892,74 34 35 30 38 30 30 30 30 30 37 30 30 30 30 30 30 45 34 30 35 0D
1779567415910,74 34 35 31 38 30 30 30 30 30 30 30 30 30 30 30 30 30 30 30 30 0D
1779567415914,74 34 35 31 38 30 30 30 30 30 30 30 30 30 30 30 30 30 30 30 30 0D
1779567415917,74 34 35 35 38 45 39 46 46 30 37 30 30 39 46 46 46 30 30 30 30 0D
1779567415931,74 34 35 31 38 30 30 30 30 30 30 30 30 30 30 30 30 30 30 30 30 0D
1779567415951,74 34 35 35 38 45 39 46 46 30 37 30 30 39 46 46 46 30 30 30 30 0D
1779567415963,74 34 35 31 38 30 30 30 30 30 30 30 30 30 30 30 30 30 30 30 30 0D
1779567415971,74 34 35 31 38 30 30 30 30 30 30 30 30 30 30 30 30 30 30 30 30 0D
1779567415982,74 34 35 35 38 45 39 46 46 30 37 30 30 39 46 46 46 30 30 30 30 0D
1779567415999,74 34 35 30 38 30 30 30 30 30 37 30 30 30 30 30 30 45 34 30 35 0D
1779567416012,74 34 35 31 38 30 30 30 30 30 30 30 30 30 30 30 30 30 30 30 30 0D
1779567416015,74 34 35 31 38 30 30 30 30 30 30 30 30 30 30 30 30 30 30 30 30 0D
1779567416029,74 34 35 31 38 30 30 30 30 30 30 30 30 30 30 30 30 30 30 30 30 0D
1779567416054,74 34 35 35 38 45 39 46 46 30 37 30 30 39 46 46 46 30 30 30 30 0D
1779567416058,74 34 35 31 38 30 30 30 30 30 30 30 30 30 30 30 30 30 30 30 30 0D
1779567416073,74 34 35 31 38 30 30 30 30 30 30 30 30 30 30 30 30 30 30 30 30 0D
1779567416085,74 34 35 35 38 45 39 46 46 30 37 30 30 39 46 46 46 30 30 30 30 0D
1779567416096,74 34 35 30 38 30 30 30 30 30 37 30 30 30 30 30 30 45 34 30 35 0D
1779567416113,74 34 35 31 38 30 30 30 30 30 30 30 30 30 30 30 30 30 30 30 30 0D
1779567416120,74 34 35 31 38 30 30 30 30 30 30 30 30 30 30 30 30 30 30 30 30 0D
1779567416136,74 34 35 31 38 30 30 30 30 30 30 30 30 30 30 30 30 30 30 30 30 0D
1779567416141,74 34 35 37 38 30 30 30 30 30 31 30 30 36 34 31 34 30 30 30 30 0D
1779567416159,74 34 35 39 38 45 30 41 34 42 45 31 36 35 46 31 41 30 33 42 37 0D
1779567416172,74 34 35 31 38 30 30 30 30 30 30 30 30 30 30 30 30 30 30 30 30 0D
1779567416183,74 34 35 35 38 45 41 46 46 30 37 30 30 39 46 46 46 30 30 30 30 0D
1779567416194,74 34 35 30 38 30 30 30 30 30 37 30 30 30 30 30 30 45 34 30 35 0D
1779567416205,74 34 35 31 38 30 30 30 30 30 30 30 30 30 30 30 30 30 30 30 30 0D
1779567416210,74 34 35 31 38 30 30 30 30 30 30 30 30 30 30 30 30 30 30 30 30 0D
1779567416224,74 34 35 35 38 45 41 46 46 30 37 30 30 39 46 46 46 30 30 30 30 0D
1779567416230,74 34 35 31 38 30 30 30 30 30 30 30 30 30 30 30 30 30 30 30 30 0D
1779567416240,74 34 35 35 38 45 41 46 46 30 37 30 30 39 46 46 46 30 30 30 30 0D
1779567416245,74 34 35 37 38 30 30 30 30 30 30 30 30 36 34 31 34 30 30 30 30 0D
1779567421276,74 34 35 31 38 30 30 30 30 30 30 30 30 30 30 30 30 30 30 30 30 0D
1779567421284,74 34 35 31 38 30 30 30 30 30 30 30 30 30 30 30 30 30 30 30 30 0D
1779567421297,74 34 35 35 38 45 41 46 46 30 37 30 30 39 46 46 46 30 30 30 30 0D
1779567421311,74 34 35 37 38 30 30 30 30 30 30 30 30 36 34 31 34 30 30 30 30 0D
1779567421323,74 34 35 31 38 30 30 30 30 30 30 30 30 30 30 30 30 30 30 30 30 0D
1779567421329,74 34 35 35 38 45 41 46 46 30 37 30 30 39 46 46 46 30 30 30 30 0D
1779567421346,74 34 35 30 38 30 30 30 30 30 37 30 30 30 30 30 30 45 34 30 35 0D
1779567421354,74 34 35 31 38 30 30 30 30 30 30 30 30 30 30 30 30 30 30 30 30 0D
1779567421362,74 34 35 31 38 30 30 30 30 30 30 30 30 30 30 30 30 30 30 30 30 0D
1779567421369,74 34 35 35 38 45 41 46 46 30 37 30 30 39 46 46 46 30 30 30 30 0D
1779567421385,74 34 35 31 38 30 30 30 30 30 30 30 30 30 30 30 30 30 30 30 30 0D
1779567421392,74 34 35 37 38 30 30 30 30 30 30 30 30 36 34 31 34 30 30 30 30 0D
1779567421398,74 34 35 39 38 46 30 41 34 42 45 31 36 34 46 31 41 30 33 42 37 0D
1779567421403,74 34 35 31 38 30 30 30 30 30 30 30 30 30 30 30 30 30 30 30 30 0D
1779567421409,74 34 35 36 38 45 44 46 46 30 38 30 30 30 34 30 30 30 30 30 30 0D
1779567421427,74 34 35 31 38 30 30 30 30 30 30 30 30 30 30 30 30 30 30 30 30 0D
1779567421432,74 34 35 35 38 45 41 46 46 30 37 30 30 39 46 46 46 30 30 30 30 0D
1779567421439,74 34 35 30 38 30 30 30 30 30 37 30 30 30 30 30 30 45 34 30 35 0D
1779567421445,74 34 35 31 38 30 30 30 30 30 30 30 30 30 30 30 30 30 30 30 30 0D
1779567421463,74 34 35 31 38 30 30 30 30 30 30 30 30 30 30 30 30 30 30 30 30 0D
1779567421470,74 34 35 35 38 45 41 46 46 30 37 30 30 39 46 46 46 30 30 30 30 0D
1779567421480,74 34 35 31 38 30 30 30 30 30 30 30 30 30 30 30 30 30 30 30 30 0D
1779567421489,74 34 35 37 38 30 30 30 30 30 30 30 30 36 34 31 34 30 30 30 30 0D
1779567421493,74 34 35 39 38 46 30 41 34 42 45 31 36 35 30 31 41 30 33 42 37 0D
1779567421504,74 34 35 31 38 30 30 30 30 30 30 30 30 30 30 30 30 30 30 30 30 0D
1779567421509,74 34 35 36 38 45 44 46 46 30 38 30 30 30 34 30 30 30 30 30 30 0D
1779567421521,74 34 35 31 38 30 30 30 30 30 30 30 30 30 30 30 30 30 30 30 30 0D
1779567421527,74 34 35 35 38 45 41 46 46 30 37 30 30 39 46 46 46 30 30 30 30 0D
1779567421539,74 34 35 30 38 30 30 30 30 30 37 30 30 30 30 30 30 45 34 30 35 0D
1779567421552,74 34 35 31 38 30 30 30 30 30 30 30 30 30 30 30 30 30 30 30 30 0D
1779567421565,74 34 35 31 38 30 30 30 30 30 30 30 30 30 30 30 30 30 30 30 30 0D
1779567421586,74 34 35 31 38 30 30 30 30 30 30 30 30 30 30 30 30 30 30 30 30 0D
1779567421591,74 34 35 37 38 30 30 30 30 30 30 30 30 36 34 31 34 30 30 30 30 0D
1779567421597,74 34 35 39 38 46 30 41 34 42 45 31 36 35 31 31 41 30 33 42 37 0D
1779567421599,74 34 35 31 38 30 30 30 30 30 30 30 30 30 30 30 30 30 30 30 30 0D
1779567421605,74 34 35 35 38 45 41 46 46 30 37 30 30 39 46 46 46 30 30 30 30 0D
1779567421640,74 34 35 31 38 30 30 30 30 30 30 30 30 30 30 30 30 30 30 30 30 0D
1779567421651,74 34 35 35 38 45 41 46 46 30 37 30 30 39 46 46 46 30 30 30 30 0D
1779567421661,74 34 35 31 38 30 30 30 30 30 30 30 30 30 30 30 30 30 30 30 30 0D
1779567421667,74 34 35 35 38 45 41 46 46 30 37 30 30 39 46 46 46 30 30 30 30 0D
1779567421684,74 34 35 31 38 30 30 30 30 30 30 30 30 30 30 30 30 30 30 30 30 0D
1779567421688,74 34 35 37 38 30 30 30 30 30 30 30 30 36 34 31 34 30 30 30 30 0D
1779567421693,74 34 35 39 38 46 30 41 34 42 45 31 36 35 32 31 41 30 33 42 37 0D
1779567421701,74 34 35 31 38 30 30 30 30 30 30 30 30 30 30 30 30 30 30 30 30 0D
1779567421705,74 34 35 35 38 45 41 46 46 30 37 30 30 39 46 46 46 30 30 30 30 0D
1779567421727,74 34 35 31 38 30 30 30 30 30 30 30 30 30 30 30 30 30 30 30 30 0D
1779567421730,74 34 35 35 38 45 41 46 46 30 37 30 30 39 46 46 46 30 30 30 30 0D
1779567421747,74 34 35 30 38 30 30 30 30 30 37 30 30 30 30 30 30 45 34 30 35 0D
1779567421756,74 34 35 31 38 30 30 30 30 30 30 30 30 30 30 30 30 30 30 30 30 0D
1779567421762,74 34 35 31 38 30 30 30 30 30 30 30 30 30 30 30 30 30 30 30 30 0D
1779567421766,74 34 35 35 38 45 41 46 46 30 37 30 30 39 46 46 46 30 30 30 30 0D
1779567421789,74 34 35 31 38 30 30 30 30 30 30 30 30 30 30 30 30 30 30 30 30 0D
1779567421797,74 34 35 37 38 30 30 30 30 30 30 30 30 36 34 31 34 30 30 30 30 0D
1779567421802,74 34 35 31 38 30 30 30 30 30 30 30 30 30 30 30 30 30 30 30 30 0D
1779567421806,74 34 35 36 38 45 45 46 46 30 37 30 30 30 34 30 30 30 30 30 30 0D
1779567421819,74 34 35 31 38 30 30 30 30 30 30 30 30 30 30 30 30 30 30 30 30 0D
1779567421825,74 34 35 35 38 45 41 46 46 30 37 30 30 39 46 46 46 30 30 30 30 0D
1779567421842,74 34 35 30 38 30 30 30 30 30 37 30 30 30 30 30 30 45 34 30 35 0D
1779567421852,74 34 35 31 38 30 30 30 30 30 30 30 30 30 30 30 30 30 30 30 30 0D
1779567421859,74 34 35 31 38 30 30 30 30 30 30 30 30 30 30 30 30 30 30 30 30 0D
1779567421864,74 34 35 35 38 45 41 46 46 30 37 30 30 39 46 46 46 30 30 30 30 0D
1779567421881,74 34 35 31 38 30 30 30 30 30 30 30 30 30 30 30 30 30 30 30 30 0D
1779567421889,74 34 35 35 38 45 41 46 46 30 37 30 30 39 46 46 46 30 30 30 30 0D
1779567421891,74 34 35 37 38 30 30 30 30 30 30 30 30 36 34 31 34 30 30 30 30 0D
1779567421897,74 34 35 39 38 46 31 41 34 42 45 31 36 35 33 31 41 30 33 42 37 0D
1779567421903,74 34 35 31 38 30 30 30 30 30 30 30 30 30 30 30 30 30 30 30 30 0D
1779567421906,74 34 35 35 38 45 41 46 46 30 37 30 30 39 46 46 46 30 30 30 30 0D
1779567421925,74 34 35 31 38 30 30 30 30 30 30 30 30 30 30 30 30 30 30 30 30 0D
1779567421932,74 34 35 35 38 45 41 46 46 30 37 30 30 39 46 46 46 30 30 30 30 0D
1779567421942,74 34 35 30 38 30 30 30 30 30 37 30 30 30 30 30 30 45 34 30 35 0D
1779567421949,74 34 35 31 38 30 30 30 30 30 30 30 30 30 30 30 30 30 30 30 30 0D
1779567421960,74 34 35 31 38 30 30 30 30 30 30 30 30 30 30 30 30 30 30 30 30 0D
1779567421969,74 34 35 35 38 45 41 46 46 30 37 30 30 39 46 46 46 30 30 30 30 0D
1779567421985,74 34 35 31 38 30 30 30 30 30 30 30 30 30 30 30 30 30 30 30 30 0D
1779567421992,74 34 35 37 38 30 30 30 30 30 30 30 30 36 34 31 34 30 30 30 30 0D
1779567421997,74 34 35 39 38 46 31 41 34 42 45 31 36 35 35 31 41 30 33 42 37 0D
1779567422004,74 34 35 31 38 30 30 30 30 30 30 30 30 30 30 30 30 30 30 30 30 0D
1779567422009,74 34 35 35 38 45 41 46 46 30 37 30 30 39 46 46 46 30 30 30 30 0D
1779567422021,74 34 35 31 38 30 30 30 30 30 30 30 30 30 30 30 30 30 30 30 30 0D
1779567422025,74 34 35 35 38 45 41 46 46 30 37 30 30 39 46 46 46 30 30 30 30 0D
1779567422039,74 34 35 30 38 30 30 30 30 30 37 30 30 30 30 30 30 45 34 30 35 0D
1779567422048,74 34 35 31 38 30 30 30 30 30 30 30 30 30 30 30 30 30 30 30 30 0D
1779567422059,74 34 35 31 38 30 30 30 30 30 30 30 30 30 30 30 30 30 30 30 30 0D
1779567422069,74 34 35 35 38 45 39 46 46 30 37 30 30 39 46 46 46 30 30 30 30 0D
1779567422083,74 34 35 31 38 30 30 30 30 30 30 30 30 30 30 30 30 30 30 30 30 0D
1779567422090,74 34 35 36 38 45 44 46 46 30 38 30 30 30 34 30 30 30 30 30 30 0D
1779567422094,74 34 35 37 38 30 30 30 30 30 30 30 30 36 34 31 34 30 30 30 30 0D
1779567422098,74 34 35 39 38 46 32 41 34 42 45 31 36 35 34 31 41 30 33 42 37 0D
1779567422103,74 34 35 31 38 30 30 30 30 30 30 30 30 30 30 30 30 30 30 30 30 0D
1779567422130,74 34 35 31 38 30 30 30 30 30 30 30 30 30 30 30 30 30 30 30 30 0D
1779567422134,74 34 35 35 38 45 39 46 46 30 37 30 30 39 46 46 46 30 30 30 30 0D
1779567422144,74 34 35 30 38 30 30 30 30 30 37 30 30 30 30 30 30 45 34 30 35 0D
1779567422156,30 0D 74 34 35 35 38 45 39 46 46 30 37 30 30 39 46 46 46 30 30 30 30 0D 74 34 35 36 38 45 44 46 46 30 38 30 30 30 34 30 30 30 30 30 30 0D 74 34 35 37 38 30 30 30 30 30 30 30 30 36 34 31 34 30
1779567422160,74 34 35 31 38 30 30 30 30 30 30 30 30 30 30 30 30 30 30 30 30 0D
1779567422189,74 34 35 31 38 30 30 30 30 30 30 30 30 30 30 30 30 30 30 30 30 0D
1779567422197,74 34 35 35 38 45 39 46 46 30 37 30 30 39 46 46 46 30 30 30 30 0D
1779567422200,74 34 35 31 38 30 30 30 30 30 30 30 30 30 30 30 30 30 30 30 30 0D
1779567422222,74 34 35 31 38 30 30 30 30 30 30 30 30 30 30 30 30 30 30 30 30 0D
1779567422225,74 34 35 35 38 45 39 46 46 30 37 30 30 39 46 46 46 30 30 30 30 0D
1779567422243,74 34 35 30 38 30 30 30 30 30 37 30 30 30 30 30 30 45 34 30 35 0D
1779567422256,74 34 35 31 38 30 30 30 30 30 30 30 30 30 30 30 30 30 30 30 30 0D
1779567422264,74 34 35 31 38 30 30 30 30 30 30 30 30 30 30 30 30 30 30 30 30 0D
1779567422271,74 34 35 35 38 45 39 46 46 30 37 30 30 39 46 46 46 30 30 30 30 0D
1779567422286,74 34 35 31 38 30 30 30 30 30 30 30 30 30 30 30 30 30 30 30 30 0D
1779567422294,74 34 35 37 38 30 30 30 30 30 30 30 30 36 34 31 34 30 30 30 30 0D
1779567422298,74 34 35 39 38 46 32 41 34 42 45 31 36 35 35 31 41 30 33 42 37 0D
1779567422302,74 34 35 31 38 30 30 30 30 30 30 30 30 30 30 30 30 30 30 30 30 0D
1779567422308,74 34 35 35 38 45 39 46 46 30 37 30 30 39 46 46 46 30 30 30 30 0D
1779567422321,74 34 35 31 38 30 30 30 30 30 30 30 30 30 30 30 30 30 30 30 30 0D
1779567422327,74 34 35 35 38 45 39 46 46 30 37 30 30 39 46 46 46 30 30 30 30 0D
1779567422343,74 34 35 30 38 30 30 30 30 30 37 30 30 30 30 30 30 45 34 30 35 0D
1779567422349,74 34 35 32 38 38 43 30 30 30 30 30 30 30 30 30 30 30 30 30 30 0D
1779567422363,74 34 35 31 38 30 30 30 30 30 30 30 30 30 30 30 30 30 30 30 30 0D
1779567422370,74 34 35 35 38 45 39 46 46 30 37 30 30 39 46 46 46 30 30 30 30 0D
1779567422383,74 34 35 31 38 30 30 30 30 30 30 30 30 30 30 30 30 30 30 30 30 0D
1779567422391,74 34 35 35 38 45 39 46 46 30 37 30 30 39 46 46 46 30 30 30 30 0D
1779567422399,74 34 35 37 38 30 30 30 30 30 31 30 30 36 34 31 34 30 30 30 30 0D
1779567422404,74 34 35 31 38 30 30 30 30 30 30 30 30 30 30 30 30 30 30 30 30 0D
1779567422408,74 34 35 35 38 45 39 46 46 30 37 30 30 39 46 46 46 30 30 30 30 0D
1779567422422,74 34 35 31 38 30 30 30 30 30 30 30 30 30 30 30 30 30 30 30 30 0D
1779567422428,74 34 35 35 38 45 39 46 46 30 37 30 30 39 46 46 46 30 30 30 30 0D
1779567422448,74 34 35 30 38 30 30 30 30 30 37 30 30 30 30 30 30 45 34 30 35 0D
1779567422454,74 34 35 31 38 30 30 30 30 30 30 30 30 30 30 30 30 30 30 30 30 0D
1779567422469,74 34 35 31 38 30 30 30 30 30 30 30 30 30 30 30 30 30 30 30 30 0D
1779567422486,74 34 35 31 38 30 30 30 30 30 30 30 30 30 30 30 30 30 30 30 30 0D
1779567422495,74 34 35 36 38 45 44 46 46 30 37 30 30 30 34 30 30 30 30 30 30 0D
1779567422501,74 34 35 31 38 30 30 30 30 30 30 30 30 30 30 30 30 30 30 30 30 0D
1779567422507,74 34 35 35 38 45 41 46 46 30 36 30 30 39 46 46 46 30 30 30 30 0D
1779567422522,74 34 35 31 38 30 30 30 30 30 30 30 30 30 30 30 30 30 30 30 30 0D
1779567422528,74 34 35 35 38 45 41 46 46 30 36 30 30 39 46 46 46 30 30 30 30 0D
1779567422543,74 34 35 30 38 30 30 30 30 30 37 30 30 30 30 30 30 45 34 30 35 0D
1779567422550,74 34 35 31 38 30 30 30 30 30 30 30 30 30 30 30 30 30 30 30 30 0D
1779567422566,74 34 35 31 38 30 30 30 30 30 30 30 30 30 30 30 30 30 30 30 30 0D
1779567422571,74 34 35 35 38 45 41 46 46 30 36 30 30 39 46 46 46 30 30 30 30 0D
1779567422585,74 34 35 31 38 30 30 30 30 30 30 30 30 30 30 30 30 30 30 30 30 0D
1779567422593,74 34 35 36 38 45 44 46 46 30 37 30 30 30 34 30 30 30 30 30 30 0D
1779567422598,74 34 35 31 38 30 30 30 30 30 30 30 30 30 30 30 30 30 30 30 30 0D
1779567422605,74 34 35 35 38 45 41 46 46 30 36 30 30 39 46 46 46 30 30 30 30 0D
1779567422619,74 34 35 31 38 30 30 30 30 30 30 30 30 30 30 30 30 30 30 30 30 0D
1779567422632,74 34 35 35 38 45 41 46 46 30 36 30 30 39 46 46 46 30 30 30 30 0D
1779567422641,74 34 35 30 38 30 30 30 30 30 37 30 30 30 30 30 30 45 34 30 35 0D
1779567422647,74 34 35 31 38 30 30 30 30 30 30 30 30 30 30 30 30 30 30 30 30 0D
1779567422665,74 34 35 31 38 30 30 30 30 30 30 30 30 30 30 30 30 30 30 30 30 0D
1779567422685,74 34 35 31 38 30 30 30 30 30 30 30 30 30 30 30 30 30 30 30 30 0D
1779567422693,74 34 35 35 38 45 41 46 46 30 36 30 30 39 45 46 46 30 30 30 30 0D
1779567422716,74 34 35 31 38 30 30 30 30 30 30 30 30 30 30 30 30 30 30 30 30 0D
1779567422720,74 34 35 31 38 30 30 30 30 30 30 30 30 30 30 30 30 30 30 30 30 0D
1779567422730,74 34 35 35 38 45 41 46 46 30 36 30 30 39 45 46 46 30 30 30 30 0D
1779567422740,74 34 35 30 38 30 30 30 30 30 37 30 30 30 30 30 30 45 34 30 35 0D
1779567422745,74 34 35 31 38 30 30 30 30 30 30 30 30 30 30 30 30 30 30 30 30 0D
1779567422762,74 34 35 31 38 30 30 30 30 30 30 30 30 30 30 30 30 30 30 30 30 0D
1779567422782,74 34 35 31 38 30 30 30 30 30 30 30 30 30 30 30 30 30 30 30 30 0D
1779567422786,74 34 35 35 38 45 41 46 46 30 36 30 30 39 45 46 46 30 30 30 30 0D
1779567422796,74 34 35 37 38 30 30 30 30 30 30 30 30 36 34 31 34 30 30 30 30 0D
1779567422801,74 34 35 31 38 30 30 30 30 30 30 30 30 30 30 30 30 30 30 30 30 0D
1779567422807,74 34 35 35 38 45 41 46 46 30 36 30 30 39 45 46 46 30 30 30 30 0D
1779567422823,74 34 35 31 38 30 30 30 30 30 30 30 30 30 30 30 30 30 30 30 30 0D
1779567422830,74 34 35 35 38 45 41 46 46 30 36 30 30 39 45 46 46 30 30 30 30 0D
1779567422844,74 34 35 30 38 30 30 30 30 30 37 30 30 30 30 30 30 45 34 30 35 0D
1779567422850,74 34 35 32 38 38 43 30 30 30 30 30 30 30 30 30 30 30 30 30 30 0D 74 34 35 33 38 39 45 30 30 30 30 30 30 30 30 30 30 30 30 30 30 0D 74 34 35 34 38 30 31 30 30 30 30 30 30 30 30 30 30 30 30 30
1779567422863,74 34 35 31 38 30 30 30 30 30 30 30 30 30 30 30 30 30 30 30 30 0D
1779567422866,74 34 35 35 38 45 39 46 46 30 37 30 30 39 45 46 46 30 30 30 30 0D
1779567422883,74 34 35 31 38 30 30 30 30 30 30 30 30 30 30 30 30 30 30 30 30 0D
1779567422889,74 34 35 35 38 45 39 46 46 30 37 30 30 39 45 46 46 30 30 30 30 0D
1779567422893,74 34 35 37 38 30 30 30 30 30 30 30 30 36 34 31 34 30 30 30 30 0D
1779567422898,74 34 35 31 38 30 30 30 30 30 30 30 30 30 30 30 30 30 30 30 30 0D
1779567422902,74 34 35 35 38 45 39 46 46 30 37 30 30 39 45 46 46 30 30 30 30 0D
1779567422921,74 34 35 31 38 30 30 30 30 30 30 30 30 30 30 30 30 30 30 30 30 0D
1779567422925,74 34 35 35 38 45 39 46 46 30 37 30 30 39 45 46 46 30 30 30 30 0D
1779567422943,74 34 35 30 38 30 30 30 30 30 37 30 30 30 30 30 30 45 34 30 35 0D
1779567422950,74 34 35 32 38 38 43 30 30 30 30 30 30 30 30 30 30 30 30 30 30 0D 74 34 35 33 38 39 45 30 30 30 30 30 30 30 30 30 30 30 30 30 30 0D
1779567422965,74 34 35 31 38 30 30 30 30 30 30 30 30 30 30 30 30 30 30 30 30 0D
1779567422979,74 34 35 31 38 30 30 30 30 30 30 30 30 30 30 30 30 30 30 30 30 0D
1779567422988,74 34 35 35 38 45 39 46 46 30 37 30 30 39 45 46 46 30 30 30 30 0D
1779567422998,74 34 35 37 38 30 30 30 30 30 30 30 30 36 34 31 34 30 30 30 30 0D
1779567423007,74 34 35 31 38 30 30 30 30 30 30 30 30 30 30 30 30 30 30 30 30 0D
1779567423014,74 34 35 35 38 45 39 46 46 30 37 30 30 39 45 46 46 30 30 30 30 0D
1779567423021,74 34 35 31 38 30 30 30 30 30 30 30 30 30 30 30 30 30 30 30 30 0D
1779567423031,74 34 35 35 38 45 39 46 46 30 37 30 30 39 45 46 46 30 30 30 30 0D
1779567423048,74 34 35 30 38 30 30 30 30 30 37 30 30 30 30 30 30 45 34 30 35 0D
1779567423053,30 0D 74 34 35 35 38 45 41 46 46 30 37 30 30 39 46 46 46 30 30 30 30 0D 74 34 35 36 38 45 44 46 46 30 37 30 30 30 35 30 30 30 30 30 30 0D 74 34 35 37 38 30 30 30 30 30 30 30 30 36 34 31 34 30
1779567423063,74 34 35 31 38 30 30 30 30 30 30 30 30 30 30 30 30 30 30 30 30 0D
1779567423066,74 34 35 35 38 45 41 46 46 30 37 30 30 39 46 46 46 30 30 30 30 0D
1779567423083,74 34 35 31 38 30 30 30 30 30 30 30 30 30 30 30 30 30 30 30 30 0D
1779567423089,74 34 35 35 38 45 41 46 46 30 37 30 30 39 46 46 46 30 30 30 30 0D
1779567423091,74 34 35 37 38 30 30 30 30 30 30 30 30 36 34 31 34 30 30 30 30 0D
1779567423099,74 34 35 31 38 30 30 30 30 30 30 30 30 30 30 30 30 30 30 30 30 0D
1779567423104,74 34 35 35 38 45 41 46 46 30 37 30 30 39 46 46 46 30 30 30 30 0D
1779567423121,74 34 35 31 38 30 30 30 30 30 30 30 30 30 30 30 30 30 30 30 30 0D
1779567423127,74 34 35 35 38 45 41 46 46 30 37 30 30 39 46 46 46 30 30 30 30 0D
1779567423146,74 34 35 30 38 30 30 30 30 30 37 30 30 30 30 30 30 45 34 30 35 0D
1779567423152,74 34 35 31 38 30 30 30 30 30 30 30 30 30 30 30 30 30 30 30 30 0D
1779567423161,74 34 35 31 38 30 30 30 30 30 30 30 30 30 30 30 30 30 30 30 30 0D
1779567423167,74 34 35 35 38 45 41 46 46 30 37 30 30 39 46 46 46 30 30 30 30 0D
1779567423180,74 34 35 31 38 30 30 30 30 30 30 30 30 30 30 30 30 30 30 30 30 0D
1779567423188,74 34 35 35 38 45 41 46 46 30 37 30 30 39 46 46 46 30 30 30 30 0D
1779567423197,74 34 35 37 38 30 30 30 30 30 30 30 30 36 34 31 34 30 31 30 30 0D
1779567423203,74 34 35 31 38 30 30 30 30 30 30 30 30 30 30 30 30 30 30 30 30 0D
1779567423210,74 34 35 35 38 45 41 46 46 30 37 30 30 39 46 46 46 30 30 30 30 0D
1779567423219,74 34 35 31 38 30 30 30 30 30 30 30 30 30 30 30 30 30 30 30 30 0D
1779567423224,74 34 35 35 38 45 41 46 46 30 37 30 30 39 46 46 46 30 30 30 30 0D
1779567423241,74 34 35 30 38 30 30 30 30 30 37 30 30 30 30 30 30 45 34 30 35 0D
1779567423245,74 34 35 31 38 30 30 30 30 30 30 30 30 30 30 30 30 30 30 30 30 0D
1779567423263,74 34 35 31 38 30 30 30 30 30 30 30 30 30 30 30 30 30 30 30 30 0D
1779567423281,74 34 35 31 38 30 30 30 30 30 30 30 30 30 30 30 30 30 30 30 30 0D
1779567423288,74 34 35 35 38 45 41 46 46 30 37 30 30 39 46 46 46 30 30 30 30 0D
1779567423294,74 34 35 37 38 30 30 30 30 30 31 30 30 36 34 31 34 30 30 30 30 0D
1779567423303,74 34 35 31 38 30 30 30 30 30 30 30 30 30 30 30 30 30 30 30 30 0D
1779567423310,74 34 35 35 38 45 41 46 46 30 37 30 30 39 46 46 46 30 30 30 30 0D
1779567423318,74 34 35 31 38 30 30 30 30 30 30 30 30 30 30 30 30 30 30 30 30 0D
1779567423326,74 34 35 35 38 45 41 46 46 30 37 30 30 39 46 46 46 30 30 30 30 0D
1779567423349,74 34 35 30 38 30 30 30 30 30 37 30 30 30 30 30 30 45 34 30 35 0D
1779567423363,30 0D 74 34 35 35 38 45 41 46 46 30 37 30 30 39 46 46 46 30 30 30 30 0D 74 34 35 36 38 45 44 46 46 30 38 30 30 30 33 30 30 30 30 30 30 0D 74 34 35 37 38 30 30 30 30 30 31 30 30 36 34 31 34 30
1779567423370,74 34 35 35 38 45 41 46 46 30 37 30 30 39 46 46 46 30 30 30 30 0D
1779567423380,74 34 35 31 38 30 30 30 30 30 30 30 30 30 30 30 30 30 30 30 30 0D
1779567423386,74 34 35 35 38 45 41 46 46 30 37 30 30 39 46 46 46 30 30 30 30 0D
1779567423389,74 34 35 37 38 30 30 30 30 30 30 30 30 36 34 31 34 30 30 30 30 0D
1779567423398,74 34 35 31 38 30 30 30 30 30 30 30 30 30 30 30 30 30 30 30 30 0D
1779567423402,74 34 35 35 38 45 41 46 46 30 37 30 30 39 46 46 46 30 30 30 30 0D
1779567423424,74 34 35 31 38 30 30 30 30 30 30 30 30 30 30 30 30 30 30 30 30 0D
1779567423429,74 34 35 35 38 45 41 46 46 30 37 30 30 39 46 46 46 30 30 30 30 0D
1779567423454,74 34 35 30 38 30 30 30 30 30 37 30 30 30 30 30 30 45 34 30 35 0D
1779567423461,74 34 35 31 38 30 30 30 30 30 30 30 30 30 30 30 30 30 30 30 30 0D
1779567423466,74 34 35 35 38 45 41 46 46 30 37 30 30 39 46 46 46 30 30 30 30 0D
1779567423485,74 34 35 31 38 30 30 30 30 30 30 30 30 30 30 30 30 30 30 30 30 0D
1779567423491,74 34 35 35 38 45 41 46 46 30 37 30 30 39 46 46 46 30 30 30 30 0D
1779567423497,74 34 35 37 38 30 30 30 30 30 30 30 30 36 34 31 34 30 30 30 30 0D
1779567423500,74 34 35 31 38 30 30 30 30 30 30 30 30 30 30 30 30 30 30 30 30 0D
1779567423510,74 34 35 35 38 45 41 46 46 30 37 30 30 39 46 46 46 30 30 30 30 0D
1779567423520,74 34 35 31 38 30 30 30 30 30 30 30 30 30 30 30 30 30 30 30 30 0D
1779567423525,74 34 35 35 38 45 41 46 46 30 37 30 30 39 46 46 46 30 30 30 30 0D
1779567423549,74 34 35 30 38 30 30 30 30 30 37 30 30 30 30 30 30 45 34 30 35 0D
1779567423566,74 34 35 31 38 30 30 30 30 30 30 30 30 30 30 30 30 30 30 30 30 0D
1779567423571,74 34 35 35 38 45 41 46 46 30 37 30 30 39 46 46 46 30 30 30 30 0D
1779567423590,74 34 35 31 38 30 30 30 30 30 30 30 30 30 30 30 30 30 30 30 30 0D
1779567423597,74 34 35 35 38 45 41 46 46 30 37 30 30 39 46 46 46 30 30 30 30 0D
1779567423600,74 34 35 31 38 30 30 30 30 30 30 30 30 30 30 30 30 30 30 30 30 0D
1779567423606,74 34 35 35 38 45 41 46 46 30 37 30 30 39 46 46 46 30 30 30 30 0D
1779567423619,74 34 35 31 38 30 30 30 30 30 30 30 30 30 30 30 30 30 30 30 30 0D
1779567423626,74 34 35 35 38 45 41 46 46 30 37 30 30 39 46 46 46 30 30 30 30 0D
1779567423638,74 34 35 30 38 30 30 30 30 30 37 30 30 30 30 30 30 45 34 30 35 0D
1779567423646,74 34 35 31 38 30 30 30 30 30 30 30 30 30 30 30 30 30 30 30 30 0D
1779567423654,74 34 35 32 38 38 43 30 30 30 30 30 30 30 30 30 30 32 37 30 30 0D 74 34 35 33 38 39 45 30 30 30 30 30 30 30 30 30 30 30 30 30 30 0D 74 34 35 34 38 30 31 30 30 30 30 30 30 30 30 30 30 30 30 30
1779567423662,74 34 35 31 38 30 30 30 30 30 30 30 30 30 30 30 30 30 30 30 30 0D
1779567423684,74 34 35 31 38 30 30 30 30 30 30 30 30 30 30 30 30 30 30 30 30 0D
1779567423689,74 34 35 35 38 45 39 46 46 30 37 30 30 39 46 46 46 30 30 30 30 0D
1779567423695,74 34 35 37 38 30 30 30 30 30 30 30 30 36 34 31 34 30 30 30 30 0D
1779567423701,74 34 35 39 38 45 45 41 34 42 45 31 36 35 35 31 41 30 33 42 37 0D
1779567423704,74 34 35 35 38 45 39 46 46 30 37 30 30 39 46 46 46 30 30 30 30 0D
1779567423719,74 34 35 31 38 30 30 30 30 30 30 30 30 30 30 30 30 30 30 30 30 0D
1779567423726,74 34 35 35 38 45 39 46 46 30 37 30 30 39 46 46 46 30 30 30 30 0D
1779567423745,74 34 35 30 38 30 30 30 30 30 37 30 30 30 30 30 30 45 34 30 35 0D
1779567423749,74 34 35 37 38 30 30 30 30 30 30 30 30 36 34 31 34 30 30 30 30 0D 74 34 35 39 38 45 45 41 34 42 45 31 36 35 35 31 41 30 33 42 37 0D
1779567423761,74 34 35 31 38 30 30 30 30 30 30 30 30 30 30 30 30 30 30 30 30 0D
1779567423766,74 34 35 35 38 45 39 46 46 30 37 30 30 39 46 46 46 30 30 30 30 0D
1779567423788,74 34 35 31 38 30 30 30 30 30 30 30 30 30 30 30 30 30 30 30 30 0D
1779567423795,74 34 35 35 38 45 39 46 46 30 37 30 30 39 46 46 46 30 30 30 30 0D
1779567423801,74 34 35 37 38 30 30 30 30 30 30 30 30 36 34 31 34 30 30 30 30 0D
1779567423809,74 34 35 31 38 30 30 30 30 30 30 30 30 30 30 30 30 30 30 30 30 0D
1779567423824,74 34 35 31 38 30 30 30 30 30 30 30 30 30 30 30 30 30 30 30 30 0D
1779567423831,74 34 35 35 38 45 39 46 46 30 37 30 30 39 46 46 46 30 30 30 30 0D
1779567423842,74 34 35 30 38 30 30 30 30 30 37 30 30 30 30 30 30 45 34 30 35 0D
1779567423853,74 34 35 31 38 30 30 30 30 30 30 30 30 30 30 30 30 30 30 30 30 0D
1779567423859,30 30 30 0D 74 34 35 39 38 45 44 41 34 42 45 31 36 35 34 31 41 30 33 42 37 0D
1779567423865,74 34 35 31 38 30 30 30 30 30 30 30 30 30 30 30 30 30 30 30 30 0D
1779567423880,74 34 35 31 38 30 30 30 30 30 30 30 30 30 30 30 30 30 30 30 30 0D
1779567423884,74 34 35 35 38 45 41 46 46 30 37 30 30 39 46 46 46 30 30 30 30 0D
1779567423893,74 34 35 37 38 30 30 30 30 30 31 30 30 36 34 31 34 30 30 30 30 0D
1779567423901,74 34 35 31 38 30 30 30 30 30 30 30 30 30 30 30 30 30 30 30 30 0D
1779567423907,74 34 35 35 38 45 41 46 46 30 37 30 30 39 46 46 46 30 30 30 30 0D
1779567423921,74 34 35 31 38 30 30 30 30 30 30 30 30 30 30 30 30 30 30 30 30 0D
1779567423927,74 34 35 35 38 45 41 46 46 30 37 30 30 39 46 46 46 30 30 30 30 0D
1779567423942,74 34 35 30 38 30 30 30 30 30 37 30 30 30 30 30 30 45 34 30 35 0D
1779567423951,74 34 35 31 38 30 30 30 30 30 30 30 30 30 30 30 30 30 30 30 30 0D
1779567423964,74 34 35 31 38 30 30 30 30 30 30 30 30 30 30 30 30 30 30 30 30 0D
1779567423972,74 34 35 35 38 45 41 46 46 30 37 30 30 39 46 46 46 30 30 30 30 0D
1779567423984,74 34 35 31 38 30 30 30 30 30 30 30 30 30 30 30 30 30 30 30 30 0D
1779567423992,74 34 35 35 38 45 41 46 46 30 37 30 30 39 46 46 46 30 30 30 30 0D
1779567424001,74 34 35 31 38 30 30 30 30 30 30 30 30 30 30 30 30 30 30 30 30 0D
1779567424009,74 34 35 36 38 45 45 46 46 30 37 30 30 30 35 30 30 30 30 30 30 0D
1779567424026,74 34 35 31 38 30 30 30 30 30 30 30 30 30 30 30 30 30 30 30 30 0D
1779567424030,74 34 35 35 38 45 41 46 46 30 37 30 30 39 46 46 46 30 30 30 30 0D
1779567424046,74 34 35 30 38 30 30 30 30 30 37 30 30 30 30 30 30 45 34 30 35 0D
1779567424047,74 34 35 31 38 30 30 30 30 30 30 30 30 30 30 30 30 30 30 30 30 0D
1779567424063,74 34 35 31 38 30 30 30 30 30 30 30 30 30 30 30 30 30 30 30 30 0D
1779567424066,74 34 35 35 38 45 41 46 46 30 37 30 30 39 46 46 46 30 30 30 30 0D
1779567424083,74 34 35 31 38 30 30 30 30 30 30 30 30 30 30 30 30 30 30 30 30 0D
1779567424094,74 34 35 35 38 45 41 46 46 30 37 30 30 39 46 46 46 30 30 30 30 0D
1779567424102,74 34 35 37 38 30 30 30 30 30 31 30 30 36 34 31 34 30 30 30 30 0D
1779567424111,74 34 35 35 38 45 41 46 46 30 37 30 30 39 46 46 46 30 30 30 30 0D
1779567424123,74 34 35 31 38 30 30 30 30 30 30 30 30 30 30 30 30 30 30 30 30 0D
1779567424129,74 34 35 35 38 45 41 46 46 30 37 30 30 39 46 46 46 30 30 30 30 0D
1779567424143,74 34 35 30 38 30 30 30 30 30 37 30 30 30 30 30 30 45 34 30 35 0D
1779567424150,74 34 35 31 38 30 30 30 30 30 30 30 30 30 30 30 30 30 30 30 30 0D
1779567424163,74 34 35 31 38 30 30 30 30 30 30 30 30 30 30 30 30 30 30 30 30 0D
1779567424170,74 34 35 35 38 45 41 46 46 30 37 30 30 39 46 46 46 30 30 30 30 0D
1779567424183,74 34 35 31 38 30 30 30 30 30 30 30 30 30 30 30 30 30 30 30 30 0D
1779567424189,74 34 35 35 38 45 41 46 46 30 37 30 30 39 46 46 46 30 30 30 30 0D
1779567424196,74 34 35 37 38 30 30 30 30 30 31 30 30 36 34 31 34 30 30 30 30 0D
1779567424203,74 34 35 31 38 30 30 30 30 30 30 30 30 30 30 30 30 30 30 30 30 0D
1779567424226,74 34 35 31 38 30 30 30 30 30 30 30 30 30 30 30 30 30 30 30 30 0D
1779567424232,74 34 35 35 38 45 41 46 46 30 37 30 30 39 46 46 46 30 30 30 30 0D
1779567424242,74 34 35 30 38 30 30 30 30 30 37 30 30 30 30 30 30 45 34 30 35 0D
1779567424250,74 34 35 31 38 30 30 30 30 30 30 30 30 30 30 30 30 30 30 30 30 0D
1779567424262,74 34 35 31 38 30 30 30 30 30 30 30 30 30 30 30 30 30 30 30 30 0D
1779567424267,74 34 35 35 38 45 41 46 46 30 37 30 30 39 46 46 46 30 30 30 30 0D
1779567424281,74 34 35 31 38 30 30 30 30 30 30 30 30 30 30 30 30 30 30 30 30 0D
1779567424288,74 34 35 35 38 45 41 46 46 30 37 30 30 39 46 46 46 30 30 30 30 0D
1779567424293,74 34 35 37 38 30 30 30 30 30 32 30 30 36 34 31 34 30 30 30 30 0D
1779567424299,74 34 35 39 38 45 38 41 34 42 45 31 36 35 36 31 41 30 33 42 37 0D
1779567424301,74 34 35 31 38 30 30 30 30 30 30 30 30 30 30 30 30 30 30 30 30 0D
1779567424323,74 34 35 31 38 30 30 30 30 30 30 30 30 30 30 30 30 30 30 30 30 0D
1779567424345,74 34 35 30 38 30 30 30 30 30 37 30 30 30 30 30 30 45 34 30 35 0D
1779567424353,74 34 35 31 38 30 30 30 30 30 30 30 30 30 30 30 30 30 30 30 30 0D
1779567424365,74 34 35 31 38 30 30 30 30 30 30 30 30 30 30 30 30 30 30 30 30 0D
1779567424371,74 34 35 35 38 45 41 46 46 30 37 30 30 39 46 46 46 30 30 30 30 0D
1779567424381,74 34 35 31 38 30 30 30 30 30 30 30 30 30 30 30 30 30 30 30 30 0D
1779567424385,74 34 35 35 38 45 41 46 46 30 37 30 30 39 46 46 46 30 30 30 30 0D
1779567424394,74 34 35 37 38 30 30 30 30 30 31 30 30 36 34 31 34 30 30 30 30 0D
1779567424408,74 34 35 31 38 30 30 30 30 30 30 30 30 30 30 30 30 30 30 30 30 0D
1779567424424,74 34 35 31 38 30 30 30 30 30 30 30 30 30 30 30 30 30 30 30 30 0D
1779567424429,74 34 35 36 38 45 44 46 46 30 37 30 30 30 34 30 30 30 30 30 30 0D
1779567424443,74 34 35 30 38 30 30 30 30 30 37 30 30 30 30 30 30 45 34 30 35 0D
1779567424450,74 34 35 31 38 30 30 30 30 30 30 30 30 30 30 30 30 30 30 30 30 0D
1779567424463,74 34 35 31 38 30 30 30 30 30 30 30 30 30 30 30 30 30 30 30 30 0D
1779567424469,74 34 35 35 38 45 42 46 46 30 37 30 30 39 45 46 46 30 30 30 30 0D
1779567424483,74 34 35 31 38 30 30 30 30 30 30 30 30 30 30 30 30 30 30 30 30 0D
1779567424491,74 34 35 35 38 45 42 46 46 30 37 30 30 39 45 46 46 30 30 30 30 0D
1779567424496,74 34 35 37 38 30 30 30 30 30 32 30 30 36 34 31 34 30 30 30 30 0D
1779567424506,74 34 35 31 38 30 30 30 30 30 30 30 30 30 30 30 30 30 30 30 30 0D
1779567424526,74 34 35 31 38 30 30 30 30 30 30 30 30 30 30 30 30 30 30 30 30 0D
1779567424544,74 34 35 30 38 30 30 30 30 30 37 30 30 30 30 30 30 45 34 30 35 0D
1779567424550,74 34 35 31 38 30 30 30 30 30 30 30 30 30 30 30 30 30 30 30 30 0D
1779567424562,74 34 35 31 38 30 30 30 30 30 30 30 30 30 30 30 30 30 30 30 30 0D
1779567424579,74 34 35 31 38 30 30 30 30 30 30 30 30 30 30 30 30 30 30 30 30 0D
1779567424594,74 34 35 35 38 45 42 46 46 30 37 30 30 39 45 46 46 30 30 30 30 0D
1779567424597,74 34 35 31 38 30 30 30 30 30 30 30 30 30 30 30 30 30 30 30 30 0D
1779567424612,74 34 35 35 38 45 42 46 46 30 37 30 30 39 45 46 46 30 30 30 30 0D
1779567424618,74 34 35 31 38 30 30 30 30 30 30 30 30 30 30 30 30 30 30 30 30 0D
1779567424631,74 34 35 35 38 45 42 46 46 30 37 30 30 39 45 46 46 30 30 30 30 0D
1779567424641,74 34 35 30 38 30 30 30 30 30 37 30 30 30 30 30 30 45 34 30 35 0D
1779567424646,74 34 35 31 38 30 30 30 30 30 30 30 30 30 30 30 30 30 30 30 30 0D
1779567424666,74 34 35 31 38 30 30 30 30 30 30 30 30 30 30 30 30 30 30 30 30 0D
1779567424676,74 34 35 35 38 45 41 46 46 30 37 30 30 39 46 46 46 30 30 30 30 0D
1779567424683,74 34 35 31 38 30 30 30 30 30 30 30 30 30 30 30 30 30 30 30 30 0D
1779567424698,74 34 35 35 38 45 41 46 46 30 37 30 30 39 46 46 46 30 30 30 30 0D
1779567424704,74 34 35 31 38 30 30 30 30 30 30 30 30 30 30 30 30 30 30 30 30 0D
1779567424721,74 34 35 31 38 30 30 30 30 30 30 30 30 30 30 30 30 30 30 30 30 0D
1779567424734,74 34 35 35 38 45 41 46 46 30 37 30 30 39 46 46 46 30 30 30 30 0D
1779567424747,74 34 35 30 38 30 30 30 30 30 37 30 30 30 30 30 30 45 34 30 35 0D
1779567424755,74 34 35 31 38 30 30 30 30 30 30 30 30 30 30 30 30 30 30 30 30 0D
1779567424764,74 34 35 31 38 30 30 30 30 30 30 30 30 30 30 30 30 30 30 30 30 0D
1779567424770,74 34 35 36 38 45 45 46 46 30 37 30 30 30 33 30 30 30 30 30 30 0D
1779567424781,74 34 35 31 38 30 30 30 30 30 30 30 30 30 30 30 30 30 30 30 30 0D
1779567424803,74 34 35 35 38 45 41 46 46 30 37 30 30 39 46 46 46 30 30 30 30 0D
1779567424813,74 34 35 31 38 30 30 30 30 30 30 30 30 30 30 30 30 30 30 30 30 0D
1779567424825,74 34 35 31 38 30 30 30 30 30 30 30 30 30 30 30 30 30 30 30 30 0D
1779567424834,74 34 35 35 38 45 41 46 46 30 37 30 30 39 46 46 46 30 30 30 30 0D
1779567424843,74 34 35 30 38 30 30 30 30 30 37 30 30 30 30 30 30 45 34 30 35 0D
1779567424856,74 34 35 31 38 30 30 30 30 30 30 30 30 30 30 30 30 30 30 30 30 0D
1779567424864,74 34 35 31 38 30 30 30 30 30 30 30 30 30 30 30 30 30 30 30 30 0D
1779567424877,74 34 35 35 38 45 39 46 46 30 37 30 30 39 46 46 46 30 30 30 30 0D
1779567424881,74 34 35 31 38 30 30 30 30 30 30 30 30 30 30 30 30 30 30 30 30 0D
1779567424898,74 34 35 35 38 45 39 46 46 30 37 30 30 39 46 46 46 30 30 30 30 0D
1779567424902,74 34 35 31 38 30 30 30 30 30 30 30 30 30 30 30 30 30 30 30 30 0D
1779567424913,74 34 35 35 38 45 39 46 46 30 37 30 30 39 46 46 46 30 30 30 30 0D
1779567424923,74 34 35 31 38 30 30 30 30 30 30 30 30 30 30 30 30 30 30 30 30 0D
1779567424930,74 34 35 35 38 45 39 46 46 30 37 30 30 39 46 46 46 30 30 30 30 0D
1779567424947,74 34 35 30 38 30 30 30 30 30 37 30 30 30 30 30 30 45 34 30 35 0D
1779567424964,74 34 35 31 38 30 30 30 30 30 30 30 30 30 30 30 30 30 30 30 30 0D
1779567424972,74 34 35 31 38 30 30 30 30 30 30 30 30 30 30 30 30 30 30 30 30 0D
1779567424983,74 34 35 31 38 30 30 30 30 30 30 30 30 30 30 30 30 30 30 30 30 0D
1779567425000,74 34 35 35 38 45 39 46 46 30 37 30 30 39 46 46 46 30 30 30 30 0D
1779567425006,74 34 35 31 38 30 30 30 30 30 30 30 30 30 30 30 30 30 30 30 30 0D
1779567425026,74 34 35 31 38 30 30 30 30 30 30 30 30 30 30 30 30 30 30 30 30 0D
1779567425041,74 34 35 35 38 45 39 46 46 30 37 30 30 39 46 46 46 30 30 30 30 0D
1779567425061,74 34 35 31 38 30 30 30 30 30 30 30 30 30 30 30 30 30 30 30 30 0D
1779567425068,74 34 35 31 38 30 30 30 30 30 30 30 30 30 30 30 30 30 30 30 30 0D
1779567425082,74 34 35 31 38 30 30 30 30 30 30 30 30 30 30 30 30 30 30 30 30 0D
1779567425092,74 34 35 37 38 30 30 30 30 30 31 30 30 36 34 31 34 30 30 30 30 0D
1779567425109,74 34 35 39 38 45 30 41 34 42 45 31 36 35 46 31 41 30 33 42 37 0D
1779567425123,74 34 35 31 38 30 30 30 30 30 30 30 30 30 30 30 30 30 30 30 30 0D
1779567425138,74 34 35 35 38 45 41 46 46 30 37 30 30 39 46 46 46 30 30 30 30 0D
1779567425146,74 34 35 30 38 30 30 30 30 30 37 30 30 30 30 30 30 45 34 30 35 0D
1779567425157,74 34 35 31 38 30 30 30 30 30 30 30 30 30 30 30 30 30 30 30 30 0D
1779567425164,74 34 35 31 38 30 30 30 30 30 30 30 30 30 30 30 30 30 30 30 30 0D
1779567425176,74 34 35 35 38 45 41 46 46 30 37 30 30 39 46 46 46 30 30 30 30 0D
1779567425180,74 34 35 31 38 30 30 30 30 30 30 30 30 30 30 30 30 30 30 30 30 0D
1779567425192,74 34 35 35 38 45 41 46 46 30 37 30 30 39 46 46 46 30 30 30 30 0D
1779567425199,74 34 35 37 38 30 30 30 30 30 30 30 30 36 34 31 34 30 30 30 30 0D
1779567425208,74 34 35 31 38 30 30 30 30 30 30 30 30 30 30 30 30 30 30 30 30 0D
1779567425221,74 34 35 31 38 30 30 30 30 30 30 30 30 30 30 30 30 30 30 30 30 0D
1779567425228,74 34 35 35 38 45 41 46 46 30 37 30 30 39 46 46 46 30 30 30 30 0D
1779567425239,74 34 35 30 38 30 30 30 30 30 37 30 30 30 30 30 30 45 34 30 35 0D
1779567425249,74 34 35 31 38 30 30 30 30 30 30 30 30 30 30 30 30 30 30 30 30 0D
1779567425262,74 34 35 31 38 30 30 30 30 30 30 30 30 30 30 30 30 30 30 30 30 0D
1779567425273,74 34 35 35 38 45 41 46 46 30 37 30 30 39 46 46 46 30 30 30 30 0D
1779567425276,74 34 35 31 38 30 30 30 30 30 30 30 30 30 30 30 30 30 30 30 30 0D
1779567425288,74 34 35 35 38 45 41 46 46 30 37 30 30 39 46 46 46 30 30 30 30 0D
1779567425299,74 34 35 39 38 44 46 41 34 42 45 31 36 36 31 31 41 30 33 42 37 0D
1779567425312,74 34 35 31 38 30 30 30 30 30 30 30 30 30 30 30 30 30 30 30 30 0D
1779567425320,74 34 35 31 38 30 30 30 30 30 30 30 30 30 30 30 30 30 30 30 30 0D
1779567425331,74 34 35 35 38 45 41 46 46 30 37 30 30 39 46 46 46 30 30 30 30 0D
1779567425340,74 34 35 30 38 30 30 30 30 30 37 30 30 30 30 30 30 45 34 30 35 0D
1779567425356,74 34 35 31 38 30 30 30 30 30 30 30 30 30 30 30 30 30 30 30 30 0D
1779567425362,74 34 35 31 38 30 30 30 30 30 30 30 30 30 30 30 30 30 30 30 30 0D
1779567425371,74 34 35 35 38 45 41 46 46 30 37 30 30 39 46 46 46 30 30 30 30 0D
1779567425380,74 34 35 31 38 30 30 30 30 30 30 30 30 30 30 30 30 30 30 30 30 0D
1779567425408,74 34 35 35 38 45 41 46 46 30 37 30 30 39 46 46 46 30 30 30 30 0D
1779567425423,74 34 35 31 38 30 30 30 30 30 30 30 30 30 30 30 30 30 30 30 30 0D
1779567425436,74 34 35 35 38 45 41 46 46 30 37 30 30 39 46 46 46 30 30 30 30 0D
1779567425441,74 34 35 30 38 30 30 30 30 30 37 30 30 30 30 30 30 45 34 30 35 0D
1779567425454,74 34 35 31 38 30 30 30 30 30 30 30 30 30 30 30 30 30 30 30 30 0D
1779567425460,74 34 35 31 38 30 30 30 30 30 30 30 30 30 30 30 30 30 30 30 30 0D
1779567425471,74 34 35 35 38 45 41 46 46 30 37 30 30 39 46 46 46 30 30 30 30 0D
1779567425479,74 34 35 31 38 30 30 30 30 30 30 30 30 30 30 30 30 30 30 30 30 0D
1779567425489,74 34 35 35 38 45 41 46 46 30 37 30 30 39 46 46 46 30 30 30 30 0D
1779567425492,74 34 35 37 38 30 30 30 30 30 31 30 30 36 34 31 34 30 30 30 30 0D
1779567425515,74 34 35 39 38 44 44 41 34 42 45 31 36 36 33 31 41 30 33 42 37 0D
1779567425523,74 34 35 31 38 30 30 30 30 30 30 30 30 30 30 30 30 30 30 30 30 0D
1779567425532,74 34 35 35 38 45 41 46 46 30 37 30 30 39 46 46 46 30 30 30 30 0D
1779567425542,74 34 35 30 38 30 30 30 30 30 37 30 30 30 30 30 30 45 34 30 35 0D
1779567425557,74 34 35 31 38 30 30 30 30 30 30 30 30 30 30 30 30 30 30 30 30 0D
1779567425562,74 34 35 31 38 30 30 30 30 30 30 30 30 30 30 30 30 30 30 30 30 0D
1779567425572,74 34 35 35 38 45 41 46 46 30 37 30 30 39 46 46 46 30 30 30 30 0D
1779567425581,74 34 35 31 38 30 30 30 30 30 30 30 30 30 30 30 30 30 30 30 30 0D
1779567425589,74 34 35 35 38 45 41 46 46 30 37 30 30 39 46 46 46 30 30 30 30 0D
1779567425614,74 34 35 37 38 30 30 30 30 30 30 30 30 36 34 31 34 30 30 30 30 0D
1779567425623,74 34 35 31 38 30 30 30 30 30 30 30 30 30 30 30 30 30 30 30 30 0D
1779567425630,74 34 35 35 38 45 41 46 46 30 37 30 30 39 46 46 46 30 30 30 30 0D
1779567425642,74 34 35 30 38 30 30 30 30 30 37 30 30 30 30 30 30 45 34 30 35 0D
1779567425653,74 34 35 31 38 30 30 30 30 30 30 30 30 30 30 30 30 30 30 30 30 0D
1779567425664,74 34 35 31 38 30 30 30 30 30 30 30 30 30 30 30 30 30 30 30 30 0D
1779567425677,74 34 35 35 38 45 39 46 46 30 37 30 30 39 45 46 46 30 30 30 30 0D
1779567425689,74 34 35 31 38 30 30 30 30 30 30 30 30 30 30 30 30 30 30 30 30 0D
1779567425696,74 34 35 37 38 30 30 30 30 30 30 30 30 36 34 31 34 30 30 30 30 0D
1779567425714,74 34 35 39 38 44 42 41 34 42 45 31 36 36 34 31 41 30 33 42 37 0D
1779567425719,74 34 35 31 38 30 30 30 30 30 30 30 30 30 30 30 30 30 30 30 30 0D
1779567425729,74 34 35 35 38 45 39 46 46 30 37 30 30 39 45 46 46 30 30 30 30 0D
1779567425737,74 34 35 30 38 30 30 30 30 30 37 30 30 30 30 30 30 45 34 30 35 0D
1779567425753,74 34 35 31 38 30 30 30 30 30 30 30 30 30 30 30 30 30 30 30 30 0D
1779567425760,74 34 35 31 38 30 30 30 30 30 30 30 30 30 30 30 30 30 30 30 30 0D
1779567425770,74 34 35 35 38 45 39 46 46 30 37 30 30 39 45 46 46 30 30 30 30 0D
1779567425790,74 34 35 31 38 30 30 30 30 30 30 30 30 30 30 30 30 30 30 30 30 0D
1779567425802,74 34 35 36 38 45 44 46 46 30 37 30 30 30 34 30 30 30 30 30 30 0D
1779567425811,74 34 35 36 38 45 44 46 46 30 37 30 30 30 34 30 30 30 30 30 30 0D
1779567425821,74 34 35 31 38 30 30 30 30 30 30 30 30 30 30 30 30 30 30 30 30 0D
1779567425829,74 34 35 35 38 45 39 46 46 30 37 30 30 39 45 46 46 30 30 30 30 0D
1779567425843,74 34 35 30 38 30 30 30 30 30 37 30 30 30 30 30 30 45 34 30 35 0D
1779567425853,74 34 35 31 38 30 30 30 30 30 30 30 30 30 30 30 30 30 30 30 30 0D
1779567425861,74 34 35 31 38 30 30 30 30 30 30 30 30 30 30 30 30 30 30 30 30 0D
1779567425878,74 34 35 35 38 45 41 46 46 30 37 30 30 39 46 46 46 30 30 30 30 0D
1779567425888,74 34 35 31 38 30 30 30 30 30 30 30 30 30 30 30 30 30 30 30 30 0D
1779567425893,74 34 35 37 38 30 30 30 30 30 31 30 30 36 34 31 34 30 30 30 30 0D
1779567425905,74 34 35 39 38 44 39 41 34 42 45 31 36 36 34 31 41 30 33 42 37 0D
1779567425923,74 34 35 31 38 30 30 30 30 30 30 30 30 30 30 30 30 30 30 30 30 0D
1779567425936,74 34 35 35 38 45 41 46 46 30 37 30 30 39 46 46 46 30 30 30 30 0D
1779567425942,74 34 35 30 38 30 30 30 30 30 37 30 30 30 30 30 30 45 34 30 35 0D
1779567425956,74 34 35 31 38 30 30 30 30 30 30 30 30 30 30 30 30 30 30 30 30 0D
1779567425963,74 34 35 31 38 30 30 30 30 30 30 30 30 30 30 30 30 30 30 30 30 0D
1779567425971,74 34 35 35 38 45 41 46 46 30 37 30 30 39 46 46 46 30 30 30 30 0D
1779567425980,74 34 35 31 38 30 30 30 30 30 30 30 30 30 30 30 30 30 30 30 30 0D
1779567426001,74 34 35 35 38 45 41 46 46 30 37 30 30 39 46 46 46 30 30 30 30 0D
1779567426009,74 34 35 36 38 45 44 46 46 30 38 30 30 30 34 30 30 30 30 30 30 0D
1779567426020,74 34 35 31 38 30 30 30 30 30 30 30 30 30 30 30 30 30 30 30 30 0D
1779567426030,74 34 35 35 38 45 41 46 46 30 37 30 30 39 46 46 46 30 30 30 30 0D
1779567426042,74 34 35 30 38 30 30 30 30 30 37 30 30 30 30 30 30 45 34 30 35 0D
1779567426051,74 34 35 31 38 30 30 30 30 30 30 30 30 30 30 30 30 30 30 30 30 0D
1779567426062,74 34 35 31 38 30 30 30 30 30 30 30 30 30 30 30 30 30 30 30 30 0D
1779567426072,74 34 35 35 38 45 41 46 46 30 36 30 30 39 46 46 46 30 30 30 30 0D
1779567426080,74 34 35 31 38 30 30 30 30 30 30 30 30 30 30 30 30 30 30 30 30 0D
1779567426091,74 34 35 36 38 45 44 46 46 30 38 30 30 30 34 30 30 30 30 30 30 0D
1779567426096,74 34 35 39 38 44 38 41 34 42 45 31 36 36 34 31 41 30 33 42 37 0D
1779567426104,74 34 35 31 38 30 30 30 30 30 30 30 30 30 30 30 30 30 30 30 30 0D
1779567426131,74 34 35 31 38 30 30 30 30 30 30 30 30 30 30 30 30 30 30 30 30 0D
1779567426137,74 34 35 35 38 45 41 46 46 30 36 30 30 39 46 46 46 30 30 30 30 0D
1779567426141,74 34 35 30 38 30 30 30 30 30 37 30 30 30 30 30 30 45 34 30 35 0D
1779567426155,74 34 35 31 38 30 30 30 30 30 30 30 30 30 30 30 30 30 30 30 30 0D
1779567426160,74 34 35 31 38 30 30 30 30 30 30 30 30 30 30 30 30 30 30 30 30 0D
1779567426173,74 34 35 35 38 45 41 46 46 30 36 30 30 39 46 46 46 30 30 30 30 0D
1779567426184,74 34 35 31 38 30 30 30 30 30 30 30 30 30 30 30 30 30 30 30 30 0D
1779567426191,74 34 35 37 38 30 30 30 30 30 32 30 30 36 34 31 34 30 30 30 30 0D
1779567426213,74 34 35 39 38 44 37 41 34 42 45 31 36 36 35 31 41 30 33 42 37 0D
1779567426226,74 34 35 31 38 30 30 30 30 30 30 30 30 30 30 30 30 30 30 30 30 0D
1779567426229,74 34 35 35 38 45 41 46 46 30 36 30 30 39 46 46 46 30 30 30 30 0D
1779567426241,74 34 35 30 38 30 30 30 30 30 37 30 30 30 30 30 30 45 34 30 35 0D
1779567426255,74 34 35 31 38 30 30 30 30 30 30 30 30 30 30 30 30 30 30 30 30 0D
1779567426273,74 34 35 31 38 30 30 30 30 30 30 30 30 30 30 30 30 30 30 30 30 0D
1779567426286,74 34 35 31 38 30 30 30 30 30 30 30 30 30 30 30 30 30 30 30 30 0D
1779567426293,74 34 35 37 38 30 30 30 30 30 31 30 30 36 34 31 34 30 30 30 30 0D
1779567426299,74 34 35 39 38 44 38 41 34 42 45 31 36 36 36 31 41 30 33 42 37 0D
1779567426307,74 34 35 31 38 30 30 30 30 30 30 30 30 30 30 30 30 30 30 30 30 0D
1779567426311,74 34 35 35 38 45 41 46 46 30 37 30 30 39 45 46 46 30 30 30 30 0D
1779567426326,74 34 35 31 38 30 30 30 30 30 30 30 30 30 30 30 30 30 30 30 30 0D
1779567426330,74 34 35 35 38 45 41 46 46 30 37 30 30 39 45 46 46 30 30 30 30 0D
1779567426342,74 34 35 30 38 30 30 30 30 30 37 30 30 30 30 30 30 45 34 30 35 0D
1779567426349,74 34 35 31 38 30 30 30 30 30 30 30 30 30 30 30 30 30 30 30 30 0D
1779567426362,74 34 35 31 38 30 30 30 30 30 30 30 30 30 30 30 30 30 30 30 30 0D
1779567426384,74 34 35 31 38 30 30 30 30 30 30 30 30 30 30 30 30 30 30 30 30 0D
1779567426391,74 34 35 37 38 30 30 30 30 30 30 30 30 36 34 31 34 30 30 30 30 0D
1779567426397,74 34 35 39 38 44 37 41 34 42 45 31 36 36 37 31 41 30 33 42 37 0D
1779567426402,74 34 35 31 38 30 30 30 30 30 30 30 30 30 30 30 30 30 30 30 30 0D
1779567426422,74 34 35 31 38 30 30 30 30 30 30 30 30 30 30 30 30 30 30 30 30 0D
1779567426427,74 34 35 35 38 45 41 46 46 30 37 30 30 39 45 46 46 30 30 30 30 0D
1779567426444,74 34 35 30 38 30 30 30 30 30 37 30 30 30 30 30 30 45 34 30 35 0D
1779567426451,74 34 35 31 38 30 30 30 30 30 30 30 30 30 30 30 30 30 30 30 30 0D
1779567426460,74 34 35 31 38 30 30 30 30 30 30 30 30 30 30 30 30 30 30 30 30 0D
1779567426467,74 34 35 35 38 45 41 46 46 30 37 30 30 39 46 46 46 30 30 30 30 0D
1779567426487,74 34 35 31 38 30 30 30 30 30 30 30 30 30 30 30 30 30 30 30 30 0D
1779567426491,74 34 35 37 38 30 30 30 30 30 30 30 30 36 34 31 34 30 30 30 30 0D
1779567426499,74 34 35 39 38 44 37 41 34 42 45 31 36 36 39 31 41 30 33 42 37 0D
1779567426506,74 34 35 31 38 30 30 30 30 30 30 30 30 30 30 30 30 30 30 30 30 0D
1779567426520,74 34 35 31 38 30 30 30 30 30 30 30 30 30 30 30 30 30 30 30 30 0D
1779567426526,74 34 35 35 38 45 41 46 46 30 37 30 30 39 46 46 46 30 30 30 30 0D
1779567426541,74 34 35 30 38 30 30 30 30 30 37 30 30 30 30 30 30 45 34 30 35 0D
1779567426547,74 34 35 31 38 30 30 30 30 30 30 30 30 30 30 30 30 30 30 30 30 0D
1779567426566,74 34 35 31 38 30 30 30 30 30 30 30 30 30 30 30 30 30 30 30 30 0D
1779567426581,74 34 35 31 38 30 30 30 30 30 30 30 30 30 30 30 30 30 30 30 30 0D
1779567426593,74 34 35 37 38 30 30 30 30 30 30 30 30 36 34 31 34 30 30 30 30 0D
1779567426603,74 34 35 39 38 44 37 41 34 42 45 31 36 36 41 31 41 30 33 42 37 0D
1779567426631,74 34 35 31 38 30 30 30 30 30 30 30 30 30 30 30 30 30 30 30 30 0D
1779567426641,74 34 35 35 38 45 41 46 46 30 37 30 30 39 46 46 46 30 30 30 30 0D
1779567426648,74 34 35 30 38 30 30 30 30 30 37 30 30 30 30 30 30 45 34 30 35 0D
1779567426656,74 34 35 31 38 30 30 30 30 30 30 30 30 30 30 30 30 30 30 30 30 0D
1779567426666,74 34 35 31 38 30 30 30 30 30 30 30 30 30 30 30 30 30 30 30 30 0D
1779567426685,74 34 35 31 38 30 30 30 30 30 30 30 30 30 30 30 30 30 30 30 30 0D
1779567426687,74 34 35 35 38 45 41 46 46 30 36 30 30 39 45 46 46 30 30 30 30 0D
1779567426689,74 34 35 37 38 30 30 30 30 30 31 30 30 36 34 31 34 30 30 30 30 0D
1779567426694,74 34 35 39 38 44 36 41 34 42 45 31 36 36 44 31 41 30 33 42 37 0D
1779567426702,74 34 35 31 38 30 30 30 30 30 30 30 30 30 30 30 30 30 30 30 30 0D
1779567426724,74 34 35 31 38 30 30 30 30 30 30 30 30 30 30 30 30 30 30 30 30 0D
1779567426731,74 34 35 35 38 45 41 46 46 30 36 30 30 39 45 46 46 30 30 30 30 0D
1779567426742,74 34 35 30 38 30 30 30 30 30 37 30 30 30 30 30 30 45 34 30 35 0D
1779567426750,74 34 35 31 38 30 30 30 30 30 30 30 30 30 30 30 30 30 30 30 30 0D
1779567426769,74 34 35 31 38 30 30 30 30 30 30 30 30 30 30 30 30 30 30 30 30 0D
1779567426783,74 34 35 31 38 30 30 30 30 30 30 30 30 30 30 30 30 30 30 30 30 0D
1779567426785,74 34 35 35 38 45 41 46 46 30 36 30 30 39 45 46 46 30 30 30 30 0D
1779567426792,74 34 35 37 38 30 30 30 30 30 32 30 30 36 34 31 34 30 30 30 30 0D
1779567426802,74 34 35 31 38 30 30 30 30 30 30 30 30 30 30 30 30 30 30 30 30 0D
1779567426808,74 34 35 35 38 45 41 46 46 30 36 30 30 39 45 46 46 30 30 30 30 0D
1779567426825,74 34 35 31 38 30 30 30 30 30 30 30 30 30 30 30 30 30 30 30 30 0D
1779567426842,74 34 35 30 38 30 30 30 30 30 37 30 30 30 30 30 30 45 34 30 35 0D
1779567426853,74 34 35 31 38 30 30 30 30 30 30 30 30 30 30 30 30 30 30 30 30 0D
1779567426865,74 34 35 31 38 30 30 30 30 30 30 30 30 30 30 30 30 30 30 30 30 0D
1779567426872,74 34 35 35 38 45 41 46 46 30 38 30 30 41 30 46 46 30 30 30 30 0D
1779567426889,74 34 35 31 38 30 30 30 30 30 30 30 30 30 30 30 30 30 30 30 30 0D
1779567426892,74 34 35 35 38 45 41 46 46 30 38 30 30 41 30 46 46 30 30 30 30 0D
1779567426898,74 34 35 37 38 30 30 30 30 30 31 30 30 36 34 31 34 30 30 30 30 0D
1779567426905,74 34 35 31 38 30 30 30 30 30 30 30 30 30 30 30 30 30 30 30 30 0D
1779567426910,74 34 35 35 38 45 41 46 46 30 38 30 30 41 30 46 46 30 30 30 30 0D
1779567426924,74 34 35 31 38 30 30 30 30 30 30 30 30 30 30 30 30 30 30 30 30 0D
1779567426932,74 34 35 35 38 45 41 46 46 30 38 30 30 41 30 46 46 30 30 30 30 0D
1779567426942,74 34 35 30 38 30 30 30 30 30 37 30 30 30 30 30 30 45 34 30 35 0D
1779567426956,74 34 35 31 38 30 30 30 30 30 30 30 30 30 30 30 30 30 30 30 30 0D
1779567426964,74 34 35 31 38 30 30 30 30 30 30 30 30 30 30 30 30 30 30 30 30 0D
1779567426992,74 34 35 31 38 30 30 30 30 30 30 30 30 30 30 30 30 30 30 30 30 0D
1779567427001,74 34 35 35 38 45 41 46 46 30 38 30 30 41 30 46 46 30 30 30 30 0D
1779567427009,74 34 35 35 38 45 41 46 46 30 38 30 30 41 30 46 46 30 30 30 30 0D
1779567427022,74 34 35 31 38 30 30 30 30 30 30 30 30 30 30 30 30 30 30 30 30 0D
1779567427027,74 34 35 35 38 45 41 46 46 30 38 30 30 41 30 46 46 30 30 30 30 0D
1779567427043,74 34 35 30 38 30 30 30 30 30 37 30 30 30 30 30 30 45 34 30 35 0D
1779567427054,74 34 35 31 38 30 30 30 30 30 30 30 30 30 30 30 30 30 30 30 30 0D
1779567427065,74 34 35 31 38 30 30 30 30 30 30 30 30 30 30 30 30 30 30 30 30 0D
1779567427071,74 34 35 36 38 45 45 46 46 30 37 30 30 30 33 30 30 30 30 30 30 0D
1779567427083,74 34 35 31 38 30 30 30 30 30 30 30 30 30 30 30 30 30 30 30 30 0D
1779567427090,74 34 35 35 38 45 41 46 46 30 37 30 30 39 46 46 46 30 30 30 30 0D
1779567427100,74 34 35 37 38 30 30 30 30 30 30 30 30 36 34 31 34 30 30 30 30 0D
1779567427104,74 34 35 35 38 45 41 46 46 30 37 30 30 39 46 46 46 30 30 30 30 0D
1779567427121,74 34 35 31 38 30 30 30 30 30 30 30 30 30 30 30 30 30 30 30 30 0D
1779567427125,74 34 35 35 38 45 41 46 46 30 37 30 30 39 46 46 46 30 30 30 30 0D
1779567427141,74 34 35 30 38 30 30 30 30 30 37 30 30 30 30 30 30 45 34 30 35 0D
1779567427150,74 34 35 31 38 30 30 30 30 30 30 30 30 30 30 30 30 30 30 30 30 0D
1779567427168,74 34 35 31 38 30 30 30 30 30 30 30 30 30 30 30 30 30 30 30 30 0D
1779567427182,74 34 35 31 38 30 30 30 30 30 30 30 30 30 30 30 30 30 30 30 30 0D
1779567427186,74 34 35 35 38 45 41 46 46 30 37 30 30 39 46 46 46 30 30 30 30 0D
1779567427199,74 34 35 37 38 30 30 30 30 30 30 30 30 36 34 31 34 30 30 30 30 0D
1779567427206,74 34 35 31 38 30 30 30 30 30 30 30 30 30 30 30 30 30 30 30 30 0D
1779567427208,74 34 35 35 38 45 41 46 46 30 37 30 30 39 46 46 46 30 30 30 30 0D
1779567427222,74 34 35 31 38 30 30 30 30 30 30 30 30 30 30 30 30 30 30 30 30 0D
1779567427229,74 34 35 35 38 45 41 46 46 30 37 30 30 39 46 46 46 30 30 30 30 0D
1779567427241,74 34 35 30 38 30 30 30 30 30 37 30 30 30 30 30 30 45 34 30 35 0D
1779567427249,74 34 35 31 38 30 30 30 30 30 30 30 30 30 30 30 30 30 30 30 30 0D
1779567427264,74 34 35 31 38 30 30 30 30 30 30 30 30 30 30 30 30 30 30 30 30 0D
1779567427283,74 34 35 31 38 30 30 30 30 30 30 30 30 30 30 30 30 30 30 30 30 0D
1779567427289,74 34 35 35 38 45 41 46 46 30 37 30 30 39 46 46 46 30 30 30 30 0D
1779567427291,74 34 35 37 38 30 30 30 30 30 31 30 30 36 34 31 34 30 30 30 30 0D
1779567427303,74 34 35 31 38 30 30 30 30 30 30 30 30 30 30 30 30 30 30 30 30 0D
1779567427307,74 34 35 35 38 45 41 46 46 30 37 30 30 39 46 46 46 30 30 30 30 0D
1779567427321,74 34 35 31 38 30 30 30 30 30 30 30 30 30 30 30 30 30 30 30 30 0D
1779567427327,74 34 35 35 38 45 41 46 46 30 37 30 30 39 46 46 46 30 30 30 30 0D
1779567427341,74 34 35 30 38 30 30 30 30 30 37 30 30 30 30 30 30 45 34 30 35 0D
1779567427349,74 34 35 31 38 30 30 30 30 30 30 30 30 30 30 30 30 30 30 30 30 0D
1779567427362,74 34 35 31 38 30 30 30 30 30 30 30 30 30 30 30 30 30 30 30 30 0D
1779567427370,74 34 35 35 38 45 41 46 46 30 37 30 30 39 46 46 46 30 30 30 30 0D
1779567427384,74 34 35 31 38 30 30 30 30 30 30 30 30 30 30 30 30 30 30 30 30 0D
1779567427390,74 34 35 35 38 45 41 46 46 30 37 30 30 39 46 46 46 30 30 30 30 0D
1779567427397,74 34 35 37 38 30 30 30 30 30 31 30 30 36 34 31 34 30 30 30 30 0D
1779567427408,74 34 35 31 38 30 30 30 30 30 30 30 30 30 30 30 30 30 30 30 30 0D
1779567427426,74 34 35 31 38 30 30 30 30 30 30 30 30 30 30 30 30 30 30 30 30 0D
1779567427449,74 34 35 30 38 30 30 30 30 30 37 30 30 30 30 30 30 45 34 30 35 0D
1779567427454,74 34 35 34 38 30 31 30 30 30 30 30 30 30 30 30 30 30 30 30 30 0D 74 34 35 35 38 45 41 46 46 30 37 30 30 39 46 46 46 30 30 30 30 0D
1779567427467,74 34 35 31 38 30 30 30 30 30 30 30 30 30 30 30 30 30 30 30 30 0D
1779567427472,74 34 35 36 38 45 44 46 46 30 38 30 30 30 34 30 30 30 30 30 30 0D
1779567427482,74 34 35 31 38 30 30 30 30 30 30 30 30 30 30 30 30 30 30 30 30 0D
1779567427488,74 34 35 35 38 45 41 46 46 30 37 30 30 39 46 46 46 30 30 30 30 0D
1779567427492,74 34 35 37 38 30 30 30 30 30 31 30 30 36 34 31 34 30 30 30 30 0D
1779567427500,74 34 35 31 38 30 30 30 30 30 30 30 30 30 30 30 30 30 30 30 30 0D
1779567427504,74 34 35 35 38 45 41 46 46 30 37 30 30 39 46 46 46 30 30 30 30 0D
1779567427521,74 34 35 31 38 30 30 30 30 30 30 30 30 30 30 30 30 30 30 30 30 0D
1779567427530,74 34 35 35 38 45 41 46 46 30 37 30 30 39 46 46 46 30 30 30 30 0D
1779567427546,74 34 35 30 38 30 30 30 30 30 37 30 30 30 30 30 30 45 34 30 35 0D
1779567427551,74 34 35 31 38 30 30 30 30 30 30 30 30 30 30 30 30 30 30 30 30 0D
1779567427573,74 34 35 31 38 30 30 30 30 30 30 30 30 30 30 30 30 30 30 30 30 0D
1779567427581,74 34 35 31 38 30 30 30 30 30 30 30 30 30 30 30 30 30 30 30 30 0D
1779567427588,74 34 35 35 38 45 41 46 46 30 37 30 30 39 46 46 46 30 30 30 30 0D
1779567427597,74 34 35 37 38 30 30 30 30 30 30 30 30 36 34 31 34 30 30 30 30 0D
1779567427602,74 34 35 31 38 30 30 30 30 30 30 30 30 30 30 30 30 30 30 30 30 0D
1779567427606,74 34 35 35 38 45 41 46 46 30 37 30 30 39 46 46 46 30 30 30 30 0D
1779567427624,74 34 35 31 38 30 30 30 30 30 30 30 30 30 30 30 30 30 30 30 30 0D
1779567427638,74 34 35 35 38 45 41 46 46 30 37 30 30 39 46 46 46 30 30 30 30 0D
1779567427644,74 34 35 30 38 30 30 30 30 30 37 30 30 30 30 30 30 45 34 30 35 0D
1779567427664,74 34 35 31 38 30 30 30 30 30 30 30 30 30 30 30 30 30 30 30 30 0D
1779567427671,74 34 35 35 38 45 39 46 46 30 38 30 30 39 46 46 46 30 30 30 30 0D
1779567427682,74 34 35 31 38 30 30 30 30 30 30 30 30 30 30 30 30 30 30 30 30 0D
1779567427689,74 34 35 35 38 45 39 46 46 30 38 30 30 39 46 46 46 30 30 30 30 0D
1779567427696,74 34 35 37 38 30 30 30 30 30 31 30 30 36 34 31 34 30 30 30 30 0D
1779567427700,74 34 35 31 38 30 30 30 30 30 30 30 30 30 30 30 30 30 30 30 30 0D
1779567427706,74 34 35 35 38 45 39 46 46 30 38 30 30 39 46 46 46 30 30 30 30 0D
1779567427726,74 34 35 31 38 30 30 30 30 30 30 30 30 30 30 30 30 30 30 30 30 0D
1779567427736,74 34 35 35 38 45 39 46 46 30 38 30 30 39 46 46 46 30 30 30 30 0D
1779567427746,74 34 35 30 38 30 30 30 30 30 37 30 30 30 30 30 30 45 34 30 35 0D
1779567427754,30 0D 74 34 35 35 38 45 39 46 46 30 38 30 30 39 46 46 46 30 30 30 30 0D 74 34 35 36 38 45 44 46 46 30 37 30 30 30 34 30 30 30 30 30 30 0D 74 34 35 37 38 30 30 30 30 30 31 30 30 36 34 31 34 30
1779567427764,74 34 35 31 38 30 30 30 30 30 30 30 30 30 30 30 30 30 30 30 30 0D
1779567427768,74 34 35 35 38 45 39 46 46 30 38 30 30 39 46 46 46 30 30 30 30 0D
1779567427779,74 34 35 31 38 30 30 30 30 30 30 30 30 30 30 30 30 30 30 30 30 0D
1779567427783,74 34 35 35 38 45 39 46 46 30 38 30 30 39 46 46 46 30 30 30 30 0D
1779567427790,74 34 35 37 38 30 30 30 30 30 30 30 30 36 34 31 34 30 30 30 30 0D
1779567427798,74 34 35 39 38 44 33 41 34 42 45 31 36 38 31 31 41 30 33 42 37 0D
1779567427806,74 34 35 31 38 30 30 30 30 30 30 30 30 30 30 30 30 30 30 30 30 0D
1779567427824,74 34 35 31 38 30 30 30 30 30 30 30 30 30 30 30 30 30 30 30 30 0D
1779567427831,74 34 35 35 38 45 39 46 46 30 38 30 30 39 46 46 46 30 30 30 30 0D
1779567427840,74 34 35 30 38 30 30 30 30 30 37 30 30 30 30 30 30 45 34 30 35 0D
1779567427848,74 34 35 37 38 30 30 30 30 30 30 30 30 36 34 31 34 30 30 30 30 0D
1779567427861,74 34 35 31 38 30 30 30 30 30 30 30 30 30 30 30 30 30 30 30 30 0D
1779567427865,74 34 35 35 38 45 41 46 46 30 37 30 30 41 30 46 46 30 30 30 30 0D
1779567427881,74 34 35 31 38 30 30 30 30 30 30 30 30 30 30 30 30 30 30 30 30 0D
1779567427886,74 34 35 35 38 45 41 46 46 30 37 30 30 41 30 46 46 30 30 30 30 0D
1779567427898,74 34 35 37 38 30 30 30 30 30 31 30 30 36 34 31 34 30 30 30 30 0D
1779567427903,74 34 35 31 38 30 30 30 30 30 30 30 30 30 30 30 30 30 30 30 30 0D
1779567427906,74 34 35 35 38 45 41 46 46 30 37 30 30 41 30 46 46 30 30 30 30 0D
1779567427918,74 34 35 31 38 30 30 30 30 30 30 30 30 30 30 30 30 30 30 30 30 0D
1779567427926,74 34 35 36 38 45 44 46 46 30 37 30 30 30 34 30 30 30 30 30 30 0D
1779567427954,74 34 35 30 38 30 30 30 30 30 37 30 30 30 30 30 30 45 34 30 35 0D
1779567427956,74 34 35 32 38 38 43 30 30 30 30 30 30 30 30 30 30 30 30 30 30 0D 74 34 35 33 38 39 45 30 30 30 30 30 30 30 30 30 30 30 30 30 30 0D 74 34 35 34 38 30 31 30 30 30 30 30 30 30 30 30 30 30 30 30
1779567427965,74 34 35 31 38 30 30 30 30 30 30 30 30 30 30 30 30 30 30 30 30 0D
1779567427967,74 34 35 35 38 45 41 46 46 30 37 30 30 41 30 46 46 30 30 30 30 0D
1779567427983,74 34 35 31 38 30 30 30 30 30 30 30 30 30 30 30 30 30 30 30 30 0D
1779567427987,74 34 35 35 38 45 41 46 46 30 37 30 30 41 30 46 46 30 30 30 30 0D
1779567427994,74 34 35 37 38 30 30 30 30 30 31 30 30 36 34 31 34 30 30 30 30 0D
1779567428001,74 34 35 31 38 30 30 30 30 30 30 30 30 30 30 30 30 30 30 30 30 0D
1779567428004,74 34 35 35 38 45 41 46 46 30 37 30 30 41 30 46 46 30 30 30 30 0D
1779567428021,74 34 35 31 38 30 30 30 30 30 30 30 30 30 30 30 30 30 30 30 30 0D
1779567428029,74 34 35 35 38 45 41 46 46 30 37 30 30 41 30 46 46 30 30 30 30 0D
1779567428043,74 34 35 30 38 30 30 30 30 30 37 30 30 30 30 30 30 45 34 30 35 0D
1779567428065,74 34 35 32 38 38 43 30 30 30 30 30 30 30 30 30 30 30 30 30 30 0D 74 34 35 33 38 39 45 30 30 30 30 30 30 30 30 30 30 30 30 30 30 0D 74 34 35 34 38 30 31 30 30 30 30 30 30 30 30 30 30 30 30 30
1779567428089,74 34 35 31 38 30 30 30 30 30 30 30 30 30 30 30 30 30 30 30 30 0D
1779567428098,74 34 35 35 38 45 39 46 46 30 37 30 30 39 46 46 46 30 30 30 30 0D
1779567428103,74 34 35 31 38 30 30 30 30 30 30 30 30 30 30 30 30 30 30 30 30 0D
1779567428110,74 34 35 35 38 45 39 46 46 30 37 30 30 39 46 46 46 30 30 30 30 0D
1779567428121,74 34 35 31 38 30 30 30 30 30 30 30 30 30 30 30 30 30 30 30 30 0D
1779567428127,74 34 35 35 38 45 39 46 46 30 37 30 30 39 46 46 46 30 30 30 30 0D
1779567428146,74 34 35 30 38 30 30 30 30 30 37 30 30 30 30 30 30 45 34 30 35 0D
1779567428154,74 34 35 31 38 30 30 30 30 30 30 30 30 30 30 30 30 30 30 30 30 0D
1779567428162,74 34 35 31 38 30 30 30 30 30 30 30 30 30 30 30 30 30 30 30 30 0D
1779567428166,74 34 35 35 38 45 39 46 46 30 37 30 30 39 46 46 46 30 30 30 30 0D
1779567428191,74 34 35 31 38 30 30 30 30 30 30 30 30 30 30 30 30 30 30 30 30 0D
1779567428203,74 34 35 35 38 45 39 46 46 30 37 30 30 39 46 46 46 30 30 30 30 0D
1779567428209,74 34 35 35 38 45 39 46 46 30 37 30 30 39 46 46 46 30 30 30 30 0D
1779567428220,74 34 35 31 38 30 30 30 30 30 30 30 30 30 30 30 30 30 30 30 30 0D
1779567428226,74 34 35 35 38 45 39 46 46 30 37 30 30 39 46 46 46 30 30 30 30 0D
1779567428245,74 34 35 30 38 30 30 30 30 30 37 30 30 30 30 30 30 45 34 30 35 0D
1779567428251,74 34 35 31 38 30 30 30 30 30 30 30 30 30 30 30 30 30 30 30 30 0D
1779567428262,74 34 35 31 38 30 30 30 30 30 30 30 30 30 30 30 30 30 30 30 30 0D
1779567428266,74 34 35 35 38 45 41 46 46 30 37 30 30 39 46 46 46 30 30 30 30 0D
1779567428291,74 34 35 31 38 30 30 30 30 30 30 30 30 30 30 30 30 30 30 30 30 0D
1779567428300,74 34 35 35 38 45 41 46 46 30 37 30 30 39 46 46 46 30 30 30 30 0D
1779567428303,74 34 35 31 38 30 30 30 30 30 30 30 30 30 30 30 30 30 30 30 30 0D
1779567428310,74 34 35 35 38 45 41 46 46 30 37 30 30 39 46 46 46 30 30 30 30 0D
1779567428325,74 34 35 31 38 30 30 30 30 30 30 30 30 30 30 30 30 30 30 30 30 0D
1779567428349,74 34 35 30 38 30 30 30 30 30 37 30 30 30 30 30 30 45 34 30 35 0D
1779567428358,74 34 35 31 38 30 30 30 30 30 30 30 30 30 30 30 30 30 30 30 30 0D
1779567428362,74 34 35 31 38 30 30 30 30 30 30 30 30 30 30 30 30 30 30 30 30 0D
1779567428366,74 34 35 35 38 45 41 46 46 30 37 30 30 39 46 46 46 30 30 30 30 0D
1779567428386,74 34 35 31 38 30 30 30 30 30 30 30 30 30 30 30 30 30 30 30 30 0D
1779567428389,74 34 35 35 38 45 41 46 46 30 37 30 30 39 46 46 46 30 30 30 30 0D
1779567428397,74 34 35 37 38 30 30 30 30 30 30 30 30 36 34 31 34 30 30 30 30 0D
1779567428409,74 34 35 31 38 30 30 30 30 30 30 30 30 30 30 30 30 30 30 30 30 0D
1779567428428,74 34 35 31 38 30 30 30 30 30 30 30 30 30 30 30 30 30 30 30 30 0D
1779567428444,74 34 35 30 38 30 30 30 30 30 37 30 30 30 30 30 30 45 34 30 35 0D
1779567428448,74 34 35 31 38 30 30 30 30 30 30 30 30 30 30 30 30 30 30 30 30 0D
1779567428461,74 34 35 31 38 30 30 30 30 30 30 30 30 30 30 30 30 30 30 30 30 0D
1779567428471,74 34 35 35 38 45 41 46 46 30 36 30 30 39 46 46 46 30 30 30 30 0D
1779567428484,74 34 35 31 38 30 30 30 30 30 30 30 30 30 30 30 30 30 30 30 30 0D
1779567428493,74 34 35 35 38 45 41 46 46 30 36 30 30 39 46 46 46 30 30 30 30 0D
1779567428496,74 34 35 37 38 30 30 30 30 30 30 30 30 36 34 31 34 46 46 46 46 0D
1779567428502,74 34 35 31 38 30 30 30 30 30 30 30 30 30 30 30 30 30 30 30 30 0D
1779567428513,74 34 35 35 38 45 41 46 46 30 36 30 30 39 46 46 46 30 30 30 30 0D
1779567428524,74 34 35 31 38 30 30 30 30 30 30 30 30 30 30 30 30 30 30 30 30 0D
1779567428532,74 34 35 35 38 45 41 46 46 30 36 30 30 39 46 46 46 30 30 30 30 0D
1779567428544,74 34 35 30 38 30 30 30 30 30 37 30 30 30 30 30 30 45 34 30 35 0D
1779567428553,74 34 35 31 38 30 30 30 30 30 30 30 30 30 30 30 30 30 30 30 30 0D
1779567428561,74 34 35 31 38 30 30 30 30 30 30 30 30 30 30 30 30 30 30 30 30 0D
1779567428565,74 34 35 35 38 45 41 46 46 30 36 30 30 39 46 46 46 30 30 30 30 0D
1779567428583,74 34 35 31 38 30 30 30 30 30 30 30 30 30 30 30 30 30 30 30 30 0D
1779567428595,74 34 35 35 38 45 41 46 46 30 36 30 30 39 46 46 46 30 30 30 30 0D
1779567428600,74 34 35 37 38 30 30 30 30 30 30 30 30 36 34 31 34 30 30 30 30 0D
1779567428612,74 34 35 31 38 30 30 30 30 30 30 30 30 30 30 30 30 30 30 30 30 0D
1779567428626,74 34 35 31 38 30 30 30 30 30 30 30 30 30 30 30 30 30 30 30 30 0D
1779567428631,74 34 35 35 38 45 41 46 46 30 36 30 30 39 46 46 46 30 30 30 30 0D
1779567428644,74 34 35 30 38 30 30 30 30 30 37 30 30 30 30 30 30 45 34 30 35 0D
1779567428649,74 34 35 31 38 30 30 30 30 30 30 30 30 30 30 30 30 30 30 30 30 0D
1779567428665,74 34 35 31 38 30 30 30 30 30 30 30 30 30 30 30 30 30 30 30 30 0D
1779567428670,74 34 35 35 38 45 41 46 46 30 37 30 30 39 46 46 46 30 30 30 30 0D
1779567428681,74 34 35 31 38 30 30 30 30 30 30 30 30 30 30 30 30 30 30 30 30 0D
1779567428687,74 34 35 35 38 45 41 46 46 30 37 30 30 39 46 46 46 30 30 30 30 0D
1779567428697,74 34 35 37 38 30 30 30 30 30 30 30 30 36 34 31 34 46 46 46 46 0D
1779567428707,74 34 35 31 38 30 30 30 30 30 30 30 30 30 30 30 30 30 30 30 30 0D
1779567428724,74 34 35 31 38 30 30 30 30 30 30 30 30 30 30 30 30 30 30 30 30 0D
1779567428729,74 34 35 35 38 45 41 46 46 30 37 30 30 39 46 46 46 30 30 30 30 0D
1779567428743,74 34 35 30 38 30 30 30 30 30 37 30 30 30 30 30 30 45 34 30 35 0D
1779567428747,74 34 35 31 38 30 30 30 30 30 30 30 30 30 30 30 30 30 30 30 30 0D
1779567428764,74 34 35 31 38 30 30 30 30 30 30 30 30 30 30 30 30 30 30 30 30 0D
1779567428769,74 34 35 35 38 45 41 46 46 30 37 30 30 39 46 46 46 30 30 30 30 0D
1779567428785,74 34 35 31 38 30 30 30 30 30 30 30 30 30 30 30 30 30 30 30 30 0D
1779567428791,74 34 35 35 38 45 41 46 46 30 37 30 30 39 46 46 46 30 30 30 30 0D
1779567428797,74 34 35 37 38 30 30 30 30 30 30 30 30 36 34 31 34 30 30 30 30 0D
1779567428846,74 34 35 31 38 30 30 30 30 30 30 30 30 30 30 30 30 30 30 30 30 0D
1779567428863,74 34 35 30 38 30 30 30 30 30 37 30 30 30 30 30 30 45 34 30 35 0D
1779567428870,74 34 35 31 38 30 30 30 30 30 30 30 30 30 30 30 30 30 30 30 30 0D
1779567428882,74 34 35 31 38 30 30 30 30 30 30 30 30 30 30 30 30 30 30 30 30 0D
1779567428886,74 34 35 35 38 45 41 46 46 30 37 30 30 39 46 46 46 30 30 30 30 0D
1779567428894,74 34 35 37 38 30 30 30 30 30 31 30 30 36 34 31 34 30 30 30 30 0D
1779567428900,74 34 35 31 38 30 30 30 30 30 30 30 30 30 30 30 30 30 30 30 30 0D
1779567428911,74 34 35 36 38 45 45 46 46 30 37 30 30 30 34 30 30 30 30 30 30 0D
1779567428925,74 34 35 31 38 30 30 30 30 30 30 30 30 30 30 30 30 30 30 30 30 0D
1779567428930,74 34 35 35 38 45 41 46 46 30 37 30 30 39 46 46 46 30 30 30 30 0D
1779567428942,74 34 35 30 38 30 30 30 30 30 37 30 30 30 30 30 30 45 34 30 35 0D
1779567428952,74 34 35 31 38 30 30 30 30 30 30 30 30 30 30 30 30 30 30 30 30 0D
1779567428964,74 34 35 31 38 30 30 30 30 30 30 30 30 30 30 30 30 30 30 30 30 0D
1779567428974,74 34 35 35 38 45 41 46 46 30 37 30 30 39 46 46 46 30 30 30 30 0D
1779567428982,74 34 35 31 38 30 30 30 30 30 30 30 30 30 30 30 30 30 30 30 30 0D
1779567428999,74 34 35 35 38 45 41 46 46 30 37 30 30 39 46 46 46 30 30 30 30 0D
1779567429004,74 34 35 31 38 30 30 30 30 30 30 30 30 30 30 30 30 30 30 30 30 0D
1779567429009,74 34 35 36 38 45 45 46 46 30 37 30 30 30 34 30 30 30 30 30 30 0D
1779567429024,74 34 35 31 38 30 30 30 30 30 30 30 30 30 30 30 30 30 30 30 30 0D
1779567429034,74 34 35 35 38 45 41 46 46 30 37 30 30 39 46 46 46 30 30 30 30 0D
1779567429045,74 34 35 30 38 30 30 30 30 30 37 30 30 30 30 30 30 45 34 30 35 0D
1779567429053,74 34 35 31 38 30 30 30 30 30 30 30 30 30 30 30 30 30 30 30 30 0D
1779567429062,74 34 35 31 38 30 30 30 30 30 30 30 30 30 30 30 30 30 30 30 30 0D
1779567429075,74 34 35 35 38 45 41 46 46 30 37 30 30 39 46 46 46 30 30 30 30 0D
1779567429079,74 34 35 31 38 30 30 30 30 30 30 30 30 30 30 30 30 30 30 30 30 0D
1779567429100,74 34 35 35 38 45 41 46 46 30 37 30 30 39 46 46 46 30 30 30 30 0D
1779567429106,74 34 35 31 38 30 30 30 30 30 30 30 30 30 30 30 30 30 30 30 30 0D
1779567429123,74 34 35 31 38 30 30 30 30 30 30 30 30 30 30 30 30 30 30 30 30 0D
1779567429137,74 34 35 35 38 45 41 46 46 30 37 30 30 39 46 46 46 30 30 30 30 0D
1779567429147,74 34 35 30 38 30 30 30 30 30 37 30 30 30 30 30 30 45 34 30 35 0D
1779567429154,74 34 35 31 38 30 30 30 30 30 30 30 30 30 30 30 30 30 30 30 30 0D
1779567429168,74 34 35 31 38 30 30 30 30 30 30 30 30 30 30 30 30 30 30 30 30 0D
1779567429184,74 34 35 35 38 45 41 46 46 30 37 30 30 39 46 46 46 30 30 30 30 0D
1779567429198,74 34 35 31 38 30 30 30 30 30 30 30 30 30 30 30 30 30 30 30 30 0D
1779567429202,74 34 35 37 38 30 30 30 30 30 30 30 30 36 34 31 34 30 30 30 30 0D
1779567429208,74 34 35 35 38 45 41 46 46 30 37 30 30 39 46 46 46 30 30 30 30 0D
1779567429225,74 34 35 31 38 30 30 30 30 30 30 30 30 30 30 30 30 30 30 30 30 0D
1779567429242,74 34 35 30 38 30 30 30 30 30 37 30 30 30 30 30 30 45 34 30 35 0D
1779567429257,74 34 35 31 38 30 30 30 30 30 30 30 30 30 30 30 30 30 30 30 30 0D
1779567429261,74 34 35 31 38 30 30 30 30 30 30 30 30 30 30 30 30 30 30 30 30 0D
1779567429274,74 34 35 35 38 45 41 46 46 30 37 30 30 39 46 46 46 30 30 30 30 0D
1779567429280,74 34 35 31 38 30 30 30 30 30 30 30 30 30 30 30 30 30 30 30 30 0D
1779567429299,74 34 35 35 38 45 41 46 46 30 37 30 30 39 46 46 46 30 30 30 30 0D
1779567429305,74 34 35 31 38 30 30 30 30 30 30 30 30 30 30 30 30 30 30 30 30 0D
1779567429309,74 34 35 35 38 45 41 46 46 30 37 30 30 39 46 46 46 30 30 30 30 0D
1779567429324,74 34 35 31 38 30 30 30 30 30 30 30 30 30 30 30 30 30 30 30 30 0D
1779567429330,74 34 35 35 38 45 41 46 46 30 37 30 30 39 46 46 46 30 30 30 30 0D
1779567429345,74 34 35 30 38 30 30 30 30 30 37 30 30 30 30 30 30 45 34 30 35 0D
1779567429362,74 34 35 31 38 30 30 30 30 30 30 30 30 30 30 30 30 30 30 30 30 0D
1779567429369,74 34 35 31 38 30 30 30 30 30 30 30 30 30 30 30 30 30 30 30 30 0D
1779567429381,74 34 35 31 38 30 30 30 30 30 30 30 30 30 30 30 30 30 30 30 30 0D
1779567429396,74 34 35 35 38 45 41 46 46 30 37 30 30 39 46 46 46 30 30 30 30 0D
1779567429401,74 34 35 31 38 30 30 30 30 30 30 30 30 30 30 30 30 30 30 30 30 0D
1779567429407,74 34 35 35 38 45 41 46 46 30 37 30 30 39 46 46 46 30 30 30 30 0D
1779567429423,74 34 35 31 38 30 30 30 30 30 30 30 30 30 30 30 30 30 30 30 30 0D
1779567429434,74 34 35 35 38 45 41 46 46 30 37 30 30 39 46 46 46 30 30 30 30 0D
1779567429446,74 34 35 30 38 30 30 30 30 30 37 30 30 30 30 30 30 45 34 30 35 0D
1779567429452,74 34 35 31 38 30 30 30 30 30 30 30 30 30 30 30 30 30 30 30 30 0D
1779567429459,74 34 35 31 38 30 30 30 30 30 30 30 30 30 30 30 30 30 30 30 30 0D
1779567429478,74 34 35 35 38 45 41 46 46 30 37 30 30 39 46 46 46 30 30 30 30 0D
1779567429481,74 34 35 31 38 30 30 30 30 30 30 30 30 30 30 30 30 30 30 30 30 0D
1779567429501,74 34 35 35 38 45 41 46 46 30 37 30 30 39 46 46 46 30 30 30 30 0D
1779567429508,74 34 35 31 38 30 30 30 30 30 30 30 30 30 30 30 30 30 30 30 30 0D
1779567429522,74 34 35 31 38 30 30 30 30 30 30 30 30 30 30 30 30 30 30 30 30 0D
1779567429529,74 34 35 35 38 45 41 46 46 30 37 30 30 39 46 46 46 30 30 30 30 0D
1779567429540,74 34 35 30 38 30 30 30 30 30 37 30 30 30 30 30 30 45 34 30 35 0D
1779567429548,74 34 35 31 38 30 30 30 30 30 30 30 30 30 30 30 30 30 30 30 30 0D
1779567429561,74 34 35 31 38 30 30 30 30 30 30 30 30 30 30 30 30 30 30 30 30 0D
1779567429573,74 34 35 35 38 45 41 46 46 30 37 30 30 39 46 46 46 30 30 30 30 0D
1779567429583,74 34 35 31 38 30 30 30 30 30 30 30 30 30 30 30 30 30 30 30 30 0D
1779567429600,74 34 35 35 38 45 41 46 46 30 37 30 30 39 46 46 46 30 30 30 30 0D
1779567429609,74 34 35 31 38 30 30 30 30 30 30 30 30 30 30 30 30 30 30 30 30 0D
1779567429624,74 34 35 31 38 30 30 30 30 30 30 30 30 30 30 30 30 30 30 30 30 0D
1779567429631,74 34 35 35 38 45 41 46 46 30 37 30 30 39 46 46 46 30 30 30 30 0D
1779567429642,74 34 35 30 38 30 30 30 30 30 37 30 30 30 30 30 30 45 34 30 35 0D
1779567429664,74 34 35 31 38 30 30 30 30 30 30 30 30 30 30 30 30 30 30 30 30 0D
1779567429669,74 34 35 31 38 30 30 30 30 30 30 30 30 30 30 30 30 30 30 30 30 0D
1779567429676,74 34 35 35 38 45 39 46 46 30 38 30 30 39 46 46 46 30 30 30 30 0D
1779567429678,74 34 35 31 38 30 30 30 30 30 30 30 30 30 30 30 30 30 30 30 30 0D
1779567429690,74 34 35 35 38 45 39 46 46 30 38 30 30 39 46 46 46 30 30 30 30 0D
1779567429709,74 34 35 37 38 30 30 30 30 30 30 30 30 36 34 31 34 30 30 30 30 0D
1779567429724,74 34 35 31 38 30 30 30 30 30 30 30 30 30 30 30 30 30 30 30 30 0D
1779567429738,74 34 35 35 38 45 39 46 46 30 38 30 30 39 46 46 46 30 30 30 30 0D
1779567429743,74 34 35 30 38 30 30 30 30 30 37 30 30 30 30 30 30 45 34 30 35 0D
1779567429756,74 34 35 31 38 30 30 30 30 30 30 30 30 30 30 30 30 30 30 30 30 0D
1779567429761,74 34 35 31 38 30 30 30 30 30 30 30 30 30 30 30 30 30 30 30 30 0D
1779567429770,74 34 35 35 38 45 39 46 46 30 38 30 30 39 46 46 46 30 30 30 30 0D
1779567429779,74 34 35 31 38 30 30 30 30 30 30 30 30 30 30 30 30 30 30 30 30 0D
1779567429799,74 34 35 35 38 45 39 46 46 30 38 30 30 39 46 46 46 30 30 30 30 0D
1779567429806,74 34 35 31 38 30 30 30 30 30 30 30 30 30 30 30 30 30 30 30 30 0D
1779567429811,74 34 35 35 38 45 39 46 46 30 38 30 30 39 46 46 46 30 30 30 30 0D
1779567429822,74 34 35 31 38 30 30 30 30 30 30 30 30 30 30 30 30 30 30 30 30 0D
1779567429830,74 34 35 35 38 45 39 46 46 30 38 30 30 39 46 46 46 30 30 30 30 0D
1779567429843,74 34 35 30 38 30 30 30 30 30 37 30 30 30 30 30 30 45 34 30 35 0D
1779567429857,74 34 35 31 38 30 30 30 30 30 30 30 30 30 30 30 30 30 30 30 30 0D
1779567429860,74 34 35 31 38 30 30 30 30 30 30 30 30 30 30 30 30 30 30 30 30 0D
1779567429876,74 34 35 35 38 45 41 46 46 30 37 30 30 39 46 46 46 30 30 30 30 0D
1779567429880,74 34 35 31 38 30 30 30 30 30 30 30 30 30 30 30 30 30 30 30 30 0D
1779567429893,74 34 35 35 38 45 41 46 46 30 37 30 30 39 46 46 46 30 30 30 30 0D
1779567429899,74 34 35 37 38 30 30 30 30 30 30 30 30 36 34 31 34 30 30 30 30 0D
1779567429905,74 34 35 31 38 30 30 30 30 30 30 30 30 30 30 30 30 30 30 30 30 0D
1779567429924,74 34 35 31 38 30 30 30 30 30 30 30 30 30 30 30 30 30 30 30 30 0D
1779567429938,74 34 35 35 38 45 41 46 46 30 37 30 30 39 46 46 46 30 30 30 30 0D
1779567429942,74 34 35 30 38 30 30 30 30 30 37 30 30 30 30 30 30 45 34 30 35 0D
1779567429957,74 34 35 31 38 30 30 30 30 30 30 30 30 30 30 30 30 30 30 30 30 0D
1779567429963,74 34 35 31 38 30 30 30 30 30 30 30 30 30 30 30 30 30 30 30 30 0D
1779567429972,74 34 35 35 38 45 41 46 46 30 37 30 30 39 46 46 46 30 30 30 30 0D
1779567429981,74 34 35 31 38 30 30 30 30 30 30 30 30 30 30 30 30 30 30 30 30 0D
1779567430003,74 34 35 35 38 45 41 46 46 30 37 30 30 39 46 46 46 30 30 30 30 0D
1779567430004,74 34 35 31 38 30 30 30 30 30 30 30 30 30 30 30 30 30 30 30 30 0D
1779567430025,74 34 35 31 38 30 30 30 30 30 30 30 30 30 30 30 30 30 30 30 30 0D
1779567430028,74 34 35 35 38 45 41 46 46 30 37 30 30 39 46 46 46 30 30 30 30 0D
1779567430041,74 34 35 30 38 30 30 30 30 30 37 30 30 30 30 30 30 45 34 30 35 0D
1779567430054,74 34 35 31 38 30 30 30 30 30 30 30 30 30 30 30 30 30 30 30 30 0D
1779567430060,74 34 35 31 38 30 30 30 30 30 30 30 30 30 30 30 30 30 30 30 30 0D
1779567430076,74 34 35 35 38 45 41 46 46 30 37 30 30 39 46 46 46 30 30 30 30 0D
1779567430082,74 34 35 31 38 30 30 30 30 30 30 30 30 30 30 30 30 30 30 30 30 0D
1779567430089,74 34 35 35 38 45 41 46 46 30 37 30 30 39 46 46 46 30 30 30 30 0D
1779567430105,74 34 35 37 38 30 30 30 30 30 30 30 30 36 34 31 34 30 30 30 30 0D
1779567430115,74 34 35 36 38 45 44 46 46 30 37 30 30 30 34 30 30 30 30 30 30 0D
1779567430121,74 34 35 31 38 30 30 30 30 30 30 30 30 30 30 30 30 30 30 30 30 0D
1779567430130,74 34 35 35 38 45 41 46 46 30 37 30 30 39 46 46 46 30 30 30 30 0D
1779567430144,74 34 35 30 38 30 30 30 30 30 37 30 30 30 30 30 30 45 34 30 35 0D
1779567430156,74 34 35 31 38 30 30 30 30 30 30 30 30 30 30 30 30 30 30 30 30 0D
1779567430163,74 34 35 31 38 30 30 30 30 30 30 30 30 30 30 30 30 30 30 30 30 0D
1779567430172,74 34 35 35 38 45 41 46 46 30 37 30 30 39 46 46 46 30 30 30 30 0D
1779567430181,74 34 35 31 38 30 30 30 30 30 30 30 30 30 30 30 30 30 30 30 30 0D
1779567430203,74 34 35 35 38 45 41 46 46 30 37 30 30 39 46 46 46 30 30 30 30 0D
1779567430209,74 34 35 31 38 30 30 30 30 30 30 30 30 30 30 30 30 30 30 30 30 0D
1779567430222,74 34 35 31 38 30 30 30 30 30 30 30 30 30 30 30 30 30 30 30 30 0D
1779567430230,74 34 35 35 38 45 41 46 46 30 37 30 30 39 46 46 46 30 30 30 30 0D
1779567430240,74 34 35 30 38 30 30 30 30 30 37 30 30 30 30 30 30 45 34 30 35 0D
1779567430254,74 34 35 31 38 30 30 30 30 30 30 30 30 30 30 30 30 30 30 30 30 0D
1779567430262,74 34 35 31 38 30 30 30 30 30 30 30 30 30 30 30 30 30 30 30 30 0D
1779567430273,74 34 35 35 38 45 41 46 46 30 37 30 30 39 46 46 46 30 30 30 30 0D
1779567430285,74 34 35 31 38 30 30 30 30 30 30 30 30 30 30 30 30 30 30 30 30 0D
1779567430292,74 34 35 35 38 45 41 46 46 30 37 30 30 39 46 46 46 30 30 30 30 0D
1779567430298,74 34 35 37 38 30 30 30 30 30 30 30 30 36 34 31 34 30 30 30 30 0D
1779567430313,74 34 35 39 38 43 32 41 34 42 45 31 36 43 36 31 41 30 33 42 37 0D
1779567430323,74 34 35 31 38 30 30 30 30 30 30 30 30 30 30 30 30 30 30 30 30 0D
1779567430327,74 34 35 35 38 45 41 46 46 30 37 30 30 39 46 46 46 30 30 30 30 0D
1779567430338,74 34 35 30 38 30 30 30 30 30 37 30 30 30 30 30 30 45 34 30 35 0D
1779567430357,74 34 35 31 38 30 30 30 30 30 30 30 30 30 30 30 30 30 30 30 30 0D
1779567430364,74 34 35 31 38 30 30 30 30 30 30 30 30 30 30 30 30 30 30 30 30 0D
1779567430378,74 34 35 35 38 45 41 46 46 30 37 30 30 39 46 46 46 30 30 30 30 0D
1779567430385,74 34 35 31 38 30 30 30 30 30 30 30 30 30 30 30 30 30 30 30 30 0D
1779567430392,74 34 35 37 38 30 30 30 30 30 30 30 30 36 34 31 34 30 30 30 30 0D
1779567430409,74 34 35 39 38 43 31 41 34 42 45 31 36 43 38 31 41 30 33 42 37 0D
1779567430425,74 34 35 31 38 30 30 30 30 30 30 30 30 30 30 30 30 30 30 30 30 0D
1779567430431,74 34 35 35 38 45 41 46 46 30 37 30 30 39 46 46 46 30 30 30 30 0D
1779567430440,74 34 35 30 38 30 30 30 30 30 37 30 30 30 30 30 30 45 34 30 35 0D
1779567430453,74 34 35 31 38 30 30 30 30 30 30 30 30 30 30 30 30 30 30 30 30 0D
1779567430461,74 34 35 31 38 30 30 30 30 30 30 30 30 30 30 30 30 30 30 30 30 0D
1779567430480,74 34 35 35 38 45 41 46 46 30 37 30 30 39 46 46 46 30 30 30 30 0D
1779567430489,74 34 35 31 38 30 30 30 30 30 30 30 30 30 30 30 30 30 30 30 30 0D
1779567430499,74 34 35 35 38 45 41 46 46 30 37 30 30 39 46 46 46 30 30 30 30 0D
1779567430507,74 34 35 31 38 30 30 30 30 30 30 30 30 30 30 30 30 30 30 30 30 0D
1779567430522,74 34 35 31 38 30 30 30 30 30 30 30 30 30 30 30 30 30 30 30 30 0D
1779567430527,74 34 35 35 38 45 41 46 46 30 37 30 30 39 46 46 46 30 30 30 30 0D
1779567430541,74 34 35 30 38 30 30 30 30 30 37 30 30 30 30 30 30 45 34 30 35 0D
1779567430558,74 34 35 31 38 30 30 30 30 30 30 30 30 30 30 30 30 30 30 30 30 0D
1779567430563,74 34 35 31 38 30 30 30 30 30 30 30 30 30 30 30 30 30 30 30 30 0D
1779567430581,74 34 35 31 38 30 30 30 30 30 30 30 30 30 30 30 30 30 30 30 30 0D
1779567430594,74 34 35 35 38 45 41 46 46 30 37 30 30 39 46 46 46 30 30 30 30 0D
1779567430601,74 34 35 31 38 30 30 30 30 30 30 30 30 30 30 30 30 30 30 30 30 0D
1779567430610,74 34 35 35 38 45 41 46 46 30 37 30 30 39 46 46 46 30 30 30 30 0D
1779567430620,74 34 35 31 38 30 30 30 30 30 30 30 30 30 30 30 30 30 30 30 30 0D
1779567430635,74 34 35 35 38 45 41 46 46 30 37 30 30 39 46 46 46 30 30 30 30 0D
1779567430639,74 34 35 30 38 30 30 30 30 30 37 30 30 30 30 30 30 45 34 30 35 0D
1779567430654,74 34 35 31 38 30 30 30 30 30 30 30 30 30 30 30 30 30 30 30 30 0D
1779567430657,74 34 35 31 38 30 30 30 30 30 30 30 30 30 30 30 30 30 30 30 30 0D
1779567430669,74 34 35 35 38 45 41 46 46 30 37 30 30 39 46 46 46 30 30 30 30 0D
1779567430677,74 34 35 31 38 30 30 30 30 30 30 30 30 30 30 30 30 30 30 30 30 0D
1779567430712,74 34 35 35 38 45 41 46 46 30 37 30 30 39 46 46 46 30 30 30 30 0D
1779567430729,74 34 35 31 38 30 30 30 30 30 30 30 30 30 30 30 30 30 30 30 30 0D
1779567430757,74 34 35 35 38 45 41 46 46 30 37 30 30 39 46 46 46 30 30 30 30 0D
1779567430764,74 34 35 31 38 30 30 30 30 30 30 30 30 30 30 30 30 30 30 30 30 0D
1779567430773,74 34 35 35 38 45 41 46 46 30 37 30 30 39 46 46 46 30 30 30 30 0D
1779567430784,74 34 35 31 38 30 30 30 30 30 30 30 30 30 30 30 30 30 30 30 30 0D
1779567430793,74 34 35 35 38 45 41 46 46 30 37 30 30 39 46 46 46 30 30 30 30 0D
1779567430805,74 34 35 37 38 30 30 30 30 30 31 30 30 36 34 31 34 30 30 30 30 0D
1779567430812,74 34 35 31 38 30 30 30 30 30 30 30 30 30 30 30 30 30 30 30 30 0D
1779567430827,74 34 35 31 38 30 30 30 30 30 30 30 30 30 30 30 30 30 30 30 30 0D
1779567430853,74 34 35 35 38 45 41 46 46 30 37 30 30 39 46 46 46 30 30 30 30 0D
1779567430859,74 34 35 31 38 30 30 30 30 30 30 30 30 30 30 30 30 30 30 30 30 0D
1779567430870,74 34 35 35 38 45 41 46 46 30 37 30 30 39 46 46 46 30 30 30 30 0D
1779567430879,74 34 35 31 38 30 30 30 30 30 30 30 30 30 30 30 30 30 30 30 30 0D
1779567430896,74 34 35 35 38 45 41 46 46 30 37 30 30 39 46 46 46 30 30 30 30 0D
1779567430903,74 34 35 31 38 30 30 30 30 30 30 30 30 30 30 30 30 30 30 30 30 0D
1779567430911,74 34 35 35 38 45 41 46 46 30 37 30 30 39 46 46 46 30 30 30 30 0D
1779567430928,74 34 35 31 38 30 30 30 30 30 30 30 30 30 30 30 30 30 30 30 30 0D
1779567430937,74 34 35 35 38 45 41 46 46 30 37 30 30 39 46 46 46 30 30 30 30 0D
1779567430944,74 34 35 30 38 30 30 30 30 30 37 30 30 30 30 30 30 45 34 30 35 0D
1779567430952,74 34 35 31 38 30 30 30 30 30 30 30 30 30 30 30 30 30 30 30 30 0D
1779567430960,74 34 35 31 38 30 30 30 30 30 30 30 30 30 30 30 30 30 30 30 30 0D
1779567430976,74 34 35 35 38 45 41 46 46 30 37 30 30 39 46 46 46 30 30 30 30 0D
1779567430987,74 34 35 31 38 30 30 30 30 30 30 30 30 30 30 30 30 30 30 30 30 0D
1779567431002,74 34 35 35 38 45 41 46 46 30 37 30 30 39 46 46 46 30 30 30 30 0D
1779567431010,74 34 35 35 38 45 41 46 46 30 37 30 30 39 46 46 46 30 30 30 30 0D
1779567431023,74 34 35 31 38 30 30 30 30 30 30 30 30 30 30 30 30 30 30 30 30 0D
1779567431034,74 34 35 35 38 45 41 46 46 30 37 30 30 39 46 46 46 30 30 30 30 0D
1779567431039,74 34 35 30 38 30 30 30 30 30 37 30 30 30 30 30 30 45 34 30 35 0D
1779567431051,74 34 35 31 38 30 30 30 30 30 30 30 30 30 30 30 30 30 30 30 30 0D
1779567431058,74 34 35 31 38 30 30 30 30 30 30 30 30 30 30 30 30 30 30 30 30 0D
1779567431068,74 34 35 35 38 45 41 46 46 30 37 30 30 39 45 46 46 30 30 30 30 0D
1779567431084,74 34 35 31 38 30 30 30 30 30 30 30 30 30 30 30 30 30 30 30 30 0D
1779567431102,74 34 35 35 38 45 41 46 46 30 37 30 30 39 45 46 46 30 30 30 30 0D
1779567431108,74 34 35 31 38 30 30 30 30 30 30 30 30 30 30 30 30 30 30 30 30 0D
1779567431123,74 34 35 31 38 30 30 30 30 30 30 30 30 30 30 30 30 30 30 30 30 0D
1779567431134,74 34 35 35 38 45 41 46 46 30 37 30 30 39 45 46 46 30 30 30 30 0D
1779567431140,74 34 35 30 38 30 30 30 30 30 37 30 30 30 30 30 30 45 34 30 35 0D
1779567431156,74 34 35 31 38 30 30 30 30 30 30 30 30 30 30 30 30 30 30 30 30 0D
1779567431163,74 34 35 31 38 30 30 30 30 30 30 30 30 30 30 30 30 30 30 30 30 0D
1779567431173,74 34 35 35 38 45 41 46 46 30 37 30 30 39 45 46 46 30 30 30 30 0D
1779567431184,74 34 35 31 38 30 30 30 30 30 30 30 30 30 30 30 30 30 30 30 30 0D
1779567431200,74 34 35 35 38 45 41 46 46 30 37 30 30 39 45 46 46 30 30 30 30 0D
1779567431206,74 34 35 31 38 30 30 30 30 30 30 30 30 30 30 30 30 30 30 30 30 0D
1779567431208,74 34 35 35 38 45 41 46 46 30 37 30 30 39 45 46 46 30 30 30 30 0D
1779567431222,74 34 35 31 38 30 30 30 30 30 30 30 30 30 30 30 30 30 30 30 30 0D
1779567431235,74 34 35 35 38 45 41 46 46 30 37 30 30 39 45 46 46 30 30 30 30 0D
1779567431242,74 34 35 30 38 30 30 30 30 30 37 30 30 30 30 30 30 45 34 30 35 0D
1779567431253,74 34 35 31 38 30 30 30 30 30 30 30 30 30 30 30 30 30 30 30 30 0D
1779567431260,74 34 35 31 38 30 30 30 30 30 30 30 30 30 30 30 30 30 30 30 30 0D
1779567431274,74 34 35 35 38 45 41 46 46 30 37 30 30 39 46 46 46 30 30 30 30 0D
1779567431283,74 34 35 31 38 30 30 30 30 30 30 30 30 30 30 30 30 30 30 30 30 0D
1779567431301,74 34 35 35 38 45 41 46 46 30 37 30 30 39 46 46 46 30 30 30 30 0D
1779567431306,74 34 35 31 38 30 30 30 30 30 30 30 30 30 30 30 30 30 30 30 30 0D
1779567431323,74 34 35 31 38 30 30 30 30 30 30 30 30 30 30 30 30 30 30 30 30 0D
1779567431334,74 34 35 35 38 45 41 46 46 30 37 30 30 39 46 46 46 30 30 30 30 0D
1779567431341,74 34 35 30 38 30 30 30 30 30 37 30 30 30 30 30 30 45 34 30 35 0D
1779567431352,74 34 35 31 38 30 30 30 30 30 30 30 30 30 30 30 30 30 30 30 30 0D
1779567431360,74 34 35 31 38 30 30 30 30 30 30 30 30 30 30 30 30 30 30 30 30 0D
1779567431372,74 34 35 35 38 45 41 46 46 30 37 30 30 39 46 46 46 30 30 30 30 0D
1779567431382,74 34 35 31 38 30 30 30 30 30 30 30 30 30 30 30 30 30 30 30 30 0D
1779567431413,74 34 35 35 38 45 41 46 46 30 37 30 30 39 46 46 46 30 30 30 30 0D
1779567431423,74 34 35 31 38 30 30 30 30 30 30 30 30 30 30 30 30 30 30 30 30 0D
1779567431434,74 34 35 35 38 45 41 46 46 30 37 30 30 39 46 46 46 30 30 30 30 0D
1779567431442,74 34 35 30 38 30 30 30 30 30 37 30 30 30 30 30 30 45 34 30 35 0D
1779567431456,74 34 35 31 38 30 30 30 30 30 30 30 30 30 30 30 30 30 30 30 30 0D
1779567431462,74 34 35 31 38 30 30 30 30 30 30 30 30 30 30 30 30 30 30 30 30 0D
1779567431465,74 34 35 36 38 45 45 46 46 30 38 30 30 30 35 30 30 30 30 30 30 0D
1779567431482,74 34 35 31 38 30 30 30 30 30 30 30 30 30 30 30 30 30 30 30 30 0D
1779567431504,74 34 35 35 38 45 39 46 46 30 36 30 30 39 46 46 46 30 30 30 30 0D
1779567431512,74 34 35 31 38 30 30 30 30 30 30 30 30 30 30 30 30 30 30 30 30 0D
1779567431521,74 34 35 31 38 30 30 30 30 30 30 30 30 30 30 30 30 30 30 30 30 0D
1779567431528,74 34 35 35 38 45 39 46 46 30 36 30 30 39 46 46 46 30 30 30 30 0D
1779567431538,74 34 35 30 38 30 30 30 30 30 37 30 30 30 30 30 30 45 34 30 35 0D
1779567431556,74 34 35 31 38 30 30 30 30 30 30 30 30 30 30 30 30 30 30 30 30 0D
1779567431564,74 34 35 31 38 30 30 30 30 30 30 30 30 30 30 30 30 30 30 30 30 0D
1779567431583,74 34 35 31 38 30 30 30 30 30 30 30 30 30 30 30 30 30 30 30 30 0D
1779567431602,74 34 35 35 38 45 39 46 46 30 36 30 30 39 46 46 46 30 30 30 30 0D
1779567431613,74 34 35 31 38 30 30 30 30 30 30 30 30 30 30 30 30 30 30 30 30 0D
1779567431625,74 34 35 31 38 30 30 30 30 30 30 30 30 30 30 30 30 30 30 30 30 0D
1779567431635,74 34 35 35 38 45 39 46 46 30 36 30 30 39 46 46 46 30 30 30 30 0D
1779567431642,74 34 35 30 38 30 30 30 30 30 37 30 30 30 30 30 30 45 34 30 35 0D
1779567431655,74 34 35 31 38 30 30 30 30 30 30 30 30 30 30 30 30 30 30 30 30 0D
1779567431658,74 34 35 31 38 30 30 30 30 30 30 30 30 30 30 30 30 30 30 30 30 0D
1779567431671,74 34 35 35 38 45 41 46 46 30 37 30 30 39 46 46 46 30 30 30 30 0D
1779567431682,74 34 35 31 38 30 30 30 30 30 30 30 30 30 30 30 30 30 30 30 30 0D
1779567431690,74 34 35 35 38 45 41 46 46 30 37 30 30 39 46 46 46 30 30 30 30 0D
1779567431696,74 34 35 37 38 30 30 30 30 30 30 30 30 36 34 31 34 30 30 30 30 0D
1779567431702,74 34 35 31 38 30 30 30 30 30 30 30 30 30 30 30 30 30 30 30 30 0D
1779567431709,74 34 35 35 38 45 41 46 46 30 37 30 30 39 46 46 46 30 30 30 30 0D
1779567431719,74 34 35 31 38 30 30 30 30 30 30 30 30 30 30 30 30 30 30 30 30 0D
1779567431730,74 34 35 35 38 45 41 46 46 30 37 30 30 39 46 46 46 30 30 30 30 0D
1779567431740,74 34 35 30 38 30 30 30 30 30 37 30 30 30 30 30 30 45 34 30 35 0D
1779567431753,74 34 35 31 38 30 30 30 30 30 30 30 30 30 30 30 30 30 30 30 30 0D
1779567431759,74 34 35 31 38 30 30 30 30 30 30 30 30 30 30 30 30 30 30 30 30 0D
1779567431770,74 34 35 35 38 45 41 46 46 30 37 30 30 39 46 46 46 30 30 30 30 0D
1779567431781,74 34 35 31 38 30 30 30 30 30 30 30 30 30 30 30 30 30 30 30 30 0D
1779567431801,74 34 35 35 38 45 41 46 46 30 37 30 30 39 46 46 46 30 30 30 30 0D
1779567431809,74 34 35 31 38 30 30 30 30 30 30 30 30 30 30 30 30 30 30 30 30 0D
1779567431820,74 34 35 31 38 30 30 30 30 30 30 30 30 30 30 30 30 30 30 30 30 0D
1779567431831,74 34 35 35 38 45 41 46 46 30 37 30 30 39 46 46 46 30 30 30 30 0D
1779567431839,74 34 35 30 38 30 30 30 30 30 37 30 30 30 30 30 30 45 34 30 35 0D
1779567431852,74 34 35 31 38 30 30 30 30 30 30 30 30 30 30 30 30 30 30 30 30 0D
1779567431858,74 34 35 31 38 30 30 30 30 30 30 30 30 30 30 30 30 30 30 30 30 0D
1779567431871,74 34 35 35 38 45 41 46 46 30 37 30 30 39 45 46 46 30 30 30 30 0D
1779567431881,74 34 35 31 38 30 30 30 30 30 30 30 30 30 30 30 30 30 30 30 30 0D
1779567431900,74 34 35 35 38 45 41 46 46 30 37 30 30 39 45 46 46 30 30 30 30 0D
1779567431906,74 34 35 31 38 30 30 30 30 30 30 30 30 30 30 30 30 30 30 30 30 0D
1779567431925,74 34 35 31 38 30 30 30 30 30 30 30 30 30 30 30 30 30 30 30 30 0D
1779567431938,74 34 35 35 38 45 41 46 46 30 37 30 30 39 45 46 46 30 30 30 30 0D
1779567431944,74 34 35 30 38 30 30 30 30 30 37 30 30 30 30 30 30 45 34 30 35 0D
1779567431953,74 34 35 37 38 30 30 30 30 30 31 30 30 36 34 31 34 30 31 30 30 0D
1779567431959,74 34 35 31 38 30 30 30 30 30 30 30 30 30 30 30 30 30 30 30 30 0D
1779567431975,74 34 35 35 38 45 41 46 46 30 37 30 30 39 45 46 46 30 30 30 30 0D
1779567431988,74 34 35 31 38 30 30 30 30 30 30 30 30 30 30 30 30 30 30 30 30 0D
1779567431997,74 34 35 35 38 45 41 46 46 30 37 30 30 39 45 46 46 30 30 30 30 0D
1779567432015,74 34 35 37 38 30 30 30 30 30 30 30 30 36 34 31 34 30 30 30 30 0D
1779567432020,74 34 35 31 38 30 30 30 30 30 30 30 30 30 30 30 30 30 30 30 30 0D
1779567432037,74 34 35 35 38 45 41 46 46 30 37 30 30 39 45 46 46 30 30 30 30 0D
1779567432041,74 34 35 30 38 30 30 30 30 30 37 30 30 30 30 30 30 45 34 30 35 0D
1779567432051,74 34 35 31 38 30 30 30 30 30 30 30 30 30 30 30 30 30 30 30 30 0D
1779567432058,74 34 35 31 38 30 30 30 30 30 30 30 30 30 30 30 30 30 30 30 30 0D
1779567432069,74 34 35 35 38 45 41 46 46 30 37 30 30 39 45 46 46 30 30 30 30 0D
1779567432080,74 34 35 31 38 30 30 30 30 30 30 30 30 30 30 30 30 30 30 30 30 0D
1779567432098,74 34 35 35 38 45 41 46 46 30 37 30 30 39 45 46 46 30 30 30 30 0D
1779567432101,74 34 35 31 38 30 30 30 30 30 30 30 30 30 30 30 30 30 30 30 30 0D
1779567432111,74 34 35 35 38 45 41 46 46 30 37 30 30 39 45 46 46 30 30 30 30 0D
1779567432122,74 34 35 31 38 30 30 30 30 30 30 30 30 30 30 30 30 30 30 30 30 0D
1779567432132,74 34 35 35 38 45 41 46 46 30 37 30 30 39 45 46 46 30 30 30 30 0D
1779567432139,74 34 35 30 38 30 30 30 30 30 37 30 30 30 30 30 30 45 34 30 35 0D
1779567432148,74 34 35 31 38 30 30 30 30 30 30 30 30 30 30 30 30 30 30 30 30 0D
1779567432161,74 34 35 31 38 30 30 30 30 30 30 30 30 30 30 30 30 30 30 30 30 0D
1779567432173,74 34 35 35 38 45 41 46 46 30 37 30 30 39 45 46 46 30 30 30 30 0D
1779567432182,74 34 35 31 38 30 30 30 30 30 30 30 30 30 30 30 30 30 30 30 30 0D
1779567432197,74 34 35 35 38 45 41 46 46 30 37 30 30 39 45 46 46 30 30 30 30 0D
1779567432199,74 34 35 31 38 30 30 30 30 30 30 30 30 30 30 30 30 30 30 30 30 0D
1779567432212,74 34 35 36 38 45 45 46 46 30 37 30 30 30 34 30 30 30 30 30 30 0D
1779567432219,74 34 35 31 38 30 30 30 30 30 30 30 30 30 30 30 30 30 30 30 30 0D
1779567432237,74 34 35 35 38 45 41 46 46 30 37 30 30 39 45 46 46 30 30 30 30 0D
1779567432244,74 34 35 30 38 30 30 30 30 30 37 30 30 30 30 30 30 45 34 30 35 0D
1779567432253,74 34 35 31 38 30 30 30 30 30 30 30 30 30 30 30 30 30 30 30 30 0D
1779567432263,74 34 35 31 38 30 30 30 30 30 30 30 30 30 30 30 30 30 30 30 30 0D
1779567432269,74 34 35 35 38 45 41 46 46 30 37 30 30 39 46 46 46 30 30 30 30 0D
1779567432278,74 34 35 31 38 30 30 30 30 30 30 30 30 30 30 30 30 30 30 30 30 0D
1779567432299,74 34 35 35 38 45 41 46 46 30 37 30 30 39 46 46 46 30 30 30 30 0D
1779567432305,74 34 35 31 38 30 30 30 30 30 30 30 30 30 30 30 30 30 30 30 30 0D
1779567432311,74 34 35 35 38 45 41 46 46 30 37 30 30 39 46 46 46 30 30 30 30 0D
1779567432319,74 34 35 31 38 30 30 30 30 30 30 30 30 30 30 30 30 30 30 30 30 0D
1779567432331,74 34 35 35 38 45 41 46 46 30 37 30 30 39 46 46 46 30 30 30 30 0D
1779567432341,74 34 35 30 38 30 30 30 30 30 37 30 30 30 30 30 30 45 34 30 35 0D
1779567432353,74 34 35 31 38 30 30 30 30 30 30 30 30 30 30 30 30 30 30 30 30 0D
1779567432363,74 34 35 31 38 30 30 30 30 30 30 30 30 30 30 30 30 30 30 30 30 0D
1779567432370,74 34 35 35 38 45 41 46 46 30 37 30 30 39 46 46 46 30 30 30 30 0D
1779567432382,74 34 35 31 38 30 30 30 30 30 30 30 30 30 30 30 30 30 30 30 30 0D
1779567432397,74 34 35 35 38 45 41 46 46 30 37 30 30 39 46 46 46 30 30 30 30 0D
1779567432405,74 34 35 31 38 30 30 30 30 30 30 30 30 30 30 30 30 30 30 30 30 0D
1779567432415,74 34 35 35 38 45 41 46 46 30 37 30 30 39 46 46 46 30 30 30 30 0D
1779567432422,74 34 35 31 38 30 30 30 30 30 30 30 30 30 30 30 30 30 30 30 30 0D
1779567432436,74 34 35 35 38 45 41 46 46 30 37 30 30 39 46 46 46 30 30 30 30 0D
1779567432441,74 34 35 30 38 30 30 30 30 30 37 30 30 30 30 30 30 45 34 30 35 0D
1779567432452,74 34 35 31 38 30 30 30 30 30 30 30 30 30 30 30 30 30 30 30 30 0D
1779567432461,74 34 35 31 38 30 30 30 30 30 30 30 30 30 30 30 30 30 30 30 30 0D
1779567432478,74 34 35 35 38 45 41 46 46 30 38 30 30 39 46 46 46 30 30 30 30 0D
1779567432484,74 34 35 31 38 30 30 30 30 30 30 30 30 30 30 30 30 30 30 30 30 0D
1779567432497,74 34 35 35 38 45 41 46 46 30 38 30 30 39 46 46 46 30 30 30 30 0D
1779567432506,74 34 35 31 38 30 30 30 30 30 30 30 30 30 30 30 30 30 30 30 30 0D
1779567432511,74 34 35 35 38 45 41 46 46 30 38 30 30 39 46 46 46 30 30 30 30 0D
1779567432520,74 34 35 31 38 30 30 30 30 30 30 30 30 30 30 30 30 30 30 30 30 0D
1779567432530,74 34 35 35 38 45 41 46 46 30 38 30 30 39 46 46 46 30 30 30 30 0D
1779567432545,74 34 35 30 38 30 30 30 30 30 37 30 30 30 30 30 30 45 34 30 35 0D
1779567432549,74 34 35 31 38 30 30 30 30 30 30 30 30 30 30 30 30 30 30 30 30 0D
1779567432560,74 34 35 31 38 30 30 30 30 30 30 30 30 30 30 30 30 30 30 30 30 0D
1779567432573,74 34 35 35 38 45 41 46 46 30 38 30 30 39 46 46 46 30 30 30 30 0D
1779567432581,74 34 35 31 38 30 30 30 30 30 30 30 30 30 30 30 30 30 30 30 30 0D
1779567432590,74 34 35 35 38 45 41 46 46 30 38 30 30 39 46 46 46 30 30 30 30 0D
1779567432594,74 34 35 37 38 30 30 30 30 30 31 30 30 36 34 31 34 30 30 30 30 0D
1779567432599,74 34 35 31 38 30 30 30 30 30 30 30 30 30 30 30 30 30 30 30 30 0D
1779567432612,74 34 35 35 38 45 41 46 46 30 38 30 30 39 46 46 46 30 30 30 30 0D
1779567432620,74 34 35 31 38 30 30 30 30 30 30 30 30 30 30 30 30 30 30 30 30 0D
1779567432633,74 34 35 35 38 45 41 46 46 30 38 30 30 39 46 46 46 30 30 30 30 0D
1779567432650,74 34 35 30 38 30 30 30 30 30 37 30 30 30 30 30 30 45 34 30 35 0D
1779567432655,74 34 35 31 38 30 30 30 30 30 30 30 30 30 30 30 30 30 30 30 30 0D
1779567432663,74 34 35 31 38 30 30 30 30 30 30 30 30 30 30 30 30 30 30 30 30 0D
1779567432671,74 34 35 35 38 45 41 46 46 30 37 30 30 39 46 46 46 30 30 30 30 0D
1779567432687,74 34 35 31 38 30 30 30 30 30 30 30 30 30 30 30 30 30 30 30 30 0D
1779567432716,74 34 35 35 38 45 41 46 46 30 37 30 30 39 46 46 46 30 30 30 30 0D
1779567432723,74 34 35 31 38 30 30 30 30 30 30 30 30 30 30 30 30 30 30 30 30 0D
1779567432732,74 34 35 35 38 45 41 46 46 30 37 30 30 39 46 46 46 30 30 30 30 0D
1779567432745,74 34 35 30 38 30 30 30 30 30 37 30 30 30 30 30 30 45 34 30 35 0D
1779567432759,74 34 35 31 38 30 30 30 30 30 30 30 30 30 30 30 30 30 30 30 30 0D
1779567432770,74 34 35 35 38 45 41 46 46 30 37 30 30 39 46 46 46 30 30 30 30 0D
1779567432781,74 34 35 31 38 30 30 30 30 30 30 30 30 30 30 30 30 30 30 30 30 0D
1779567432796,74 34 35 37 38 30 30 30 30 30 30 30 30 36 34 31 34 30 30 30 30 0D
1779567432810,74 34 35 39 38 41 42 41 34 42 45 31 36 46 39 31 41 30 33 42 37 0D
1779567432827,74 34 35 31 38 30 30 30 30 30 30 30 30 30 30 30 30 30 30 30 30 0D
1779567432837,74 34 35 35 38 45 41 46 46 30 37 30 30 39 46 46 46 30 30 30 30 0D
1779567432848,74 34 35 30 38 30 30 30 30 30 37 30 30 30 30 30 30 45 34 30 35 0D
1779567432854,74 34 35 31 38 30 30 30 30 30 30 30 30 30 30 30 30 30 30 30 30 0D
1779567432860,74 34 35 31 38 30 30 30 30 30 30 30 30 30 30 30 30 30 30 30 30 0D
1779567432869,74 34 35 35 38 45 42 46 46 30 39 30 30 39 44 46 46 30 30 30 30 0D
1779567432884,74 34 35 31 38 30 30 30 30 30 30 30 30 30 30 30 30 30 30 30 30 0D
1779567432902,74 34 35 35 38 45 42 46 46 30 39 30 30 39 44 46 46 30 30 30 30 0D
1779567432907,74 34 35 31 38 30 30 30 30 30 30 30 30 30 30 30 30 30 30 30 30 0D
1779567432926,74 34 35 31 38 30 30 30 30 30 30 30 30 30 30 30 30 30 30 30 30 0D
1779567432932,74 34 35 35 38 45 42 46 46 30 39 30 30 39 44 46 46 30 30 30 30 0D
1779567432938,74 34 35 30 38 30 30 30 30 30 37 30 30 30 30 30 30 45 34 30 35 0D
1779567432951,74 34 35 31 38 30 30 30 30 30 30 30 30 30 30 30 30 30 30 30 30 0D
1779567432961,74 34 35 31 38 30 30 30 30 30 30 30 30 30 30 30 30 30 30 30 30 0D
1779567432975,74 34 35 35 38 45 42 46 46 30 39 30 30 39 44 46 46 30 30 30 30 0D
1779567432979,74 34 35 31 38 30 30 30 30 30 30 30 30 30 30 30 30 30 30 30 30 0D
1779567432999,74 34 35 35 38 45 42 46 46 30 39 30 30 39 44 46 46 30 30 30 30 0D
1779567433005,74 34 35 31 38 30 30 30 30 30 30 30 30 30 30 30 30 30 30 30 30 0D
1779567433010,74 34 35 36 38 45 44 46 46 30 38 30 30 30 34 30 30 30 30 30 30 0D
1779567433019,74 34 35 31 38 30 30 30 30 30 30 30 30 30 30 30 30 30 30 30 30 0D
1779567433029,74 34 35 35 38 45 42 46 46 30 39 30 30 39 44 46 46 30 30 30 30 0D
1779567433049,74 34 35 30 38 30 30 30 30 30 37 30 30 30 30 30 30 45 34 30 35 0D
1779567433056,74 34 35 31 38 30 30 30 30 30 30 30 30 30 30 30 30 30 30 30 30 0D
1779567433060,74 34 35 31 38 30 30 30 30 30 30 30 30 30 30 30 30 30 30 30 30 0D
1779567433079,74 34 35 35 38 45 41 46 46 30 37 30 30 39 46 46 46 30 30 30 30 0D
1779567433083,74 34 35 31 38 30 30 30 30 30 30 30 30 30 30 30 30 30 30 30 30 0D
1779567433096,74 34 35 37 38 30 30 30 30 30 30 30 30 36 34 31 34 30 30 30 30 0D
1779567433103,74 34 35 31 38 30 30 30 30 30 30 30 30 30 30 30 30 30 30 30 30 0D
1779567433124,74 34 35 31 38 30 30 30 30 30 30 30 30 30 30 30 30 30 30 30 30 0D
1779567433133,74 34 35 35 38 45 41 46 46 30 37 30 30 39 46 46 46 30 30 30 30 0D
1779567433140,74 34 35 30 38 30 30 30 30 30 37 30 30 30 30 30 30 45 34 30 35 0D
1779567433152,74 34 35 31 38 30 30 30 30 30 30 30 30 30 30 30 30 30 30 30 30 0D
1779567433166,74 34 35 31 38 30 30 30 30 30 30 30 30 30 30 30 30 30 30 30 30 0D
1779567433174,74 34 35 35 38 45 41 46 46 30 37 30 30 39 46 46 46 30 30 30 30 0D
1779567433181,74 34 35 31 38 30 30 30 30 30 30 30 30 30 30 30 30 30 30 30 30 0D
1779567433201,74 34 35 35 38 45 41 46 46 30 37 30 30 39 46 46 46 30 30 30 30 0D
1779567433205,74 34 35 31 38 30 30 30 30 30 30 30 30 30 30 30 30 30 30 30 30 0D
1779567433214,74 34 35 36 38 45 44 46 46 30 37 30 30 30 34 30 30 30 30 30 30 0D
1779567433221,74 34 35 31 38 30 30 30 30 30 30 30 30 30 30 30 30 30 30 30 30 0D
1779567433232,74 34 35 35 38 45 41 46 46 30 37 30 30 39 46 46 46 30 30 30 30 0D
1779567433242,74 34 35 30 38 30 30 30 30 30 37 30 30 30 30 30 30 45 34 30 35 0D
1779567433248,74 34 35 31 38 30 30 30 30 30 30 30 30 30 30 30 30 30 30 30 30 0D
1779567433262,74 34 35 31 38 30 30 30 30 30 30 30 30 30 30 30 30 30 30 30 30 0D
1779567433281,74 34 35 35 38 45 41 46 46 30 37 30 30 39 45 46 46 30 30 30 30 0D
1779567433284,74 34 35 31 38 30 30 30 30 30 30 30 30 30 30 30 30 30 30 30 30 0D
1779567433306,74 34 35 35 38 45 41 46 46 30 37 30 30 39 45 46 46 30 30 30 30 0D
1779567433312,74 34 35 31 38 30 30 30 30 30 30 30 30 30 30 30 30 30 30 30 30 0D
1779567433326,74 34 35 31 38 30 30 30 30 30 30 30 30 30 30 30 30 30 30 30 30 0D
1779567433333,74 34 35 35 38 45 41 46 46 30 37 30 30 39 45 46 46 30 30 30 30 0D
1779567433341,74 34 35 30 38 30 30 30 30 30 37 30 30 30 30 30 30 45 34 30 35 0D
1779567433349,74 34 35 31 38 30 30 30 30 30 30 30 30 30 30 30 30 30 30 30 30 0D
1779567433366,74 34 35 31 38 30 30 30 30 30 30 30 30 30 30 30 30 30 30 30 30 0D
1779567433391,74 34 35 35 38 45 41 46 46 30 37 30 30 39 45 46 46 30 30 30 30 0D
1779567433398,74 34 35 37 38 30 30 30 30 30 31 30 30 36 34 31 34 30 30 30 30 0D
1779567433402,74 34 35 31 38 30 30 30 30 30 30 30 30 30 30 30 30 30 30 30 30 0D
1779567433411,74 34 35 36 38 45 44 46 46 30 37 30 30 30 34 30 30 30 30 30 30 0D
1779567433426,74 34 35 31 38 30 30 30 30 30 30 30 30 30 30 30 30 30 30 30 30 0D
1779567433445,74 34 35 35 38 45 41 46 46 30 37 30 30 39 45 46 46 30 30 30 30 0D
1779567433458,74 34 35 31 38 30 30 30 30 30 30 30 30 30 30 30 30 30 30 30 30 0D
1779567433473,74 34 35 35 38 45 41 46 46 30 37 30 30 39 46 46 46 30 30 30 30 0D
1779567433479,74 34 35 31 38 30 30 30 30 30 30 30 30 30 30 30 30 30 30 30 30 0D
1779567433493,74 34 35 35 38 45 41 46 46 30 37 30 30 39 46 46 46 30 30 30 30 0D
1779567433511,74 34 35 37 38 30 30 30 30 30 31 30 30 36 34 31 34 30 30 30 30 0D
1779567433527,74 34 35 31 38 30 30 30 30 30 30 30 30 30 30 30 30 30 30 30 30 0D
1779567433532,74 34 35 35 38 45 41 46 46 30 37 30 30 39 46 46 46 30 30 30 30 0D
1779567433542,74 34 35 30 38 30 30 30 30 30 37 30 30 30 30 30 30 45 34 30 35 0D
1779567433553,74 34 35 31 38 30 30 30 30 30 30 30 30 30 30 30 30 30 30 30 30 0D
1779567433567,74 34 35 31 38 30 30 30 30 30 30 30 30 30 30 30 30 30 30 30 30 0D
1779567433578,74 34 35 35 38 45 41 46 46 30 37 30 30 39 46 46 46 30 30 30 30 0D
1779567433583,74 34 35 31 38 30 30 30 30 30 30 30 30 30 30 30 30 30 30 30 30 0D
1779567433606,74 34 35 35 38 45 41 46 46 30 37 30 30 39 46 46 46 30 30 30 30 0D
1779567433610,74 34 35 31 38 30 30 30 30 30 30 30 30 30 30 30 30 30 30 30 30 0D
1779567433625,74 34 35 31 38 30 30 30 30 30 30 30 30 30 30 30 30 30 30 30 30 0D
1779567433630,74 34 35 35 38 45 41 46 46 30 37 30 30 39 46 46 46 30 30 30 30 0D
1779567433642,74 34 35 30 38 30 30 30 30 30 37 30 30 30 30 30 30 45 34 30 35 0D
1779567433650,74 34 35 31 38 30 30 30 30 30 30 30 30 30 30 30 30 30 30 30 30 0D
1779567433665,74 34 35 31 38 30 30 30 30 30 30 30 30 30 30 30 30 30 30 30 30 0D
1779567433674,74 34 35 35 38 45 39 46 46 30 37 30 30 39 46 46 46 30 30 30 30 0D
1779567433686,74 34 35 31 38 30 30 30 30 30 30 30 30 30 30 30 30 30 30 30 30 0D
1779567433714,74 34 35 35 38 45 39 46 46 30 37 30 30 39 46 46 46 30 30 30 30 0D
1779567433725,74 34 35 31 38 30 30 30 30 30 30 30 30 30 30 30 30 30 30 30 30 0D
1779567433730,74 34 35 35 38 45 39 46 46 30 37 30 30 39 46 46 46 30 30 30 30 0D
1779567433741,74 34 35 30 38 30 30 30 30 30 37 30 30 30 30 30 30 45 34 30 35 0D
1779567433748,74 34 35 31 38 30 30 30 30 30 30 30 30 30 30 30 30 30 30 30 30 0D
1779567433757,74 34 35 31 38 30 30 30 30 30 30 30 30 30 30 30 30 30 30 30 30 0D
1779567433775,74 34 35 35 38 45 39 46 46 30 37 30 30 39 46 46 46 30 30 30 30 0D
1779567433782,74 34 35 31 38 30 30 30 30 30 30 30 30 30 30 30 30 30 30 30 30 0D
1779567433795,74 34 35 35 38 45 39 46 46 30 37 30 30 39 46 46 46 30 30 30 30 0D
1779567433801,74 34 35 31 38 30 30 30 30 30 30 30 30 30 30 30 30 30 30 30 30 0D
1779567433809,74 34 35 35 38 45 39 46 46 30 37 30 30 39 46 46 46 30 30 30 30 0D
1779567433825,74 34 35 31 38 30 30 30 30 30 30 30 30 30 30 30 30 30 30 30 30 0D
1779567433833,74 34 35 35 38 45 39 46 46 30 37 30 30 39 46 46 46 30 30 30 30 0D
1779567433844,74 34 35 30 38 30 30 30 30 30 37 30 30 30 30 30 30 45 34 30 35 0D
1779567433861,74 34 35 31 38 30 30 30 30 30 30 30 30 30 30 30 30 30 30 30 30 0D
1779567433867,74 34 35 31 38 30 30 30 30 30 30 30 30 30 30 30 30 30 30 30 30 0D
1779567433872,74 34 35 36 38 45 45 46 46 30 37 30 30 30 34 30 30 30 30 30 30 0D
1779567433879,74 34 35 31 38 30 30 30 30 30 30 30 30 30 30 30 30 30 30 30 30 0D
1779567433900,74 34 35 35 38 45 41 46 46 30 37 30 30 39 46 46 46 30 30 30 30 0D
1779567433903,74 34 35 31 38 30 30 30 30 30 30 30 30 30 30 30 30 30 30 30 30 0D
1779567433914,74 34 35 35 38 45 41 46 46 30 37 30 30 39 46 46 46 30 30 30 30 0D
1779567433921,74 34 35 31 38 30 30 30 30 30 30 30 30 30 30 30 30 30 30 30 30 0D
1779567433927,74 34 35 35 38 45 41 46 46 30 37 30 30 39 46 46 46 30 30 30 30 0D
1779567433942,74 34 35 30 38 30 30 30 30 30 37 30 30 30 30 30 30 45 34 30 35 0D
1779567433950,74 34 35 31 38 30 30 30 30 30 30 30 30 30 30 30 30 30 30 30 30 0D
1779567433962,74 34 35 31 38 30 30 30 30 30 30 30 30 30 30 30 30 30 30 30 30 0D
1779567433972,74 34 35 35 38 45 41 46 46 30 37 30 30 39 46 46 46 30 30 30 30 0D
1779567433978,74 34 35 31 38 30 30 30 30 30 30 30 30 30 30 30 30 30 30 30 30 0D
1779567433996,74 34 35 35 38 45 41 46 46 30 37 30 30 39 46 46 46 30 30 30 30 0D
1779567434001,74 34 35 31 38 30 30 30 30 30 30 30 30 30 30 30 30 30 30 30 30 0D
1779567434011,74 34 35 35 38 45 41 46 46 30 37 30 30 39 46 46 46 30 30 30 30 0D
1779567434022,74 34 35 31 38 30 30 30 30 30 30 30 30 30 30 30 30 30 30 30 30 0D
1779567434035,74 34 35 36 38 45 45 46 46 30 37 30 30 30 34 30 30 30 30 30 30 0D
1779567434045,74 34 35 30 38 30 30 30 30 30 37 30 30 30 30 30 30 45 34 30 35 0D
1779567434050,74 34 35 31 38 30 30 30 30 30 30 30 30 30 30 30 30 30 30 30 30 0D
1779567434059,74 34 35 31 38 30 30 30 30 30 30 30 30 30 30 30 30 30 30 30 30 0D
1779567434072,74 34 35 35 38 45 41 46 46 30 38 30 30 39 46 46 46 30 30 30 30 0D
1779567434078,74 34 35 31 38 30 30 30 30 30 30 30 30 30 30 30 30 30 30 30 30 0D
1779567434110,74 34 35 35 38 45 41 46 46 30 38 30 30 39 46 46 46 30 30 30 30 0D
1779567434126,74 34 35 31 38 30 30 30 30 30 30 30 30 30 30 30 30 30 30 30 30 0D
1779567434132,74 34 35 35 38 45 41 46 46 30 38 30 30 39 46 46 46 30 30 30 30 0D
1779567434140,74 34 35 30 38 30 30 30 30 30 37 30 30 30 30 30 30 45 34 30 35 0D
1779567434156,74 34 35 31 38 30 30 30 30 30 30 30 30 30 30 30 30 30 30 30 30 0D
1779567434164,74 34 35 31 38 30 30 30 30 30 30 30 30 30 30 30 30 30 30 30 30 0D
1779567434172,74 34 35 35 38 45 41 46 46 30 38 30 30 39 46 46 46 30 30 30 30 0D
1779567434182,74 34 35 31 38 30 30 30 30 30 30 30 30 30 30 30 30 30 30 30 30 0D
1779567434210,74 34 35 35 38 45 41 46 46 30 38 30 30 39 46 46 46 30 30 30 30 0D
1779567434222,74 34 35 31 38 30 30 30 30 30 30 30 30 30 30 30 30 30 30 30 30 0D
1779567434232,74 34 35 35 38 45 41 46 46 30 38 30 30 39 46 46 46 30 30 30 30 0D
1779567434240,74 34 35 30 38 30 30 30 30 30 37 30 30 30 30 30 30 45 34 30 35 0D
1779567434250,74 34 35 31 38 30 30 30 30 30 30 30 30 30 30 30 30 30 30 30 30 0D
1779567434264,74 34 35 31 38 30 30 30 30 30 30 30 30 30 30 30 30 30 30 30 30 0D
1779567434277,74 34 35 35 38 45 41 46 46 30 37 30 30 39 46 46 46 30 30 30 30 0D
1779567434289,74 34 35 31 38 30 30 30 30 30 30 30 30 30 30 30 30 30 30 30 30 0D
1779567434295,74 34 35 37 38 30 30 30 30 30 30 30 30 36 34 31 34 30 30 30 30 0D
1779567434304,74 34 35 39 38 41 31 41 34 42 45 31 36 30 43 31 42 30 33 42 37 0D
1779567434315,74 34 35 31 38 30 30 30 30 30 30 30 30 30 30 30 30 30 30 30 30 0D
1779567434324,74 34 35 31 38 30 30 30 30 30 30 30 30 30 30 30 30 30 30 30 30 0D
1779567434328,74 34 35 35 38 45 41 46 46 30 37 30 30 39 46 46 46 30 30 30 30 0D
1779567434343,74 34 35 30 38 30 30 30 30 30 37 30 30 30 30 30 30 45 34 30 35 0D
1779567434354,74 34 35 31 38 30 30 30 30 30 30 30 30 30 30 30 30 30 30 30 30 0D
1779567434358,74 34 35 31 38 30 30 30 30 30 30 30 30 30 30 30 30 30 30 30 30 0D
1779567434373,74 34 35 35 38 45 41 46 46 30 37 30 30 39 46 46 46 30 30 30 30 0D
1779567434382,74 34 35 31 38 30 30 30 30 30 30 30 30 30 30 30 30 30 30 30 30 0D
1779567434396,74 34 35 35 38 45 41 46 46 30 37 30 30 39 46 46 46 30 30 30 30 0D
1779567434408,74 34 35 39 38 41 30 41 34 42 45 31 36 30 43 31 42 30 33 42 37 0D
1779567434421,74 34 35 31 38 30 30 30 30 30 30 30 30 30 30 30 30 30 30 30 30 0D
1779567434432,74 34 35 35 38 45 41 46 46 30 37 30 30 39 46 46 46 30 30 30 30 0D
1779567434441,74 34 35 30 38 30 30 30 30 30 37 30 30 30 30 30 30 45 34 30 35 0D
1779567434455,74 34 35 31 38 30 30 30 30 30 30 30 30 30 30 30 30 30 30 30 30 0D
1779567434463,74 34 35 31 38 30 30 30 30 30 30 30 30 30 30 30 30 30 30 30 30 0D
1779567434474,74 34 35 35 38 45 41 46 46 30 37 30 30 39 46 46 46 30 30 30 30 0D
1779567434480,74 34 35 31 38 30 30 30 30 30 30 30 30 30 30 30 30 30 30 30 30 0D
1779567434488,74 34 35 35 38 45 41 46 46 30 37 30 30 39 46 46 46 30 30 30 30 0D
1779567434495,74 34 35 37 38 30 30 30 30 30 30 30 30 36 34 31 34 30 30 30 30 0D
1779567434503,74 34 35 39 38 41 30 41 34 42 45 31 36 30 43 31 42 30 33 42 37 0D
1779567434512,74 34 35 35 38 45 41 46 46 30 37 30 30 39 46 46 46 30 30 30 30 0D
1779567434524,74 34 35 31 38 30 30 30 30 30 30 30 30 30 30 30 30 30 30 30 30 0D
1779567434530,74 34 35 35 38 45 41 46 46 30 37 30 30 39 46 46 46 30 30 30 30 0D
1779567434540,74 34 35 30 38 30 30 30 30 30 37 30 30 30 30 30 30 45 34 30 35 0D
1779567434556,74 34 35 31 38 30 30 30 30 30 30 30 30 30 30 30 30 30 30 30 30 0D
1779567434563,74 34 35 31 38 30 30 30 30 30 30 30 30 30 30 30 30 30 30 30 30 0D
1779567434581,74 34 35 31 38 30 30 30 30 30 30 30 30 30 30 30 30 30 30 30 30 0D
1779567434598,74 34 35 35 38 45 41 46 46 30 37 30 30 39 46 46 46 30 30 30 30 0D
1779567434607,74 34 35 31 38 30 30 30 30 30 30 30 30 30 30 30 30 30 30 30 30 0D
1779567434613,74 34 35 35 38 45 41 46 46 30 37 30 30 39 46 46 46 30 30 30 30 0D
1779567434623,74 34 35 31 38 30 30 30 30 30 30 30 30 30 30 30 30 30 30 30 30 0D
1779567434629,74 34 35 35 38 45 41 46 46 30 37 30 30 39 46 46 46 30 30 30 30 0D
1779567434642,74 34 35 30 38 30 30 30 30 30 37 30 30 30 30 30 30 45 34 30 35 0D
1779567434658,74 34 35 31 38 30 30 30 30 30 30 30 30 30 30 30 30 30 30 30 30 0D
1779567434660,74 34 35 31 38 30 30 30 30 30 30 30 30 30 30 30 30 30 30 30 30 0D
1779567434670,74 34 35 35 38 45 41 46 46 30 37 30 30 39 46 46 46 30 30 30 30 0D
1779567434681,74 34 35 31 38 30 30 30 30 30 30 30 30 30 30 30 30 30 30 30 30 0D
1779567434698,74 34 35 35 38 45 41 46 46 30 37 30 30 39 46 46 46 30 30 30 30 0D
1779567434704,74 34 35 31 38 30 30 30 30 30 30 30 30 30 30 30 30 30 30 30 30 0D
1779567434714,74 34 35 35 38 45 41 46 46 30 37 30 30 39 46 46 46 30 30 30 30 0D
1779567434722,74 34 35 31 38 30 30 30 30 30 30 30 30 30 30 30 30 30 30 30 30 0D
1779567434730,74 34 35 35 38 45 41 46 46 30 37 30 30 39 46 46 46 30 30 30 30 0D
1779567434742,74 34 35 30 38 30 30 30 30 30 37 30 30 30 30 30 30 45 34 30 35 0D
1779567434761,74 34 35 31 38 30 30 30 30 30 30 30 30 30 30 30 30 30 30 30 30 0D
1779567434768,74 34 35 31 38 30 30 30 30 30 30 30 30 30 30 30 30 30 30 30 30 0D
1779567434783,74 34 35 31 38 30 30 30 30 30 30 30 30 30 30 30 30 30 30 30 30 0D
1779567434799,74 34 35 35 38 45 41 46 46 30 37 30 30 39 46 46 46 30 30 30 30 0D
1779567434809,74 34 35 31 38 30 30 30 30 30 30 30 30 30 30 30 30 30 30 30 30 0D
1779567434822,74 34 35 36 38 45 45 46 46 30 38 30 30 30 35 30 30 30 30 30 30 0D
1779567434832,74 34 35 31 38 30 30 30 30 30 30 30 30 30 30 30 30 30 30 30 30 0D
1779567434842,74 34 35 30 38 30 30 30 30 30 37 30 30 30 30 30 30 45 34 30 35 0D
1779567434854,74 34 35 31 38 30 30 30 30 30 30 30 30 30 30 30 30 30 30 30 30 0D
1779567434862,74 34 35 31 38 30 30 30 30 30 30 30 30 30 30 30 30 30 30 30 30 0D
1779567434876,74 34 35 35 38 45 41 46 46 30 37 30 30 39 46 46 46 30 30 30 30 0D
1779567434881,74 34 35 31 38 30 30 30 30 30 30 30 30 30 30 30 30 30 30 30 30 0D
1779567434893,74 34 35 35 38 45 41 46 46 30 37 30 30 39 46 46 46 30 30 30 30 0D
1779567434903,74 34 35 37 38 30 30 30 30 30 30 30 30 36 34 31 34 30 30 30 30 0D
1779567434909,74 34 35 35 38 45 41 46 46 30 37 30 30 39 46 46 46 30 30 30 30 0D
1779567434925,74 34 35 31 38 30 30 30 30 30 30 30 30 30 30 30 30 30 30 30 30 0D
1779567434938,74 34 35 35 38 45 41 46 46 30 37 30 30 39 46 46 46 30 30 30 30 0D
1779567434948,74 34 35 30 38 30 30 30 30 30 37 30 30 30 30 30 30 45 34 30 35 0D
1779567434952,74 34 35 31 38 30 30 30 30 30 30 30 30 30 30 30 30 30 30 30 30 0D
1779567434960,74 34 35 31 38 30 30 30 30 30 30 30 30 30 30 30 30 30 30 30 30 0D
1779567434973,74 34 35 36 38 45 45 46 46 30 38 30 30 30 35 30 30 30 30 30 30 0D
1779567434981,74 34 35 31 38 30 30 30 30 30 30 30 30 30 30 30 30 30 30 30 30 0D
1779567435002,74 34 35 35 38 45 41 46 46 30 37 30 30 39 46 46 46 30 30 30 30 0D
1779567435011,74 34 35 31 38 30 30 30 30 30 30 30 30 30 30 30 30 30 30 30 30 0D
1779567435022,74 34 35 31 38 30 30 30 30 30 30 30 30 30 30 30 30 30 30 30 30 0D
1779567435030,74 34 35 35 38 45 41 46 46 30 37 30 30 39 46 46 46 30 30 30 30 0D
1779567435042,74 34 35 36 38 45 45 46 46 30 38 30 30 30 35 30 30 30 30 30 30 0D
1779567435048,74 34 35 30 38 30 30 30 30 30 37 30 30 30 30 30 30 45 34 30 35 0D
1779567435062,74 34 35 31 38 30 30 30 30 30 30 30 30 30 30 30 30 30 30 30 30 0D
1779567435072,74 34 35 31 38 30 30 30 30 30 30 30 30 30 30 30 30 30 30 30 30 0D
1779567435085,74 34 35 31 38 30 30 30 30 30 30 30 30 30 30 30 30 30 30 30 30 0D
1779567435104,74 34 35 35 38 45 39 46 46 30 37 30 30 39 46 46 46 30 30 30 30 0D
1779567435110,74 34 35 31 38 30 30 30 30 30 30 30 30 30 30 30 30 30 30 30 30 0D
1779567435115,74 34 35 35 38 45 39 46 46 30 37 30 30 39 46 46 46 30 30 30 30 0D
1779567435120,74 34 35 31 38 30 30 30 30 30 30 30 30 30 30 30 30 30 30 30 30 0D
1779567435135,74 34 35 35 38 45 39 46 46 30 37 30 30 39 46 46 46 30 30 30 30 0D
1779567435142,74 34 35 30 38 30 30 30 30 30 37 30 30 30 30 30 30 45 34 30 35 0D
1779567435153,74 34 35 31 38 30 30 30 30 30 30 30 30 30 30 30 30 30 30 30 30 0D
1779567435161,74 34 35 31 38 30 30 30 30 30 30 30 30 30 30 30 30 30 30 30 30 0D
1779567435178,74 34 35 35 38 45 39 46 46 30 37 30 30 39 46 46 46 30 30 30 30 0D
1779567435184,74 34 35 31 38 30 30 30 30 30 30 30 30 30 30 30 30 30 30 30 30 0D
1779567435203,74 34 35 35 38 45 39 46 46 30 37 30 30 39 46 46 46 30 30 30 30 0D
1779567435209,74 34 35 31 38 30 30 30 30 30 30 30 30 30 30 30 30 30 30 30 30 0D
1779567435213,74 34 35 35 38 45 39 46 46 30 37 30 30 39 46 46 46 30 30 30 30 0D
1779567435230,74 34 35 31 38 30 30 30 30 30 30 30 30 30 30 30 30 30 30 30 30 0D
1779567435239,74 34 35 35 38 45 39 46 46 30 37 30 30 39 46 46 46 30 30 30 30 0D
1779567435245,74 34 35 30 38 30 30 30 30 30 37 30 30 30 30 30 30 45 34 30 35 0D
1779567435252,74 34 35 31 38 30 30 30 30 30 30 30 30 30 30 30 30 30 30 30 30 0D
1779567435261,74 34 35 31 38 30 30 30 30 30 30 30 30 30 30 30 30 30 30 30 30 0D
1779567435278,74 34 35 35 38 45 41 46 46 30 37 30 30 39 46 46 46 30 30 30 30 0D
1779567435282,74 34 35 31 38 30 30 30 30 30 30 30 30 30 30 30 30 30 30 30 30 0D
1779567435291,74 34 35 35 38 45 41 46 46 30 37 30 30 39 46 46 46 30 30 30 30 0D
1779567435315,74 34 35 37 38 30 30 30 30 30 30 30 30 36 34 31 34 30 30 30 30 0D
1779567435323,74 34 35 31 38 30 30 30 30 30 30 30 30 30 30 30 30 30 30 30 30 0D
1779567435336,74 34 35 35 38 45 41 46 46 30 37 30 30 39 46 46 46 30 30 30 30 0D
1779567435343,74 34 35 30 38 30 30 30 30 30 37 30 30 30 30 30 30 45 34 30 35 0D
1779567435354,74 34 35 31 38 30 30 30 30 30 30 30 30 30 30 30 30 30 30 30 30 0D
1779567435362,74 34 35 31 38 30 30 30 30 30 30 30 30 30 30 30 30 30 30 30 30 0D
1779567435375,74 34 35 35 38 45 41 46 46 30 37 30 30 39 46 46 46 30 30 30 30 0D
1779567435385,74 34 35 31 38 30 30 30 30 30 30 30 30 30 30 30 30 30 30 30 30 0D
1779567435403,74 34 35 35 38 45 41 46 46 30 37 30 30 39 46 46 46 30 30 30 30 0D
1779567435411,74 34 35 31 38 30 30 30 30 30 30 30 30 30 30 30 30 30 30 30 30 0D
1779567435423,74 34 35 31 38 30 30 30 30 30 30 30 30 30 30 30 30 30 30 30 30 0D
1779567435431,74 34 35 35 38 45 41 46 46 30 37 30 30 39 46 46 46 30 30 30 30 0D
1779567435447,74 34 35 30 38 30 30 30 30 30 37 30 30 30 30 30 30 45 34 30 35 0D
1779567435455,74 34 35 31 38 30 30 30 30 30 30 30 30 30 30 30 30 30 30 30 30 0D
1779567435464,74 34 35 31 38 30 30 30 30 30 30 30 30 30 30 30 30 30 30 30 30 0D
1779567435476,74 34 35 35 38 45 41 46 46 30 37 30 30 39 45 46 46 30 30 30 30 0D
1779567435483,74 34 35 31 38 30 30 30 30 30 30 30 30 30 30 30 30 30 30 30 30 0D
1779567435491,74 34 35 35 38 45 41 46 46 30 37 30 30 39 45 46 46 30 30 30 30 0D
1779567435513,74 34 35 37 38 30 30 30 30 30 31 30 30 36 34 31 34 30 30 30 30 0D
1779567435521,74 34 35 31 38 30 30 30 30 30 30 30 30 30 30 30 30 30 30 30 30 0D
1779567435537,74 34 35 35 38 45 41 46 46 30 37 30 30 39 45 46 46 30 30 30 30 0D
1779567435543,74 34 35 30 38 30 30 30 30 30 37 30 30 30 30 30 30 45 34 30 35 0D
1779567435557,74 34 35 31 38 30 30 30 30 30 30 30 30 30 30 30 30 30 30 30 30 0D
1779567435563,74 34 35 31 38 30 30 30 30 30 30 30 30 30 30 30 30 30 30 30 30 0D
1779567435570,74 34 35 35 38 45 41 46 46 30 37 30 30 39 45 46 46 30 30 30 30 0D
1779567435584,74 34 35 31 38 30 30 30 30 30 30 30 30 30 30 30 30 30 30 30 30 0D
1779567435617,74 34 35 35 38 45 41 46 46 30 37 30 30 39 45 46 46 30 30 30 30 0D
1779567435622,74 34 35 31 38 30 30 30 30 30 30 30 30 30 30 30 30 30 30 30 30 0D
1779567435631,74 34 35 35 38 45 41 46 46 30 37 30 30 39 45 46 46 30 30 30 30 0D
1779567435643,74 34 35 30 38 30 30 30 30 30 37 30 30 30 30 30 30 45 34 30 35 0D
1779567435662,74 34 35 31 38 30 30 30 30 30 30 30 30 30 30 30 30 30 30 30 30 0D
1779567435673,74 34 35 31 38 30 30 30 30 30 30 30 30 30 30 30 30 30 30 30 30 0D
1779567435685,74 34 35 31 38 30 30 30 30 30 30 30 30 30 30 30 30 30 30 30 30 0D
1779567435715,74 34 35 35 38 45 41 46 46 30 37 30 30 39 46 46 46 30 30 30 30 0D
1779567435720,74 34 35 31 38 30 30 30 30 30 30 30 30 30 30 30 30 30 30 30 30 0D
1779567435733,74 34 35 35 38 45 41 46 46 30 37 30 30 39 46 46 46 30 30 30 30 0D
1779567435743,74 34 35 30 38 30 30 30 30 30 37 30 30 30 30 30 30 45 34 30 35 0D
1779567435753,74 34 35 31 38 30 30 30 30 30 30 30 30 30 30 30 30 30 30 30 30 0D
1779567435761,74 34 35 31 38 30 30 30 30 30 30 30 30 30 30 30 30 30 30 30 30 0D
1779567435774,74 34 35 35 38 45 41 46 46 30 37 30 30 39 46 46 46 30 30 30 30 0D
1779567435783,74 34 35 31 38 30 30 30 30 30 30 30 30 30 30 30 30 30 30 30 30 0D
1779567435813,74 34 35 35 38 45 41 46 46 30 37 30 30 39 46 46 46 30 30 30 30 0D
1779567435825,74 34 35 31 38 30 30 30 30 30 30 30 30 30 30 30 30 30 30 30 30 0D
1779567435835,74 34 35 35 38 45 41 46 46 30 37 30 30 39 46 46 46 30 30 30 30 0D
1779567435842,74 34 35 30 38 30 30 30 30 30 37 30 30 30 30 30 30 45 34 30 35 0D
1779567435851,74 34 35 31 38 30 30 30 30 30 30 30 30 30 30 30 30 30 30 30 30 0D
1779567435869,74 34 35 31 38 30 30 30 30 30 30 30 30 30 30 30 30 30 30 30 30 0D
1779567435873,74 34 35 35 38 45 41 46 46 30 37 30 30 39 46 46 46 30 30 30 30 0D
1779567435878,74 34 35 31 38 30 30 30 30 30 30 30 30 30 30 30 30 30 30 30 30 0D
1779567435891,74 34 35 35 38 45 41 46 46 30 37 30 30 39 46 46 46 30 30 30 30 0D
1779567435907,74 34 35 39 38 39 39 41 34 42 45 31 36 30 44 31 42 30 33 42 37 0D
1779567435920,74 34 35 31 38 30 30 30 30 30 30 30 30 30 30 30 30 30 30 30 30 0D
1779567435932,74 34 35 35 38 45 41 46 46 30 37 30 30 39 46 46 46 30 30 30 30 0D
1779567435941,74 34 35 30 38 30 30 30 30 30 37 30 30 30 30 30 30 45 34 30 35 0D
1779567435957,74 34 35 31 38 30 30 30 30 30 30 30 30 30 30 30 30 30 30 30 30 0D
1779567435965,74 34 35 31 38 30 30 30 30 30 30 30 30 30 30 30 30 30 30 30 30 0D
1779567435974,74 34 35 36 38 45 44 46 46 30 37 30 30 30 34 30 30 30 30 30 30 0D
1779567435982,74 34 35 31 38 30 30 30 30 30 30 30 30 30 30 30 30 30 30 30 30 0D
1779567436001,74 34 35 35 38 45 41 46 46 30 37 30 30 39 46 46 46 30 30 30 30 0D
1779567436007,74 34 35 31 38 30 30 30 30 30 30 30 30 30 30 30 30 30 30 30 30 0D
1779567436017,74 34 35 35 38 45 41 46 46 30 37 30 30 39 46 46 46 30 30 30 30 0D
1779567436025,74 34 35 31 38 30 30 30 30 30 30 30 30 30 30 30 30 30 30 30 30 0D
1779567436036,74 34 35 35 38 45 41 46 46 30 37 30 30 39 46 46 46 30 30 30 30 0D
1779567436040,74 34 35 30 38 30 30 30 30 30 37 30 30 30 30 30 30 45 34 30 35 0D
1779567436049,74 34 35 31 38 30 30 30 30 30 30 30 30 30 30 30 30 30 30 30 30 0D
1779567436067,74 34 35 31 38 30 30 30 30 30 30 30 30 30 30 30 30 30 30 30 30 0D
1779567436074,74 34 35 35 38 45 41 46 46 30 37 30 30 39 46 46 46 30 30 30 30 0D
1779567436084,74 34 35 31 38 30 30 30 30 30 30 30 30 30 30 30 30 30 30 30 30 0D
1779567436100,74 34 35 35 38 45 41 46 46 30 37 30 30 39 46 46 46 30 30 30 30 0D
1779567436107,74 34 35 31 38 30 30 30 30 30 30 30 30 30 30 30 30 30 30 30 30 0D
1779567436122,74 34 35 31 38 30 30 30 30 30 30 30 30 30 30 30 30 30 30 30 30 0D
1779567436135,74 34 35 35 38 45 41 46 46 30 37 30 30 39 46 46 46 30 30 30 30 0D
1779567436139,74 34 35 30 38 30 30 30 30 30 37 30 30 30 30 30 30 45 34 30 35 0D
1779567436150,74 34 35 31 38 30 30 30 30 30 30 30 30 30 30 30 30 30 30 30 30 0D
1779567436159,74 34 35 31 38 30 30 30 30 30 30 30 30 30 30 30 30 30 30 30 30 0D
1779567436175,74 34 35 35 38 45 41 46 46 30 37 30 30 39 46 46 46 30 30 30 30 0D
1779567436182,74 34 35 31 38 30 30 30 30 30 30 30 30 30 30 30 30 30 30 30 30 0D
1779567436198,74 34 35 36 38 45 44 46 46 30 37 30 30 30 34 30 30 30 30 30 30 0D
1779567436203,74 34 35 31 38 30 30 30 30 30 30 30 30 30 30 30 30 30 30 30 30 0D
1779567436206,74 34 35 35 38 45 41 46 46 30 37 30 30 39 46 46 46 30 30 30 30 0D
1779567436218,74 34 35 31 38 30 30 30 30 30 30 30 30 30 30 30 30 30 30 30 30 0D
1779567436230,74 34 35 35 38 45 41 46 46 30 37 30 30 39 46 46 46 30 30 30 30 0D
1779567436239,74 34 35 30 38 30 30 30 30 30 37 30 30 30 30 30 30 45 34 30 35 0D
1779567436253,74 34 35 31 38 30 30 30 30 30 30 30 30 30 30 30 30 30 30 30 30 0D
1779567436259,74 34 35 31 38 30 30 30 30 30 30 30 30 30 30 30 30 30 30 30 30 0D
1779567436286,74 34 35 31 38 30 30 30 30 30 30 30 30 30 30 30 30 30 30 30 30 0D
1779567436294,74 34 35 35 38 45 39 46 46 30 37 30 30 39 46 46 46 30 30 30 30 0D
1779567436301,74 34 35 37 38 30 30 30 30 30 31 30 30 36 34 31 34 30 30 30 30 0D
1779567436313,74 34 35 31 38 30 30 30 30 30 30 30 30 30 30 30 30 30 30 30 30 0D
1779567436320,74 34 35 31 38 30 30 30 30 30 30 30 30 30 30 30 30 30 30 30 30 0D
1779567436332,74 34 35 35 38 45 39 46 46 30 37 30 30 39 46 46 46 30 30 30 30 0D
1779567436347,74 34 35 30 38 30 30 30 30 30 37 30 30 30 30 30 30 45 34 30 35 0D
1779567436363,74 34 35 31 38 30 30 30 30 30 30 30 30 30 30 30 30 30 30 30 30 0D
1779567436371,74 34 35 35 38 45 39 46 46 30 37 30 30 39 46 46 46 30 30 30 30 0D
1779567436381,74 34 35 31 38 30 30 30 30 30 30 30 30 30 30 30 30 30 30 30 30 0D
1779567436411,74 34 35 35 38 45 39 46 46 30 37 30 30 39 46 46 46 30 30 30 30 0D
1779567436420,74 34 35 31 38 30 30 30 30 30 30 30 30 30 30 30 30 30 30 30 30 0D
1779567436430,74 34 35 35 38 45 39 46 46 30 37 30 30 39 46 46 46 30 30 30 30 0D
1779567436440,74 34 35 30 38 30 30 30 30 30 37 30 30 30 30 30 30 45 34 30 35 0D
1779567436453,74 34 35 31 38 30 30 30 30 30 30 30 30 30 30 30 30 30 30 30 30 0D
1779567436458,74 34 35 31 38 30 30 30 30 30 30 30 30 30 30 30 30 30 30 30 30 0D
1779567436470,74 34 35 35 38 45 41 46 46 30 37 30 30 39 46 46 46 30 30 30 30 0D
1779567436482,74 34 35 31 38 30 30 30 30 30 30 30 30 30 30 30 30 30 30 30 30 0D
1779567436505,74 34 35 35 38 45 41 46 46 30 37 30 30 39 46 46 46 30 30 30 30 0D
1779567436510,74 34 35 31 38 30 30 30 30 30 30 30 30 30 30 30 30 30 30 30 30 0D
1779567436514,74 34 35 36 38 45 45 46 46 30 38 30 30 30 34 30 30 30 30 30 30 0D
1779567436520,74 34 35 31 38 30 30 30 30 30 30 30 30 30 30 30 30 30 30 30 30 0D
1779567436536,74 34 35 35 38 45 41 46 46 30 37 30 30 39 46 46 46 30 30 30 30 0D
1779567436543,74 34 35 30 38 30 30 30 30 30 37 30 30 30 30 30 30 45 34 30 35 0D
1779567436554,74 34 35 31 38 30 30 30 30 30 30 30 30 30 30 30 30 30 30 30 30 0D
1779567436560,74 34 35 31 38 30 30 30 30 30 30 30 30 30 30 30 30 30 30 30 30 0D
1779567436573,74 34 35 35 38 45 41 46 46 30 37 30 30 39 46 46 46 30 30 30 30 0D
1779567436582,74 34 35 31 38 30 30 30 30 30 30 30 30 30 30 30 30 30 30 30 30 0D
1779567436603,74 34 35 35 38 45 41 46 46 30 37 30 30 39 46 46 46 30 30 30 30 0D
1779567436609,74 34 35 31 38 30 30 30 30 30 30 30 30 30 30 30 30 30 30 30 30 0D
1779567436612,74 34 35 35 38 45 41 46 46 30 37 30 30 39 46 46 46 30 30 30 30 0D
1779567436619,74 34 35 31 38 30 30 30 30 30 30 30 30 30 30 30 30 30 30 30 30 0D
1779567436631,74 34 35 35 38 45 41 46 46 30 37 30 30 39 46 46 46 30 30 30 30 0D
1779567436643,74 34 35 30 38 30 30 30 30 30 37 30 30 30 30 30 30 45 34 30 35 0D
1779567436653,74 34 35 31 38 30 30 30 30 30 30 30 30 30 30 30 30 30 30 30 30 0D
1779567436662,74 34 35 31 38 30 30 30 30 30 30 30 30 30 30 30 30 30 30 30 30 0D
1779567436672,74 34 35 35 38 45 41 46 46 30 37 30 30 39 46 46 46 30 30 30 30 0D
1779567436681,74 34 35 31 38 30 30 30 30 30 30 30 30 30 30 30 30 30 30 30 30 0D
1779567436702,74 34 35 35 38 45 41 46 46 30 37 30 30 39 46 46 46 30 30 30 30 0D
1779567436708,74 34 35 31 38 30 30 30 30 30 30 30 30 30 30 30 30 30 30 30 30 0D
1779567436716,74 34 35 35 38 45 41 46 46 30 37 30 30 39 46 46 46 30 30 30 30 0D
1779567436722,74 34 35 31 38 30 30 30 30 30 30 30 30 30 30 30 30 30 30 30 30 0D
1779567436745,74 34 35 30 38 30 30 30 30 30 37 30 30 30 30 30 30 45 34 30 35 0D
1779567436766,74 34 35 31 38 30 30 30 30 30 30 30 30 30 30 30 30 30 30 30 30 0D
1779567436776,74 34 35 35 38 45 41 46 46 30 37 30 30 39 46 46 46 30 30 30 30 0D
1779567436782,74 34 35 31 38 30 30 30 30 30 30 30 30 30 30 30 30 30 30 30 30 0D
1779567436798,74 34 35 35 38 45 41 46 46 30 37 30 30 39 46 46 46 30 30 30 30 0D
1779567436812,74 34 35 35 38 45 41 46 46 30 37 30 30 39 46 46 46 30 30 30 30 0D
1779567436820,74 34 35 31 38 30 30 30 30 30 30 30 30 30 30 30 30 30 30 30 30 0D
1779567436831,74 34 35 35 38 45 41 46 46 30 37 30 30 39 46 46 46 30 30 30 30 0D
1779567436845,74 34 35 30 38 30 30 30 30 30 37 30 30 30 30 30 30 45 34 30 35 0D
1779567436850,74 34 35 31 38 30 30 30 30 30 30 30 30 30 30 30 30 30 30 30 30 0D
1779567436863,74 34 35 31 38 30 30 30 30 30 30 30 30 30 30 30 30 30 30 30 30 0D
1779567436873,74 34 35 35 38 45 41 46 46 30 37 30 30 39 46 46 46 30 30 30 30 0D
1779567436885,74 34 35 31 38 30 30 30 30 30 30 30 30 30 30 30 30 30 30 30 30 0D
1779567436901,74 34 35 35 38 45 41 46 46 30 37 30 30 39 46 46 46 30 30 30 30 0D
1779567436906,74 34 35 31 38 30 30 30 30 30 30 30 30 30 30 30 30 30 30 30 30 0D
1779567436910,74 34 35 35 38 45 41 46 46 30 37 30 30 39 46 46 46 30 30 30 30 0D
1779567436922,74 34 35 31 38 30 30 30 30 30 30 30 30 30 30 30 30 30 30 30 30 0D
1779567436929,74 34 35 35 38 45 41 46 46 30 37 30 30 39 46 46 46 30 30 30 30 0D
1779567436944,74 34 35 30 38 30 30 30 30 30 37 30 30 30 30 30 30 45 34 30 35 0D
1779567436954,74 34 35 31 38 30 30 30 30 30 30 30 30 30 30 30 30 30 30 30 30 0D
1779567436960,74 34 35 31 38 30 30 30 30 30 30 30 30 30 30 30 30 30 30 30 30 0D
1779567436970,74 34 35 35 38 45 41 46 46 30 37 30 30 39 46 46 46 30 30 30 30 0D
1779567436987,74 34 35 31 38 30 30 30 30 30 30 30 30 30 30 30 30 30 30 30 30 0D
1779567437011,74 34 35 35 38 45 41 46 46 30 37 30 30 39 46 46 46 30 30 30 30 0D
1779567437021,74 34 35 31 38 30 30 30 30 30 30 30 30 30 30 30 30 30 30 30 30 0D
1779567437038,74 34 35 35 38 45 41 46 46 30 37 30 30 39 46 46 46 30 30 30 30 0D
1779567437045,74 34 35 30 38 30 30 30 30 30 37 30 30 30 30 30 30 45 34 30 35 0D
1779567437054,74 34 35 31 38 30 30 30 30 30 30 30 30 30 30 30 30 30 30 30 30 0D
1779567437062,74 34 35 31 38 30 30 30 30 30 30 30 30 30 30 30 30 30 30 30 30 0D
1779567437076,74 34 35 35 38 45 41 46 46 30 37 30 30 39 46 46 46 30 30 30 30 0D
1779567437085,74 34 35 31 38 30 30 30 30 30 30 30 30 30 30 30 30 30 30 30 30 0D
1779567437100,74 34 35 35 38 45 41 46 46 30 37 30 30 39 46 46 46 30 30 30 30 0D
1779567437106,74 34 35 31 38 30 30 30 30 30 30 30 30 30 30 30 30 30 30 30 30 0D
1779567437112,74 34 35 35 38 45 41 46 46 30 37 30 30 39 46 46 46 30 30 30 30 0D
1779567437126,74 34 35 31 38 30 30 30 30 30 30 30 30 30 30 30 30 30 30 30 30 0D
1779567437131,74 34 35 35 38 45 41 46 46 30 37 30 30 39 46 46 46 30 30 30 30 0D
1779567437140,74 34 35 30 38 30 30 30 30 30 37 30 30 30 30 30 30 45 34 30 35 0D
1779567437152,74 34 35 31 38 30 30 30 30 30 30 30 30 30 30 30 30 30 30 30 30 0D
1779567437164,74 34 35 31 38 30 30 30 30 30 30 30 30 30 30 30 30 30 30 30 30 0D
1779567437174,74 34 35 35 38 45 41 46 46 30 37 30 30 39 46 46 46 30 30 30 30 0D
1779567437186,74 34 35 31 38 30 30 30 30 30 30 30 30 30 30 30 30 30 30 30 30 0D
1779567437203,74 34 35 35 38 45 41 46 46 30 37 30 30 39 46 46 46 30 30 30 30 0D
1779567437210,74 34 35 31 38 30 30 30 30 30 30 30 30 30 30 30 30 30 30 30 30 0D
1779567437217,74 34 35 36 38 45 45 46 46 30 37 30 30 30 34 30 30 30 30 30 30 0D
1779567437227,74 34 35 31 38 30 30 30 30 30 30 30 30 30 30 30 30 30 30 30 30 0D
1779567437234,74 34 35 36 38 45 45 46 46 30 37 30 30 30 34 30 30 30 30 30 30 0D
1779567437245,74 34 35 30 38 30 30 30 30 30 37 30 30 30 30 30 30 45 34 30 35 0D
1779567437252,74 34 35 31 38 30 30 30 30 30 30 30 30 30 30 30 30 30 30 30 30 0D
1779567437261,74 34 35 31 38 30 30 30 30 30 30 30 30 30 30 30 30 30 30 30 30 0D
1779567437277,74 34 35 35 38 45 41 46 46 30 36 30 30 39 46 46 46 30 30 30 30 0D
1779567437283,74 34 35 31 38 30 30 30 30 30 30 30 30 30 30 30 30 30 30 30 30 0D
1779567437311,74 34 35 35 38 45 41 46 46 30 36 30 30 39 46 46 46 30 30 30 30 0D
1779567437329,74 34 35 31 38 30 30 30 30 30 30 30 30 30 30 30 30 30 30 30 30 0D
1779567437335,74 34 35 35 38 45 41 46 46 30 36 30 30 39 46 46 46 30 30 30 30 0D
1779567437344,74 34 35 30 38 30 30 30 30 30 37 30 30 30 30 30 30 45 34 30 35 0D
1779567437350,74 34 35 31 38 30 30 30 30 30 30 30 30 30 30 30 30 30 30 30 30 0D
1779567437360,74 34 35 31 38 30 30 30 30 30 30 30 30 30 30 30 30 30 30 30 30 0D
1779567437373,74 34 35 35 38 45 41 46 46 30 36 30 30 39 46 46 46 30 30 30 30 0D
1779567437383,74 34 35 31 38 30 30 30 30 30 30 30 30 30 30 30 30 30 30 30 30 0D
1779567437402,74 34 35 35 38 45 41 46 46 30 36 30 30 39 46 46 46 30 30 30 30 0D
1779567437412,74 34 35 35 38 45 41 46 46 30 36 30 30 39 46 46 46 30 30 30 30 0D
1779567437421,74 34 35 31 38 30 30 30 30 30 30 30 30 30 30 30 30 30 30 30 30 0D
1779567437433,74 34 35 35 38 45 41 46 46 30 36 30 30 39 46 46 46 30 30 30 30 0D
1779567437442,74 34 35 30 38 30 30 30 30 30 37 30 30 30 30 30 30 45 34 30 35 0D
1779567437460,74 34 35 31 38 30 30 30 30 30 30 30 30 30 30 30 30 30 30 30 30 0D
1779567437467,74 34 35 31 38 30 30 30 30 30 30 30 30 30 30 30 30 30 30 30 30 0D
1779567437475,74 34 35 35 38 45 41 46 46 30 37 30 30 39 46 46 46 30 30 30 30 0D
1779567437478,74 34 35 31 38 30 30 30 30 30 30 30 30 30 30 30 30 30 30 30 30 0D
1779567437495,74 34 35 35 38 45 41 46 46 30 37 30 30 39 46 46 46 30 30 30 30 0D
1779567437498,74 34 35 31 38 30 30 30 30 30 30 30 30 30 30 30 30 30 30 30 30 0D
1779567437511,74 34 35 36 38 45 45 46 46 30 37 30 30 30 34 30 30 30 30 30 30 0D
1779567437517,74 34 35 31 38 30 30 30 30 30 30 30 30 30 30 30 30 30 30 30 30 0D
1779567437530,74 34 35 35 38 45 41 46 46 30 37 30 30 39 46 46 46 30 30 30 30 0D
1779567437542,74 34 35 30 38 30 30 30 30 30 37 30 30 30 30 30 30 45 34 30 35 0D
1779567437550,74 34 35 31 38 30 30 30 30 30 30 30 30 30 30 30 30 30 30 30 30 0D
1779567437559,74 34 35 31 38 30 30 30 30 30 30 30 30 30 30 30 30 30 30 30 30 0D
1779567437580,74 34 35 35 38 45 41 46 46 30 37 30 30 39 46 46 46 30 30 30 30 0D
1779567437584,74 34 35 31 38 30 30 30 30 30 30 30 30 30 30 30 30 30 30 30 30 0D
1779567437603,74 34 35 35 38 45 41 46 46 30 37 30 30 39 46 46 46 30 30 30 30 0D
1779567437609,74 34 35 35 38 45 41 46 46 30 37 30 30 39 46 46 46 30 30 30 30 0D
1779567437621,74 34 35 31 38 30 30 30 30 30 30 30 30 30 30 30 30 30 30 30 30 0D
1779567437634,74 34 35 35 38 45 41 46 46 30 37 30 30 39 46 46 46 30 30 30 30 0D
1779567437641,74 34 35 30 38 30 30 30 30 30 37 30 30 30 30 30 30 45 34 30 35 0D
1779567437651,74 34 35 31 38 30 30 30 30 30 30 30 30 30 30 30 30 30 30 30 30 0D
1779567437661,74 34 35 31 38 30 30 30 30 30 30 30 30 30 30 30 30 30 30 30 30 0D
1779567437671,74 34 35 35 38 45 41 46 46 30 37 30 30 39 46 46 46 30 30 30 30 0D
1779567437686,74 34 35 31 38 30 30 30 30 30 30 30 30 30 30 30 30 30 30 30 30 0D
1779567437699,74 34 35 35 38 45 41 46 46 30 37 30 30 39 46 46 46 30 30 30 30 0D
1779567437710,74 34 35 35 38 45 41 46 46 30 37 30 30 39 46 46 46 30 30 30 30 0D
1779567437726,74 34 35 31 38 30 30 30 30 30 30 30 30 30 30 30 30 30 30 30 30 0D
1779567437741,74 34 35 35 38 45 41 46 46 30 37 30 30 39 46 46 46 30 30 30 30 0D
1779567437746,74 34 35 30 38 30 30 30 30 30 37 30 30 30 30 30 30 45 34 30 35 0D
1779567437753,74 34 35 31 38 30 30 30 30 30 30 30 30 30 30 30 30 30 30 30 30 0D
1779567437763,74 34 35 31 38 30 30 30 30 30 30 30 30 30 30 30 30 30 30 30 30 0D
1779567437775,74 34 35 35 38 45 41 46 46 30 37 30 30 39 46 46 46 30 30 30 30 0D
1779567437781,74 34 35 31 38 30 30 30 30 30 30 30 30 30 30 30 30 30 30 30 30 0D
1779567437801,74 34 35 35 38 45 41 46 46 30 37 30 30 39 46 46 46 30 30 30 30 0D
1779567437804,74 34 35 31 38 30 30 30 30 30 30 30 30 30 30 30 30 30 30 30 30 0D
1779567437809,74 34 35 36 38 45 44 46 46 30 37 30 30 30 34 30 30 30 30 30 30 0D
1779567437823,74 34 35 31 38 30 30 30 30 30 30 30 30 30 30 30 30 30 30 30 30 0D
1779567437835,74 34 35 35 38 45 41 46 46 30 37 30 30 39 46 46 46 30 30 30 30 0D
1779567437843,74 34 35 30 38 30 30 30 30 30 37 30 30 30 30 30 30 45 34 30 35 0D
1779567437853,74 34 35 31 38 30 30 30 30 30 30 30 30 30 30 30 30 30 30 30 30 0D
1779567437860,74 34 35 31 38 30 30 30 30 30 30 30 30 30 30 30 30 30 30 30 30 0D
1779567437875,74 34 35 35 38 45 41 46 46 30 37 30 30 39 46 46 46 30 30 30 30 0D
1779567437880,74 34 35 31 38 30 30 30 30 30 30 30 30 30 30 30 30 30 30 30 30 0D
1779567437895,74 34 35 35 38 45 41 46 46 30 37 30 30 39 46 46 46 30 30 30 30 0D
1779567437908,74 34 35 37 38 30 30 30 30 30 30 30 30 36 34 31 34 30 30 30 30 0D
1779567437920,74 34 35 31 38 30 30 30 30 30 30 30 30 30 30 30 30 30 30 30 30 0D
1779567437935,74 34 35 35 38 45 41 46 46 30 37 30 30 39 46 46 46 30 30 30 30 0D
1779567437942,74 34 35 30 38 30 30 30 30 30 37 30 30 30 30 30 30 45 34 30 35 0D
1779567437960,74 34 35 31 38 30 30 30 30 30 30 30 30 30 30 30 30 30 30 30 30 0D
1779567437966,74 34 35 31 38 30 30 30 30 30 30 30 30 30 30 30 30 30 30 30 30 0D
1779567437971,74 34 35 35 38 45 41 46 46 30 37 30 30 39 46 46 46 30 30 30 30 0D
1779567437993,74 34 35 31 38 30 30 30 30 30 30 30 30 30 30 30 30 30 30 30 30 0D
1779567438014,74 34 35 35 38 45 41 46 46 30 37 30 30 39 46 46 46 30 30 30 30 0D
1779567438028,74 34 35 31 38 30 30 30 30 30 30 30 30 30 30 30 30 30 30 30 30 0D
1779567438034,74 34 35 35 38 45 41 46 46 30 37 30 30 39 46 46 46 30 30 30 30 0D
1779567438043,74 34 35 30 38 30 30 30 30 30 37 30 30 30 30 30 30 45 34 30 35 0D
1779567438060,74 34 35 31 38 30 30 30 30 30 30 30 30 30 30 30 30 30 30 30 30 0D
1779567438067,74 34 35 31 38 30 30 30 30 30 30 30 30 30 30 30 30 30 30 30 30 0D
1779567438073,74 34 35 36 38 45 44 46 46 30 37 30 30 30 35 30 30 30 30 30 30 0D
1779567438082,74 34 35 31 38 30 30 30 30 30 30 30 30 30 30 30 30 30 30 30 30 0D
1779567438097,74 34 35 35 38 45 41 46 46 30 37 30 30 39 45 46 46 30 30 30 30 0D
1779567438104,74 34 35 31 38 30 30 30 30 30 30 30 30 30 30 30 30 30 30 30 30 0D
1779567438111,74 34 35 35 38 45 41 46 46 30 37 30 30 39 45 46 46 30 30 30 30 0D
1779567438124,74 34 35 31 38 30 30 30 30 30 30 30 30 30 30 30 30 30 30 30 30 0D
1779567438131,74 34 35 35 38 45 41 46 46 30 37 30 30 39 45 46 46 30 30 30 30 0D
1779567438143,74 34 35 30 38 30 30 30 30 30 37 30 30 30 30 30 30 45 34 30 35 0D
1779567438153,74 34 35 31 38 30 30 30 30 30 30 30 30 30 30 30 30 30 30 30 30 0D
1779567438161,74 34 35 31 38 30 30 30 30 30 30 30 30 30 30 30 30 30 30 30 30 0D
1779567438179,74 34 35 35 38 45 41 46 46 30 37 30 30 39 45 46 46 30 30 30 30 0D
1779567438183,74 34 35 31 38 30 30 30 30 30 30 30 30 30 30 30 30 30 30 30 30 0D
1779567438192,74 34 35 37 38 30 30 30 30 30 30 30 30 36 34 31 34 30 31 30 30 0D
1779567438200,74 34 35 39 38 39 33 41 34 42 45 31 36 46 45 31 41 30 33 42 37 0D
1779567438211,74 34 35 31 38 30 30 30 30 30 30 30 30 30 30 30 30 30 30 30 30 0D
1779567438224,74 34 35 31 38 30 30 30 30 30 30 30 30 30 30 30 30 30 30 30 30 0D
1779567438230,74 34 35 35 38 45 41 46 46 30 37 30 30 39 45 46 46 30 30 30 30 0D
1779567438243,74 34 35 30 38 30 30 30 30 30 37 30 30 30 30 30 30 45 34 30 35 0D
1779567438252,74 34 35 31 38 30 30 30 30 30 30 30 30 30 30 30 30 30 30 30 30 0D
1779567438260,74 34 35 31 38 30 30 30 30 30 30 30 30 30 30 30 30 30 30 30 30 0D
1779567438274,74 34 35 35 38 45 41 46 46 30 37 30 30 39 46 46 46 30 30 30 30 0D
1779567438280,74 34 35 31 38 30 30 30 30 30 30 30 30 30 30 30 30 30 30 30 30 0D
1779567438298,74 34 35 35 38 45 41 46 46 30 37 30 30 39 46 46 46 30 30 30 30 0D
1779567438305,74 34 35 31 38 30 30 30 30 30 30 30 30 30 30 30 30 30 30 30 30 0D
1779567438311,74 34 35 35 38 45 41 46 46 30 37 30 30 39 46 46 46 30 30 30 30 0D
1779567438324,74 34 35 31 38 30 30 30 30 30 30 30 30 30 30 30 30 30 30 30 30 0D
1779567438332,74 34 35 35 38 45 41 46 46 30 37 30 30 39 46 46 46 30 30 30 30 0D
1779567438341,74 34 35 30 38 30 30 30 30 30 37 30 30 30 30 30 30 45 34 30 35 0D
1779567438352,74 34 35 31 38 30 30 30 30 30 30 30 30 30 30 30 30 30 30 30 30 0D
1779567438364,74 34 35 31 38 30 30 30 30 30 30 30 30 30 30 30 30 30 30 30 30 0D
1779567438379,74 34 35 35 38 45 41 46 46 30 37 30 30 39 46 46 46 30 30 30 30 0D
1779567438386,74 34 35 31 38 30 30 30 30 30 30 30 30 30 30 30 30 30 30 30 30 0D
1779567438390,74 34 35 37 38 30 30 30 30 30 31 30 30 36 34 31 34 30 30 30 30 0D
1779567438398,74 34 35 31 38 30 30 30 30 30 30 30 30 30 30 30 30 30 30 30 30 0D
1779567438422,74 34 35 31 38 30 30 30 30 30 30 30 30 30 30 30 30 30 30 30 30 0D
1779567438429,74 34 35 35 38 45 41 46 46 30 37 30 30 39 46 46 46 30 30 30 30 0D
1779567438442,74 34 35 30 38 30 30 30 30 30 37 30 30 30 30 30 30 45 34 30 35 0D
1779567438460,74 34 35 31 38 30 30 30 30 30 30 30 30 30 30 30 30 30 30 30 30 0D
1779567438468,74 34 35 31 38 30 30 30 30 30 30 30 30 30 30 30 30 30 30 30 30 0D
